"Track URI","Track Name","Artist URI(s)","Artist Name(s)","Album URI","Album Name","Album Artist URI(s)","Album Artist Name(s)","Album Release Date","Album Image URL","Disc Number","Track Number","Track Duration (ms)","Track Preview URL","Explicit","Popularity","ISRC","Added By","Added At","Artist Genres","Danceability","Energy","Key","Loudness","Mode","Speechiness","Acousticness","Instrumentalness","Liveness","Valence","Tempo","Time Signature","Album Genres","Label","Copyrights"
"spotify:track:0vNPJrUrBnMFdCs8b2MTNG","Fader","spotify:artist:4W48hZAnAHVOC2c8WH8pcq","The Temper Trap","spotify:album:0V59MMtgoruvEqMv18KAOH","Conditions (Tour Edition)","spotify:artist:4W48hZAnAHVOC2c8WH8pcq","The Temper Trap","2009","https://i.scdn.co/image/ab67616d0000b273f86ae86dfa3919c5acba68f0","1","6","192373","https://p.scdn.co/mp3-preview/14264bd1501d27236aaa250633253911b2f3de50?cid=9950ac751e34487dbbe027c4fd7f8e99","false","0","GBZUZ0900014","spotify:user:bradnumber1","2021-08-08T09:26:31Z","indietronica,modern rock,shimmer pop","0.532","0.76","11","-7.123","0","0.0353","0.000101","0.69","0.0752","0.158","134.974","4","","Liberation Records","C 2010 Liberation Music, P 2010 Liberation Music"
"spotify:track:0NpvdCO506uO58D4AbKzki","Sherry","spotify:artist:6mcrZQmgzFGRWf7C0SObou","Frankie Valli & The Four Seasons","spotify:album:0NUEQILaBzavnzcMEs4buZ","The Very Best of Frankie Valli & The 4 Seasons","spotify:artist:6mcrZQmgzFGRWf7C0SObou","Frankie Valli & The Four Seasons","2003-01-14","https://i.scdn.co/image/ab67616d0000b273b96c21e15c091eb98a6c88a4","1","1","152160","https://p.scdn.co/mp3-preview/e3f765262ebc349e663182d0e19bb24766314f39?cid=9950ac751e34487dbbe027c4fd7f8e99","false","54","USRH10175197","spotify:user:bradnumber1","2021-08-08T09:26:31Z","adult standards,bubblegum pop,doo-wop,lounge,northern soul,rock-and-roll,rockabilly","0.703","0.478","7","-8.062","1","0.0441","0.626","0","0.113","0.734","117.562","4","","Rhino","C © 2004 Bob Gaudio & Frankie Valli d/b/a The 4 Seasons Partnership, by arrangement with Warner Special Products, P ℗ 2004 Bob Gaudio & Frankie Valli d/b/a The 4 Seasons Partnership, by arrangement with Warner Special Products"
"spotify:track:1MtUq6Wp1eQ8PC6BbPCj8P","I Took A Pill In Ibiza - Seeb Remix","spotify:artist:2KsP6tYLJlTBvSUxnwlVWa, spotify:artist:5iNrZmtVMtYev5M9yoWpEq","Mike Posner, Seeb","spotify:album:1Tz3Ai1guEFf4hV3d9i17K","At Night, Alone.","spotify:artist:2KsP6tYLJlTBvSUxnwlVWa","Mike Posner","2016-05-06","https://i.scdn.co/image/ab67616d0000b273a19be7aca4a1fcd6e8a42c62","1","13","197933","https://p.scdn.co/mp3-preview/7bae6aac6d699135151854e9e3e5ae78f1a244f5?cid=9950ac751e34487dbbe027c4fd7f8e99","true","63","USUM71509342","spotify:user:bradnumber1","2021-08-08T09:26:31Z","dance pop,pop,pop dance,pop rap,pop dance","0.664","0.714","7","-6.645","0","0.111","0.0353","0.00000842","0.0843","0.71","101.969","4","","Monster Mountain, LLC / Island","C © 2016 Island Records, a division of UMG Recordings, Inc., P ℗ 2016 Island Records, a division of UMG Recordings, Inc."
"spotify:track:59lq75uFIqzUZcgZ4CbqFG","Let Go for Tonight","spotify:artist:7qRll6DYV06u2VuRPAVqug","Foxes","spotify:album:5AQ7uKRSpAv7SNUl4j24ru","Glorious (Deluxe)","spotify:artist:7qRll6DYV06u2VuRPAVqug","Foxes","2014-05-12","https://i.scdn.co/image/ab67616d0000b273ae5c7d20a58c6071b4571eff","1","5","238413","https://p.scdn.co/mp3-preview/84a003d72f9f146831bbfa39587ebc50ee76e0f0?cid=9950ac751e34487dbbe027c4fd7f8e99","false","39","GBARL1301249","spotify:user:bradnumber1","2021-08-08T09:26:31Z","electropop,metropopolis,uk pop","0.543","0.808","9","-6.615","0","0.0632","0.0429","0.00000164","0.326","0.299","140.064","4","","Sign Of The Times Records","P (P) 2014 Sign Of The Times Limited under exclusive licence to Sony Music Entertainment UK Limited"
"spotify:track:7KdcZQ3GJeGdserhK61kfv","The Way I Want To Touch You","spotify:artist:7BEfMxbaqx6dOpbtlEqScm","Captain & Tennille","spotify:album:3GUxesVyOehInaxJyCTh6d","Love Will Keep Us Together","spotify:artist:7BEfMxbaqx6dOpbtlEqScm","Captain & Tennille","1975-01-01","https://i.scdn.co/image/ab67616d0000b273e21a289d04d5f3d623807bee","1","3","163586","https://p.scdn.co/mp3-preview/9e7a4a7b7dc56dc3f08e1c9d84e78b52ddefb5cb?cid=9950ac751e34487dbbe027c4fd7f8e99","false","35","USAM10110025","spotify:user:bradnumber1","2021-08-08T09:26:31Z","mellow gold,soft rock,yacht rock","0.664","0.585","0","-7.062","0","0.0248","0.624","0.000112","0.343","0.597","111.29","4","","A&M","C © 1975 A&M Records, P This Compilation ℗ 1975 A&M Records"
"spotify:track:000xQL6tZNLJzIrtIgxqSl","Still Got Time (feat. PARTYNEXTDOOR)","spotify:artist:5ZsFI1h6hIdQRw2ti0hz81, spotify:artist:2HPaUgqeutzr3jx5a9WyDV","ZAYN, PARTYNEXTDOOR","spotify:album:2kGUeTGnkLOYlinKRJe47G","Still Got Time (feat. PARTYNEXTDOOR)","spotify:artist:5ZsFI1h6hIdQRw2ti0hz81","ZAYN","2017-03-23","https://i.scdn.co/image/ab67616d0000b2733bfd914f72da2ed8822a634f","1","1","188490","https://p.scdn.co/mp3-preview/765e08c9b8930c6d0338c2d3d75c5b1c3efff338?cid=9950ac751e34487dbbe027c4fd7f8e99","false","53","USRC11700675","spotify:user:bradnumber1","2021-08-08T09:26:31Z","pop,uk pop,r&b,rap,urban contemporary","0.748","0.627","7","-6.029","1","0.0639","0.131","0","0.0852","0.524","120.963","4","","RCA Records Label","P (P) 2017 RCA Records, a division of Sony Music Entertainment"
"spotify:track:46xkXPGjR9Ig9BcaTUNus3","Your Song","spotify:artist:5CCwRZC6euC8Odo6y9X8jr","Rita Ora","spotify:album:6Vn8F3hERVHYYz5RfKmsAN","Phoenix (Deluxe Edition)","spotify:artist:5CCwRZC6euC8Odo6y9X8jr","Rita Ora","2018-11-23","https://i.scdn.co/image/ab67616d0000b273f1b136eb0388414a8225a348","1","5","180160","https://p.scdn.co/mp3-preview/d57008f417a1466ac0ab02020560d4d61d904e80?cid=9950ac751e34487dbbe027c4fd7f8e99","false","60","GBAHT1700323","spotify:user:bradnumber1","2021-11-17T22:21:05Z","dance pop,pop,uk pop","0.853","0.571","1","-5.845","1","0.0543","0.133","0","0.0564","0.958","117.991","4","","Atlantic Records UK","C © 2018 Atlantic Records UK except Track 9 (P) 2018 Asylum/Atlantic Records UK. Tracks 1 & 5 (P) 2017 Atlantic Records UK. Track 4 (P) 2017 Avicii Music AB under exclusive licence to Universal Music AB. Track 8 (P) 2018 Universal Studios, Atlantic Records UK, Capitol Records, a division of Universal Music Operations Limited. Asylum/Atlantic Records UK are divisions of Warner Music UK Limited., P ℗ 2018 Atlantic Records UK except Track 9 (P) 2018 Asylum/Atlantic Records UK. Tracks 1 & 5 (P) 2017 Atlantic Records UK. Track 4 (P) 2017 Avicii Music AB under exclusive licence to Universal Music AB. Track 8 (P) 2018 Universal Studios, Atlantic Records UK, Capitol Records, a division of Universal Music Operations Limited. Asylum/Atlantic Records UK are divisions of Warner Music UK Limited."
"spotify:track:7LVHVU3tWfcxj5aiPFEW4Q","Fix You","spotify:artist:4gzpq5DPGxSnKTe4SA8HAU","Coldplay","spotify:album:4E7bV0pzG0LciBSWTszra6","X&Y","spotify:artist:4gzpq5DPGxSnKTe4SA8HAU","Coldplay","2005-06-07","https://i.scdn.co/image/ab67616d0000b2734e0362c225863f6ae2432651","1","4","295533","https://p.scdn.co/mp3-preview/4ee64ea0fcfc1e6142d3b1e76464e95834fa87dd?cid=9950ac751e34487dbbe027c4fd7f8e99","false","83","GBAYE0500605","spotify:user:bradnumber1","2021-08-08T09:26:31Z","permanent wave,pop","0.209","0.417","3","-8.74","1","0.0338","0.164","0.00196","0.113","0.124","138.178","4","","Parlophone Records Limited","C © 2005 Parlophone Records Ltd, a Warner Music Group Company, P ℗ 2005 Parlophone Records Ltd, a Warner Music Group Company"
"spotify:track:1s2khOWzC99udpUaPICLJI","There You'll Be - 2007 Remaster","spotify:artist:25NQNriVT2YbSW80ILRWJa","Faith Hill","spotify:album:7fvl3dOnDrv9rq5IBmLbAa","The Hits","spotify:artist:25NQNriVT2YbSW80ILRWJa","Faith Hill","2007","https://i.scdn.co/image/ab67616d0000b2733ee43d5dbf7da3e65be844b3","1","7","220840","https://p.scdn.co/mp3-preview/a3b43c90cfdf09ed61c5b1622f4a4e6a1f6a00a2?cid=9950ac751e34487dbbe027c4fd7f8e99","false","44","USWB10704273","spotify:user:bradnumber1","2021-08-08T09:26:31Z","contemporary country,country,country dawn,country road","0.325","0.532","8","-7.208","1","0.0308","0.496","0","0.134","0.162","129.021","4","","Warner Records/Nashville","C © 2007 Warner Records Inc., P ℗ 1994, 1995, 1998, 1999, 2001, 2002, 2005, 2007 Warner Records Inc.; 2007 Curb Records, Inc."
"spotify:track:2sXp9Qmvc7mRaDBjBgcGGi","Every Breath You Take - Remastered 2003","spotify:artist:5NGO30tJxFlKixkPSgXcFE","The Police","spotify:album:7yDxJXFPl88Dt9kBo0dDD6","Synchronicity","spotify:artist:5NGO30tJxFlKixkPSgXcFE","The Police","1983-06-01","https://i.scdn.co/image/ab67616d0000b273e7b53d0f9fb616521cdbfc03","1","7","253886","https://p.scdn.co/mp3-preview/92d7997134bb18b99eb5fdc65926e4ef613f9781?cid=9950ac751e34487dbbe027c4fd7f8e99","false","3","GBAAM0201110","spotify:user:bradnumber1","2021-08-08T09:26:31Z","album rock,classic rock,permanent wave,rock","0.813","0.46","1","-9.78","1","0.0346","0.56","0.0105","0.0724","0.729","117.387","4","","A&M","C © 2003 A&M Records, P ℗ 2003 A&M Records"
"spotify:track:6d7PQZtTbHbcYqaygOW7vs","You're the Inspiration - 2009 Remaster","spotify:artist:3iDD7bnsjL9J4fO298r0L0","Chicago","spotify:album:3kkAB63Am6POYuMTisinaa","Chicago 17 (Expanded Edition)","spotify:artist:3iDD7bnsjL9J4fO298r0L0","Chicago","1984-05-14","https://i.scdn.co/image/ab67616d0000b27307ba5bdcf5ca1a9628dadc93","1","7","229426","https://p.scdn.co/mp3-preview/da2133abe8aa91b9fdcb911bfb6a2bda3fe293b1?cid=9950ac751e34487dbbe027c4fd7f8e99","false","39","USWB10905052","spotify:user:bradnumber1","2021-08-08T09:26:31Z","album rock,classic rock,mellow gold,rock,soft rock,yacht rock","0.578","0.606","11","-6.402","1","0.0282","0.377","0","0.317","0.357","73.912","4","","Rhino/Warner Records","C © 1984 Warner Records Inc., P ℗ 2010 Warner Records Inc. Marketed by Rhino Entertainment Company, a Warner Music Group Company."
"spotify:track:0Lg4ckCFjFUeyHOeSozcWS","The Key, The Secret","spotify:artist:1QYMj6ouUhi6yis1HE8M68","Urban Cookie Collective","spotify:album:6IjQa4ZCnkSa9cnUvA3yJG","The Very Best Of","spotify:artist:1QYMj6ouUhi6yis1HE8M68","Urban Cookie Collective","2004","https://i.scdn.co/image/ab67616d0000b273213d4607bc4ec16c452b153d","1","1","222666","https://p.scdn.co/mp3-preview/3da82e509c756338a79089a61bcb8439718aff29?cid=9950ac751e34487dbbe027c4fd7f8e99","false","53","GBBLG0400734","spotify:user:bradnumber1","2021-08-08T09:26:31Z","diva house,eurodance,hip house","0.702","0.796","10","-6.99","1","0.0315","0.0759","0.00253","0.109","0.607","129.878","4","","Demon","C (C) 2004 Amazon Records Limited, P (P) 2004 Amazon Records Limited"
"spotify:track:5Q41NLTmGbVPozwHKK7bk2","Paradise City","spotify:artist:3qm84nBOXUEQ2vnTfUTTFC","Guns N' Roses","spotify:album:5JKFiC2WVi9HtvJEm8CUB8","Appetite For Destruction","spotify:artist:3qm84nBOXUEQ2vnTfUTTFC","Guns N' Roses","1987-07-21","https://i.scdn.co/image/ab67616d0000b273c8e5391a619e9e8ea2162073","1","6","406306","https://p.scdn.co/mp3-preview/6c99e08ad1885d08023354ac96b546ffe3dee44b?cid=9950ac751e34487dbbe027c4fd7f8e99","false","1","USGF18714806","spotify:user:bradnumber1","2021-08-08T09:26:31Z","glam metal,hard rock,rock","0.274","0.949","11","-8.642","1","0.0896","0.0214","0.00778","0.218","0.497","100.346","4","","Interscope","C © 1987 Geffen Records, P ℗ 1987 Geffen Records"
"spotify:track:5sgVguJJlA7thC8ybAFOo5","Tonight I'm Yours (Don't Hurt Me)","spotify:artist:2y8Jo9CKhJvtfeKOsYzRdT","Rod Stewart","spotify:album:6gDOvRUvES84YOBkMEQTbD","Tonight I'm Yours - Expanded Edition","spotify:artist:2y8Jo9CKhJvtfeKOsYzRdT","Rod Stewart","1981","https://i.scdn.co/image/ab67616d0000b273abc644f6ad5483eb22acd51f","1","1","251866","https://p.scdn.co/mp3-preview/162ced11bcc44aba0660912ece34e6abf716f304?cid=9950ac751e34487dbbe027c4fd7f8e99","false","42","USWB10807933","spotify:user:bradnumber1","2021-08-08T09:26:31Z","mellow gold,soft rock","0.68","0.826","9","-4.958","1","0.0671","0.0683","0.444","0.0861","0.963","158.314","4","","Rhino/Warner Records","C © 1981 WEA Records B.V., P ℗ 2009 WEA Records B.V. Marketed by Warner Music Group Company."
"spotify:track:43wMcgNk8o3Qx7jxg3Lkfo","You Were On My Mind","spotify:artist:1XICntAIOLc3OPozkykv39","We Five","spotify:album:7C3qjtVKjkSSaxdW07RdhP","The Very Best Of","spotify:artist:1XICntAIOLc3OPozkykv39","We Five","2011-03-01","https://i.scdn.co/image/ab67616d0000b273abebb380cdd43ea2eac542ba","1","1","156640","https://p.scdn.co/mp3-preview/217b818c56d595818b5c4c0aa85bdd2127d1178f?cid=9950ac751e34487dbbe027c4fd7f8e99","false","9","USA371229623","spotify:user:bradnumber1","2021-08-08T09:26:31Z","bubblegum pop,classic garage rock,merseybeat","0.533","0.533","1","-7.92","0","0.064","0.293","0","0.0996","0.638","140.494","4","","Master Classics Records","C 2011 Master Classics Records"
"spotify:track:2Foc5Q5nqNiosCNqttzHof","Get Lucky (Radio Edit) [feat. Pharrell Williams and Nile Rodgers]","spotify:artist:4tZwfgrHOc3mvqYlEYSvVi, spotify:artist:2RdwBSPQiwcmiDo9kixcl8, spotify:artist:3yDIp0kaq9EFKe07X1X2rz","Daft Punk, Pharrell Williams, Nile Rodgers","spotify:album:2ePFIvZKMe8zefATp9ofFA","Get Lucky (Radio Edit) [feat. Pharrell Williams and Nile Rodgers]","spotify:artist:4tZwfgrHOc3mvqYlEYSvVi, spotify:artist:2RdwBSPQiwcmiDo9kixcl8, spotify:artist:3yDIp0kaq9EFKe07X1X2rz","Daft Punk, Pharrell Williams, Nile Rodgers","2013-04-19","https://i.scdn.co/image/ab67616d0000b2731d5cf960a92bb8b03fc2be7f","1","1","248413","https://p.scdn.co/mp3-preview/9b7eaf7fb5cab29251df52e9a4f46fad14e29aa1?cid=9950ac751e34487dbbe027c4fd7f8e99","false","78","USQX91300809","spotify:user:bradnumber1","2021-08-08T09:26:31Z","electro,filter house,rock,dance pop,pop,disco","0.794","0.811","6","-8.966","0","0.038","0.0426","0.00000107","0.101","0.862","116.047","4","","Columbia","P (P) 2013 Daft Life Limited under exclusive license to Columbia Records, a Division of Sony Music Entertainment"
"spotify:track:6LZOgBvntXL1egqIHHPnhn","Party","spotify:artist:0VyhYyWWF5yYomHQR4hCMl","Christine Anu","spotify:album:5aAUULuBofq0pQXbvQt6g4","Stylin' Up","spotify:artist:0VyhYyWWF5yYomHQR4hCMl","Christine Anu","1995","https://i.scdn.co/image/ab67616d0000b27383f1760b296c770872f11776","1","7","194533","https://p.scdn.co/mp3-preview/36827067c6d3fa27e82be16932e15c3439fc4fe6?cid=9950ac751e34487dbbe027c4fd7f8e99","false","32","AUMU09500006","spotify:user:bradnumber1","2021-08-08T09:26:31Z","australian indigenous music,australian pop,australian rock","0.734","0.923","11","-8.189","1","0.0561","0.0495","0.0000129","0.0612","0.847","109.661","4","","WM Australia","C © 1995 Mushroom Records, P ℗ 1995 Mushroom Records"
"spotify:track:5ma71INSTL8sY1HzjVBj2g","Riptide","spotify:artist:10exVja0key0uqUkk6LJRT","Vance Joy","spotify:album:1TIkCvpgUWCpjKOuMVaGZD","Dream Your Life Away","spotify:artist:10exVja0key0uqUkk6LJRT","Vance Joy","2014-09-05","https://i.scdn.co/image/ab67616d0000b273bcf5a4f38fba7a4bceef0591","1","4","201733","https://p.scdn.co/mp3-preview/d2a7f46a047a571376722c395eeb8e44dd0611b3?cid=9950ac751e34487dbbe027c4fd7f8e99","false","0","AULI01385760","spotify:user:bradnumber1","2021-08-08T09:26:31Z","folk-pop,modern rock","0.502","0.719","1","-6.649","1","0.0349","0.46","0","0.114","0.438","101.609","4","","Liberation Records","C 2014 Liberation Music, P 2014 Liberation Music"
"spotify:track:2SBQBV1atDy4tbEfGicT7u","Heartaches By The Number","spotify:artist:1YAtBHWaWzZnkaoSFHGTBV","Guy Mitchell","spotify:album:3sNFBXnLNjwcsKEZGnaz1G","Heartaches By The Number","spotify:artist:1YAtBHWaWzZnkaoSFHGTBV","Guy Mitchell","2009-10-19","https://i.scdn.co/image/ab67616d0000b273ee642915bf7d424d4ad73548","1","1","153901","https://p.scdn.co/mp3-preview/2ff3470357bdc73a6308129edd834f90fa38e95f?cid=9950ac751e34487dbbe027c4fd7f8e99","false","8","GBQRF0832786","spotify:user:bradnumber1","2021-08-08T09:26:31Z","deep adult standards","0.518","0.556","5","-13.264","1","0.0479","0.526","0.000003","0.0853","0.736","171.496","4","","Vision 21 OMP","C 2009 One Media Publishing"
"spotify:track:5AhRNIjYPBleR1lfHphcrE","The Edge of Heaven","spotify:artist:5lpH0xAS4fVfLkACg9DAuM","Wham!","spotify:album:099le4PQZ57X2LY9xVNOpc","Music From The Edge Of Heaven","spotify:artist:5lpH0xAS4fVfLkACg9DAuM","Wham!","1986-07-01","https://i.scdn.co/image/ab67616d0000b27347a1c7bc033eaab417db698b","1","1","270800","https://p.scdn.co/mp3-preview/52a96c7043d7a2d9a83f55b88b7dab1bc5934786?cid=9950ac751e34487dbbe027c4fd7f8e99","false","50","GBBBN0009290","spotify:user:bradnumber1","2021-08-08T09:26:31Z","new romantic,new wave,new wave pop,soft rock","0.493","0.665","9","-13.817","0","0.0424","0.117","0","0.159","0.877","152.644","4","","Columbia","P 1984-1986 CBS Records"
"spotify:track:2RiJYFyzmE4a5xYV7n7sgI","Should’ve Been Us","spotify:artist:1vSN1fsvrzpbttOYGsliDr","Tori Kelly","spotify:album:7cd41qBONvfjaQI6r8MCGp","Unbreakable Smile","spotify:artist:1vSN1fsvrzpbttOYGsliDr","Tori Kelly","2015-06-23","https://i.scdn.co/image/ab67616d0000b273813b123f5b37b2c80f6eefbd","1","5","186477","https://p.scdn.co/mp3-preview/e81eff876738b140889a2819a8a2fc8f8c8d1390?cid=9950ac751e34487dbbe027c4fd7f8e99","false","0","USUM71505910","spotify:user:bradnumber1","2021-08-08T09:26:31Z","pop,post-teen pop","0.65","0.766","6","-5.443","0","0.119","0.00408","0.00000669","0.0759","0.467","89.974","4","","EMI Recorded Music Australia Pty Ltd","C (C) 2015 Capitol Records & Schoolboy Records, P (P) 2015 Capitol Records & Schoolboy Records"
"spotify:track:7g7OshelYRRnOSEMmisJVI","Clap Your Hands","spotify:artist:7keGfmQR4X5w0two1xKZ7d","Kungs","spotify:album:2Uxn2xBab5Sjo3gnfuir7q","Clap Your Hands","spotify:artist:7keGfmQR4X5w0two1xKZ7d","Kungs","2022-02-18","https://i.scdn.co/image/ab67616d0000b2739f93d1c32d39d12312d25a68","1","1","189880","https://p.scdn.co/mp3-preview/ceebad9013abe7d7c1628ab811fb05b490f649b8?cid=9950ac751e34487dbbe027c4fd7f8e99","false","59","FR9W12139309","spotify:user:bradnumber1","2023-05-14T10:59:17Z","edm,pop dance,uk dance","0.878","0.875","1","-4.923","1","0.0658","0.0507","0.0000342","0.356","0.84","124.006","4","","Universal Music Division Island Def Jam","C © 2022 Val Production / Island Def Jam, P ℗ 2022 Val Production / Island Def Jam"
"spotify:track:1t4I9xuq9Mgdq4SR5hV8p5","Good Clean Fun","spotify:artist:320EPCSEezHt1rtbfwH6Ck","The Monkees","spotify:album:1XpsJZsZD42yllg4Xg6dXF","The Monkees Present: Micky, David & Michael","spotify:artist:320EPCSEezHt1rtbfwH6Ck","The Monkees","1969-10-01","https://i.scdn.co/image/ab67616d0000b27336b4638f70c2c6e52f2c3154","1","2","135800","https://p.scdn.co/mp3-preview/0e98a942daddf82423b8ac5785b42d23c36c437d?cid=9950ac751e34487dbbe027c4fd7f8e99","false","12","USRH10281213","spotify:user:bradnumber1","2021-08-08T09:26:31Z","album rock,beatlesque,bubblegum pop,classic rock,folk rock,mellow gold,rock,rock-and-roll,singer-songwriter,soft rock,sunshine pop","0.582","0.836","11","-9.3","0","0.0559","0.129","0.00000181","0.248","0.915","110.563","4","","Rhino","C © 1994 Rhino Records Inc., P ℗ 1994 Rhino Records Inc."
"spotify:track:6ER7Wg69KVV8Vrb1Bln3Cr","Teach Me How to Fly","spotify:artist:5lcXivnykIkBmcmaD2Vi99, spotify:artist:7BHRujdBRmwb704u4Iv4JC","Jeff St John, The Copperwine","spotify:album:36HAfPYsx7cPglngjKbRSa","70 Hits of the '70s","spotify:artist:0LyfQWJT6nXafLPZqxe9Of","Various Artists","2016-11-04","https://i.scdn.co/image/ab67616d0000b273a6f173ddeeeca55fc54cddf3","1","32","248640","https://p.scdn.co/mp3-preview/043caba9159e32b7de21975acf6551d61c8508ff?cid=9950ac751e34487dbbe027c4fd7f8e99","false","10","AUFE07000001","spotify:user:bradnumber1","2021-08-08T09:26:31Z","hammond organ","0.466","0.82","2","-6.089","1","0.0689","0.0503","0.0448","0.294","0.718","139.581","4","","WM Australia","C © 2016 Warner Music Australia Pty Ltd, P ℗ 2016 Warner Music Australia Pty Ltd"
"spotify:track:7zCaXeBaRwCSQ9JJvop7OL","Together We Are One - Radio Mix","spotify:artist:2g6fa86fL6oLcoDqanBbuR","Delta Goodrem","spotify:album:6KE4Ofd01fwm7cuJNsS5NZ","Together We Are One","spotify:artist:2g6fa86fL6oLcoDqanBbuR","Delta Goodrem","2006-04-01","https://i.scdn.co/image/ab67616d0000b273a1cc359c41d495f5aad8176f","1","1","254626","https://p.scdn.co/mp3-preview/2232a1599a41fd2f41ab9ea08ac3f6f7d891d775?cid=9950ac751e34487dbbe027c4fd7f8e99","false","26","AUBM00600111","spotify:user:bradnumber1","2021-08-08T09:26:31Z","australian pop","0.455","0.621","9","-3.828","1","0.0294","0.0535","0","0.109","0.16","134.015","4","","Epic","P (P) 2006 Sony Music Entertainment Australia Pty Ltd"
"spotify:track:656xZ2pwfA1J59EMussJOK","No Secrets","spotify:artist:2PeqTZKroEc2oDwTfmB2al","The Angels","spotify:album:6WWq4QGRPcBEWpeB9w4qJR","Greatest Hits","spotify:artist:2PeqTZKroEc2oDwTfmB2al","The Angels","2011-10-28","https://i.scdn.co/image/ab67616d0000b273826a430afccd21d8c8bfa3ee","1","10","258959","https://p.scdn.co/mp3-preview/079d5ca7ad61eaa819513d96b56ca4481f74bd17?cid=9950ac751e34487dbbe027c4fd7f8e99","false","0","AULI00515860","spotify:user:bradnumber1","2021-08-08T09:26:31Z","australian rock","0.445","0.719","7","-5.147","1","0.0285","0.000163","0.00000836","0.217","0.551","142.02","4","","Bloodlines","C 2011 Bloodlines, P 2011 Bloodlines"
"spotify:track:2skmOCFU64Bg7Ytkgwliwe","All For You","spotify:artist:7m60UAnbgFFNuJbmS6OxTk","Sister Hazel","spotify:album:2lHGAzINLOdD0505xdjpyZ","...Somewhere More Familiar","spotify:artist:7m60UAnbgFFNuJbmS6OxTk","Sister Hazel","1997-01-01","https://i.scdn.co/image/ab67616d0000b273ec9714658411bb44e6bbf798","1","3","218706","https://p.scdn.co/mp3-preview/83364250663e320011b339875d40f3a7768c28dd?cid=9950ac751e34487dbbe027c4fd7f8e99","false","63","USUR10000469","spotify:user:bradnumber1","2021-10-20T22:25:44Z","neo mellow,pop rock,post-grunge","0.633","0.754","8","-6.497","1","0.0382","0.0316","0.0000249","0.091","0.641","137.049","4","","Universal Records","C © 1997 Universal Records, a Division of UMG Recordings, Inc., P ℗ 1997 Universal Records, a Division of UMG Recordings, Inc."
"spotify:track:7nQqn8ZyaQdlBQPZ6KbT24","Special","spotify:artist:6S0GHTqz5sxK5f9HtLXn9q","Garbage","spotify:album:2DHNIBnnf8KBVmqIbnUYEd","Absolute Garbage","spotify:artist:6S0GHTqz5sxK5f9HtLXn9q","Garbage","2012-07-23","https://i.scdn.co/image/ab67616d0000b273784e24a8187974037ecd4b45","1","9","226493","https://p.scdn.co/mp3-preview/62ea26de2fe0cd2d2ce9805d3faca7a51dd59705?cid=9950ac751e34487dbbe027c4fd7f8e99","false","26","USAL19800026","spotify:user:bradnumber1","2022-08-26T01:26:59Z","alternative rock,dance rock,electronic rock,permanent wave","0.433","0.943","0","-4.467","0","0.0434","0.000014","0.144","0.138","0.398","131.643","4","","Liberator Music","C 2012 STUNVOLUME, P 2012 STUNVOLUME"
"spotify:track:5qnqVH96GFq3Qo71lEkFT5","Saturday Sun","spotify:artist:10exVja0key0uqUkk6LJRT","Vance Joy","spotify:album:3S9ZdKgCTuobkoIWUK2gH0","Nation of Two","spotify:artist:10exVja0key0uqUkk6LJRT","Vance Joy","2018-02-23","https://i.scdn.co/image/ab67616d0000b2730301c4c2b4fc7299df04cbf6","1","4","214746","https://p.scdn.co/mp3-preview/47204eb241dee5c510728f25ba9cb723c3ed95d9?cid=9950ac751e34487dbbe027c4fd7f8e99","false","0","USAT21705384","spotify:user:bradnumber1","2021-08-08T09:26:31Z","folk-pop,modern rock","0.628","0.869","8","-4.339","1","0.0489","0.497","0","0.169","0.701","99.97","4","","Liberation Records","C 2018 Liberation Records, P 2018 Liberation Records"
"spotify:track:6TBUBqz21JmF2hkeRbnwme","Montego Bay","spotify:artist:7iH90f18JHtgA6f4hjJpo2","Bobby Bloom","spotify:album:5kdm7tgxEgY7rYpQ3Bvg4y","The Bobby Bloom Album","spotify:artist:7iH90f18JHtgA6f4hjJpo2","Bobby Bloom","1970-01-01","https://i.scdn.co/image/ab67616d0000b2732c457d4d053065310063d791","1","11","176466","https://p.scdn.co/mp3-preview/2ef5849fcf4f33fe021fc5d3223dbaf346d004dd?cid=9950ac751e34487dbbe027c4fd7f8e99","false","39","USPR37007123","spotify:user:bradnumber1","2021-08-08T09:26:31Z","","0.765","0.586","7","-10.332","1","0.0367","0.734","0.00218","0.113","0.943","105.567","4","","Universal Records","C © 1970 Universal Records, a Division of UMG Recordings, Inc., P ℗ 1970 Universal Records, a Division of UMG Recordings, Inc."
"spotify:track:5qNh5WtzMbfpSj2jLlBkoD","Your Power","spotify:artist:6qqNVTkY8uBg9cP3Jd7DAH","Billie Eilish","spotify:album:7H3vJa2HHgxb7qqclOdfJ3","Your Power","spotify:artist:6qqNVTkY8uBg9cP3Jd7DAH","Billie Eilish","2021-04-29","https://i.scdn.co/image/ab67616d0000b273ba4cad4533efdd06fa843a39","1","1","245896","https://p.scdn.co/mp3-preview/a615fa9703894f6d2cff922b4e0f8346ac65c758?cid=9950ac751e34487dbbe027c4fd7f8e99","false","0","USUM72105934","spotify:user:bradnumber1","2021-08-08T09:26:31Z","art pop,pop","0.634","0.285","9","-14.007","0","0.0807","0.937","0.000359","0.232","0.203","129.65","4","","Darkroom/Interscope Records","C © 2021 Darkroom/Interscope Records, P ℗ 2021 Darkroom/Interscope Records"
"spotify:track:3u5vKV8Jr3XON1QWz1lUbP","Talk of the Town","spotify:artist:1QxaPWG1POM8Ul6WwsHq4y","John Farnham","spotify:album:4Zm7KcV47uD0sHageJyq2h","One Voice","spotify:artist:1QxaPWG1POM8Ul6WwsHq4y","John Farnham","2003-10-20","https://i.scdn.co/image/ab67616d0000b2733a1db30857beb481aa6e5345","2","6","224266","https://p.scdn.co/mp3-preview/da0c9cbee69e9c88d9f125c382dc32c2e9afadd9?cid=9950ac751e34487dbbe027c4fd7f8e99","false","10","AUBM09341002","spotify:user:bradnumber1","2021-11-20T11:22:47Z","australian pop,australian rock","0.679","0.892","7","-9.401","1","0.0512","0.492","0.028","0.116","0.933","92.529","4","","BMG Music","P (P) 2003 BMG Australia Limited"
"spotify:track:7MXVkk9YMctZqd1Srtv4MB","Starboy","spotify:artist:1Xyo4u8uXC1ZmMpatF05PJ, spotify:artist:4tZwfgrHOc3mvqYlEYSvVi","The Weeknd, Daft Punk","spotify:album:2ODvWsOgouMbaA5xf0RkJe","Starboy","spotify:artist:1Xyo4u8uXC1ZmMpatF05PJ","The Weeknd","2016-11-25","https://i.scdn.co/image/ab67616d0000b2734718e2b124f79258be7bc452","1","1","230453","https://p.scdn.co/mp3-preview/57c1238d183c40da3157c2892346f58445b1377c?cid=9950ac751e34487dbbe027c4fd7f8e99","true","88","USUG11600976","spotify:user:bradnumber1","2021-08-08T09:26:31Z","canadian contemporary r&b,canadian pop,pop,electro,filter house,rock","0.679","0.587","7","-7.015","1","0.276","0.141","0.00000635","0.137","0.486","186.003","4","","Universal Republic Records","C © 2016 The Weeknd XO, Inc., Manufactured and Marketed by Republic Records, a Division of UMG Recordings, Inc., P ℗ 2016 The Weeknd XO, Inc., Manufactured and Marketed by Republic Records, a Division of UMG Recordings, Inc."
"spotify:track:3J19l4hOfwFFIF715BwVcG","Anthem for the Year 2000","spotify:artist:4iudEcmuPlYNdbP3e1bdn1","Silverchair","spotify:album:10bobqzP8mtragmflBolOM","Neon Ballroom","spotify:artist:4iudEcmuPlYNdbP3e1bdn1","Silverchair","1999-03-08","https://i.scdn.co/image/ab67616d0000b27302629081ad3b70375352dd19","1","2","247786","https://p.scdn.co/mp3-preview/6e9e16c09ac0ffdb00c3a49577c89fc29e30128f?cid=9950ac751e34487dbbe027c4fd7f8e99","false","41","AUSM09800224","spotify:user:bradnumber1","2021-08-08T09:26:31Z","alternative metal,alternative rock,australian alternative rock,australian psych,australian rock,grunge,nu metal,post-grunge","0.325","0.768","2","-7.51","1","0.0491","0.0426","0.00000404","0.27","0.454","176.6","4","","Sony Music Entertainment","P (P) 1999 Sony Music Entertainment Australia Pty Ltd"
"spotify:track:39C5FuZ8C8M0QI8CrMsPkR","Foreplay / Long Time","spotify:artist:29kkCKKGXheHuoO829FxWK","Boston","spotify:album:2QLp07RO6anZHmtcKTEvSC","Boston","spotify:artist:29kkCKKGXheHuoO829FxWK","Boston","1976","https://i.scdn.co/image/ab67616d0000b2738c1fadcc997a65384f34d694","1","3","467640","https://p.scdn.co/mp3-preview/eabd2479930dced0472b26d62224f49274f7820b?cid=9950ac751e34487dbbe027c4fd7f8e99","false","58","USSM17600873","spotify:user:bradnumber1","2021-08-08T09:26:31Z","album rock,classic rock,glam metal,hard rock,mellow gold,rock,soft rock","0.435","0.657","5","-8.868","1","0.0545","0.00983","0.00748","0.0923","0.209","118.704","4","","Epic/Legacy","P (P) 1976, 2006 Epic Records, a division of Sony Music Entertainment"
"spotify:track:3KhIpPRbkjr3p1eJkD51dj","New Romantics","spotify:artist:06HL4z0CvFAxyc27GXpf02","Taylor Swift","spotify:album:3GT1SFfrltwpfWM2FB7zV4","1989 (Deluxe)","spotify:artist:06HL4z0CvFAxyc27GXpf02","Taylor Swift","2014-10-27","https://i.scdn.co/image/ab67616d0000b273eb4ef60f82fdc4b489ac1950","1","16","230466","https://p.scdn.co/mp3-preview/8abfa84aa6b12e5aabf724ba36d404e5d2ad2251?cid=9950ac751e34487dbbe027c4fd7f8e99","false","0","USCJY1431449","spotify:user:bradnumber1","2021-08-08T09:26:31Z","pop","0.633","0.889","5","-5.87","1","0.0715","0.00463","0.000458","0.0658","0.584","121.956","4","","Universal Music Group","C © 2014 Big Machine Records, LLC, P ℗ 2014 Big Machine Records, LLC"
"spotify:track:2l1GIxmkts2O0qYrlwGwF0","She - Original Stereo Version; 2006 Remaster","spotify:artist:320EPCSEezHt1rtbfwH6Ck","The Monkees","spotify:album:50zHjIiTOZM232gnWvOydX","More of The Monkees (Deluxe Edition)","spotify:artist:320EPCSEezHt1rtbfwH6Ck","The Monkees","1967-01-09","https://i.scdn.co/image/ab67616d0000b273360a1ae790aa71a0aac4983e","1","1","158960","https://p.scdn.co/mp3-preview/f618e29ac35f117a58f1cafbf734afacafe9728e?cid=9950ac751e34487dbbe027c4fd7f8e99","false","34","USRH10651267","spotify:user:bradnumber1","2021-08-08T09:26:31Z","album rock,beatlesque,bubblegum pop,classic rock,folk rock,mellow gold,rock,rock-and-roll,singer-songwriter,soft rock,sunshine pop","0.506","0.669","6","-6.755","0","0.0391","0.241","0.000002","0.116","0.763","119.267","4","","Rhino","C © 2006 Rhino Entertainment Company, P ℗ 2006 Rhino Entertainment Company, a Warner Music Group Company. All Rights Reserved. Manufactured & Marketed by Rhino Entertainment Company"
"spotify:track:1EuI95kVxZYLbENy8d6AOI","I'm Good?","spotify:artist:7dlqUnjoF2U2DkNDMhcgG4","Hilltop Hoods","spotify:album:5W3YMp8HlxyU6XtKsq9sxm","I'm Good?","spotify:artist:7dlqUnjoF2U2DkNDMhcgG4","Hilltop Hoods","2020-05-01","https://i.scdn.co/image/ab67616d0000b273a8d3c84f750d5fff1745217c","1","1","160186","https://p.scdn.co/mp3-preview/48aee5dda4d2b7d616758aadea7ca7e1e93853fb?cid=9950ac751e34487dbbe027c4fd7f8e99","false","50","AUHT01800391","spotify:user:bradnumber1","2021-08-08T09:26:31Z","australian hip hop","0.901","0.761","4","-5.986","0","0.0704","0.311","0","0.065","0.96","119.984","4","","Universal Music Australia Pty. Ltd.","C © 2020 Universal Music Australia Pty Ltd., P ℗ 2020 Universal Music Australia Pty Ltd."
"spotify:track:7Dm3dV3WPNdTgxoNY7YFnc","The Chain - 2004 Remaster","spotify:artist:08GQAI4eElDnROBrJRGE0X","Fleetwood Mac","spotify:album:1bt6q2SruMsBtcerNVtpZB","Rumours","spotify:artist:08GQAI4eElDnROBrJRGE0X","Fleetwood Mac","1977-02-04","https://i.scdn.co/image/ab67616d0000b27357df7ce0eac715cf70e519a7","1","7","269813","https://p.scdn.co/mp3-preview/93de8b97f51f60e086c141c9d27622ab37944cc3?cid=9950ac751e34487dbbe027c4fd7f8e99","false","60","USWB10400053","spotify:user:bradnumber1","2021-08-08T09:26:31Z","album rock,classic rock,rock,soft rock,yacht rock","0.522","0.755","9","-6.95","1","0.0524","0.0517","0.0000663","0.0781","0.637","151.796","4","","Rhino/Warner Records","C © 2004 Warner Records Inc., P ℗ 2004 Warner Records Inc."
"spotify:track:0Pu71wxadDlB8fJXfjIjeJ","Shoop","spotify:artist:7wqtxqI3eo7Gn1P7SpP6cQ","Salt-N-Pepa","spotify:album:2W2EmEpud13QHlhCFS9P8g","Very Necessary","spotify:artist:7wqtxqI3eo7Gn1P7SpP6cQ","Salt-N-Pepa","1993-10-12","https://i.scdn.co/image/ab67616d0000b27331ac4ea81876d18519e4b6eb","1","7","248573","https://p.scdn.co/mp3-preview/4a88a15552524cf0f1a79184073de290ce60605a?cid=9950ac751e34487dbbe027c4fd7f8e99","false","70","USWWW0126118","spotify:user:bradnumber1","2021-08-08T09:26:31Z","girl group,golden age hip hop,hip hop,hip pop,old school hip hop,queens hip hop","0.939","0.674","0","-7.232","1","0.212","0.091","0","0.0565","0.792","96.918","4","","Mercury Records","C © 1993 UMG Recordings Inc., P ℗ 1993 UMG Recordings Inc."
"spotify:track:5PLC7cNlxWIMAZvXrtqsZm","Trouble","spotify:artist:1KCSPY1glIKqW2TotWuXOR","P!nk","spotify:album:0fyXhpRRZOQkNP734QsnNm","Try This","spotify:artist:1KCSPY1glIKqW2TotWuXOR","P!nk","2003-10-08","https://i.scdn.co/image/ab67616d0000b273e3804561af7c7d89f084a207","1","1","193600","https://p.scdn.co/mp3-preview/50b3720a9d02c097443243182ef24704614441a2?cid=9950ac751e34487dbbe027c4fd7f8e99","false","0","USAR10301058","spotify:user:bradnumber1","2021-08-08T09:26:31Z","dance pop,pop","0.575","0.933","7","-2.719","1","0.051","0.00822","0","0.244","0.848","135.5","4","","Arista","P (P) 2003 Arista Records, Inc."
"spotify:track:4stNldZRtgwvHvb34INX5y","You Got Me","spotify:artist:5DYAABs8rkY9VhwtENoQCz","Gavin DeGraw","spotify:album:0vOZevXSlfFuRrC4LLW49W","You Got Me","spotify:artist:5DYAABs8rkY9VhwtENoQCz","Gavin DeGraw","2014-07-28","https://i.scdn.co/image/ab67616d0000b273a87067e5e25b863774b0691c","1","1","227485","https://p.scdn.co/mp3-preview/fc87fb7dedb60de55af0319ad0ee31e6b7d0b87b?cid=9950ac751e34487dbbe027c4fd7f8e99","false","37","USRC11401788","spotify:user:bradnumber1","2021-08-08T09:26:31Z","neo mellow,pop rock","0.323","0.462","6","-8.898","1","0.0294","0.0531","0.0000445","0.08","0.188","105.995","4","","RCA Records Label","P (P) 2014 RCA Records, a division of Sony Music Entertainment"
"spotify:track:5LenBcq9xeHLC00Gn7AyYv","I Am the Beat","spotify:artist:5eytiLIJP1kOyllcpWTxea","The Look","spotify:album:1uZGQ394ykJhCIiEJeugre","The Look","spotify:artist:5eytiLIJP1kOyllcpWTxea","The Look","1981","https://i.scdn.co/image/ab67616d0000b2734e0efdc61ac73da80122fb4b","1","7","180547","https://p.scdn.co/mp3-preview/46344317a54388d705a1a3eb32ef63046c461ded?cid=9950ac751e34487dbbe027c4fd7f8e99","false","25","FR6V81663643","spotify:user:bradnumber1","2021-08-08T09:26:31Z","","0.429","0.657","8","-9.708","1","0.0788","0.262","0.0000605","0.0506","0.784","174.984","4","","Rdeg","C 2013 Rdeg, P 1981 MCA Records"
"spotify:track:0K1ddNp1ev0zdik1EzuxkT","Well Hello","spotify:artist:0jwZXCdmqh8Ox5p2tOZF55","Yellowstone And Voice","spotify:album:0Z5RLckeah58f6J9vjBYWs","The Best of Red Bus Collection","spotify:artist:0LyfQWJT6nXafLPZqxe9Of","Various Artists","2016-06-10","https://i.scdn.co/image/ab67616d0000b2732663a0ec722e8cd0a8d0b7f6","1","12","174040","https://p.scdn.co/mp3-preview/229de6c06935943702089c4cb2b86c2b7fa3e423?cid=9950ac751e34487dbbe027c4fd7f8e99","false","0","GBBXS1506746","spotify:user:bradnumber1","2021-08-08T09:26:31Z","beatlesque","0.473","0.697","3","-6.253","1","0.03","0.0229","0","0.0396","0.894","77.181","4","","R.B Nostalgia","C 2016, R.B Nostalgia, P 2016, R.B Nostalgia"
"spotify:track:1A4a167Yf7bXEkVOqon1HK","Twistin' Matilda (And the Channel)","spotify:artist:7k4MYPtpz3fAViMuuLi9ry","Jimmy Soul","spotify:album:4LIwkxPEGbxwvq8Ut6XFYg","I You Wanna Be Happy","spotify:artist:7k4MYPtpz3fAViMuuLi9ry","Jimmy Soul","2013-12-02","https://i.scdn.co/image/ab67616d0000b273373e69d19b4c7c07690bf176","1","3","174933","https://p.scdn.co/mp3-preview/395bbe792264e99455e4159e5755dcc29fb01fff?cid=9950ac751e34487dbbe027c4fd7f8e99","false","0","QMBZ91305574","spotify:user:bradnumber1","2021-08-08T09:26:31Z","","0.535","0.775","7","-7.606","1","0.155","0.715","0","0.228","0.847","141.424","4","","Black Sheep Music","C (C) 2013 Entertain Me Europe LTD"
"spotify:track:34sAPj9hCZr4f814I3MWEy","Nothing Can Divide Us","spotify:artist:5bnNgwp3nooah9yHAHsnR4","Jason Donovan","spotify:album:6rL0xfZj23qRaFrGiTmvPP","Greatest Hits","spotify:artist:5bnNgwp3nooah9yHAHsnR4","Jason Donovan","2007-02-06","https://i.scdn.co/image/ab67616d0000b273cd12dd55b0c00f57c56571eb","1","1","226200","https://p.scdn.co/mp3-preview/bf99006fe32f957c34e7771eb6ea950c655149ea?cid=9950ac751e34487dbbe027c4fd7f8e99","false","8","AUMU08800142","spotify:user:bradnumber1","2021-08-08T09:26:31Z","australian dance,australian pop,europop,new wave pop","0.702","0.788","7","-11.54","1","0.0423","0.0263","0.00000242","0.0436","0.852","120.1","4","","WM Australia","C © 1991 Mushroom Records, P ℗ 1991 Mushroom Records"
"spotify:track:1HXaX12pA7jVuwUczy5UOd","Its Only the Beginning","spotify:artist:3l1Tuoqd0JXoaOrAiOyrB0","Deborah Conway","spotify:album:3uJt66Vz0jymlFZxedk63k","String Of Pearls","spotify:artist:3l1Tuoqd0JXoaOrAiOyrB0","Deborah Conway","1991","https://i.scdn.co/image/ab67616d0000b2733c15e7f740f33a81922b80f5","1","2","281640","https://p.scdn.co/mp3-preview/0e535704f5582f9881ff1346e525c3efd8bab18b?cid=9950ac751e34487dbbe027c4fd7f8e99","false","40","AUMU09400043","spotify:user:bradnumber1","2021-08-08T09:26:31Z","australian rock","0.562","0.692","4","-9.996","1","0.0361","0.0275","0.00000116","0.276","0.653","137.921","4","","WM Australia","C © 1991 Mushroom Records Pty Limited, P ℗ 1991 Mushroom Records Pty Limited"
"spotify:track:2gGxroCYEruO4Bco35RnGU","S.O.S.","spotify:artist:7gOdHgIoIKoe4i9Tta6qdD","Jonas Brothers","spotify:album:3HEkMpWdo3cWS6wWfQV63a","Jonas Brothers (Standard French Version)","spotify:artist:7gOdHgIoIKoe4i9Tta6qdD","Jonas Brothers","2007-01-01","https://i.scdn.co/image/ab67616d0000b273b5e240a13ba238ad4a053fff","1","1","153346","https://p.scdn.co/mp3-preview/e3537232f9b07c5a790914c932050b713bbd85e7?cid=9950ac751e34487dbbe027c4fd7f8e99","false","0","USHR10723189","spotify:user:bradnumber1","2021-08-08T09:26:31Z","boy band,pop","0.587","0.697","7","-3.836","1","0.0682","0.000749","0","0.182","0.702","137.088","4","","Universal Music AS","C © 2008 Hollywood Records, Inc., Under Exclusive License to Universal Music International BV., P ℗ 2007 Hollywood Records, Inc., Under Exclusive License to Universal Music International BV."
"spotify:track:0cVyQfDyRnMJ0V3rjjdlU3","Lil Boo Thang","spotify:artist:4zoRNhOhsGX3w8yBAnFSQ8","Paul Russell","spotify:album:1j5AROUr8rq5xb2CXDIH1c","Lil Boo Thang","spotify:artist:4zoRNhOhsGX3w8yBAnFSQ8","Paul Russell","2023-08-18","https://i.scdn.co/image/ab67616d0000b273811b8a1d3649f63af1d5fb65","1","1","114233","https://p.scdn.co/mp3-preview/79f29532b707e2bd12e311d7dce2591b4d57437e?cid=9950ac751e34487dbbe027c4fd7f8e99","false","79","USAR12300323","spotify:user:bradnumber1","2023-12-17T02:27:20Z","indie r&b","0.85","0.699","0","-3.292","1","0.0776","0.152","0","0.32","0.915","114.481","4","","Arista Records","P (P) 2023 Paul Russell under exclusive license to Arista Records, a division of Sony Music Entertainment"
"spotify:track:2NELtMgQ8HSdrGrYQPLnC3","Piece by Piece","spotify:artist:3BmGtnKgCSGYIUhmivXKWX","Kelly Clarkson","spotify:album:7oKtXc3FkeOZTCB88YugON","Piece By Piece (Deluxe Version)","spotify:artist:3BmGtnKgCSGYIUhmivXKWX","Kelly Clarkson","2015-02-27","https://i.scdn.co/image/ab67616d0000b2738612619562d9e86624479ec8","1","5","257746","https://p.scdn.co/mp3-preview/f628a42dac2688f5c149768b0b2ee3a20f49fc3c?cid=9950ac751e34487dbbe027c4fd7f8e99","false","50","GBCTA1500005","spotify:user:bradnumber1","2021-08-08T09:26:31Z","dance pop,pop,talent show","0.59","0.808","1","-6.728","1","0.0408","0.000953","0.00000153","0.0918","0.601","106.029","4","","RCA Records Label","P (P) 2015 19 Recordings Limited under exclusive license to RCA Records"
"spotify:track:6vVfNqiMSku4FrqsqhurBK","Glamorous","spotify:artist:3r17AfJCCUqC9Lf0OAc73G, spotify:artist:3ipn9JLAPI5GUEo4y4jcoi","Fergie, Ludacris","spotify:album:5jMAEt7ZLjqi5tSlf7EBQg","The Dutchess","spotify:artist:3r17AfJCCUqC9Lf0OAc73G","Fergie","2006-09-13","https://i.scdn.co/image/ab67616d0000b2734c62f163f672735dda3357e2","1","7","246600","https://p.scdn.co/mp3-preview/ba1380303365ab2106f43e1647c7a09e2eef35fc?cid=9950ac751e34487dbbe027c4fd7f8e99","true","62","USUM70609119","spotify:user:bradnumber1","2021-08-08T09:26:31Z","dance pop,pop,atl hip hop,dance pop,dirty south rap,hip hop,old school atlanta hip hop,pop rap,rap,southern hip hop,trap","0.81","0.76","0","-6.447","1","0.232","0.301","0","0.103","0.56","130.991","4","","Will I Am / Fergie LP1","C © 2006 A&M Records, P ℗ 2006 A&M Records"
"spotify:track:2vG1yrWSMiL6egg6w4e9ma","Free Your Mind","spotify:artist:5fikk4h5qbEebqK2Fc6e48","En Vogue","spotify:album:7d2qNq4zap02SoWdvr0caA","Funky Divas","spotify:artist:5fikk4h5qbEebqK2Fc6e48","En Vogue","1992-03-24","https://i.scdn.co/image/ab67616d0000b27350638bf4b6a49dce27bc4ff5","1","4","293105","https://p.scdn.co/mp3-preview/1534e3c452634d8b73c9c1fd498910cd9090fed6?cid=9950ac751e34487dbbe027c4fd7f8e99","false","53","USEW19900116","spotify:user:bradnumber1","2021-08-08T09:26:31Z","contemporary r&b,girl group,hip pop,new jack swing,r&b,urban contemporary","0.765","0.831","7","-6.522","1","0.0565","0.0894","0","0.393","0.809","100.026","4","","Rhino Atlantic","C © 1992 Elektra Entertainment for the United States and WEA International Inc. for the world outside of the United States., P ℗ 1992 Elektra Entertainment for the United States and WEA International Inc. for the world outside of the United States."
"spotify:track:6ZQIKSFLoonDStQchogVdC","Untouchable (Originally Performed by Taylor Swift) [Vocal Version]","spotify:artist:1Lc0W6fVtIyzVXEOV6BbYi","Musical Creations Karaoke","spotify:album:6f6OwuxVOEd0Xdle3G98v5","Untouchable (Originally Performed by Taylor Swift) [Karaoke Version]","spotify:artist:1Lc0W6fVtIyzVXEOV6BbYi","Musical Creations Karaoke","2014-07-21","https://i.scdn.co/image/ab67616d0000b273c475f58b18b4687242702a48","1","1","316212","https://p.scdn.co/mp3-preview/90823f0c8beb0461ddaf2e8ed0610ef4cf435bee?cid=9950ac751e34487dbbe027c4fd7f8e99","false","1","US8K21206705","spotify:user:bradnumber1","2021-08-08T09:26:31Z","karaoke","0.539","0.344","5","-11.118","1","0.0421","0.568","0","0.101","0.452","199.942","4","","Musical Creations","C (C) 2014 Musical Creations Karaoke"
"spotify:track:74Hy0E0huf9VS853otOC0m","From The Sea","spotify:artist:3yW6jTzGjHUUkLvLkjLOVn","Eskimo Joe","spotify:album:0Q2I3pfKvD9w65qULwIxwW","From The Sea","spotify:artist:3yW6jTzGjHUUkLvLkjLOVn","Eskimo Joe","2004","https://i.scdn.co/image/ab67616d0000b2737e9073816e61ccb4dcb72421","1","1","203146","https://p.scdn.co/mp3-preview/56abd5af47f5763c6d2d8c691484c26092635997?cid=9950ac751e34487dbbe027c4fd7f8e99","false","0","AUMU00400051","spotify:user:bradnumber1","2021-08-08T09:26:31Z","australian alternative rock,australian rock,perth indie","0.582","0.939","8","-3.305","0","0.0342","0.0628","0.0000449","0.0855","0.273","130.023","4","","WM Australia","C © 2004 Mushroom Records, P ℗ 2004 Mushroom Records"
"spotify:track:2NjO87HyT80fsgejd3PLYW","Dance To This (feat. Ariana Grande)","spotify:artist:3WGpXCj9YhhfX11TToZcXP, spotify:artist:66CXWjxzNUsdJxJ2JdwvnR","Troye Sivan, Ariana Grande","spotify:album:3MYJYd73u0SatCnRVvRJ3M","Bloom","spotify:artist:3WGpXCj9YhhfX11TToZcXP","Troye Sivan","2018-08-31","https://i.scdn.co/image/ab67616d0000b273aae542061ac42ee04779fb2f","1","6","231846","https://p.scdn.co/mp3-preview/f1d24e8a12e82dba75f9dd181d623bcb97879868?cid=9950ac751e34487dbbe027c4fd7f8e99","false","64","AUUM71800523","spotify:user:bradnumber1","2021-08-08T09:26:31Z","australian pop,pop,viral pop,pop","0.736","0.756","11","-7.099","1","0.047","0.00632","0.00569","0.106","0.712","117.015","4","","EMI Recorded Music Australia Pty Ltd","C © 2019 Universal Music Australia Pty Ltd., P ℗ 2019 Universal Music Australia Pty Ltd."
"spotify:track:1ESxXEaYZ3CvkVqBdSHZiS","Into The Dark","spotify:artist:06y1hH4hu3rcTUXHJevPCf","Ben Lee","spotify:album:0C8dhLSMjGZI2dSCiRrVNN","Awake Is the New Sleep","spotify:artist:06y1hH4hu3rcTUXHJevPCf","Ben Lee","2005-02-22","https://i.scdn.co/image/ab67616d0000b273b77411b9680509da42f83ddc","1","7","166893","https://p.scdn.co/mp3-preview/a90d9f32a863055afca2f50e2424e4e65fe3de34?cid=9950ac751e34487dbbe027c4fd7f8e99","false","28","US27Q0460707","spotify:user:bradnumber1","2022-02-03T10:00:53Z","australian alternative rock,australian pop,australian rock","0.779","0.719","7","-7.004","1","0.0279","0.0989","0","0.111","0.936","125.996","4","","WM Australia","C © 2005 Ten Finger Records, Inc., P ℗ 2005 Ten Finger Records, Inc., under exclusive licence to Warner Music Australia Pty Limited"
"spotify:track:1Xhz8EjC4GChCe46aR0MFy","Happenin' All Over Again - Radio","spotify:artist:3KT9AeoTUPHKnntwQxlP9S","Young Divas","spotify:album:6uMZgyfpavnYnGa9pOWA70","Young Divas","spotify:artist:3KT9AeoTUPHKnntwQxlP9S","Young Divas","2006-11-14","https://i.scdn.co/image/ab67616d0000b2736b39fff29de478c2a2e8b189","1","5","208346","https://p.scdn.co/mp3-preview/5ac654a40a8d77e805c0d703152e5eded192de15?cid=9950ac751e34487dbbe027c4fd7f8e99","false","23","AUBM00600794","spotify:user:bradnumber1","2021-08-08T09:26:31Z","australian pop","0.617","0.752","8","-9.907","1","0.0547","0.000957","0.00000751","0.305","0.856","124.038","4","","Sony BMG Music Entertainment","P (P) 2006 SONY BMG MUSIC ENTERTAINMENT (AUSTRALIA) PTY LIMITED"
"spotify:track:6UqKslmiLujULn7mpfbpaC","You've Never Been This Far Before","spotify:artist:7gi3jmwpUpNWdswT8eEprF","Conway Twitty","spotify:album:6LxTxevkTD8O8kiAtCqaAc","Hello Darlin' 15 #1 Hits","spotify:artist:7gi3jmwpUpNWdswT8eEprF","Conway Twitty","2005-04-21","https://i.scdn.co/image/ab67616d0000b273e37e2e917f39d60c7f8bfb57","1","15","192893","https://p.scdn.co/mp3-preview/a21c22b31b117f6a99e637118b923f9d88c6019d?cid=9950ac751e34487dbbe027c4fd7f8e99","false","1","USDMG0514715","spotify:user:bradnumber1","2021-08-08T09:26:31Z","arkansas country,classic country pop,country,country rock","0.702","0.339","10","-14.214","1","0.0359","0.679","0","0.103","0.672","133.315","4","","Dualtone Music Group, Inc.","C 2005 Dualtone Music Group, Inc., P 2005 Dualtone Music Group, Inc."
"spotify:track:2yWyFT6bW1Rd9cjVvYi4v8","Superstylin'","spotify:artist:67tgMwUfnmqzYsNAtnP6YJ","Groove Armada","spotify:album:1bS1J4OVGrpu6e2U2pHge6","Goodbye Country (Hello Nightclub)","spotify:artist:67tgMwUfnmqzYsNAtnP6YJ","Groove Armada","2001-07-11","https://i.scdn.co/image/ab67616d0000b2730d6e6cc2e426ab9f3b33fbcc","1","2","360426","https://p.scdn.co/mp3-preview/d46a238e623762ef595367c5099d018e9d0bb788?cid=9950ac751e34487dbbe027c4fd7f8e99","false","60","GBAHK0100089","spotify:user:bradnumber1","2021-08-08T09:26:31Z","big beat,electronica,nu skool breaks,trip hop","0.742","0.798","9","-8.263","1","0.0558","0.00346","0.00131","0.259","0.928","128.967","4","","Jive Electro","P (P) 2001 Zomba Records Limited"
"spotify:track:7rojor07Wzc7w3zXOxex80","Halfway Gone","spotify:artist:5PokPZn11xzZXyXSfnvIM3","Lifehouse","spotify:album:6TmElNgwnE9vBmYCLbwikX","Smoke & Mirrors (International Version)","spotify:artist:5PokPZn11xzZXyXSfnvIM3","Lifehouse","2010-01-01","https://i.scdn.co/image/ab67616d0000b27340969b349ac21efdcb16f43f","1","4","195306","https://p.scdn.co/mp3-preview/2e609017bbfad350a1f0f50c71c9e26ffea87989?cid=9950ac751e34487dbbe027c4fd7f8e99","false","49","USUM70903932","spotify:user:bradnumber1","2021-08-08T09:26:31Z","neo mellow,pop rock,post-grunge","0.543","0.919","1","-4.831","0","0.0415","0.000441","0","0.238","0.498","125.017","4","","Geffen","C © 2010 Geffen Records, P ℗ 2010 Geffen Records"
"spotify:track:39umHdGKfpnjY4TFtnoQ51","Too Much (feat. Usher)","spotify:artist:64KEffDW9EtZ1y2vBYgq8T, spotify:artist:5rGrDvrLOV2VV8SCFVGWlj, spotify:artist:23zg3TcAtWQy7J6upgbUnj","Marshmello, Imanbek, USHER","spotify:album:6lObxQq82f6xitLI8xZQyz","Too Much (feat. Usher)","spotify:artist:64KEffDW9EtZ1y2vBYgq8T, spotify:artist:5rGrDvrLOV2VV8SCFVGWlj, spotify:artist:23zg3TcAtWQy7J6upgbUnj","Marshmello, Imanbek, USHER","2020-10-23","https://i.scdn.co/image/ab67616d0000b27377d85d6688b7010ce154fe0a","1","1","165704","https://p.scdn.co/mp3-preview/81cd8f86d708c9aa9f35489fd3ae3f191e5f8850?cid=9950ac751e34487dbbe027c4fd7f8e99","false","52","USRC12003396","spotify:user:bradnumber1","2021-08-08T09:26:31Z","brostep,edm,pop,progressive electro house,electro house,pop dance,slap house,atl hip hop,contemporary r&b,dance pop,pop,r&b,rap,south carolina hip hop,urban contemporary","0.712","0.891","6","-2.76","0","0.0401","0.00415","0","0.258","0.735","126.012","4","","Joytime Collective/RCA Records/Effective Records","P (P) 2020 Joytime Collective, under exclusive license to RCA Records"
"spotify:track:3g2zKo9K0MymRmkn6fXWcr","Polaroid","spotify:artist:0u2FHSq3ln94y5Q57xazwf","Keith Urban","spotify:album:6XuKNFu7uue9cj04W3x4Gt","Polaroid","spotify:artist:0u2FHSq3ln94y5Q57xazwf","Keith Urban","2020-04-24","https://i.scdn.co/image/ab67616d0000b273c0ec309aaaf1913aa78e28c0","1","1","150206","https://p.scdn.co/mp3-preview/18258a73147f10e7eed6de32a6d587b01136065b?cid=9950ac751e34487dbbe027c4fd7f8e99","false","24","USUG12000582","spotify:user:bradnumber1","2021-08-08T09:26:31Z","contemporary country,country,country road","0.791","0.744","8","-5.294","1","0.0549","0.598","0","0.163","0.836","117.057","4","","Capitol Records Nashville","C © 2020 Hit Red Records, under exclusive license to UMG Recordings, Inc., P ℗ 2020 Hit Red Records, under exclusive license to UMG Recordings, Inc."
"spotify:track:0iyFZC2XuPdLpfQpUeli4H","Walk Right In","spotify:artist:2Mhi3jfuRSdbVZPdjqsnnN","Dr. Hook","spotify:album:0UQeeHZSz95cijW6o07wib","Completely Hooked","spotify:artist:2Mhi3jfuRSdbVZPdjqsnnN","Dr. Hook","1992-01-01","https://i.scdn.co/image/ab67616d0000b2738d4bfca049780d5b87323e09","1","7","187066","https://p.scdn.co/mp3-preview/f711b62dff4e559d3ba7e7e01bc1998f6f24a33e?cid=9950ac751e34487dbbe027c4fd7f8e99","false","40","USCA28700078","spotify:user:bradnumber1","2021-08-08T09:26:31Z","country rock,mellow gold,soft rock","0.796","0.867","2","-10.568","1","0.037","0.0742","0.00195","0.226","0.881","114.87","4","","Capitol Records","C © 1992 Capitol Records Inc., P This Compilation ℗ 1992 Capitol Records Inc."
"spotify:track:4rRRVHoBP8v42QdOivhhfj","Two Strong Hearts","spotify:artist:1QxaPWG1POM8Ul6WwsHq4y","John Farnham","spotify:album:4Zm7KcV47uD0sHageJyq2h","One Voice","spotify:artist:1QxaPWG1POM8Ul6WwsHq4y","John Farnham","2003-10-20","https://i.scdn.co/image/ab67616d0000b2733a1db30857beb481aa6e5345","2","2","212840","https://p.scdn.co/mp3-preview/22aef9beb14c26366f0b8bb47a4e6bc228ce457e?cid=9950ac751e34487dbbe027c4fd7f8e99","false","16","AUBM08841001","spotify:user:bradnumber1","2021-11-20T11:23:14Z","australian pop,australian rock","0.61","0.78","2","-9.393","1","0.0316","0.0212","0","0.309","0.841","109.856","4","","BMG Music","P (P) 2003 BMG Australia Limited"
"spotify:track:4tCtwWceOPWzenK2HAIJSb","Work from Home (feat. Ty Dolla $ign)","spotify:artist:1l8Fu6IkuTP0U5QetQJ5Xt, spotify:artist:7c0XG5cIJTrrAgEC3ULPiq","Fifth Harmony, Ty Dolla $ign","spotify:album:0pF0oyuPNdOObniB1Ng0kW","7/27 (Deluxe)","spotify:artist:1l8Fu6IkuTP0U5QetQJ5Xt","Fifth Harmony","2016-05-27","https://i.scdn.co/image/ab67616d0000b273d03fa6f4e758282b7920b5c8","1","2","214480","https://p.scdn.co/mp3-preview/58fd9aa04f6972b8302f497dc6bb6160941c1e58?cid=9950ac751e34487dbbe027c4fd7f8e99","false","75","USSM11600251","spotify:user:bradnumber1","2021-08-08T09:26:31Z","girl group,pop,talent show,hip hop,pop rap,r&b,southern hip hop,trap,trap soul","0.803","0.585","8","-5.861","1","0.0432","0.103","0.00000394","0.0644","0.593","105.017","4","","Syco Music/Epic","P (P) 2016 Simco Ltd. under exclusive license to Epic Records, a division of Sony Music Entertainment"
"spotify:track:40rOKDgEB0PoedLUQELRFi","Hidden Agenda - New Mix","spotify:artist:2JyWXPbkqI5ZJa3gwqVa0c","Craig David","spotify:album:35ikpiYIj4Mtl6wp1zzDtb","Greatest Hits (French Standard DMD)","spotify:artist:2JyWXPbkqI5ZJa3gwqVa0c","Craig David","2008-11-24","https://i.scdn.co/image/ab67616d0000b273a407867b5c9f81b349e3312c","1","13","252600","https://p.scdn.co/mp3-preview/149191b47ed5595f41bf751e0480aa67947bc796?cid=9950ac751e34487dbbe027c4fd7f8e99","false","0","GBAHT0800579","spotify:user:bradnumber1","2021-08-08T09:26:31Z","british soul","0.705","0.727","0","-6.237","1","0.0516","0.252","0","0.0795","0.616","96.071","4","","WM UK","C 2008 Teacup, P 2008 Teacup"
"spotify:track:6F5c58TMEs1byxUstkzVeM","Roar","spotify:artist:6jJ0s89eD6GaHleKKya26X","Katy Perry","spotify:album:5MQBzs5YlZlE28mD9yUItn","PRISM (Deluxe)","spotify:artist:6jJ0s89eD6GaHleKKya26X","Katy Perry","2013-10-18","https://i.scdn.co/image/ab67616d0000b27347f930accd8ac01686401fa2","1","1","223546","https://p.scdn.co/mp3-preview/d72636d23beb0e3c283ec8150b8f50f9b5b0d8a3?cid=9950ac751e34487dbbe027c4fd7f8e99","false","70","USUM71308669","spotify:user:bradnumber1","2021-08-08T09:26:31Z","pop","0.671","0.771","7","-4.821","0","0.0316","0.00492","0.00000728","0.354","0.436","90.003","4","","Capitol Records (CAP)","C © 2013 Capitol Records, LLC, P ℗ 2013 Capitol Records, LLC"
"spotify:track:5tzbM8m70V977Ezpfk8IPS","Time After Time","spotify:artist:2BTZIqw0ntH9MvilQ3ewNY","Cyndi Lauper","spotify:album:2aZG65CSBMeTKr0YNfsFMe","She's So Unusual","spotify:artist:2BTZIqw0ntH9MvilQ3ewNY","Cyndi Lauper","1983","https://i.scdn.co/image/ab67616d0000b27332c62ff86bb7deeafed2d423","1","4","241333","https://p.scdn.co/mp3-preview/36937f5e84f627d9b6b2380cb715e6ead0ecf52b?cid=9950ac751e34487dbbe027c4fd7f8e99","false","0","USSM18300650","spotify:user:bradnumber1","2021-08-08T09:26:31Z","dance pop,new wave pop,permanent wave,soft rock","0.726","0.449","0","-9.206","1","0.0286","0.487","0.00000134","0.0824","0.294","130.388","4","","Epic/Legacy","P (P) 1983, 1984, 2000 Sony Music Entertainment Inc."
"spotify:track:6W21LNLz9Sw7sUSNWMSHRu","Freak On a Leash","spotify:artist:3RNrq3jvMZxD9ZyoOZbQOD","Korn","spotify:album:0gsiszk6JWYwAyGvaTTud4","Follow The Leader","spotify:artist:3RNrq3jvMZxD9ZyoOZbQOD","Korn","1998-08-18","https://i.scdn.co/image/ab67616d0000b27350d216aebaf98e8ac9947fd5","1","2","255733","https://p.scdn.co/mp3-preview/1748e7fff0689e02eed3deebaf7837afabbe8657?cid=9950ac751e34487dbbe027c4fd7f8e99","true","78","USSM19801755","spotify:user:bradnumber1","2021-08-08T09:26:31Z","alternative metal,funk metal,hard rock,nu metal,post-grunge,rap metal,rock","0.353","0.898","2","-5.877","1","0.052","0.0000223","0.105","0.39","0.525","103.299","4","","Immortal/Epic","P (P) 1998 Epic Records, a division of Sony Music Entertainment"
"spotify:track:5YDP1MSGDD5k0pm7j5KjMM","Chulu Chululu","spotify:artist:7bzzp2TDqSg6rXfOv501Eb","Bill & Boyd","spotify:album:5WEaHbpKLGHGCEnmhLdOZ0","Songs For A Cloudy Summer Afternoon","spotify:artist:7bzzp2TDqSg6rXfOv501Eb","Bill & Boyd","1964-01-01","https://i.scdn.co/image/ab67616d0000b27336a0e97c79096a2bd520026e","1","14","127680","https://p.scdn.co/mp3-preview/2495df2c487a6d880676c51e4f57eb8dced20570?cid=9950ac751e34487dbbe027c4fd7f8e99","false","2","NZUM71400330","spotify:user:bradnumber1","2021-08-08T09:26:31Z","classic australian country,classic nz pop","0.449","0.95","9","-6.473","1","0.0886","0.359","0.00325","0.661","0.878","157.736","4","","Universal Music New Zealand Limited","C © 1964 Philips New Zealand Ltd, P ℗ 1964 Philips New Zealand Ltd"
"spotify:track:6t1FIJlZWTQfIZhsGjaulM","Video Killed The Radio Star","spotify:artist:057gc1fxmJ2vkctjQJ7Tal","The Buggles","spotify:album:5KKpKvLOS4tCV7cSOwIOWF","The Age Of Plastic","spotify:artist:057gc1fxmJ2vkctjQJ7Tal","The Buggles","1980-01-10","https://i.scdn.co/image/ab67616d0000b27370b6cfff0487d653a8c7ce01","1","2","253800","https://p.scdn.co/mp3-preview/0d0dbf059733ddc5252c7867827fa4e76961fd5e?cid=9950ac751e34487dbbe027c4fd7f8e99","false","62","GBAAN7900013","spotify:user:bradnumber1","2021-08-08T09:26:31Z","early synthpop,new wave pop,zolo","0.675","0.61","1","-13.811","1","0.085","0.0852","0.0188","0.159","0.344","131.037","4","","Island Records","C © 1980 The Island Def Jam Music Group, P ℗ 1980 The Island Def Jam Music Group"
"spotify:track:1mVTTCmWniYZrjHwHRqWyw","Lay Down (Candles In The Rain) - Long Version","spotify:artist:6sOP8RUFR0q0nBOBOXGdBK, spotify:artist:0lEzfSVcNRLDUKdI7fBDD3","Melanie, The Edwin Hawkins Singers","spotify:album:6A52tOKufZUBoHqui2fnNj","The Very Best Of","spotify:artist:6sOP8RUFR0q0nBOBOXGdBK","Melanie","1998-02-18","https://i.scdn.co/image/ab67616d0000b2736585cbc734f525c1b91dc55b","1","20","469933","https://p.scdn.co/mp3-preview/21160aa7c9423549e4a490a12eb501ce471eb37a?cid=9950ac751e34487dbbe027c4fd7f8e99","false","28","USBR17000001","spotify:user:bradnumber1","2021-08-08T09:26:31Z","folk,persian pop","0.286","0.66","7","-13.243","1","0.0617","0.112","0.197","0.1","0.66","92.113","4","","RCA Camden","P This Compilation (P) 1998 BMG Entertainment International UK & Ireland Ltd."
"spotify:track:1QV6tiMFM6fSOKOGLMHYYg","Poker Face","spotify:artist:1HY2Jd0NmPuamShAr6KMms","Lady Gaga","spotify:album:1qwlxZTNLe1jq3b0iidlue","The Fame","spotify:artist:1HY2Jd0NmPuamShAr6KMms","Lady Gaga","2008-01-01","https://i.scdn.co/image/ab67616d0000b273e691217483df8798445c82e2","1","4","237200","https://p.scdn.co/mp3-preview/36abf77572983417d63a3aed8923d00e07167efa?cid=9950ac751e34487dbbe027c4fd7f8e99","false","81","USUM70824409","spotify:user:bradnumber1","2021-08-08T09:26:31Z","art pop,dance pop,pop","0.851","0.806","4","-4.618","1","0.0787","0.119","0.00000172","0.121","0.774","119.001","4","","Streamline/Interscope","C © 2008 Interscope Records, P ℗ 2008 Interscope Records"
"spotify:track:7K5u9x1qd2WyEkTN7ntm1A","Vegas Girl","spotify:artist:6mU8ucezzms5I2kNH6HNlu","Conor Maynard","spotify:album:5oWAiNeY4ImqhSzdXqDcMK","Vegas Girl","spotify:artist:6mU8ucezzms5I2kNH6HNlu","Conor Maynard","2012-07-20","https://i.scdn.co/image/ab67616d0000b2731dbee6afbd1db38172180328","1","1","171826","https://p.scdn.co/mp3-preview/e22b059524ab51a6c051efdc584efe1198f8015e?cid=9950ac751e34487dbbe027c4fd7f8e99","false","18","GBAYE1200794","spotify:user:bradnumber1","2021-08-08T09:26:31Z","post-teen pop,talent show,uk pop,viral pop","0.567","0.72","1","-6.227","1","0.0504","0.00189","0","0.0829","0.241","176.015","4","","Parlophone UK","C © 2012 Parlophone Records Ltd, a Warner Music Group Company, P ℗ 2012 Parlophone Records Ltd, a Warner Music Group Company"
"spotify:track:41on8RwRh22IHcChAN2gm8","American Boy (feat. Kanye West)","spotify:artist:5T0MSzX9RC5NA6gAI6irSn, spotify:artist:5K4W6rqBFWDnAN6FQUkS6x","Estelle, Kanye West","spotify:album:4nAIqmKELnBEXEkYg1pMic","Shine","spotify:artist:5T0MSzX9RC5NA6gAI6irSn","Estelle","2008-03-28","https://i.scdn.co/image/ab67616d0000b2735288f048b151164b4cbf9f50","1","3","284733","https://p.scdn.co/mp3-preview/6f51d610e0fcdf1a2452dde184f2c3c1a761885f?cid=9950ac751e34487dbbe027c4fd7f8e99","true","0","USAT20706210","spotify:user:bradnumber1","2021-08-08T09:26:31Z","neo soul,r&b,chicago rap,hip hop,rap","0.727","0.729","0","-2.99","1","0.326","0.171","0","0.07","0.512","117.932","4","","Homeschool/Atlantic","C 2008 Atlantic Recording Corporation for the United States and WEA International Inc. for the world outside of the United States, P 2008 Atlantic Recording Corporation for the United States and WEA International Inc. for the world outside of the United States."
"spotify:track:4V9JDRqKjN8F2HWdlEDxvI","Harder To Breathe","spotify:artist:04gDigrS5kc9YWfZHwBETP","Maroon 5","spotify:album:5zClcGCSWj926AMjvBNSLc","Songs About Jane: 10th Anniversary Edition","spotify:artist:04gDigrS5kc9YWfZHwBETP","Maroon 5","2002","https://i.scdn.co/image/ab67616d0000b27392f2d790c6a97b195f66d51e","1","1","173693","https://p.scdn.co/mp3-preview/025d7fa6f3ddf30be6ff1c18bfd508869a2182fe?cid=9950ac751e34487dbbe027c4fd7f8e99","true","64","USJAY0300079","spotify:user:bradnumber1","2021-08-08T09:26:31Z","pop","0.662","0.908","1","-4.764","0","0.0449","0.0506","0","0.0508","0.967","149.941","4","","Interscope Records*","C © 2012 A&M/Octone Records, P ℗ 2012 A&M/Octone Records"
"spotify:track:7IhsLJMqdxoo7YAZjaSMru","Dead And Gone","spotify:artist:4OBJLual30L7gRl5UkeRcT, spotify:artist:31TPClRtHm23RisEBtV3X7","T.I., Justin Timberlake","spotify:album:5PfepkNWgRR2DI02Y8AawC","Paper Trail","spotify:artist:4OBJLual30L7gRl5UkeRcT","T.I.","2008-09-07","https://i.scdn.co/image/ab67616d0000b273b6d4478c6f91f1cb2d326c78","1","16","299746","https://p.scdn.co/mp3-preview/a282d070d34ad7e8c0608d9a426617f6cd96c11f?cid=9950ac751e34487dbbe027c4fd7f8e99","true","67","USAT20803689","spotify:user:bradnumber1","2021-08-08T09:26:31Z","atl hip hop,dirty south rap,gangster rap,hip hop,pop rap,rap,southern hip hop,trap,dance pop,pop","0.713","0.746","0","-4.99","1","0.259","0.0402","0","0.601","0.47","135.021","4","","Grand Hustle, LLC","C 2008 Grand Hustle, LLC | Cinq Recordings, P 2008 Grand Hustle, LLC | Cinq Recordings"
"spotify:track:0t414ewhjcIiuPVF3QECz2","If","spotify:artist:4qwGe91Bz9K2T8jXTZ815W","Janet Jackson","spotify:album:7qIuZgsMkRuh7rzi4qVcpg","Janet","spotify:artist:4qwGe91Bz9K2T8jXTZ815W","Janet Jackson","1993-05-18","https://i.scdn.co/image/ab67616d0000b273e63518d50aff63f57d2b8ead","1","6","271640","https://p.scdn.co/mp3-preview/9eb625d8043c780e1e536678d81c3506b27104d0?cid=9950ac751e34487dbbe027c4fd7f8e99","false","51","GBAAA9300172","spotify:user:bradnumber1","2021-08-08T09:26:31Z","dance pop,r&b,urban contemporary","0.653","0.976","11","-5.173","0","0.0797","0.0374","0.00173","0.561","0.447","105.575","4","","Virgin Records","C © 1993 Black Doll Inc, P ℗ 1993 Virgin Records Limited"
"spotify:track:2DJpq0JJbGiBuQ3S5TDpPD","Truth Hurts","spotify:artist:56oDRnqbIiwx4mymNEv7dS","Lizzo","spotify:album:6Rct4zM36bjIH5kF2PZ5nj","Cuz I Love You (Deluxe)","spotify:artist:56oDRnqbIiwx4mymNEv7dS","Lizzo","2019-04-18","https://i.scdn.co/image/ab67616d0000b27368e9160f7c5496107c576157","1","13","173306","https://p.scdn.co/mp3-preview/3e65edc0284eeb937793404c4d8c4bd94de3f26b?cid=9950ac751e34487dbbe027c4fd7f8e99","false","15","USAT21905494","spotify:user:bradnumber1","2021-08-08T09:26:31Z","escape room,minnesota hip hop,pop,trap queen","0.713","0.626","4","-2.891","0","0.124","0.111","0","0.126","0.39","158.08","4","","Nice Life/Atlantic","C © 2019 Nice Life Recording Company and Atlantic Recording Corporation for the United States and WEA International Inc. for the world outside of the United States., P ℗ 2019 Nice Life Recording Company and Atlantic Recording Corporation for the United States and WEA International Inc. for the world outside of the United States."
"spotify:track:4zCWUhwXEgXrUY2C0hBfl2","Be Mine!","spotify:artist:6UE7nl9mha6s8z0wFQFIZ2","Robyn","spotify:album:7ib5tmnBERvWGFhsRBPdm1","Robyn","spotify:artist:6UE7nl9mha6s8z0wFQFIZ2","Robyn","2007-04-02","https://i.scdn.co/image/ab67616d0000b2732757897b2cb4ae27c24f260e","1","6","206600","https://p.scdn.co/mp3-preview/937a26765ef0d3e111d849f0cd9aaa264543e056?cid=9950ac751e34487dbbe027c4fd7f8e99","false","0","SEWKZ0500101","spotify:user:bradnumber1","2021-08-08T09:26:31Z","dance pop,electropop,neo-synthpop,scandipop,swedish electropop,swedish pop","0.706","0.728","9","-4.551","1","0.0909","0.302","0","0.0495","0.964","157.972","4","","Konichiwa Records / Inertia Music","C 2017 Konichiwa Records / Inertia Music, P 2017 Konichiwa Records / Inertia Music"
"spotify:track:6ZyNjT2hYvfV5PuW84dp1E","1 Thing","spotify:artist:08rMCq2ek1YjdDBsCPVH2s","Amerie","spotify:album:7w2MdUz4qr0477ZtEY10pl","Playlist: The Very Best Of Amerie","spotify:artist:08rMCq2ek1YjdDBsCPVH2s","Amerie","2008","https://i.scdn.co/image/ab67616d0000b27393a57795b11381004fc81c8f","1","3","238746","https://p.scdn.co/mp3-preview/cef2e21106063ac165efc52161cf06afce34e2db?cid=9950ac751e34487dbbe027c4fd7f8e99","false","49","USSM10507441","spotify:user:bradnumber1","2021-08-08T09:26:31Z","contemporary r&b,hip pop,neo soul,r&b,urban contemporary","0.636","0.946","10","-4.683","0","0.332","0.115","0.0000375","0.0416","0.891","125.085","5","","Columbia/Legacy","P (P) 2002, 2003, 2005, 2007 SONY BMG MUSIC ENTERTAINMENT"
"spotify:track:44x9GdJsYmbaYRBm8ROyfL","One Way Ticket","spotify:artist:5r1bdqzhgRoHC3YcCV6N5a","The Darkness","spotify:album:1XQdof8z0wTG0HaBoc1PHL","One Way Ticket to Hell... and Back","spotify:artist:5r1bdqzhgRoHC3YcCV6N5a","The Darkness","2005-11-28","https://i.scdn.co/image/ab67616d0000b273545ea5786e54271e27cb7f7e","1","1","266973","https://p.scdn.co/mp3-preview/68fc9e1bf02ebe8b2dc995d1866b174e607429b5?cid=9950ac751e34487dbbe027c4fd7f8e99","false","42","GBAHS0500483","spotify:user:bradnumber1","2023-01-31T06:46:46Z","glam metal,hard rock","0.506","0.761","11","-5.603","1","0.0973","0.0122","0.00000687","0.086","0.491","132.436","4","","Atlantic Records","C © 2005 Warner Music UK Ltd, P ℗ 2005 Warner Music UK Ltd"
"spotify:track:3YKQqwURGKQnxk9TKfq1gE","Two Faces Have I","spotify:artist:5bLcI9Jo6RyrrHzG9veVyn","Lou Christie","spotify:album:0KEz9QGxUgb2kcpx5bdwgC","Two Faces Have I","spotify:artist:5bLcI9Jo6RyrrHzG9veVyn","Lou Christie","2014-01-10","https://i.scdn.co/image/ab67616d0000b273b3e071c31c313540a2ccdcb9","1","1","169157","https://p.scdn.co/mp3-preview/5a63f763117074a739deca59f8d37a56e6bad6a6?cid=9950ac751e34487dbbe027c4fd7f8e99","false","0","FR6V82158585","spotify:user:bradnumber1","2021-08-08T09:26:31Z","bubblegum pop,classic garage rock,doo-wop,merseybeat","0.613","0.519","5","-12.796","1","0.0362","0.717","0.426","0.112","0.964","139.564","4","","JB Production","C JB Production, P JB Production"
"spotify:track:0PhU6i6Kei6x0CH3jocvA3","Freedom","spotify:artist:5lpH0xAS4fVfLkACg9DAuM","Wham!","spotify:album:02f3y3NTsddjdUMoNiBppI","Make It Big","spotify:artist:5lpH0xAS4fVfLkACg9DAuM","Wham!","1984-10-23","https://i.scdn.co/image/ab67616d0000b273a2fc41b0dd6ce4f0d16a4c46","1","5","302200","https://p.scdn.co/mp3-preview/57ebb2b980fe5ced3ccda0f8fe90dc7b5639ce7a?cid=9950ac751e34487dbbe027c4fd7f8e99","false","57","GBBBN0009302","spotify:user:bradnumber1","2021-08-08T09:26:31Z","new romantic,new wave,new wave pop,soft rock","0.591","0.651","0","-12.882","1","0.0424","0.42","0.00000194","0.129","0.824","132.538","4","","Columbia","P (P) 1984 Sony Music Entertainment (UK) Limited"
"spotify:track:2NtqZmfRIDkXJ2YvY2Kv1F","Lido Shuffle","spotify:artist:46njgd2Rq9tZc4ZjeQMgbh","Boz Scaggs","spotify:album:7DysI4j6UqK00RTfETKXqs","Silk Degrees","spotify:artist:46njgd2Rq9tZc4ZjeQMgbh","Boz Scaggs","1976","https://i.scdn.co/image/ab67616d0000b27394676ce6aa5288318b4ca52a","1","9","221613","https://p.scdn.co/mp3-preview/8fde29ce9823e64e56225ce0d882cc6c888d4203?cid=9950ac751e34487dbbe027c4fd7f8e99","false","3","USSM17500569","spotify:user:bradnumber1","2021-08-08T09:26:31Z","classic rock,mellow gold,singer-songwriter,soft rock,yacht rock","0.593","0.783","10","-4.716","1","0.0358","0.0165","0.0000726","0.167","0.646","141.345","4","","Columbia/Legacy","P (P) 1976, 2006 SONY BMG MUSIC ENTERTAINMENT"
"spotify:track:2DLkQzNRBgaAbCX4MscyTC","Slice of Heaven","spotify:artist:5bYfbDXaMVCxEt7hOAvEWc","Dave Dobbyn","spotify:album:6PtsG1TZhAWMz4Vl28cuES","Beside You","spotify:artist:5bYfbDXaMVCxEt7hOAvEWc","Dave Dobbyn","2009-10-30","https://i.scdn.co/image/ab67616d0000b273e01d1e29118f48c4eafb6077","1","18","277266","https://p.scdn.co/mp3-preview/c1f376811babf8078aaefd749e2a09500190535e?cid=9950ac751e34487dbbe027c4fd7f8e99","false","0","NZSM08800412","spotify:user:bradnumber1","2021-08-08T09:26:31Z","australian rock,classic nz pop,kiwi rock,nz singer-songwriter","0.799","0.819","0","-4.363","1","0.0382","0.198","0","0.37","0.971","122.153","4","","Epic","P (P) 2009 Sony Music Entertainment New Zealand Limited"
"spotify:track:10pSiR20z5pY7a80uysJ3P","Stone","spotify:artist:6tVsUWjip0Tnp1EyCRX5XH","Cyrus Villanueva","spotify:album:2IItyyD14pMv9NNgqjcZrv","Cyrus","spotify:artist:6tVsUWjip0Tnp1EyCRX5XH","Cyrus Villanueva","2015-12-08","https://i.scdn.co/image/ab67616d0000b2732a93bc89130a70a501dc83d5","1","1","212155","https://p.scdn.co/mp3-preview/b400cc821253efae91653a1207f00b933ad3db8d?cid=9950ac751e34487dbbe027c4fd7f8e99","false","18","AUBM01500490","spotify:user:bradnumber1","2021-08-08T09:26:31Z","australian pop,australian talent show","0.61","0.659","7","-3.972","1","0.0295","0.0242","0","0.0664","0.345","97.001","4","","Sony Music Entertainment","P (P) 2015 Sony Music Entertainment Australia Pty Ltd."
"spotify:track:1jeWrScZZuhw3b55T1fv4O","Tell Him (Duet with Barbra Streisand)","spotify:artist:7jmTilWYlKOuavFfmQAcu6, spotify:artist:4S9EykWXhStSc15wEx8QFK","Barbra Streisand, Céline Dion","spotify:album:3SwxRkHbAarf3wWlInRTzA","Let's Talk About Love","spotify:artist:4S9EykWXhStSc15wEx8QFK","Céline Dion","1997-10-24","https://i.scdn.co/image/ab67616d0000b273a626e7f7249adfbf2a839954","1","6","291160","https://p.scdn.co/mp3-preview/a5567de09980de38abd28dca6b78ecc45baad6ab?cid=9950ac751e34487dbbe027c4fd7f8e99","false","0","CAC229700109","spotify:user:bradnumber1","2021-08-08T09:26:31Z","adult standards,operatic pop,soft rock,canadian pop","0.261","0.38","4","-9.148","1","0.0491","0.623","0","0.105","0.0793","74.463","4","","Columbia","P 1997 Sony Music Entertainment (Canada) Inc."
"spotify:track:0uOKq55dztn2zNxpORp9F2","The Nips Are Getting Bigger","spotify:artist:6PFydyUHMKD2jm5NXzRPiK","Mental As Anything","spotify:album:7aoAGNmLcBUoBCWhcWGJhb","Get Wet","spotify:artist:6PFydyUHMKD2jm5NXzRPiK","Mental As Anything","1979-11-01","https://i.scdn.co/image/ab67616d0000b27354b6fdc4237aac6a36984065","1","1","200666","https://p.scdn.co/mp3-preview/26fc68896f19891d692015e02ed759819c678b0e?cid=9950ac751e34487dbbe027c4fd7f8e99","false","51","AUFE00000016","spotify:user:bradnumber1","2021-08-08T09:26:31Z","australian rock","0.825","0.689","7","-10.808","1","0.106","0.0369","0.0466","0.121","0.965","150.122","4","","Universal Music Australia Pty. Ltd.","C © 2015 Syray Music, P ℗ 1979 Syray Music"
"spotify:track:1XNvUrCop20hAWfROW1CoV","Dance Wiv Me - Radio Edit","spotify:artist:0gusqTJKxtU1UTmNRMHZcv, spotify:artist:7CajNmpbOovFoOoasH2HaY, spotify:artist:5afDPnkidHjc6e43K9bSKn","Dizzee Rascal, Calvin Harris, Chrom3","spotify:album:5EKQI8I9axhDzVABDLAHKY","Dance Wiv Me","spotify:artist:0gusqTJKxtU1UTmNRMHZcv, spotify:artist:7CajNmpbOovFoOoasH2HaY, spotify:artist:5afDPnkidHjc6e43K9bSKn","Dizzee Rascal, Calvin Harris, Chrom3","2008","https://i.scdn.co/image/ab67616d0000b27380091af1428436cf905a9d70","1","1","203571","https://p.scdn.co/mp3-preview/20be0efb3ea6d05ca51b7fbad5280ad4fb194853?cid=9950ac751e34487dbbe027c4fd7f8e99","false","41","GBWHS0800003","spotify:user:bradnumber1","2021-08-08T09:26:31Z","grime,instrumental grime,dance pop,edm,electro house,house,pop,progressive house,uk dance","0.887","0.66","11","-6.116","1","0.0419","0.0486","0.00000114","0.123","0.693","112.01","4","","Universal-Island Records Ltd.","C © 2009 Ministry Of Sound Australia Pty Ltd, P ℗ 2009 Ministry Of Sound Australia Pty Ltd"
"spotify:track:0LzeivEHO16a8eBQGlpVkE","Love Shack - Edit; 2019 Remaster","spotify:artist:3gdbcIdNypBsYNu3iiCjtN","The B-52's","spotify:album:3ueq8HNaKowofxk69MuDQs","Cosmic Thing (30th Anniversary Expanded Edition)","spotify:artist:3gdbcIdNypBsYNu3iiCjtN","The B-52's","1989-06-27","https://i.scdn.co/image/ab67616d0000b273a26d957cb5eb9e27cef57217","1","12","262586","https://p.scdn.co/mp3-preview/f662aaccb02e76391d41af15b6700010f147cf0b?cid=9950ac751e34487dbbe027c4fd7f8e99","false","52","USRH11901970","spotify:user:bradnumber1","2021-08-08T09:26:31Z","album rock,classic rock,dance rock,new romantic,new wave,new wave pop,permanent wave,post-punk,rock,zolo","0.704","0.828","5","-7.304","0","0.0514","0.11","0","0.747","0.866","133.496","4","","Rhino/Warner Records","C © 2019 Warner Records Inc., P ℗ 2019 Warner Records Inc. Marketed by Rhino Entertainment Company, A Warner Music Group Company."
"spotify:track:5pZrTiyyerSGHUJExDCOxZ","Country Grammar (Hot Shit)","spotify:artist:2gBjLmx6zQnFGQJCAQpRgw","Nelly","spotify:album:2ixev48xYzspaWS6mxTPRU","Country Grammar","spotify:artist:2gBjLmx6zQnFGQJCAQpRgw","Nelly","2000-06-27","https://i.scdn.co/image/ab67616d0000b2733bb75f3881099847e140020b","1","4","287000","https://p.scdn.co/mp3-preview/477e81c7439a989179b38848490ba915c4edd6b8?cid=9950ac751e34487dbbe027c4fd7f8e99","true","0","USUR10080452","spotify:user:bradnumber1","2021-08-08T09:26:31Z","dance pop,gangster rap,hip hop,pop rap,rap,st louis rap,urban contemporary","0.865","0.664","2","-6.822","1","0.108","0.00689","0","0.142","0.565","162.831","4","","Universal Music Group","C © 2000 Universal Records Inc., P ℗ 2000 Universal Motown Records, a division of UMG Recordings, Inc."
"spotify:track:2cGxRwrMyEAp8dEbuZaVv6","Instant Crush (feat. Julian Casablancas)","spotify:artist:4tZwfgrHOc3mvqYlEYSvVi, spotify:artist:1rAv1GhTQ2rmG94p9lU3rB","Daft Punk, Julian Casablancas","spotify:album:4m2880jivSbbyEGAKfITCa","Random Access Memories","spotify:artist:4tZwfgrHOc3mvqYlEYSvVi","Daft Punk","2013-05-20","https://i.scdn.co/image/ab67616d0000b2739b9b36b0e22870b9f542d937","1","5","337560","https://p.scdn.co/mp3-preview/a52d000457fc91fdb18bfaa1f690c82bf7b1a036?cid=9950ac751e34487dbbe027c4fd7f8e99","false","74","USQX91300105","spotify:user:bradnumber1","2021-08-08T09:26:31Z","electro,filter house,rock,indie rock","0.775","0.585","10","-9.516","0","0.0271","0.0422","0.619","0.077","0.518","109.942","4","","Columbia","P (P) 2013 Daft Life Limited under exclusive license to Columbia Records, a Division of Sony Music Entertainment"
"spotify:track:1ezeinbhS1HhWzA8yQIzA7","Michelle","spotify:artist:6CZ47nllxoNELmf1dScwPh","The Overlanders","spotify:album:0OFTdFceJ8clEpDlxq5hi8","Original Hits: 1966","spotify:artist:0LyfQWJT6nXafLPZqxe9Of","Various Artists","2015-05-04","https://i.scdn.co/image/ab67616d0000b2736695125f1e02be3808cf313f","1","11","141663","https://p.scdn.co/mp3-preview/0c35530eef4a4a589d49238e669aec9e3e484cb0?cid=9950ac751e34487dbbe027c4fd7f8e99","false","0","GBAJE6600142","spotify:user:bradnumber1","2021-08-08T09:26:31Z","","0.528","0.507","6","-7.558","0","0.0269","0.771","0","0.191","0.486","61.007","4","","Sanctuary Records","C © 2015 Sanctuary Records Group Ltd., a BMG Company, P ℗ 2015 Sanctuary Records Group Ltd., a BMG Company"
"spotify:track:56zrJ2upO5VssMnqowOZOH","Things That Make You Go Hmmm","spotify:artist:7krx6UBDKLwE0q3s3fesqF, spotify:artist:08MVPakTEdRJimQNV61NFR","C & C Music Factory, Freedom Williams","spotify:album:4eKi4PJuybybkSbE6nNQnD","RnB Fridays","spotify:artist:0LyfQWJT6nXafLPZqxe9Of","Various Artists","2015-10-30","https://i.scdn.co/image/ab67616d0000b273d029ad5d1a40fabfae0ac7f3","1","13","325120","https://p.scdn.co/mp3-preview/fc46d84a2a9b8b416ccdd844e71379e4859065ba?cid=9950ac751e34487dbbe027c4fd7f8e99","false","0","USSM19000852","spotify:user:bradnumber1","2021-08-08T09:26:31Z","diva house,eurodance,freestyle,hip house,hip house","0.808","0.931","1","-7.462","1","0.053","0.117","0.000151","0.356","0.97","113.331","4","","Universal Music Australia Pty. Ltd.","C © 2015 Universal Music Australia Pty Ltd., P This Compilation ℗ 2015 Universal Music Australia Pty Ltd."
"spotify:track:2H9CKpZiLDF223BbwehpDF","Hush Hush; Hush Hush / I Will Survive - Medley","spotify:artist:6wPhSqRtPu1UhRCDX5yaDJ","The Pussycat Dolls","spotify:album:760FDehnzYHkDsDqfE1KkU","Hush Hush; Hush Hush","spotify:artist:6wPhSqRtPu1UhRCDX5yaDJ","The Pussycat Dolls","2009-01-01","https://i.scdn.co/image/ab67616d0000b273a8856c66d4453e3c7f8774df","1","1","252093","https://p.scdn.co/mp3-preview/331b0dac276291c8b9a55f5ddd66607841728d8a?cid=9950ac751e34487dbbe027c4fd7f8e99","false","56","USUM70963699","spotify:user:bradnumber1","2021-08-08T09:26:31Z","dance pop,girl group,pop","0.613","0.778","10","-3.933","0","0.0689","0.0985","0","0.356","0.626","129.483","4","","Pussycat Dolls LP2 / Timbaland","C © 2009 Pussycat Dolls, LLC, P ℗ 2009 Pussycat Dolls, LLC"
"spotify:track:1kj3ASwCuqDnzehRd3WIz3","Second Solution","spotify:artist:3ExT45ORJ8pT516HRZbr7G","The Living End","spotify:album:4NrwcdtcWnfQvMxqQwF8x7","The Living End","spotify:artist:3ExT45ORJ8pT516HRZbr7G","The Living End","1999-01-15","https://i.scdn.co/image/ab67616d0000b273049c676bbe6d94b46e4d9b6e","1","3","178733","https://p.scdn.co/mp3-preview/c7c6801472320106427a383a6773a75e0bf437f0?cid=9950ac751e34487dbbe027c4fd7f8e99","false","25","AUMPO9800006","spotify:user:bradnumber1","2021-08-08T09:26:31Z","australian alternative rock,australian rock,australian ska","0.228","0.942","7","-4.602","1","0.0442","0.00657","0","0.176","0.942","203.898","4","","Reprise","C © 1999 Reprise Records, P ℗ 1998, 1999 Reprise Records"
"spotify:track:0SZIQOLgjT6awjwInBsSjV","You're The Best Thing","spotify:artist:3loflELg7MzgrOyNqERolN","The Style Council","spotify:album:6tF9nPl6x7ACsKZ8alL1he","Cafe Bleu","spotify:artist:3loflELg7MzgrOyNqERolN","The Style Council","1984-01-01","https://i.scdn.co/image/ab67616d0000b2739b0908b5b716dab57c2d0005","1","10","340626","https://p.scdn.co/mp3-preview/378c4115cf348a68f0f4da57982925ffaa0340b5?cid=9950ac751e34487dbbe027c4fd7f8e99","false","0","GBAKW8400002","spotify:user:bradnumber1","2021-08-08T09:26:31Z","new romantic,new wave,new wave pop,sophisti-pop","0.604","0.723","1","-6.458","0","0.0358","0.432","0.0000396","0.102","0.68","83.455","4","","Universal Music Group","C © 1984 Polydor Ltd. (UK), P ℗ 1984 Polydor Ltd. (UK)"
"spotify:track:2QLEN3RVunMas7j0PHjeAT","C'mon N' Ride It (The Train)","spotify:artist:4mar1GMMEhvGyJdWagu6KS","Quad City DJ's","spotify:album:1xipzu4eNAdr8oBnqP0eaS","Get On Up And Dance","spotify:artist:4mar1GMMEhvGyJdWagu6KS","Quad City DJ's","1996-06-18","https://i.scdn.co/image/ab67616d0000b273f6eb72342d4ff41658c37193","1","1","451440","https://p.scdn.co/mp3-preview/b6cdc9bcc2dca7a828691afd84abcdba8adf6e75?cid=9950ac751e34487dbbe027c4fd7f8e99","false","50","USAT20103455","spotify:user:bradnumber1","2021-08-08T09:26:31Z","miami bass","0.843","0.959","6","-4.933","0","0.0914","0.0913","0","0.408","0.923","135.988","4","","Big Beat Records/Atlantic","C © 1996 Atlantic Recording Corporation for the United States and WEA International Inc. for the world outside of the United States and Canada., P ℗ 1996 Atlantic Recording Corporation for the United States and WEA International Inc. for the world outside of the United States and Canada."
"spotify:track:4AGkYEPy8SPf0JADQNsw2q","Super Love","spotify:artist:2wSrZOe6YVo6XoKma22sdY","Dami Im","spotify:album:2PCEQRUPOjYYW3qCT8PLgc","Heart Beats","spotify:artist:2wSrZOe6YVo6XoKma22sdY","Dami Im","2014-10-14","https://i.scdn.co/image/ab67616d0000b2730138717dc69fa031dae80a4d","1","1","204986","https://p.scdn.co/mp3-preview/89be8698dcce79c1e19395c3c8d68c1c9389504f?cid=9950ac751e34487dbbe027c4fd7f8e99","false","34","AUBM01400099","spotify:user:bradnumber1","2021-08-08T09:26:31Z","australian pop,australian talent show,talent show","0.584","0.734","8","-5.033","1","0.0323","0.0129","0","0.147","0.481","127.044","4","","Sony Music Entertainment","P (P) 2014 Sony Music Entertainment Australia Pty Ltd."
"spotify:track:3c4OULLWwgRqBfA2dJtRuY","Love Is In The Air","spotify:artist:2wMcQIxzH2LYHJZNxo9FcN","John Paul Young","spotify:album:28L7sCuuF8Zt6dW1FuZqRh","I Hate the Music","spotify:artist:2wMcQIxzH2LYHJZNxo9FcN","John Paul Young","2009-09-18","https://i.scdn.co/image/ab67616d0000b273c6cd995a8ad657da9a0c10f4","1","12","210293","https://p.scdn.co/mp3-preview/232f9f979ad1c8a70315eca897524b25d708cbc5?cid=9950ac751e34487dbbe027c4fd7f8e99","false","3","AUAP07800004","spotify:user:bradnumber1","2021-08-08T09:26:31Z","australian dance,classic uk pop","0.557","0.791","0","-7.201","1","0.0389","0.0254","0.000269","0.0603","0.89","122.337","4","","Albert Productions","C © 2009 BMG AM Pty Ltd., P ℗ 2009 BMG AM Pty Ltd."
"spotify:track:3tFECpGckFpp0HpQje78gi","Forever Young","spotify:artist:51K48NCxjB11t9eqUWWoIq","Youth Group","spotify:album:7JgWdCGMBwJkYb91oiFzxd","Casino Twilight Dogs","spotify:artist:51K48NCxjB11t9eqUWWoIq","Youth Group","2007-01-30","https://i.scdn.co/image/ab67616d0000b273afe44166f2ba6223a0ed85b6","1","8","239120","https://p.scdn.co/mp3-preview/6dd8feeb953297968da0e4f270f5264f648a0ece?cid=9950ac751e34487dbbe027c4fd7f8e99","false","52","USEP40638108","spotify:user:bradnumber1","2021-08-08T09:26:31Z","","0.379","0.664","11","-6.863","1","0.0307","0.0167","0.000679","0.0915","0.301","115.272","4","","Anti/Epitaph","C 2007 Epitaph, P 2007 Epitaph"
"spotify:track:66xn6tB8s3l8uhj02OGneE","For You (Fifty Shades Freed) (& Rita Ora)","spotify:artist:5pUo3fmmHT8bhCyHE52hA6, spotify:artist:5CCwRZC6euC8Odo6y9X8jr","Liam Payne, Rita Ora","spotify:album:4w0N1CaZwQ5RPIuawqlYyy","Fifty Shades Freed (Original Motion Picture Soundtrack)","spotify:artist:0LyfQWJT6nXafLPZqxe9Of","Various Artists","2018-02-09","https://i.scdn.co/image/ab67616d0000b2736cd9798b6ace10ff98d1abdd","1","2","245453","https://p.scdn.co/mp3-preview/7dfa7d8a0ee05272ee21b880654dd3c74285f902?cid=9950ac751e34487dbbe027c4fd7f8e99","false","58","USQ4E1703341","spotify:user:bradnumber1","2021-08-08T09:26:31Z","pop,dance pop,pop,uk pop","0.542","0.787","2","-4.618","0","0.0331","0.0167","0","0.157","0.2","112.999","4","","Republic/Universal/FSF","C © 2018 Universal Studios and Republic Records, a division of UMG Recordings, Inc., P This Compilation ℗ 2018 Universal Studios and Republic Records, a division of UMG Recordings, Inc."
"spotify:track:070QivFOnOdtVznpnrUMCO","Bad Habits","spotify:artist:72TwyCcvk2jm4gZSGEPjhb","Billy Field","spotify:album:7hAICaEutBvl4BOVKIaJ7J","Underbelly - A Tale of Two Cities","spotify:artist:0LyfQWJT6nXafLPZqxe9Of","Various Artists","2009-03-19","https://i.scdn.co/image/ab67616d0000b2735e5a4f7174a63752a5a578de","1","15","208253","https://p.scdn.co/mp3-preview/18cc0d7105176bb58c64818f5368b2b97768a15b?cid=9950ac751e34487dbbe027c4fd7f8e99","false","0","AUCW00600204","spotify:user:bradnumber1","2020-03-05T09:20:32Z","australian rock","0.565","0.601","10","-6.218","1","0.0378","0.295","0","0.147","0.776","164.981","4","","Level Two Music","P (P) 2009 Level Two Music"
"spotify:track:0a75KbBW12Hc8QtrD1gwAJ","I Wanna Do It with You","spotify:artist:2wMcQIxzH2LYHJZNxo9FcN","John Paul Young","spotify:album:28L7sCuuF8Zt6dW1FuZqRh","I Hate the Music","spotify:artist:2wMcQIxzH2LYHJZNxo9FcN","John Paul Young","2009-09-18","https://i.scdn.co/image/ab67616d0000b273c6cd995a8ad657da9a0c10f4","1","5","181906","https://p.scdn.co/mp3-preview/392bc263884451f83b54b067a7038db2380ae32e?cid=9950ac751e34487dbbe027c4fd7f8e99","false","0","AUAP07700002","spotify:user:bradnumber1","2021-08-08T09:26:31Z","australian dance,classic uk pop","0.745","0.892","1","-5.817","1","0.0452","0.759","0.00793","0.362","0.923","129.423","4","","Albert Productions","C © 2009 BMG AM Pty Ltd., P ℗ 2009 BMG AM Pty Ltd."
"spotify:track:3RauEVgRgj1IuWdJ9fDs70","The Man","spotify:artist:06HL4z0CvFAxyc27GXpf02","Taylor Swift","spotify:album:1NAmidJlEaVgA3MpcPFYGq","Lover","spotify:artist:06HL4z0CvFAxyc27GXpf02","Taylor Swift","2019-08-23","https://i.scdn.co/image/ab67616d0000b273e787cffec20aa2a396a61647","1","4","190360","https://p.scdn.co/mp3-preview/8eed78d771b1fc7b51cfe4bcf198611ac243acec?cid=9950ac751e34487dbbe027c4fd7f8e99","false","79","USUG11901474","spotify:user:bradnumber1","2021-08-08T09:26:31Z","pop","0.777","0.658","0","-5.191","1","0.054","0.0767","0","0.0901","0.633","110.048","4","","Taylor Swift","C © 2019 Taylor Swift, P ℗ 2019 Taylor Swift"
"spotify:track:1ofagnzl7oj7z1MtwGesHX","Maria","spotify:artist:3g4Os4LNZvOQUaokeSLCwG","P.J. Proby","spotify:album:096XgmUiVnM8055Jebhyzx","In Town / Enigma","spotify:artist:3g4Os4LNZvOQUaokeSLCwG","P.J. Proby","1994","https://i.scdn.co/image/ab67616d0000b273635a9b3b57f504a59361a36e","1","11","217573","https://p.scdn.co/mp3-preview/93852f6f67ebcd2e90d5b978e2cc292751776a99?cid=9950ac751e34487dbbe027c4fd7f8e99","false","0","GBVVQ1700070","spotify:user:bradnumber1","2021-08-08T09:26:31Z","merseybeat,rock-and-roll","0.214","0.223","2","-13.371","1","0.0307","0.915","0","0.136","0.181","100.065","3","","See For Miles","C 1994 See For Miles Records Ltd, P 1994 See For Miles Records Ltd"
"spotify:track:3iA4foXIFpekwHyma7pRs1","Overkill","spotify:artist:0f3EsoviYnRKTkmayI3cux","Men At Work","spotify:album:4GDchmJ8oESRJ58cDXvnE0","Cargo","spotify:artist:0f3EsoviYnRKTkmayI3cux","Men At Work","1983","https://i.scdn.co/image/ab67616d0000b273d6484fa762c216ccb6b0dd45","1","2","229466","https://p.scdn.co/mp3-preview/b9844114dd6b25047e659f75649a12ac10790281?cid=9950ac751e34487dbbe027c4fd7f8e99","false","62","USSM18200071","spotify:user:bradnumber1","2023-06-30T13:03:06Z","album rock,australian rock,classic rock,hard rock,mellow gold,new romantic,new wave,new wave pop,rock,soft rock","0.646","0.809","1","-3.99","0","0.0282","0.0854","0","0.0806","0.588","139.2","4","","Columbia/Legacy","P (P) 1982, 1983, 2003 SONY BMG MUSIC ENTERTAINMENT"
"spotify:track:6XrWIKoIwqomse4ZmBnjQd","Life Goes On","spotify:artist:7ASucWaI33cepJbo74Hlo0","E^ST","spotify:album:4R9XQ0jz7PgVJ82UtIZFaM","Life Goes On","spotify:artist:7ASucWaI33cepJbo74Hlo0","E^ST","2017-09-29","https://i.scdn.co/image/ab67616d0000b273f937fcfe85c48f3939f886af","1","1","210455","https://p.scdn.co/mp3-preview/88c6f0caea375b26e8b0c6ec40503ab6de806d11?cid=9950ac751e34487dbbe027c4fd7f8e99","false","44","AUWA01700192","spotify:user:bradnumber1","2021-08-08T09:26:31Z","australian indie","0.701","0.605","0","-6.024","1","0.0297","0.653","0","0.0753","0.505","106.968","4","","WM Australia","C © 2017 Warner Music Australia Pty Limited, P ℗ 2017 Warner Music Australia Pty Limited"
"spotify:track:27L8sESb3KR79asDUBu8nW","Stacy's Mom","spotify:artist:1pgtr4nhBQjp9oCUBPyYWh","Fountains Of Wayne","spotify:album:6TZp52tXShLQbq8yNMxqNT","Welcome Interstate Managers","spotify:artist:1pgtr4nhBQjp9oCUBPyYWh","Fountains Of Wayne","2003-01-01","https://i.scdn.co/image/ab67616d0000b273079e826265dffc3a8a26bac5","1","3","197986","https://p.scdn.co/mp3-preview/7413b51c07234686ff22b18a5627492a0d7b017a?cid=9950ac751e34487dbbe027c4fd7f8e99","false","72","USESC0300016","spotify:user:bradnumber1","2021-08-08T09:26:31Z","pop rock,power pop","0.774","0.75","11","-4.927","0","0.0412","0.00207","0.0000178","0.0808","0.927","118.015","4","","S-Curve Records","C © 2003 S-Curve 2, P ℗ 2003 EMI Music North America"
"spotify:track:0ZUjPkZKjzRi6bgIuJovfY","How Can We Be Lovers","spotify:artist:6YHEMoNPbcheiWS2haGzkn","Michael Bolton","spotify:album:5g9LXOhTPW9Iow6GZPRg2D","Soul Provider","spotify:artist:6YHEMoNPbcheiWS2haGzkn","Michael Bolton","1989-06-27","https://i.scdn.co/image/ab67616d0000b273e29b51efdf81e17c63880ef0","1","5","235626","https://p.scdn.co/mp3-preview/e09a7628f701828fe551bc4811dff5186e028822?cid=9950ac751e34487dbbe027c4fd7f8e99","false","52","USSM18900017","spotify:user:bradnumber1","2021-08-08T09:26:31Z","soft rock","0.399","0.708","0","-10.541","0","0.0387","0.118","0","0.179","0.688","207.424","4","","Columbia","P (P) 1989 Sony Music Entertainment Inc."
"spotify:track:46LTPfvrxlgNLyIGBup4O2","Teenage Crime","spotify:artist:5kp9Qhzri9LrDkzrtjt5Sh","Adrian Lux","spotify:album:3PkihmRbn1fBM07FHktcvf","Adrian Lux","spotify:artist:5kp9Qhzri9LrDkzrtjt5Sh","Adrian Lux","2012-01-01","https://i.scdn.co/image/ab67616d0000b273fbb35fef34df7e6d7bb4fc41","1","3","168920","https://p.scdn.co/mp3-preview/f30603a52180e33a597bafba6177742a7e2a3a1e?cid=9950ac751e34487dbbe027c4fd7f8e99","false","42","GBKCF1000152","spotify:user:bradnumber1","2021-08-08T09:26:31Z","","0.647","0.843","2","-4.801","1","0.0364","0.0192","0.686","0.104","0.328","128.015","4","","Ministry Of Sound","C © 2012 Ultra Records Inc., P ℗ 2012 Ultra Records Inc., under exclusive license to Hussle Recordings, a division of Ministry of Sound Australia Pty Ltd"
"spotify:track:2a1o6ZejUi8U3wzzOtCOYw","Danza Kuduro","spotify:artist:33ScadVnbm2X8kkUqOkC6Z, spotify:artist:5bv5RplEOwdCvhq0EILh9E","Don Omar, Lucenzo","spotify:album:6mGDfbDErYIJsmSewvccWm","Meet The Orphans","spotify:artist:33ScadVnbm2X8kkUqOkC6Z","Don Omar","2010-01-01","https://i.scdn.co/image/ab67616d0000b2734640a26eb27649006be29a94","1","12","198773","https://p.scdn.co/mp3-preview/233463331fb88a8868992fa066f06d26d389c9ac?cid=9950ac751e34487dbbe027c4fd7f8e99","false","80","USUM71020778","spotify:user:bradnumber1","2021-08-08T09:26:31Z","latin hip hop,puerto rican pop,reggaeton,trap latino,urbano latino,reggaeton","0.4","0.915","0","-4.89","1","0.279","0.083","0","0.0503","0.871","89.006","3","","UMLE - Machete","C © 2010 Machete Music, P ℗ 2010 Machete Music"
"spotify:track:1iola53QSlUVnceCbxr15K","Buy Me A Pony","spotify:artist:6P7kkhED6EPrfoZuxz20Fo","Spiderbait","spotify:album:2Nj9YgW5fgFbnGv8xO6tek","Greatest Hits","spotify:artist:6P7kkhED6EPrfoZuxz20Fo","Spiderbait","2005-01-01","https://i.scdn.co/image/ab67616d0000b273b3a1594c9b9187a6a07e79d3","1","10","105200","https://p.scdn.co/mp3-preview/efdcc482d41760e89c56f266fbaf2dba5470a700?cid=9950ac751e34487dbbe027c4fd7f8e99","false","0","AUPO09620230","spotify:user:bradnumber1","2021-08-08T09:26:31Z","australian alternative rock,australian rock","0.485","0.935","7","-3.62","1","0.0414","0.00183","0.873","0.0915","0.97","158.427","4","","Universal Music Group","C © 2005 Universal Music Australia Pty Ltd., P ℗ 2005 Universal Music Australia Pty Ltd."
"spotify:track:3PfERRzizJqTx0fuRmBgtH","You're so Vain","spotify:artist:31Qm8tlnFdAbGPok6Rfhz3","Chocolate Starfish","spotify:album:4djRLJLSGUAkT6MMiorGLX","Chocolate Starfish","spotify:artist:31Qm8tlnFdAbGPok6Rfhz3","Chocolate Starfish","2017-04-11","https://i.scdn.co/image/ab67616d0000b273d7523cde1c32f5ecd7447b6c","1","7","249160","https://p.scdn.co/mp3-preview/ad3f93e7c933fe96b255466d5543f70043471a83?cid=9950ac751e34487dbbe027c4fd7f8e99","false","34","uscgj1784433","spotify:user:bradnumber1","2021-08-08T09:26:31Z","australian rock","0.674","0.844","0","-7.473","1","0.0727","0.116","0.00524","0.0805","0.595","107.888","4","","Chocolate Starfish","C 2017 Chocolate Starfish, P 2017 Chocolate Starfish"
"spotify:track:0C3nGIOCvSsRwc0zpAJ9Db","Got to Get It","spotify:artist:0BZ3BHzfYwpd3k5TDnvAz8","Culture Beat","spotify:album:4dButnBmVJox87ObbC9vTr","Serenity","spotify:artist:0BZ3BHzfYwpd3k5TDnvAz8","Culture Beat","1993","https://i.scdn.co/image/ab67616d0000b27355fce527065d0f792af677b9","1","3","321426","https://p.scdn.co/mp3-preview/d8a8883051f52e3d922f4a0bee187e9b5408b2e4?cid=9950ac751e34487dbbe027c4fd7f8e99","false","0","DEPT99300134","spotify:user:bradnumber1","2021-08-08T09:26:31Z","eurodance,europop,german techno,hip house","0.668","0.909","9","-9.925","0","0.0397","0.000705","0.0448","0.235","0.541","132.865","4","","Abfahrt Media","C 2012 Abfahrt Media GmbH, P 2012 Abfahrt Media GmbH"
"spotify:track:0QdePZJfBpRIBautuT4FSx","Angels Like You","spotify:artist:5YGY8feqx7naU7z4HrwZM6","Miley Cyrus","spotify:album:0BCjAmbM8ryCM9gxy5yW7h","Plastic Hearts","spotify:artist:5YGY8feqx7naU7z4HrwZM6","Miley Cyrus","2020-11-27","https://i.scdn.co/image/ab67616d0000b27350061ccded678a361a2009ec","1","3","196453","https://p.scdn.co/mp3-preview/4db8314199c0d49e95c786792ecd06eadae9f510?cid=9950ac751e34487dbbe027c4fd7f8e99","false","54","USRC12003754","spotify:user:bradnumber1","2021-08-08T09:26:31Z","pop","0.672","0.642","5","-4.035","1","0.0313","0.0981","0","0.1","0.494","121.981","4","","RCA Records Label","P (P) 2020 RCA Records, a division of Sony Music Entertainment"
"spotify:track:2EnaF6Nll7GTSAyaXvd2qW","Circles on the Water","spotify:artist:5i84V8Zk7YqCN6xxb7SWgw","Samantha Jade","spotify:album:3p56kf3Vm4ejOOgGkIzrI3","Circles on the Water","spotify:artist:5i84V8Zk7YqCN6xxb7SWgw","Samantha Jade","2017-05-26","https://i.scdn.co/image/ab67616d0000b273fbbb74fb0b223bb7146eb58e","1","1","219865","https://p.scdn.co/mp3-preview/8800174efeceacaed5dac403a2d31b2d62edee00?cid=9950ac751e34487dbbe027c4fd7f8e99","false","9","AUBM01700492","spotify:user:bradnumber1","2021-08-08T09:26:31Z","australian pop,australian talent show","0.611","0.583","1","-8.529","1","0.316","0.113","0.0000341","0.125","0.263","114.967","4","","Sony Music Entertainment","P (P) 2017 Sony Music Entertainment Australia Pty Ltd"
"spotify:track:3xgKCfRwbqie54nHtSLnhM","Playboy","spotify:artist:0MponVSpW81oLvJZ53vYZH","The Marvelettes","spotify:album:4lQGx8rNgekiFN6Zk9BV7y","Playboy","spotify:artist:0MponVSpW81oLvJZ53vYZH","The Marvelettes","1962-01-01","https://i.scdn.co/image/ab67616d0000b273279d61161b1f748218184488","1","1","164840","https://p.scdn.co/mp3-preview/c782a625147734cb3ff0ca4fec1fca6644c0e224?cid=9950ac751e34487dbbe027c4fd7f8e99","false","0","USMO16270001","spotify:user:bradnumber1","2021-08-08T09:26:31Z","classic girl group,classic soul,motown,soul,southern soul","0.867","0.702","0","-5.625","1","0.0531","0.356","0","0.06","0.939","123.842","4","","Universal Music Group","C © 1962 Motown Records, a Division of UMG Recordings, Inc., P ℗ 1962 Motown Records, a Division of UMG Recordings, Inc."
"spotify:track:0ErrsvDylBWZeAUYbqLllv","Part-Time Lover","spotify:artist:7guDJrEfX3qb6FEbdPA5qi","Stevie Wonder","spotify:album:7JfvlSXZufIMTzPdwRqyPH","In Square Circle","spotify:artist:7guDJrEfX3qb6FEbdPA5qi","Stevie Wonder","1985-09-13","https://i.scdn.co/image/ab67616d0000b27320d7b5c90865bf7465180896","1","1","252560","https://p.scdn.co/mp3-preview/77257eb3b4801647b278a2b5c32714b6adf93626?cid=9950ac751e34487dbbe027c4fd7f8e99","false","0","USMO18500543","spotify:user:bradnumber1","2021-08-08T09:26:31Z","motown,soul","0.662","0.624","10","-13.606","0","0.0417","0.165","0","0.0674","0.961","174.513","4","","Universal Music Group","C © 1985 The Motown Record Company LP, P ℗ 1985 The Motown Record Company LP"
"spotify:track:5lm8SfB4FoPbUcSDKTO8c4","Night of My Life","spotify:artist:5XVcYaeSTGZXwxd63aY9Tv","Damien Leith","spotify:album:0wNiJEdRcrsry9vzn3L45x","Night Of My Life","spotify:artist:5XVcYaeSTGZXwxd63aY9Tv","Damien Leith","2006-12-02","https://i.scdn.co/image/ab67616d0000b27318587c14aac2e0800278b1dc","1","1","214613","https://p.scdn.co/mp3-preview/9ad2cf29e5f4552aada9bd960bd4ecc5dc2ace92?cid=9950ac751e34487dbbe027c4fd7f8e99","false","20","AUBM00600967","spotify:user:bradnumber1","2021-08-08T09:26:31Z","australian pop","0.416","0.559","0","-5.787","1","0.0267","0.00341","0","0.2","0.282","168.142","4","","Sony BMG Music Entertainment","P (P) 2006 SONY BMG MUSIC ENTERTAINMENT (AUSTRALIA) PTY LIMITED"
"spotify:track:6qI0MU175Dk2DeoUjlrOpy","911","spotify:artist:1HY2Jd0NmPuamShAr6KMms","Lady Gaga","spotify:album:05c49JgPmL4Uz2ZeqRx5SP","Chromatica","spotify:artist:1HY2Jd0NmPuamShAr6KMms","Lady Gaga","2020-05-29","https://i.scdn.co/image/ab67616d0000b2736040effba89b9b00a6f6743a","1","8","172133","https://p.scdn.co/mp3-preview/4f4548f7f1abd44a15b02e859b130539bff7719a?cid=9950ac751e34487dbbe027c4fd7f8e99","false","61","USUM72004307","spotify:user:bradnumber1","2021-08-08T09:26:31Z","art pop,dance pop,pop","0.789","0.813","5","-4.563","1","0.0374","0.0294","0.00000207","0.519","0.42","116.007","4","","Interscope","C © 2020 Interscope Records, P ℗ 2020 Interscope Records"
"spotify:track:3Pas9u4vk4hKEIa5OtKRFF","Total Eclipse of the Heart","spotify:artist:0SD4eZCN4Kr0wQk56hCdh2","Bonnie Tyler","spotify:album:2W3smztLjzbuAQTIme3Pkp","4 Hits","spotify:artist:0SD4eZCN4Kr0wQk56hCdh2","Bonnie Tyler","2011-09-16","https://i.scdn.co/image/ab67616d0000b27313f1437bb5d4e6788b113229","1","1","270546","https://p.scdn.co/mp3-preview/42af1cbc20498d5e7de081f39b218ab035c9a57a?cid=9950ac751e34487dbbe027c4fd7f8e99","false","0","GBBBN8300025","spotify:user:bradnumber1","2021-08-08T09:27:48Z","europop,new wave pop,soft rock","0.428","0.644","8","-7.582","1","0.0628","0.205","0","0.119","0.113","129.432","4","","Sony Music UK","P This Compilation (P) 2011 Sony Music Entertainment UK Limited"
"spotify:track:7L4NzRGuukFbw4pRylIjlN","Don't Pay The Ferryman","spotify:artist:2RpHsROrX075xfIwHn6B2U","Chris de Burgh","spotify:album:3azZV6V1yvATlE05bmWMCR","The Getaway","spotify:artist:2RpHsROrX075xfIwHn6B2U","Chris de Burgh","1982-01-01","https://i.scdn.co/image/ab67616d0000b273855a98cce5aa258db61ef9a3","1","1","231333","https://p.scdn.co/mp3-preview/29841ec0fede85051e81fef7cb63fffb6fdf4f79?cid=9950ac751e34487dbbe027c4fd7f8e99","false","0","GBAAM8201059","spotify:user:bradnumber1","2021-08-08T09:26:31Z","new wave pop,soft rock","0.535","0.721","4","-10.823","0","0.0402","0.123","0.000185","0.665","0.793","151.996","4","","Virgin EMI","C © 1982 A&M Records Ltd., P ℗ 1982 A&M Records Ltd."
"spotify:track:1LeWIs2hP2r5yOQnVuYoI5","Ain't No Mountain High Enough","spotify:artist:3koiLjNrgRTNbOwViDipeA, spotify:artist:75jNCko3SnEMI5gwGqrbb8","Marvin Gaye, Tammi Terrell","spotify:album:67Eq3nfl1km9s5ig76Cc8B","United","spotify:artist:3koiLjNrgRTNbOwViDipeA, spotify:artist:75jNCko3SnEMI5gwGqrbb8","Marvin Gaye, Tammi Terrell","1967-08-29","https://i.scdn.co/image/ab67616d0000b27396e0b7befe3ba88f5a7d5a3f","1","1","151666","https://p.scdn.co/mp3-preview/7301aee11d8646c25071e0825b0794aa609092db?cid=9950ac751e34487dbbe027c4fd7f8e99","false","0","USMO16700534","spotify:user:bradnumber1","2021-08-08T09:26:31Z","classic soul,motown,neo soul,northern soul,quiet storm,soul,classic soul,motown,soul,southern soul","0.663","0.6","7","-10.87","1","0.032","0.43","0","0.184","0.8","129.991","4","","Motown (Capitol)","C © 1967 Motown Records, a Division of UMG Recordings, Inc., P ℗ 1967 Motown Records, a Division of UMG Recordings, Inc."
"spotify:track:6XZpVCFrDf2XMtyaX1Wst0","It's Too Late","spotify:artist:5VWIuZAPbBdtFHdbDyYeHQ","Evermore","spotify:album:15rNvcWvKVyqKsXtjUfmvS","Dreams","spotify:artist:5VWIuZAPbBdtFHdbDyYeHQ","Evermore","2004-09-24","https://i.scdn.co/image/ab67616d0000b27326f117ac50bc8e66ae1b78b5","1","2","235333","https://p.scdn.co/mp3-preview/c7a88c74a31efafae04f72e51a0c58f84248e699?cid=9950ac751e34487dbbe027c4fd7f8e99","false","0","AUWA00413730","spotify:user:bradnumber1","2021-08-08T09:26:31Z","australian alternative rock,australian rock,kiwi rock","0.539","0.714","8","-4.925","0","0.0278","0.0489","0.000594","0.17","0.592","139.055","4","","WEA","C © 2004 Evermore Music, P ℗ 2004 Evermore Music"
"spotify:track:2DUbzMIzQz7k28KKF2fpgo","You Don't Have to Say You Love Me","spotify:artist:43ZHCT0cAZBISjO8DG9PnE","Elvis Presley","spotify:album:4GV0xppHWngvgnPgAqvGxA","The Essential Elvis Presley 3.0","spotify:artist:43ZHCT0cAZBISjO8DG9PnE","Elvis Presley","2007","https://i.scdn.co/image/ab67616d0000b2736c913d9774adb30adab567ad","3","8","150533","https://p.scdn.co/mp3-preview/6d40f63d6c9032deed1bd0ea00df3c9183b91b05?cid=9950ac751e34487dbbe027c4fd7f8e99","false","0","USRC19808586","spotify:user:bradnumber1","2021-08-08T09:26:31Z","rock-and-roll,rockabilly","0.321","0.563","5","-10.637","0","0.0496","0.589","0.00387","0.348","0.687","115.813","3","","RCA/Legacy","P (P) 2007 Sony Music Entertainment"
"spotify:track:6IiCb4PCrDgqLuDWgHhFi7","Inside Out (feat. Griff)","spotify:artist:2qxJFvFYMEDqd7ui6kSAcq, spotify:artist:5RJFJWYgtgWktosLrUDzff","Zedd, Griff","spotify:album:4eAf9fHtOj0mVTSV3cB2km","Inside Out (feat. Griff)","spotify:artist:2qxJFvFYMEDqd7ui6kSAcq, spotify:artist:5RJFJWYgtgWktosLrUDzff","Zedd, Griff","2020-10-23","https://i.scdn.co/image/ab67616d0000b273c0144e6a8931844424c1d2f0","1","1","186245","https://p.scdn.co/mp3-preview/b0d3e3ba3016c508f10c9dbf557af84ccb96e6a1?cid=9950ac751e34487dbbe027c4fd7f8e99","false","49","USUM72019501","spotify:user:bradnumber1","2021-08-08T09:26:31Z","complextro,edm,german techno,pop,pop dance,alt z,uk pop","0.64","0.683","2","-4.309","1","0.0434","0.169","0","0.109","0.4","146.058","4","","Interscope Records","C © 2020 Interscope Records, P ℗ 2020 Interscope Records"
"spotify:track:0Oc2t0ffBfnFKthTFB87zZ","Fingertips - Original Studio Version","spotify:artist:7guDJrEfX3qb6FEbdPA5qi","Stevie Wonder","spotify:album:59kGZJG2VznHMuQReabL55","The Jazz Soul Of Little Stevie","spotify:artist:7guDJrEfX3qb6FEbdPA5qi","Stevie Wonder","1962-09-01","https://i.scdn.co/image/ab67616d0000b27312972ed2d0264bfd6e728d23","1","1","176040","https://p.scdn.co/mp3-preview/e9ee20126c7a17b62c5244c4ec9dadcba1d319dc?cid=9950ac751e34487dbbe027c4fd7f8e99","false","0","USMO10300405","spotify:user:bradnumber1","2021-08-08T09:26:31Z","motown,soul","0.521","0.696","5","-9.317","1","0.0285","0.597","0.0000496","0.367","0.856","79.941","4","","Universal Music Group","C © 1962 Motown Records, a Division of UMG Recordings, Inc., P ℗ 1962 Motown Records, a Division of UMG Recordings, Inc."
"spotify:track:4Q0aYLHFOadFypiCpv4Rb7","Another Man (feat. Megan Joy) (feat. Megan Joy)","spotify:artist:0TAITmVrG10TK5kngOwpPr, spotify:artist:49viEfjH2H3YgB52Cj0IZH","Itch, Megan Joy","spotify:album:41Wm88AxOWl6JK2LaM6Q1F","Another Man (feat. Megan Joy) (feat. Megan Joy)","spotify:artist:0TAITmVrG10TK5kngOwpPr","Itch","2014-08-01","https://i.scdn.co/image/ab67616d0000b273247a9e7f03dfab17aa93fdbe","1","1","188166","https://p.scdn.co/mp3-preview/a21f2fb653071f07a7762249546e98a01f1150bd?cid=9950ac751e34487dbbe027c4fd7f8e99","false","28","USP6L1300131","spotify:user:bradnumber1","2021-08-08T09:26:31Z","idol","0.536","0.941","11","-3.8","0","0.117","0.0082","0","0.246","0.799","148.06","4","","Red Bull Records","P (P) 2013 Red Bull Records, Inc."
"spotify:track:4vHMbItY3W8VfxFuH2kQn6","I Go To Rio","spotify:artist:6748v9yNrbb4PPJuvfoMRa","Peter Allen","spotify:album:2TEO7y7MfqIGogslg9Jm9j","At His Best","spotify:artist:6748v9yNrbb4PPJuvfoMRa","Peter Allen","1993-01-01","https://i.scdn.co/image/ab67616d0000b2731b51b668c70033f14e859173","1","17","383933","https://p.scdn.co/mp3-preview/1a13c5505cd6b3ae986d0a140de80cd17a85630e?cid=9950ac751e34487dbbe027c4fd7f8e99","false","0","USAM17700337","spotify:user:bradnumber1","2021-08-08T09:26:31Z","deep soft rock","0.549","0.902","10","-6.898","1","0.0531","0.107","0.0582","0.959","0.767","136.449","4","","Universal Music Group","C © 1993 A&M Records, P ℗ 1993 A&M Records"
"spotify:track:79hJaqmVdohltPBNN6BULM","Stayin' Alive - From ""Saturday Night Fever"" Soundtrack","spotify:artist:1LZEQNv7sE11VDY3SdxQeN","Bee Gees","spotify:album:5DDYh6LgANWIVRo0k3MGyv","Tales From The Brothers Gibb","spotify:artist:1LZEQNv7sE11VDY3SdxQeN","Bee Gees","1990-10-01","https://i.scdn.co/image/ab67616d0000b273c7fc603f96d9a75ea2bfdffa","3","9","281666","https://p.scdn.co/mp3-preview/e585ea463bd758c453633508f203a643dbfd37b9?cid=9950ac751e34487dbbe027c4fd7f8e99","false","56","NLF057790034","spotify:user:bradnumber1","2021-08-08T09:26:31Z","disco,mellow gold,soft rock","0.708","0.567","10","-15.539","0","0.0355","0.07","0.00105","0.152","0.955","103.606","4","","Bee Gees Catalog","C © 1990 UMG Recordings, Inc., P This Compilation ℗ 1990 UMG Recordings, Inc."
"spotify:track:0nbXyq5TXYPCO7pr3N8S4I","The Box","spotify:artist:757aE44tKEUQEqRuT6GnEB","Roddy Ricch","spotify:album:52u4anZbHd6UInnmHRFzba","Please Excuse Me for Being Antisocial","spotify:artist:757aE44tKEUQEqRuT6GnEB","Roddy Ricch","2019-12-06","https://i.scdn.co/image/ab67616d0000b273600adbc750285ea1a8da249f","1","2","196652","https://p.scdn.co/mp3-preview/6306fda4df77cbcaf47c8b9fa3575ce457504c9c?cid=9950ac751e34487dbbe027c4fd7f8e99","true","82","USAT21906978","spotify:user:bradnumber1","2021-08-08T09:26:31Z","melodic rap,rap,trap","0.896","0.586","10","-6.687","0","0.0559","0.104","0","0.79","0.642","116.971","4","","Atlantic Records","C © 2019 Atlantic Recording Corporation for the United States and WEA International Inc. for the world outside of the United States. A Warner Music Group Company, P ℗ 2019 Atlantic Recording Corporation for the United States and WEA International Inc. for the world outside of the United States. A Warner Music Group Company"
"spotify:track:3OalxlWH0v14kyBcNBMINt","Mercy","spotify:artist:7n2wHs1TKAczGzO7Dd2rGr","Shawn Mendes","spotify:album:0S9QJQiRmG9JYYfJfKqhDF","Illuminate (Deluxe)","spotify:artist:7n2wHs1TKAczGzO7Dd2rGr","Shawn Mendes","2016-09-23","https://i.scdn.co/image/ab67616d0000b2738a24ed638eedd60514a789ef","1","2","208733","https://p.scdn.co/mp3-preview/7814718df164c0b2e3543430b3482b4b6f6f5717?cid=9950ac751e34487dbbe027c4fd7f8e99","false","0","USUM71603531","spotify:user:bradnumber1","2021-08-08T09:26:31Z","canadian pop,pop,viral pop","0.562","0.681","11","-4.934","0","0.0871","0.113","0","0.11","0.357","148.064","4","","Universal Music Group","C © 2016 Island Records, a division of UMG Recordings, Inc., P ℗ 2016 Island Records, a division of UMG Recordings, Inc."
"spotify:track:1OFKUn2VLafrHj7ybnap0Q","Only Wanna Be With You","spotify:artist:08ct2eZF5lUPdJpHwNKWof","Hootie & The Blowfish","spotify:album:5AYmpTfdv1OoASUJ5rZB7K","Cracked Rear View","spotify:artist:08ct2eZF5lUPdJpHwNKWof","Hootie & The Blowfish","1994-07-01","https://i.scdn.co/image/ab67616d0000b273820d2376b2fb84aa99823903","1","4","229586","https://p.scdn.co/mp3-preview/1914feba3e47c85f20858ea8438190be7b405b91?cid=9950ac751e34487dbbe027c4fd7f8e99","false","69","USAT29400023","spotify:user:bradnumber1","2022-08-26T01:29:14Z","pop rock,post-grunge","0.49","0.873","6","-5.861","1","0.0355","0.107","0.00000519","0.118","0.513","103.272","4","","Atlantic Records","C © 1994 Atlantic Recording Corporation for the United States and WEA International Inc. for the world outside of the United States. All Rights Reserved. Made in U.S.A. Warning: Unauthorized reproduction of this recording is prohibited by Federal law and subject to criminal prosecution. 82613-2, P ℗ 1994 Atlantic Recording Corporation for the United States and WEA International Inc. for the world outside of the United States. All Rights Reserved. Made in U.S.A. Warning: Unauthorized reproduction of this recording is prohibited by Federal law and subject to criminal prosecution. 82613-2"
"spotify:track:0TJRfA2MIIRd3tTDK9tPPf","Angels Cry Remix - Remix","spotify:artist:4iHNK0tOyZPYnBU7nGAgpQ, spotify:artist:21E3waRsmPlU7jZsS13rcj","Mariah Carey, Ne-Yo","spotify:album:3SxgnytOcu80ARVznoU6P0","Angels Cry Remix feat. Ne-Yo","spotify:artist:4iHNK0tOyZPYnBU7nGAgpQ","Mariah Carey","2010-01-01","https://i.scdn.co/image/ab67616d0000b273778ca59df3643b42abb96d45","1","1","233746","https://p.scdn.co/mp3-preview/50ab946032b6860ab6027406f86e81006174f08d?cid=9950ac751e34487dbbe027c4fd7f8e99","false","55","USUM71001657","spotify:user:bradnumber1","2021-08-08T09:26:31Z","dance pop,pop,urban contemporary,dance pop,pop,r&b,urban contemporary","0.368","0.53","0","-7.242","1","0.102","0.0814","0","0.377","0.325","85.381","4","","Def Jam Recordings","C © 2010 Mariah Carey, P ℗ 2010 The Island Def Jam Music Group and Mariah Carey"
"spotify:track:7rGOWzo4evAQQ2FzrSKp0B","Tell Him - Single Version","spotify:artist:2GF1B0GIaFrLFLdfH6ufRO","The Exciters","spotify:album:1i2c4K7HnASzLOo6cagJVg","Tell Him","spotify:artist:2GF1B0GIaFrLFLdfH6ufRO","The Exciters","2012-01-01","https://i.scdn.co/image/ab67616d0000b273134320d50562d6b2dfbdd2a9","1","1","156160","https://p.scdn.co/mp3-preview/5a6a2a4837570bec4d1cc0adb34e72d9ed4c7ec9?cid=9950ac751e34487dbbe027c4fd7f8e99","false","49","USEM39100180","spotify:user:bradnumber1","2023-02-14T22:29:38Z","classic girl group,northern soul","0.708","0.616","5","-10.827","1","0.198","0.445","0","0.299","0.908","177.061","4","","Capitol Records","C © 2012 Capitol Records, LLC, P ℗ 2012 Capitol Records, LLC"
"spotify:track:6UaRii9AH6Zss9xNMEQ2M9","Love The Way You Lie","spotify:artist:7dGJo4pcD2V6oG8kP0tJRR, spotify:artist:5pKCCKE2ajJHZ9KAiaK11H","Eminem, Rihanna","spotify:album:3PogVmhNucYNfyywZvTd7F","Recovery","spotify:artist:7dGJo4pcD2V6oG8kP0tJRR","Eminem","2010-06-18","https://i.scdn.co/image/ab67616d0000b273f20b0a39716f7958ddda8c16","1","15","263373","https://p.scdn.co/mp3-preview/3824afd426e7ebbba4e107f811f7506ea3416db0?cid=9950ac751e34487dbbe027c4fd7f8e99","true","1","USUM71015397","spotify:user:bradnumber1","2021-08-08T09:26:31Z","detroit hip hop,hip hop,rap,barbadian pop,pop,urban contemporary","0.746","0.922","10","-5.014","1","0.236","0.246","0","0.515","0.638","86.961","4","","Universal Music Group","C © 2010 Aftermath Records, P ℗ 2010 Aftermath Records"
"spotify:track:1RxSnx3hSCwX2DcG9tvpbD","Gonna See My Baby Tonight","spotify:artist:6LUNCFwAUUaWSDtaOcTpJH","The La De Da's","spotify:album:4VwYQoCQ0InDib6evYGRD9","Legend","spotify:artist:6LUNCFwAUUaWSDtaOcTpJH","The La De Da's","1975-01-01","https://i.scdn.co/image/ab67616d0000b273561e570ae6839e8f2b1c7f62","1","1","197266","https://p.scdn.co/mp3-preview/bcaa9a7ab302d02da0057914da69a5dd62a3da56?cid=9950ac751e34487dbbe027c4fd7f8e99","false","19","NZUM71700146","spotify:user:bradnumber1","2021-08-08T09:26:31Z","classic nz pop","0.688","0.651","7","-10.397","1","0.112","0.0816","0.00000527","0.103","0.661","120.943","4","","Universal Music New Zealand Limited","C © 1975 EMI Australia Ltd., P ℗ 1975 EMI Australia Ltd."
"spotify:track:7xx8JqaauSj5Ay8Efnm0hr","Broken (feat. Amy Lee)","spotify:artist:6B5c4sch27tWHAGdarpPaW, spotify:artist:0fGVuq5ed21pM7iWwTcMyk","Seether, Amy Lee","spotify:album:0Txt9JXCp8TXBfEIuLxl9z","Seether: 2002 - 2013","spotify:artist:6B5c4sch27tWHAGdarpPaW","Seether","2013-09-29","https://i.scdn.co/image/ab67616d0000b273c86d3f10ca1cf144edc3710b","1","4","258516","https://p.scdn.co/mp3-preview/10797f1b597731900a2d8c76649e3ea90dee109c?cid=9950ac751e34487dbbe027c4fd7f8e99","false","0","USWU31300101","spotify:user:bradnumber1","2021-08-08T09:26:31Z","alternative metal,nu metal,post-grunge,south african rock,hel","0.436","0.584","3","-3.728","0","0.0343","0.00919","0.000257","0.172","0.184","123.777","4","","Cooking Vinyl","C 2013 Wind-Up Records LLC under exclusive licence to Cooking Vinyl Limited, P 2013 Wind-Up Records LLC under exclusive licence to Cooking Vinyl Limited"
"spotify:track:1tOT50hl9UG9kGif08Fan5","Higher","spotify:artist:7dlqUnjoF2U2DkNDMhcgG4, spotify:artist:4sOcMLlr0hMwrLXScjAgoq","Hilltop Hoods, James Chatburn","spotify:album:4ijUWjOHZ5VnUADcOsL1vS","Drinking From The Sun, Walking Under Stars Restrung","spotify:artist:7dlqUnjoF2U2DkNDMhcgG4","Hilltop Hoods","2016-02-19","https://i.scdn.co/image/ab67616d0000b273eb0652df7fe1fddc6673d161","1","3","269720","https://p.scdn.co/mp3-preview/604c237be1468a92108fce36c894ef715d70505d?cid=9950ac751e34487dbbe027c4fd7f8e99","false","49","AUHT01503043","spotify:user:bradnumber1","2021-08-08T09:26:31Z","australian hip hop,australian r&b","0.737","0.669","11","-9.127","0","0.0483","0.281","0.0151","0.11","0.621","111.99","4","","Universal Music Australia Pty. Ltd.","C © 2015 Universal Music Australia Pty Ltd., P ℗ 2015 Universal Music Australia Pty Ltd."
"spotify:track:1qk9ujVgudgU8CyhKOx8ji","Somebody That I Used To Know","spotify:artist:2AsusXITU8P25dlRNhcAbG, spotify:artist:6hk7Yq1DU9QcCCrz9uc0Ti","Gotye, Kimbra","spotify:album:6EMxWaM803hd4sPsJ6PkcA","Making Mirrors","spotify:artist:2AsusXITU8P25dlRNhcAbG","Gotye","2011-01-01","https://i.scdn.co/image/ab67616d0000b2731ba0ff466c68a0977a0039bc","1","3","244893","https://p.scdn.co/mp3-preview/8721423c664c8ec64df22cd2a85711437431a98c?cid=9950ac751e34487dbbe027c4fd7f8e99","false","62","AUZS21100040","spotify:user:bradnumber1","2021-08-08T09:26:31Z","australian pop,bergen indie,electropop,nz pop","0.864","0.515","0","-6.967","1","0.0367","0.571","0.0000792","0.0947","0.755","129.048","4","","Universal Music Australia Pty. Ltd.","C © 2011 Samples 'n' Seconds Records, under exclusive license to Eleven: A Music Company. Distributed in Australia by Universal Music Australia Pty Ltd under exclusive license, P ℗ 2011 Samples 'n' Seconds Records, under exclusive license to Eleven: A Music Company. Distributed in Australia by Universal Music Australia Pty Ltd under exclusive license"
"spotify:track:3APXBFJM1OTXvbsx10TgG3","Ain't Telling The Truth","spotify:artist:7sCcPQQft3sSxcJaB30dlb","Bluejuice","spotify:album:5yegnN64UF97qcdooZ3xKw","Head of The Hawk","spotify:artist:7sCcPQQft3sSxcJaB30dlb","Bluejuice","2009-01-01","https://i.scdn.co/image/ab67616d0000b273e24e3354bbcc703ef09aea24","1","5","163186","https://p.scdn.co/mp3-preview/ba1a91e6884506193e014119cca5c2522fd8b665?cid=9950ac751e34487dbbe027c4fd7f8e99","false","24","AUUM70901634","spotify:user:bradnumber1","2021-08-08T09:26:31Z","australian alternative rock,australian indie","0.588","0.665","3","-5.861","1","0.049","0.274","0.0000121","0.0681","0.697","178.025","4","","Dew Process","C © 2009 Dew Process/Universal Music Australia, P ℗ 2009 Dew Process/Universal Music Australia"
"spotify:track:3ZHfX6kbiY7JVsB63lLOLu","The Only Exception","spotify:artist:74XFHRwlV6OrjEM0A2NCMF","Paramore","spotify:album:3CaQTJU2Cpx7GXTgenmb2r","Brand New Eyes","spotify:artist:74XFHRwlV6OrjEM0A2NCMF","Paramore","2009-09-22","https://i.scdn.co/image/ab67616d0000b273b9abbedc516dd297039977bd","1","6","267653","https://p.scdn.co/mp3-preview/4526a38e355a6dd4c2f987f4cd4a51d88335373b?cid=9950ac751e34487dbbe027c4fd7f8e99","false","65","USAT20902323","spotify:user:bradnumber1","2021-08-08T09:26:31Z","candy pop,modern rock,pixie,pop,pop emo,pop punk,rock","0.452","0.563","4","-6.607","1","0.0272","0.144","0","0.143","0.209","137.715","3","","Fueled By Ramen/Atlantic","C © 2009 Atlantic Recording Corporation for the United States and WEA International Inc. for the world outside of the United States., P ℗ 2009 Atlantic Recording Corporation for the United States and WEA International Inc. for the world outside of the United States."
"spotify:track:2dC0Rl8OfpULkMvagGUwPi","Cats In The Cradle","spotify:artist:3XsgWn63EnA4wYZBjVyxjf","Ugly Kid Joe","spotify:album:01KB6ccwWZ1iVufgXMoOuX","True Power-Ballads / 3CD set","spotify:artist:0LyfQWJT6nXafLPZqxe9Of","Various Artists","2007-01-01","https://i.scdn.co/image/ab67616d0000b273d55b1200685266bb972c1596","1","6","241346","https://p.scdn.co/mp3-preview/25e432636041f3d95a8466a2d233abb74178132b?cid=9950ac751e34487dbbe027c4fd7f8e99","false","0","USPG19290051","spotify:user:bradnumber1","2021-08-08T09:26:31Z","funk metal,funk rock,glam metal,hard rock","0.386","0.466","8","-10.773","1","0.0379","0.165","0.0000112","0.0797","0.416","74.802","4","","Universal Music","C © 2007 Spectrum Music, P ℗ 2007 Spectrum Music"
"spotify:track:0939D7aT18uBDS2MTjWzct","Higher Power","spotify:artist:4gzpq5DPGxSnKTe4SA8HAU","Coldplay","spotify:album:6wiPmk3powmcz3G7zr6krg","Higher Power","spotify:artist:4gzpq5DPGxSnKTe4SA8HAU","Coldplay","2021-05-07","https://i.scdn.co/image/ab67616d0000b273b1092c02972b0bfd91703f75","1","1","211294","https://p.scdn.co/mp3-preview/53a3f14e6e624bcd50d057a86dc54d7419216e6e?cid=9950ac751e34487dbbe027c4fd7f8e99","false","68","GBAYE2100379","spotify:user:bradnumber1","2021-08-08T09:26:31Z","permanent wave,pop","0.507","0.828","10","-6.023","1","0.0449","0.00711","0.0000244","0.261","0.489","178.032","4","","Parlophone UK","C Under exclusive licence to Parlophone Records Limited., © 2021 Coldplay, P Under exclusive licence to Parlophone Records Limited, ℗ 2021 Coldplay"
"spotify:track:6LoSKNsYkRQbyuiReooMjG","Sister Christian","spotify:artist:1Ha0Fz4i0d4gu5fZbhBCtH","Night Ranger","spotify:album:4HUntZg0YV0qCvRxmIhq2U","Boogie Nights / Music From The Original Motion Picture","spotify:artist:0LyfQWJT6nXafLPZqxe9Of","Various Artists","1997-01-01","https://i.scdn.co/image/ab67616d0000b273a4a3752f48cf0bb54e1dffc1","1","10","300066","https://p.scdn.co/mp3-preview/c430fe7fea146edaec7877b2454ad5872fb9eb8a?cid=9950ac751e34487dbbe027c4fd7f8e99","false","46","USMC18314773","spotify:user:bradnumber1","2021-08-08T09:26:31Z","album rock,classic rock,glam metal,hard rock,soft rock","0.444","0.575","5","-8.342","1","0.0439","0.135","0.00000371","0.122","0.21","177.358","4","","Capitol Records","C © 1997 Capitol Records, LLC, P This Compilation ℗ 1997 Capitol Records, LLC"
"spotify:track:0l37J5l4eJfIdd7cea1Cl5","Everything About You","spotify:artist:3XsgWn63EnA4wYZBjVyxjf","Ugly Kid Joe","spotify:album:3uN1oiR3KIuj642PscLiAQ","America's Least Wanted","spotify:artist:3XsgWn63EnA4wYZBjVyxjf","Ugly Kid Joe","1992-01-01","https://i.scdn.co/image/ab67616d0000b2731b62da8cad32fecd70215c1b","1","11","260506","https://p.scdn.co/mp3-preview/5637d32a6fca2ba453f15778e68951b034381e41?cid=9950ac751e34487dbbe027c4fd7f8e99","true","0","USMR19130361","spotify:user:bradnumber1","2021-08-08T09:26:31Z","funk metal,funk rock,glam metal,hard rock","0.516","0.783","1","-7.895","1","0.0646","0.0117","0.00000108","0.142","0.775","122.603","4","","Universal Music Group","C © 1992 The Island Def Jam Music Group, P ℗ 1992 The Island Def Jam Music Group"
"spotify:track:6wmazwwzaTNFnKcyQFZsuq","Like Sister and Brother","spotify:artist:1FqqOl9itIUpXr4jZPIVoT","The Drifters","spotify:album:1imTGKx9Ak5kaPpZLC9DGg","Legends","spotify:artist:1FqqOl9itIUpXr4jZPIVoT","The Drifters","2004-09-25","https://i.scdn.co/image/ab67616d0000b273b339cdeae56adef848d8ac2c","1","4","203013","https://p.scdn.co/mp3-preview/4f19ee63ba61bf3d3a0797c54992ec956dea0080?cid=9950ac751e34487dbbe027c4fd7f8e99","false","32","GBARK7300001","spotify:user:bradnumber1","2021-08-08T09:26:31Z","adult standards,classic soul,doo-wop,rock-and-roll,rockabilly,soul","0.563","0.665","7","-8.161","1","0.0301","0.322","0.00000847","0.468","0.732","81.092","4","","BMG Music","P (P) This compilation P 2004 BMG UK & Ireland Ltd."
"spotify:track:0FeCO85RKW8fDRytwXof2x","Go Your Own Way","spotify:artist:08GQAI4eElDnROBrJRGE0X","Fleetwood Mac","spotify:album:63k57x0qOkUWEMR0dkMivh","Rumours","spotify:artist:08GQAI4eElDnROBrJRGE0X","Fleetwood Mac","1977-02-04","https://i.scdn.co/image/ab67616d0000b2735e66bc0df2bd18e746dbb823","1","5","218400","https://p.scdn.co/mp3-preview/26ba8ef966c08f5116fd5ab94efc7a8671e640f5?cid=9950ac751e34487dbbe027c4fd7f8e99","false","0","USWB19900181","spotify:user:bradnumber1","2021-08-08T09:26:31Z","album rock,classic rock,rock,soft rock,yacht rock","0.597","0.812","5","-12.062","1","0.0315","0.0219","0.00106","0.102","0.823","135.68","4","","Warner Bros.","C 1977 Warner Bros. Records Inc. for the U.S. and WEA International Inc. for the world outside of the U.S., P 1977 Warner Bros. Records Inc. for the U.S. and WEA International Inc. for the world outside of the U.S."
"spotify:track:4O3HRDIBChh0quFPhfDXd1","Jump","spotify:artist:5pKCCKE2ajJHZ9KAiaK11H","Rihanna","spotify:album:1ciAVKFdlpLi2eGDlXv6Bo","Unapologetic - Deluxe","spotify:artist:5pKCCKE2ajJHZ9KAiaK11H","Rihanna","2012-12-10","https://i.scdn.co/image/ab67616d0000b2737061b3d179b8b7363ffe1a50","1","6","264453","https://p.scdn.co/mp3-preview/4dff11d9cf1c31e1993e059760a7080882f9e056?cid=9950ac751e34487dbbe027c4fd7f8e99","false","18","USUM71214744","spotify:user:bradnumber1","2021-08-08T09:26:31Z","barbadian pop,pop,urban contemporary","0.644","0.824","0","-6.169","1","0.231","0.221","0.0072","0.171","0.424","81.055","4","","Def Jam Recordings","C © 2012 The Island Def Jam Music Group, P ℗ 2012 The Island Def Jam Music Group"
"spotify:track:7EmGUiUaOSGDnUUQUDrOXC","Wolves","spotify:artist:0C8ZW7ezQVs4URX5aX7Kqx, spotify:artist:64KEffDW9EtZ1y2vBYgq8T","Selena Gomez, Marshmello","spotify:album:2pABD3sfXVajKVXw83WMvT","Wolves","spotify:artist:0C8ZW7ezQVs4URX5aX7Kqx, spotify:artist:64KEffDW9EtZ1y2vBYgq8T","Selena Gomez, Marshmello","2017-10-25","https://i.scdn.co/image/ab67616d0000b27310368f28dac3b838770f985c","1","1","197993","https://p.scdn.co/mp3-preview/0eebdcc767fd0df22da5331489287d46e2050769?cid=9950ac751e34487dbbe027c4fd7f8e99","false","0","USUM71712103","spotify:user:bradnumber1","2021-08-08T09:26:31Z","pop,post-teen pop,brostep,edm,pop,progressive electro house","0.715","0.802","11","-4.647","0","0.0394","0.139","0","0.177","0.327","124.989","4","","Universal Music Group","C © 2017 Interscope Records, P ℗ 2017 Interscope Records"
"spotify:track:4HQ9gXAtONKs8NCM0MFUTu","Turn Up The Love","spotify:artist:698hF4vcwHwPy8ltmXermq, spotify:artist:4jbcqKzc4Wuy6MivHhzPrP","Far East Movement, Cover Drive","spotify:album:7L4wBF41PvzPCQbPoXNfPs","Dirty Bass (Spotify International Version)","spotify:artist:698hF4vcwHwPy8ltmXermq","Far East Movement","2012-01-01","https://i.scdn.co/image/ab67616d0000b2737ebcf6afbf5e9a252767a7f7","1","4","195960","https://p.scdn.co/mp3-preview/3ffb29f39a596fbcdd3bef748907b573bdc80cd7?cid=9950ac751e34487dbbe027c4fd7f8e99","false","49","USUM71204292","spotify:user:bradnumber1","2021-08-08T09:26:31Z","asian american hip hop,dance pop,pop rap,barbadian pop,talent show","0.751","0.872","6","-4.186","1","0.115","0.12","0","0.235","0.679","123.887","4","","Cherrytree Records/Kierszenbaum 33%","C © 2012 Interscope Records, P ℗ 2012 Interscope Records"
"spotify:track:6q92eTIDGRb2gMc9qYSxrn","Soul Revival","spotify:artist:0Nlg1HCtb8dpeVpxQojDiq","Johnny Diesel & The Injectors","spotify:album:36LFffxVAnwu4Hz6juT1uW","Complete Eighties","spotify:artist:0LyfQWJT6nXafLPZqxe9Of","Various Artists","2010-06-25","https://i.scdn.co/image/ab67616d0000b27312ef7561b5faa6610438fb7c","1","93","243226","https://p.scdn.co/mp3-preview/296a521f79d9cd5041c8c35251ec37c2b07aa549?cid=9950ac751e34487dbbe027c4fd7f8e99","false","0","AUEM08900041","spotify:user:bradnumber1","2021-08-08T09:26:31Z","australian rock","0.367","0.946","9","-5.214","1","0.105","0.00312","0.0000241","0.156","0.457","131.934","4","","EMI Music Australia","C Artwork (C) 2010 EMI Music Australia Pty Ltd., P This compilation was first published in 2010 and any and all copyright in this compilation is owned by EMI Music Australia Pty Ltd."
"spotify:track:0tgVpDi06FyKpA1z0VMD4v","Perfect","spotify:artist:6eUKZXaKkcviH0Ku9w2n3V","Ed Sheeran","spotify:album:3T4tUhGYeRNVUGevb0wThu","÷ (Deluxe)","spotify:artist:6eUKZXaKkcviH0Ku9w2n3V","Ed Sheeran","2017-03-03","https://i.scdn.co/image/ab67616d0000b273ba5db46f4b838ef6027e6f96","1","5","263400","https://p.scdn.co/mp3-preview/4e30857a3c7da3f8891483643e310bb233afadd2?cid=9950ac751e34487dbbe027c4fd7f8e99","false","85","GBAHS1700024","spotify:user:bradnumber1","2021-08-08T09:26:31Z","pop,singer-songwriter pop,uk pop","0.599","0.448","8","-6.312","1","0.0232","0.163","0","0.106","0.168","95.05","3","","Atlantic Records UK","C © 2017 Asylum Records UK, a division of Atlantic Records UK, a Warner Music Group company., P ℗ 2017 Asylum Records UK, a division of Atlantic Records UK, a Warner Music Group company."
"spotify:track:3wqoAzrr5htxSZ7KzxhLHg","Oh Sherrie","spotify:artist:5xQKoGD7Ql92fWd1uWwKkf","Steve Perry","spotify:album:17PNvuwxQ9gmeYkoq9Vo93","Greatest Hits + Five Unreleased","spotify:artist:5xQKoGD7Ql92fWd1uWwKkf","Steve Perry","1998-12-01","https://i.scdn.co/image/ab67616d0000b273b94e3ee28e36575492d171bb","1","1","228800","https://p.scdn.co/mp3-preview/ea95562bd8c925f98e29300b42c1a58cce6667e2?cid=9950ac751e34487dbbe027c4fd7f8e99","false","0","USSM18400070","spotify:user:bradnumber1","2021-08-08T09:26:31Z","album rock,mellow gold,new wave pop,soft rock,yacht rock","0.577","0.665","5","-5.572","1","0.0285","0.312","0.0000889","0.138","0.305","101.807","4","","Columbia","P (P) 1984, 1994, 1998 Sony Music Entertainment Inc."
"spotify:track:6KPMiBhU6O9RBImTQXQNCe","Get Down (You're the One for Me) - LP Edit No Rap","spotify:artist:5rSXSAkZ67PYJSvpUpkOr7","Backstreet Boys","spotify:album:1oWxRkI4V9d3hH3PqWpx9H","Backstreet Boys","spotify:artist:5rSXSAkZ67PYJSvpUpkOr7","Backstreet Boys","1996-05-06","https://i.scdn.co/image/ab67616d0000b2733d16809ca253f0f476195941","1","3","230386","https://p.scdn.co/mp3-preview/5d16e06fa4f4670e92de9a0834dc97111f8c9b71?cid=9950ac751e34487dbbe027c4fd7f8e99","false","56","GBAHK9600025","spotify:user:bradnumber1","2022-01-09T22:04:29Z","boy band,dance pop,pop","0.777","0.94","8","-5.315","0","0.0407","0.0736","0","0.135","0.749","113.015","4","","Jive","P (P) 1996 Sony Music Entertainment"
"spotify:track:0XQHz5C8PknyrEhyrKxVKa","Down (feat. Gucci Mane)","spotify:artist:1l8Fu6IkuTP0U5QetQJ5Xt, spotify:artist:13y7CgLHjMVRMDqxdx0Xdo","Fifth Harmony, Gucci Mane","spotify:album:506tSgFO28YCEALMLihVPB","Fifth Harmony","spotify:artist:1l8Fu6IkuTP0U5QetQJ5Xt","Fifth Harmony","2017-10-29","https://i.scdn.co/image/ab67616d0000b2737698096fb3a8beeeca3c6087","1","1","165200","https://p.scdn.co/mp3-preview/784a41848771e46ac69e0dabade9af2f0009ca49?cid=9950ac751e34487dbbe027c4fd7f8e99","false","50","USSM11704732","spotify:user:bradnumber1","2021-08-08T09:26:31Z","girl group,pop,talent show,atl hip hop,dirty south rap,hip hop,pop rap,rap,southern hip hop,trap","0.53","0.512","8","-7.094","1","0.133","0.0162","0.0000704","0.128","0.401","196.121","4","","Syco Music/Epic","P (P) 2017 Simco Ltd. under exclusive license to Epic Records, a division of Sony Music Entertainment"
"spotify:track:0XIvZ82aDF7JiSi3ZE320u","Rock You Like A Hurricane","spotify:artist:27T030eWyCQRmDyuvr1kxY","Scorpions","spotify:album:6d4dgGamepehj0WwsYXTKi","Love At First Sting","spotify:artist:27T030eWyCQRmDyuvr1kxY","Scorpions","1984-05-04","https://i.scdn.co/image/ab67616d0000b273ac6c2cc344c1a1990c251539","1","2","252493","https://p.scdn.co/mp3-preview/94097c18140b8d7567af17eb406a49acaa7e2899?cid=9950ac751e34487dbbe027c4fd7f8e99","false","0","USPR38430331","spotify:user:bradnumber1","2021-08-08T09:26:31Z","album rock,german hard rock,german metal,german rock,hard rock,rock","0.482","0.601","7","-12.846","1","0.0486","0.00853","0.000187","0.249","0.774","125.619","4","","Universal/Island Def Jam","P ℗ 1984 UMG Recordings, Inc."
"spotify:track:2QZvMncP3hoLfHJXq4218n","Sugar Shack","spotify:artist:6Vg8U5m1yHwqRyQMi87tay, spotify:artist:6Rboxwjnvu3wLcwzhlnaSO","Jimmy Gilmer, The Fireballs","spotify:album:11EMdtFL51DToiX7mDlg3K","Sugar Shack","spotify:artist:6Vg8U5m1yHwqRyQMi87tay, spotify:artist:6Rboxwjnvu3wLcwzhlnaSO","Jimmy Gilmer, The Fireballs","2014-03-10","https://i.scdn.co/image/ab67616d0000b2732c5e3e3e5eb8fb4560fee8a1","1","1","120084","https://p.scdn.co/mp3-preview/0a38299ff097b6c6eb7537fc9d0a4138b2aeda34?cid=9950ac751e34487dbbe027c4fd7f8e99","false","3","QMDA71497771","spotify:user:bradnumber1","2021-08-08T09:26:31Z","surf music","0.792","0.737","7","-12.668","1","0.0549","0.397","0.0000742","0.0628","0.952","133.931","4","","Redwood Records","C (C) 2014 Entertain Me Europe LTD"
"spotify:track:3ZffCQKLFLUvYM59XKLbVm","Wake Me up When September Ends","spotify:artist:7oPftvlwr6VrsViSDV7fJY","Green Day","spotify:album:5dN7F9DV0Qg1XRdIgW8rke","American Idiot","spotify:artist:7oPftvlwr6VrsViSDV7fJY","Green Day","2004-09-21","https://i.scdn.co/image/ab67616d0000b27308a1b1e0674086d3f1995e1b","1","7","285653","https://p.scdn.co/mp3-preview/acf215c01932347394d036999c4f0f12e9fcb66a?cid=9950ac751e34487dbbe027c4fd7f8e99","false","77","USRE10400992","spotify:user:bradnumber1","2021-08-08T09:26:31Z","modern rock,permanent wave,punk,rock","0.546","0.814","7","-5.146","1","0.0314","0.023","0","0.0972","0.146","104.98","4","","Reprise","C © 2004 Reprise Records for the U.S. and WEA International Inc. for the world outside the U.S., P ℗ 2004 Reprise Records for the U.S. and WEA International Inc. for the world outside the U.S."
"spotify:track:1gaebx506AU20bCJKEQUy9","I Won't Back Down","spotify:artist:4tX2TplrkIP4v05BNC903e","Tom Petty and the Heartbreakers","spotify:album:1jdLbCgZFGrJV5HFwPJIKJ","Anthology: Through The Years","spotify:artist:4tX2TplrkIP4v05BNC903e","Tom Petty and the Heartbreakers","2000-10-31","https://i.scdn.co/image/ab67616d0000b273457eecb06829fc2dede39562","2","10","175493","https://p.scdn.co/mp3-preview/2efef1deacda363a01f8d713502bef6674c3cee4?cid=9950ac751e34487dbbe027c4fd7f8e99","false","0","USMC18925675","spotify:user:bradnumber1","2021-08-08T09:26:31Z","album rock,classic rock,hard rock,heartland rock,mellow gold,rock,singer-songwriter,soft rock","0.767","0.756","7","-4.788","1","0.0287","0.0643","0.00000788","0.256","0.934","113.906","4","","Universal Music Group","C © 2000 Universal Music Enterprises, a Division of UMG Recordings, Inc., P ℗ 2000 Universal Music Enterprises, a Division of UMG Recordings, Inc."
"spotify:track:5qtwzv99vOr5UTwnTixn7j","Know Your Enemy","spotify:artist:7oPftvlwr6VrsViSDV7fJY","Green Day","spotify:album:1AHZd3C3S8m8fFrhFxyk79","21st Century Breakdown","spotify:artist:7oPftvlwr6VrsViSDV7fJY","Green Day","2009-05-15","https://i.scdn.co/image/ab67616d0000b273c2ced39899b0d67cd5a724fa","1","3","190986","https://p.scdn.co/mp3-preview/fdbd09a4a00b22127850ea9dd130b38a744443ac?cid=9950ac751e34487dbbe027c4fd7f8e99","false","65","USRE10900522","spotify:user:bradnumber1","2021-08-08T09:26:31Z","modern rock,permanent wave,punk,rock","0.56","0.958","11","-3.245","1","0.0412","0.0016","0.0000496","0.0643","0.961","129.984","4","","Reprise","C © 2009 Reprise Records for the U.S. and WEA International Inc. for the world outside the U.S., P ℗ 2009 Reprise Records for the U.S. and WEA International Inc. for the world outside the U.S."
"spotify:track:0iVXKGnD23wIulXZRit20N","All I Need Is A Miracle","spotify:artist:2yTUYhIf8fxptTIy3KLuJD","Mike + The Mechanics","spotify:album:5BrUyKkJIavGjRwYzKrF84","Mike + The Mechanics","spotify:artist:2yTUYhIf8fxptTIy3KLuJD","Mike + The Mechanics","1985-10-05","https://i.scdn.co/image/ab67616d0000b27358322a33d8f69aae6d760ba2","1","2","249826","https://p.scdn.co/mp3-preview/9824b9ef111a8daf408c46ab77c0f5b770b22f94?cid=9950ac751e34487dbbe027c4fd7f8e99","false","1","GBHJD8500003","spotify:user:bradnumber1","2021-08-08T09:26:31Z","album rock,mellow gold,new romantic,new wave,new wave pop,soft rock","0.612","0.876","0","-7.836","1","0.0339","0.0967","0.0000441","0.0764","0.971","135.106","4","","BMG Rights Management (UK) Ltd","C © 1985 Michael Rutherford Limited, under exclusive licence to BMG Rights Management (UK) Limited, P ℗ 1985 Michael Rutherford Limited, under exclusive licence to BMG Rights Management (UK) Limited"
"spotify:track:4oW1lGOw5Q5OLvoJv92qoE","I Can Help","spotify:artist:6nNkKMkPl1qBCEW3Al9eVV","Billy Swan","spotify:album:5fjc7x9genFjAynvs3g1oi","The Best Of Billy Swan","spotify:artist:6nNkKMkPl1qBCEW3Al9eVV","Billy Swan","1998-01-18","https://i.scdn.co/image/ab67616d0000b273d6c066b8cb1cf84f7f9a8ace","1","1","238333","https://p.scdn.co/mp3-preview/67f2ad8777cf571495bea2e50aa64cf7d911a1e5?cid=9950ac751e34487dbbe027c4fd7f8e99","false","45","USSM17400216","spotify:user:bradnumber1","2021-08-08T09:26:31Z","swamp pop","0.471","0.675","0","-9.07","1","0.0513","0.511","0.019","0.232","0.53","125.313","4","","Epic/Legacy","P (P) 1974, 1975, 1976, 1981, 1982, 1993 Sony Music Entertainment Inc. WARNING: All rights reserved. Unauthorized duplication is a violation of applicable laws."
"spotify:track:4TTxKh1FnnGEeGWK2s8xBa","Am I Ever Gonna See Your Face Again - Live","spotify:artist:2PeqTZKroEc2oDwTfmB2al","The Angels","spotify:album:4wO2qaJkdsmNyZrJ4OmTCN","Liveline","spotify:artist:2PeqTZKroEc2oDwTfmB2al","The Angels","1988-01-01","https://i.scdn.co/image/ab67616d0000b273590cb28ef55326e8ad3a7d11","1","15","249733","https://p.scdn.co/mp3-preview/ad055d809715c554c29aa61ebe77a639677cf213?cid=9950ac751e34487dbbe027c4fd7f8e99","false","36","AULI00623550","spotify:user:bradnumber1","2021-08-08T09:26:31Z","australian rock","0.209","0.945","9","-6.306","1","0.0589","0.00141","0.0000228","0.9","0.386","184.197","4","","Bloodlines","C 1998 Bloodlines, P 1998 Bloodlines"
"spotify:track:06C1afLEMNO4hii8mbX6sq","I Like it Like That - 2019 - Remaster","spotify:artist:2HBbky0Z08ZcCKVsXWbNE4","The Dave Clark Five","spotify:album:5b2A8trHABO53urxYLhG14","I Like It Like That (2019 - Remaster)","spotify:artist:2HBbky0Z08ZcCKVsXWbNE4","The Dave Clark Five","1965-09-06","https://i.scdn.co/image/ab67616d0000b27364d1bf8a622aa77923f5e99d","1","1","97946","https://p.scdn.co/mp3-preview/3f311399acee21b2683058bc710dc536f437d289?cid=9950ac751e34487dbbe027c4fd7f8e99","false","0","GB5KW1901743","spotify:user:bradnumber1","2021-08-08T09:26:31Z","british invasion,merseybeat","0.495","0.85","9","-6.884","1","0.121","0.2","0","0.227","0.9","140.059","4","","BMG Rights Management (UK) Limited","C © 2019 Dave Clark (London) Limited under exclusive license to BMG Rights Management (UK) Limited, P ℗ 2019 Dave Clark (London) Limited under exclusive license to BMG Rights Management (UK) Limited"
"spotify:track:0KAiuUOrLTIkzkpfpn9jb9","Drive By","spotify:artist:3FUY2gzHeIiaesXtOAdB7A","Train","spotify:album:5zseibu9WEsPaZmkJUMkz1","California 37","spotify:artist:3FUY2gzHeIiaesXtOAdB7A","Train","2012-04-17","https://i.scdn.co/image/ab67616d0000b273bde344cc54eedc35050f4c61","1","2","195973","https://p.scdn.co/mp3-preview/04a4331f6e25d0bd2c6de9c1202ad719f24b1cef?cid=9950ac751e34487dbbe027c4fd7f8e99","false","80","USSM11106876","spotify:user:bradnumber1","2021-08-08T09:26:31Z","dance pop,neo mellow,pop,pop rock","0.765","0.837","1","-3.113","0","0.032","0.00107","0.0000106","0.0801","0.721","122.028","4","","Columbia","P (P) 2012 Columbia Records, a Division of Sony Music Entertainment"
"spotify:track:7ikgdP2UytKecFM0AXSHxy","This Is Who I Am","spotify:artist:5M0fvL9GMc2zTuIIQwresj","Vanessa Amorosi","spotify:album:0QqO8gwHZ3pMMyCH2avhjA","Hazardous","spotify:artist:5M0fvL9GMc2zTuIIQwresj","Vanessa Amorosi","2009-01-01","https://i.scdn.co/image/ab67616d0000b2733c067733e9a98f81880ac2a9","1","1","205560","https://p.scdn.co/mp3-preview/10d7b32c3a070054a002142c469502cbcfebfafd?cid=9950ac751e34487dbbe027c4fd7f8e99","false","0","AUUM70902461","spotify:user:bradnumber1","2021-08-08T09:26:31Z","australian dance,australian pop,australian rock","0.583","0.959","9","-2.057","1","0.118","0.0435","0","0.131","0.564","146.071","4","","Universal Music Australia Pty. Ltd.","C © 2009 Universal Music Australia Pty Ltd., P This Compilation ℗ 2009 Universal Music Australia Pty Ltd."
"spotify:track:5J2CHimS7dWYMImCHkEFaJ","A Hard Day's Night - Remastered 2009","spotify:artist:3WrFJ7ztbogyGnTHbHJFl2","The Beatles","spotify:album:6wCttLq0ADzkPgtRnUihLV","A Hard Day's Night (Remastered)","spotify:artist:3WrFJ7ztbogyGnTHbHJFl2","The Beatles","1964-07-10","https://i.scdn.co/image/ab67616d0000b273e230f303815e82a86713eedd","1","1","154200","https://p.scdn.co/mp3-preview/b564b172bd88dec2a6919a579ae96b2164666605?cid=9950ac751e34487dbbe027c4fd7f8e99","false","65","GBAYE0601438","spotify:user:bradnumber1","2021-08-08T09:26:31Z","british invasion,classic rock,merseybeat,psychedelic rock,rock","0.59","0.805","0","-6.481","1","0.0371","0.137","0","0.0996","0.797","138.514","4","","EMI Catalogue","C © 2015 Apple Corps Ltd, P ℗ 2015 Calderstone Productions Limited (a division of Universal Music Group)"
"spotify:track:2FiceoWDJ67rrmb5tGBpgE","Ghost","spotify:artist:7nDsS0l5ZAzMedVRKPP8F1","Ella Henderson","spotify:album:6MAEuDumUgxsWaEWA6lddg","Ghost","spotify:artist:7nDsS0l5ZAzMedVRKPP8F1","Ella Henderson","2014-06-08","https://i.scdn.co/image/ab67616d0000b273512ff4274abb1477e82ffab1","1","1","216106","https://p.scdn.co/mp3-preview/8b140a154b2f880ba34a39ac185490a6255c094f?cid=9950ac751e34487dbbe027c4fd7f8e99","false","49","GBHMU1400029","spotify:user:bradnumber1","2021-08-08T09:26:31Z","dance pop,pop dance,talent show,uk pop","0.682","0.836","9","-3.777","1","0.0424","0.0464","0.00000313","0.0797","0.486","104.984","4","","Syco Music","P (P) 2014 Simco Limited"
"spotify:track:0hfVBwMwUL5rVXaczWERTm","Get That Jive - 2006 Remaster","spotify:artist:622HMYOaiqowUmcd5t3b7t","Dragon","spotify:album:1TxG8XGSYdrCZAIMbbUi9c","The Essential","spotify:artist:622HMYOaiqowUmcd5t3b7t","Dragon","2007-04-07","https://i.scdn.co/image/ab67616d0000b273a4b0aceea43b2f3d5f945a33","1","7","167266","https://p.scdn.co/mp3-preview/e99d9b2f9d91f85ec4960f7b60691666fba1c8ee?cid=9950ac751e34487dbbe027c4fd7f8e99","false","14","AUBM00601047","spotify:user:bradnumber1","2021-08-08T09:26:31Z","australian rock,kiwi rock","0.841","0.748","2","-6.279","1","0.0424","0.248","0","0.0526","0.872","120.859","4","","Columbia","P This compilation (P) 2007 SONY BMG MUSIC ENTERTAINMENT (AUSTRALIA) PTY LIMITED"
"spotify:track:1XAZlnVtthcDZt2NI1Dtxo","Justified & Ancient - Stand by the Jams","spotify:artist:6dYrdRlNZSKaVxYg5IrvCH","The KLF","spotify:album:4MC0ZjNtVP1nDD5lsLxFjc","Songs Collection","spotify:artist:6dYrdRlNZSKaVxYg5IrvCH","The KLF","1992-08-03","https://i.scdn.co/image/ab67616d0000b27355346bc1f268730f607f9544","1","3","216270","","false","0","QMARG1760056","spotify:user:bradnumber1","2020-03-05T09:20:39Z","acid house,ambient house,big beat,hip house","0.617","0.872","8","-12.305","1","0.048","0.0158","0.112","0.408","0.504","111.458","4","","Jams Communications","C 1992 Copyright Control, P 1992 Jams Communications"
"spotify:track:4F7whFNLTeLFUU73o8yO5u","Only You Can Love Me This Way","spotify:artist:0u2FHSq3ln94y5Q57xazwf","Keith Urban","spotify:album:41sBXDAGXQpwnI2uIkSrM5","Only You Can Love Me This Way","spotify:artist:0u2FHSq3ln94y5Q57xazwf","Keith Urban","2009-01-01","https://i.scdn.co/image/ab67616d0000b273208fddc6c7dec0bec4dad790","1","1","247680","https://p.scdn.co/mp3-preview/4e60117b7f72f802fbe436f995fd19f1f978bfa2?cid=9950ac751e34487dbbe027c4fd7f8e99","false","6","USCN10900128","spotify:user:bradnumber1","2021-08-08T09:26:31Z","contemporary country,country,country road","0.566","0.429","2","-9.478","1","0.0286","0.457","0.0000338","0.173","0.325","147.957","4","","Capitol Nashville","C © 2009 Capitol Records Nashville, P ℗ 2009 Capitol Records Nashville"
"spotify:track:51FpzuGkRYXFgsE2zXt9av","When a Man Loves a Woman","spotify:artist:3rRmDmzPcAFwcUDvG5gBqO","Percy Sledge","spotify:album:0lj5tDBUt1i1b1Llobu23M","When a Man Loves a Woman","spotify:artist:3rRmDmzPcAFwcUDvG5gBqO","Percy Sledge","1966","https://i.scdn.co/image/ab67616d0000b2730c8a01bf197adb9859044775","1","1","173866","https://p.scdn.co/mp3-preview/1c17133c13efb6f81e032f983bc90085b11281ea?cid=9950ac751e34487dbbe027c4fd7f8e99","false","68","USAT29902050","spotify:user:bradnumber1","2021-08-08T09:26:31Z","classic soul,rock-and-roll,soul,southern soul","0.516","0.15","1","-20.41","1","0.0272","0.13","0.0755","0.122","0.205","97.398","3","","Rhino Atlantic","C © 2004 Atlantic Recording Corp. Manufactured and Marketed by Warner Strategic Marketing, P ℗ 2004 Atlantic Recording Corp. Manufactured and Marketed by Warner Strategic Marketing"
"spotify:track:1J2tfINpEHRhCP8CUS15lE","The Message","spotify:artist:5hQCwevTf03u1rECrRMeop","Grandmaster Flash & The Furious Five","spotify:album:27nbxiTBXjPktVWud25VlD","The Message - EP","spotify:artist:5hQCwevTf03u1rECrRMeop","Grandmaster Flash & The Furious Five","1982-01-01","https://i.scdn.co/image/ab67616d0000b2730c8cb362dfe988de65fdda58","1","2","193000","https://p.scdn.co/mp3-preview/009cf3fc57e6524424fdc469bb53d1cbc86a8154?cid=9950ac751e34487dbbe027c4fd7f8e99","false","0","GBAJE0609113","spotify:user:bradnumber1","2021-08-08T09:26:31Z","bronx hip hop,old school hip hop","0.926","0.816","2","-7.072","1","0.221","0.042","0","0.114","0.777","100.757","4","","Sanctuary Records","C © 2000 Sanctuary Records Group Ltd., a BMG Company, P ℗ 2000 Sanctuary Records Group Ltd., a BMG Company"
"spotify:track:72yP0DUlWPyH8P7IoxskwN","Hold Me Closer","spotify:artist:3PhoLpVuITZKcymswpck5b, spotify:artist:26dSoYclwsYLMAKD3tpOr4","Elton John, Britney Spears","spotify:album:4QQWpCEX4BxMXwRQmtkKY6","Hold Me Closer","spotify:artist:3PhoLpVuITZKcymswpck5b, spotify:artist:26dSoYclwsYLMAKD3tpOr4","Elton John, Britney Spears","2022-08-26","https://i.scdn.co/image/ab67616d0000b2735d872e7b0c1ba964541f07e8","1","1","202245","https://p.scdn.co/mp3-preview/49c34ce9f351cb5b5402f91886df6b720d149beb?cid=9950ac751e34487dbbe027c4fd7f8e99","false","70","GBUM72205030","spotify:user:bradnumber1","2022-08-26T05:41:55Z","glam rock,mellow gold,piano rock,rock,dance pop,pop","0.667","0.75","0","-4.602","1","0.0906","0.0746","0.000198","0.197","0.486","126.041","4","","EMI","C © 2022 WAB Recording Limited, under exclusive licence to Mercury Records Limited, P ℗ 2022 WAB Recording Limited, under exclusive licence to Mercury Records Limited"
"spotify:track:6ZUHky4ifmhzZmdt1Z2f3x","Goodbye","spotify:artist:6ieVhWXtOmK6DO6dmX7Eko","Sneaky Sound System","spotify:album:3POXlpDv0cikb180eu6k5j","Sneaky Sound System","spotify:artist:6ieVhWXtOmK6DO6dmX7Eko","Sneaky Sound System","2006","https://i.scdn.co/image/ab67616d0000b2731e54836b82f6407233f06197","1","7","294133","https://p.scdn.co/mp3-preview/b28ac5a5632d26d7a460c80b8a16c80816db1cbc?cid=9950ac751e34487dbbe027c4fd7f8e99","false","22","AUQK00600020","spotify:user:bradnumber1","2021-08-08T09:26:31Z","australian dance,australian house,funktronica","0.728","0.912","9","-4.725","0","0.0486","0.0695","0.00796","0.229","0.687","119.991","4","","Whack Records","C 2006 Whack Records, P 2006 Whack Records"
"spotify:track:5a3L9h9YfI96BMs4QaKJ67","Music To My Heart","spotify:artist:0repuWOrxA3wK6vdP99hoZ, spotify:artist:1aXgASMjQp7OqVFWYE4RKZ","Shab, Martinez Twins","spotify:album:7tkBdkUlfzphtKxAC0tCZm","Music To My Heart","spotify:artist:0repuWOrxA3wK6vdP99hoZ","Shab","2021-07-23","https://i.scdn.co/image/ab67616d0000b273499fea60752371fa22445b89","1","1","176282","https://p.scdn.co/mp3-preview/102265c34849116db9d7bc1a56c60a0981abecc9?cid=9950ac751e34487dbbe027c4fd7f8e99","false","3","QZK6P2120757","spotify:user:bradnumber1","2021-08-08T09:26:31Z","social media pop","0.755","0.796","4","-7.017","0","0.0505","0.00773","0.00031","0.0502","0.509","116.877","4","","Shabnam Music LLC","C 2021 Shabnam Music LLC, P 2021 Shabnam Music LLC"
"spotify:track:7K3BhSpAxZBznislvUMVtn","Last Night","spotify:artist:4oUHIQIBe0LHzYfvXNW4QM","Morgan Wallen","spotify:album:6i7mF7whyRJuLJ4ogbH2wh","One Thing At A Time","spotify:artist:4oUHIQIBe0LHzYfvXNW4QM","Morgan Wallen","2023-03-03","https://i.scdn.co/image/ab67616d0000b273705079df9a25a28b452c1fc9","1","2","163854","https://p.scdn.co/mp3-preview/48760562c770591058c71d16a5ac81d3833e72d2?cid=9950ac751e34487dbbe027c4fd7f8e99","true","81","USUG12300802","spotify:user:bradnumber1","2023-05-07T11:59:25Z","contemporary country","0.492","0.673","6","-5.431","1","0.0347","0.413","0","0.137","0.488","203.812","4","","Big Loud Records / Mercury Records / Republic Records","C © 2023 Big Loud Records, under exclusive license to Mercury Records/Republic Records, a division of UMG Recordings, Inc., P ℗ 2023 Big Loud Records, under exclusive license to Mercury Records/Republic Records, a division of UMG Recordings, Inc."
"spotify:track:5Ee3eEEutXbUsMYGD2rbTT","Hold Me Now","spotify:artist:27rXetqqGSi2spXzggwehc","Johnny Logan","spotify:album:6gqFJdUfnnDx0PttSUlGFh","4 Hits","spotify:artist:27rXetqqGSi2spXzggwehc","Johnny Logan","2011-09-16","https://i.scdn.co/image/ab67616d0000b27398c25bc79dab56d03dc7b47b","1","1","183960","https://p.scdn.co/mp3-preview/a82dd4c315c159ad72fc20398014c3d4e09b5870?cid=9950ac751e34487dbbe027c4fd7f8e99","false","38","GBBBM8700015","spotify:user:bradnumber1","2021-08-08T09:26:31Z","dansktop","0.433","0.28","5","-12.781","1","0.0378","0.678","0","0.094","0.263","149.519","4","","Sony Music UK","P This Compilation (P) 2011 Sony Music Entertainment UK Limited"
"spotify:track:0TMrV95mP7sDlvbE4iVfKP","Be-Bop-A-Lula","spotify:artist:7lKaTIgVek1R2lqpCulQmq","Gene Vincent & His Blue Caps","spotify:album:6NtLwlr1uXEOWDLjZzI4qu","The Rock N' Roll Collection","spotify:artist:5VAHm7V5mnsxvQrWw3KHmx","Gene Vincent","1996-01-01","https://i.scdn.co/image/ab67616d0000b2739bfc8d8afee215b2dff3a242","1","26","157206","https://p.scdn.co/mp3-preview/70772872ddd46fcf38f505c2be1b81c0f95cc3c1?cid=9950ac751e34487dbbe027c4fd7f8e99","false","37","USCA28800076","spotify:user:bradnumber1","2024-01-02T05:24:17Z","rock-and-roll,rockabilly","0.607","0.561","9","-10.099","1","0.0425","0.421","0","0.298","0.841","127.638","3","","EMI Gold","C © 2004 EMI Records Ltd, P This Compilation ℗ 1996 EMI Records Ltd"
"spotify:track:2O2n8eF4e7qfeUGcFwWQFp","The Dead Heart","spotify:artist:72KyoXzp0NOQij6OcmZUxk","Midnight Oil","spotify:album:4tSyLb9l1xuqGBxjv1jiLn","Diesel And Dust","spotify:artist:72KyoXzp0NOQij6OcmZUxk","Midnight Oil","1987-06-22","https://i.scdn.co/image/ab67616d0000b273fa49ec77079f6b25edaebd32","1","6","310893","https://p.scdn.co/mp3-preview/1ac7d350d16ace12bb4c647d68e45c1803756161?cid=9950ac751e34487dbbe027c4fd7f8e99","false","0","AUSM09800195","spotify:user:bradnumber1","2021-08-08T09:26:31Z","australian rock,new romantic","0.628","0.6","11","-16.276","0","0.03","0.0293","0.000136","0.0653","0.692","136.225","4","","Columbia","P (P) 1987 Midnight Oil"
"spotify:track:4YBIuDWPsVy9pXLCUBORZN","The Living Years","spotify:artist:2yTUYhIf8fxptTIy3KLuJD","Mike + The Mechanics","spotify:album:2Ip0kyHG3zLfmlPJWZsfLB","Living Years","spotify:artist:2yTUYhIf8fxptTIy3KLuJD","Mike + The Mechanics","1988-10-28","https://i.scdn.co/image/ab67616d0000b273500b8a5da9e1eb7507f11404","1","2","332333","https://p.scdn.co/mp3-preview/c148a0f35898494fe03236181269b93abcb7a893?cid=9950ac751e34487dbbe027c4fd7f8e99","false","2","GBHJD8800002","spotify:user:bradnumber1","2021-08-08T09:26:31Z","album rock,mellow gold,new romantic,new wave,new wave pop,soft rock","0.527","0.429","8","-12.431","1","0.0321","0.655","0","0.0865","0.277","97.893","4","","BMG Rights Management (UK) Ltd","C © 1988 Michael Rutherford Limited, under exclusive licence to BMG Rights Management (UK) Limited, P ℗ 1988 Michael Rutherford Limited, under exclusive licence to BMG Rights Management (UK) Limited"
"spotify:track:3EfugazgSddQvzZpkof5I4","Ciao Adios","spotify:artist:1zNqDE7qDGCsyzJwohVaoX","Anne-Marie","spotify:album:7BaS787qIlgKTMOFR2e91E","Ciao Adios","spotify:artist:1zNqDE7qDGCsyzJwohVaoX","Anne-Marie","2017-02-10","https://i.scdn.co/image/ab67616d0000b27319f06fd0fc43d3ebed4f041d","1","1","200104","https://p.scdn.co/mp3-preview/34a82f1ffa581dcab005deed60a44ffdb779b8ea?cid=9950ac751e34487dbbe027c4fd7f8e99","false","50","GBAHS1700195","spotify:user:bradnumber1","2021-08-08T09:26:31Z","pop","0.698","0.882","4","-3.078","0","0.0863","0.127","0","0.15","0.445","106.083","4","","Atlantic Records UK","C © 2017 Major Tom's / Asylum Records, a division of Warner Music UK Limited, P ℗ 2017 Major Tom's / Asylum Records, a division of Warner Music UK Limited"
"spotify:track:748mdHapucXQri7IAO8yFK","Kiss Me More (feat. SZA)","spotify:artist:5cj0lLjcoR7YOSnhnX0Po5, spotify:artist:7tYKF4w9nC0nq9CsPZTHyP","Doja Cat, SZA","spotify:album:1OnzqJTL9bwe4kvaLxRYxt","Kiss Me More (feat. SZA)","spotify:artist:5cj0lLjcoR7YOSnhnX0Po5, spotify:artist:7tYKF4w9nC0nq9CsPZTHyP","Doja Cat, SZA","2021-04-09","https://i.scdn.co/image/ab67616d0000b2736c031afd210aed3084f80956","1","1","208866","https://p.scdn.co/mp3-preview/e3ea7622ca746e1e96c3dac7d7e07b7ccfdeb3f1?cid=9950ac751e34487dbbe027c4fd7f8e99","true","72","USRC12100543","spotify:user:bradnumber1","2021-08-08T09:26:31Z","dance pop,pop,pop,r&b,rap","0.762","0.701","8","-3.541","1","0.0286","0.235","0.000158","0.123","0.742","110.968","4","","Kemosabe Records/RCA Records","P (P) 2021 Kemosabe Records/RCA Records"
"spotify:track:6v3KW9xbzN5yKLt9YKDYA2","Señorita","spotify:artist:7n2wHs1TKAczGzO7Dd2rGr, spotify:artist:4nDoRrQiYLoBzwC5BhVJzF","Shawn Mendes, Camila Cabello","spotify:album:0xzScN8P3hQAz3BT3YYX5w","Shawn Mendes (Deluxe)","spotify:artist:7n2wHs1TKAczGzO7Dd2rGr","Shawn Mendes","2019-06-19","https://i.scdn.co/image/ab67616d0000b273c820f033bd82bef4355d1563","1","1","190799","https://p.scdn.co/mp3-preview/cf6ae4e497f91c285cc57ec2be36bbad2133af47?cid=9950ac751e34487dbbe027c4fd7f8e99","false","79","USUM71911283","spotify:user:bradnumber1","2021-08-08T09:26:31Z","canadian pop,pop,viral pop,dance pop,pop","0.759","0.548","9","-6.049","0","0.0289","0.0379","0","0.0828","0.75","116.963","4","","Island Records","C © 2019 Island Records, a division of UMG Recordings, Inc., P ℗ 2019 Island Records, a division of UMG Recordings, Inc."
"spotify:track:4msPRe3NEDVL6dsBcE7AhL","Get Down Tonight","spotify:artist:3mQBpAOMWYqAZyxtyeo4Lo","KC & The Sunshine Band","spotify:album:6ufis2iWp3hrox9QJfg5Jq","KC & the Sunshine Band... and More","spotify:artist:3mQBpAOMWYqAZyxtyeo4Lo","KC & The Sunshine Band","1994-12-13","https://i.scdn.co/image/ab67616d0000b273c15e8983eef55e19f9b73ff3","1","3","317106","https://p.scdn.co/mp3-preview/f13d677d6b6aa588fe2c4c9c13606453f98025a1?cid=9950ac751e34487dbbe027c4fd7f8e99","false","47","USRH10175351","spotify:user:bradnumber1","2021-08-08T09:26:31Z","disco,mellow gold,new wave pop,soft rock,soul","0.669","0.754","10","-12.223","1","0.0279","0.134","0.0069","0.46","0.906","112.683","4","","Rhino","C © 2004 Warner Strategic Marketing., P ℗ 2004 Warner Strategic Marketing."
"spotify:track:6vXZs9rEQF7Nd6O8Ue7NrT","Are You Lonesome Tonight","spotify:artist:43ZHCT0cAZBISjO8DG9PnE","Elvis Presley","spotify:album:5Iec810oL6PorbyBVjLnmD","Elvis' Golden Records, Vol. 3","spotify:artist:43ZHCT0cAZBISjO8DG9PnE","Elvis Presley","1963-08-11","https://i.scdn.co/image/ab67616d0000b273a22455d1ff7031adeaa90a40","1","7","187026","https://p.scdn.co/mp3-preview/588debdf394dba1797e627e3c2de04385aa0c7d3?cid=9950ac751e34487dbbe027c4fd7f8e99","false","48","USRC16005290","spotify:user:bradnumber1","2021-08-08T09:26:31Z","rock-and-roll,rockabilly","0.355","0.0922","7","-17.747","1","0.0515","0.918","0.000702","0.106","0.191","65.952","3","","RCA/Legacy","P (P) 1963 Sony Music Entertainment"
"spotify:track:0lxt6J01WBpovNFVF87Yqa","Friday I'm In Love","spotify:artist:7bu3H8JO7d0UbMoVzbo70s","The Cure","spotify:album:093amtf9s8VkIdUtvd2Tap","Greatest Hits","spotify:artist:7bu3H8JO7d0UbMoVzbo70s","The Cure","2001-01-01","https://i.scdn.co/image/ab67616d0000b273041dc87f77396196f0f41c64","1","14","214400","https://p.scdn.co/mp3-preview/cec1354528994036af2867729ecdccc2af61068d?cid=9950ac751e34487dbbe027c4fd7f8e99","false","44","GBALB9200002","spotify:user:bradnumber1","2021-08-08T09:26:31Z","new wave,permanent wave,rock,uk post-punk","0.553","0.946","7","-4.249","0","0.0383","0.00106","0.000655","0.368","0.458","135.977","4","","Polydor Records","C © 2001 Polydor Ltd. (UK), P This Compilation ℗ 2001 Fiction Records Ltd."
"spotify:track:59qPP8coY8EWIQ9nQDThui","Give It 2 Me","spotify:artist:6tbjWDEIzxoDsBA1FuhfPW","Madonna","spotify:album:1Ms3J8LcSCMH29tG5bSKLu","Hard Candy","spotify:artist:6tbjWDEIzxoDsBA1FuhfPW","Madonna","2008-04-19","https://i.scdn.co/image/ab67616d0000b273ca17b707a24b6ccae72e3a15","1","3","287906","https://p.scdn.co/mp3-preview/f5937e3a63a29606ffce664d58fc243953864420?cid=9950ac751e34487dbbe027c4fd7f8e99","false","54","USWB10800779","spotify:user:bradnumber1","2021-08-08T09:26:31Z","dance pop,pop","0.837","0.954","8","-3.512","0","0.0414","0.0933","0.000405","0.143","0.972","127.019","4","","Warner Records","C 2008 Warner Records Inc., P 2008 Warner Records Inc."
"spotify:track:0TK2YIli7K1leLovkQiNik","Señorita","spotify:artist:7n2wHs1TKAczGzO7Dd2rGr, spotify:artist:4nDoRrQiYLoBzwC5BhVJzF","Shawn Mendes, Camila Cabello","spotify:album:2ZaX1FdZCwchXl1QZiD4O4","Señorita","spotify:artist:7n2wHs1TKAczGzO7Dd2rGr, spotify:artist:4nDoRrQiYLoBzwC5BhVJzF","Shawn Mendes, Camila Cabello","2019-06-21","https://i.scdn.co/image/ab67616d0000b273e6095c382c2853667c1623eb","1","1","190960","https://p.scdn.co/mp3-preview/04d8cbecae212d9c0ade5ae9c9b7227b101c99b5?cid=9950ac751e34487dbbe027c4fd7f8e99","false","75","USUM71911283","spotify:user:bradnumber1","2021-08-08T09:26:31Z","canadian pop,pop,viral pop,dance pop,pop","0.759","0.54","9","-6.039","0","0.0287","0.037","0","0.0945","0.75","116.947","4","","Island Records","C © 2019 Island Records, a division of UMG Recordings, Inc., P ℗ 2019 Island Records, a division of UMG Recordings, Inc."
"spotify:track:3LLeJjCRRkTLmkQIUJuHCT","Feelin' Alright","spotify:artist:6Q8cPPtM6vgTZO2iaVOjEk","E.Y.C.","spotify:album:4RMTObzJkGFe2YrQLgZdCT","Express Yourself Clearly (U.S. Version)","spotify:artist:6Q8cPPtM6vgTZO2iaVOjEk","E.Y.C.","1993-01-01","https://i.scdn.co/image/ab67616d0000b2730d4a9b5b99ead017938e4f78","1","1","250106","https://p.scdn.co/mp3-preview/16cba1b28e2b21f55105b7a3d3e03d8d46e4fbbf?cid=9950ac751e34487dbbe027c4fd7f8e99","false","12","USGA19239693","spotify:user:bradnumber1","2021-08-08T09:26:31Z","","0.754","0.81","11","-9.779","0","0.0741","0.00277","0.00000617","0.914","0.783","111.484","4","","Geffen","C © 1993 UMG Recordings, Inc., P ℗ 1993 UMG Recordings, Inc."
"spotify:track:09TpJe9jnom4mB2DDhZKkB","Do You Want To","spotify:artist:0XNa1vTidXlvJ2gHSsRi4A","Franz Ferdinand","spotify:album:4aJKZKk3jb1oz7wb0OKLTw","You Could Have It So Much Better","spotify:artist:0XNa1vTidXlvJ2gHSsRi4A","Franz Ferdinand","2005-10-03","https://i.scdn.co/image/ab67616d0000b273216ecd248fb9acb4bb8cf19f","1","2","215000","https://p.scdn.co/mp3-preview/4a6b19820cda3b99e6111bcc0383d5ed3f126e7a?cid=9950ac751e34487dbbe027c4fd7f8e99","false","0","GBCEL0500855","spotify:user:bradnumber1","2021-08-08T09:26:31Z","alternative rock,dance rock,indie rock,modern rock,rock,scottish rock","0.414","0.939","0","-2.887","1","0.047","0.0884","0.000612","0.81","0.748","123.091","4","","Domino Records","C 2005 Domino Recording co, P 2005 Domino Recording Co"
"spotify:track:4tmzLB4caxMSZDgWujR7sH","Can't Get Enough of Your Love","spotify:artist:32lVGr0fSRGT6okLKHiP68","Taylor Dayne","spotify:album:1wSk4NvNUF3BB9jju2S6Qk","Greatest Hits","spotify:artist:32lVGr0fSRGT6okLKHiP68","Taylor Dayne","1995-11-06","https://i.scdn.co/image/ab67616d0000b27379330c9bab1cb934df07b969","1","4","266533","https://p.scdn.co/mp3-preview/01bf8a229a644c6b8f775d8a0cf7163d2b53e163?cid=9950ac751e34487dbbe027c4fd7f8e99","false","25","USAR19300010","spotify:user:bradnumber1","2021-08-08T09:26:31Z","freestyle,hi-nrg,new romantic,new wave pop,soft rock,synthpop","0.689","0.743","5","-8.483","1","0.0337","0.0215","0.0000947","0.106","0.644","108.179","4","","Arista","P (P) 1995 Arista Records, Inc."
"spotify:track:7hJBjMGJHHQ4cR4Jhzp1d1","It Ain't Me, Babe (with June Carter Cash)","spotify:artist:6kACVPfCOnqzgfEF5ryl0x, spotify:artist:0ZnY6mQmgr2yZarjry68td","Johnny Cash, June Carter Cash","spotify:album:4E2eUhFHqTG2pu9MN1NDIF","The Essential Johnny Cash","spotify:artist:6kACVPfCOnqzgfEF5ryl0x","Johnny Cash","2002-02-12","https://i.scdn.co/image/ab67616d0000b273c17beab3e27f18af397a00b2","2","1","182960","https://p.scdn.co/mp3-preview/ad3fd33eff1e72a7c308f11f399a7a6fef1b6193?cid=9950ac751e34487dbbe027c4fd7f8e99","false","45","USSM19901956","spotify:user:bradnumber1","2021-08-08T09:26:31Z","arkansas country,outlaw country,rock,country","0.634","0.587","2","-6.595","1","0.03","0.271","0","0.165","0.623","105.642","4","","Columbia/Legacy","P This compilation (P) 2002 Sony Music Entertainment"
"spotify:track:663iGCIjbc3DfpGOooKvDR","Remember The Name (feat. Eminem & 50 Cent)","spotify:artist:6eUKZXaKkcviH0Ku9w2n3V, spotify:artist:7dGJo4pcD2V6oG8kP0tJRR, spotify:artist:3q7HBObVc0L8jNeTe5Gofh","Ed Sheeran, Eminem, 50 Cent","spotify:album:5oUZ9TEZR3wOdvqzowuNwl","No.6 Collaborations Project","spotify:artist:6eUKZXaKkcviH0Ku9w2n3V","Ed Sheeran","2019-07-12","https://i.scdn.co/image/ab67616d0000b273d154d078766c19a437520f15","1","8","206443","https://p.scdn.co/mp3-preview/e23ac8cb8d62b3a9211e9c82645bcd3175ee5773?cid=9950ac751e34487dbbe027c4fd7f8e99","false","32","GBAHS1900965","spotify:user:bradnumber1","2021-08-08T09:26:31Z","pop,singer-songwriter pop,uk pop,detroit hip hop,hip hop,rap,east coast hip hop,gangster rap,hip hop,pop rap,queens hip hop,rap","0.863","0.649","11","-7.194","0","0.156","0.196","0","0.782","0.76","91.018","4","","Atlantic Records UK","C © 2019 Warner Music UK Limited., P ℗ 2019 An Asylum Records UK release, a division of Atlantic Records UK; ℗ 2019 Warner Music UK Limited except track 6 ℗ 2019 Warner Music UK / Def Jam Recordings, a division of UMG Recordings, Inc"
"spotify:track:2PzU4IB8Dr6mxV3lHuaG34","(I Can't Get No) Satisfaction - Mono Version","spotify:artist:22bE4uQ6baNwSHPVcDxLCe","The Rolling Stones","spotify:album:2Q5MwpTmtjscaS34mJFXQQ","Out Of Our Heads","spotify:artist:22bE4uQ6baNwSHPVcDxLCe","The Rolling Stones","1965-07-30","https://i.scdn.co/image/ab67616d0000b27305c5be85b64eaff732f7cb0b","1","7","222813","https://p.scdn.co/mp3-preview/22782e4be2eb4daa12edd8882a894ffda3601b43?cid=9950ac751e34487dbbe027c4fd7f8e99","false","76","USA176510160","spotify:user:bradnumber1","2021-08-08T09:26:31Z","album rock,british invasion,classic rock,rock","0.723","0.863","2","-7.89","1","0.0338","0.0383","0.0317","0.128","0.931","136.302","4","","ABKCO Music and Records, Inc.","C © 2002 ABKCO Music & Records Inc., P This Compilation ℗ 2002 ABKCO Music & Records Inc."
"spotify:track:2sqV4WwUD6Rydqciys8jtn","Million Man","spotify:artist:2hrWpLNoJcs1EnWSXvB6JI","The Rubens","spotify:album:7avCH7Vpo5bCwY6ny2rY7e","Million Man","spotify:artist:2hrWpLNoJcs1EnWSXvB6JI","The Rubens","2017-10-27","https://i.scdn.co/image/ab67616d0000b27302b953f3e51720ae6b883db7","1","1","192106","https://p.scdn.co/mp3-preview/b879297ba10705a130de8084773391d0b9f79822?cid=9950ac751e34487dbbe027c4fd7f8e99","false","0","AULI01713610","spotify:user:bradnumber1","2021-08-08T09:26:31Z","australian indie","0.472","0.544","9","-5.611","1","0.0997","0.203","0","0.0986","0.312","98.873","4","","Ivy League Records","C 2017 Ivy League Records, P 2017 Ivy League Records"
"spotify:track:4p4dnZ9OYGueoEEgSVxuSp","Woke Up Late (feat. Hailee Steinfeld)","spotify:artist:6S0IvKlvPMX1RtAYtVpUV8, spotify:artist:5p7f24Rk5HkUZsaS3BLG5F","Drax Project, Hailee Steinfeld","spotify:album:1uBbqmHrxYPojH0nmgkfxB","Woke Up Late (feat. Hailee Steinfeld)","spotify:artist:6S0IvKlvPMX1RtAYtVpUV8","Drax Project","2019-01-21","https://i.scdn.co/image/ab67616d0000b273ef635be4ae36861e339b4acf","1","1","181859","https://p.scdn.co/mp3-preview/0248b8fc994b24cb13e23a0f406897c85180554e?cid=9950ac751e34487dbbe027c4fd7f8e99","false","40","QMCE31801829","spotify:user:bradnumber1","2021-08-08T09:26:31Z","nz pop,pop","0.698","0.66","2","-5.429","0","0.083","0.043","0","0.186","0.351","119.214","4","","EMI Recorded Music Australia Pty Ltd (Distribution)","C © 2019 Drax Project Limited, P ℗ 2019 Drax Project Limited"
"spotify:track:4ULXog8YFsG5RFPwr1ukAT","Better in Time","spotify:artist:5lKZWd6HiSCLfnDGrq9RAm","Leona Lewis","spotify:album:3upijI443B2Al8Q0gqmRX2","Spirit","spotify:artist:5lKZWd6HiSCLfnDGrq9RAm","Leona Lewis","2008-01-28","https://i.scdn.co/image/ab67616d0000b273e7baad992ac4008772c8a069","1","4","234600","https://p.scdn.co/mp3-preview/7bcfb35c4462c88e69dfde3a2568b84cf26d0510?cid=9950ac751e34487dbbe027c4fd7f8e99","false","16","GBHMU0700069","spotify:user:bradnumber1","2021-08-08T09:26:31Z","british soul,dance pop,pop,talent show","0.585","0.707","6","-4.207","1","0.0511","0.525","0.0000319","0.144","0.518","163.962","4","","Syco Music UK","P (P) 2007 Simco Limited under exclusive license to Sony Music Entertainment UK Limited"
"spotify:track:3uHHFUxskdOEs5P5xPdmcz","Fortune Teller - Mono","spotify:artist:22bE4uQ6baNwSHPVcDxLCe","The Rolling Stones","spotify:album:5nKpMsduwp5xqCKq2IbSKv","The Rolling Stones In Mono (Remastered 2016)","spotify:artist:22bE4uQ6baNwSHPVcDxLCe","The Rolling Stones","1966-01-01","https://i.scdn.co/image/ab67616d0000b2738d1570a03b9354518f0b618b","15","5","139800","https://p.scdn.co/mp3-preview/3166a339a2ec24740c6aa926c61b8affc6c64814?cid=9950ac751e34487dbbe027c4fd7f8e99","false","13","USA171610133","spotify:user:bradnumber1","2021-08-08T09:26:31Z","album rock,british invasion,classic rock,rock","0.475","0.937","1","-7.53","0","0.102","0.19","0.0000013","0.0722","0.516","172.566","4","","ABKCO Music & Records, Inc.","C © 2016 ABKCO Music & Records, Inc., P ℗ 2016 This compilation ABKCO Music & Records, Inc."
"spotify:track:608xszaAxVh4m7NcKJiAbF","One of These Nights - 2013 Remaster","spotify:artist:0ECwFtbIWEVNwjlrfc6xoL","Eagles","spotify:album:0F77QekrNe8vVAjU2sepja","One of These Nights (2013 Remaster)","spotify:artist:0ECwFtbIWEVNwjlrfc6xoL","Eagles","1975-06-10","https://i.scdn.co/image/ab67616d0000b2735d0a8e54aba5181c79593b94","1","1","291685","https://p.scdn.co/mp3-preview/076bad35fd16728e29c5f0a33a7363745c775345?cid=9950ac751e34487dbbe027c4fd7f8e99","false","71","USEE11300344","spotify:user:bradnumber1","2022-08-26T01:21:49Z","album rock,classic rock,heartland rock,mellow gold,rock,soft rock,yacht rock","0.655","0.606","7","-10.385","1","0.0285","0.0603","0.0789","0.0757","0.765","110.061","4","","Rhino/Elektra","C © 1975 Asylum Records, P ℗ 1975 Asylum Records. Marketed by Warner Strategic Marketing, a Warner Music Group Company."
"spotify:track:0dPfKBYyPmoSfoLJqeKAs4","Don't Worry","spotify:artist:0Xi59sEw38vRvwleSAVqoo","Marty Robbins","spotify:album:74rRdoFP8aO3ZhY8MeZK0m","The Story Of My Life: The Best Of Marty Robbins 1952-1965","spotify:artist:0Xi59sEw38vRvwleSAVqoo","Marty Robbins","1996-03-12","https://i.scdn.co/image/ab67616d0000b273de6a96b9d62a611e4ffc7756","1","12","194160","https://p.scdn.co/mp3-preview/900638bb8f3c65a8ab80761ba4df458487575672?cid=9950ac751e34487dbbe027c4fd7f8e99","false","36","USSM16000002","spotify:user:bradnumber1","2021-08-08T09:26:31Z","cowboy western,nashville sound","0.648","0.165","4","-16.446","1","0.0348","0.879","0.000216","0.13","0.435","99.585","4","","Columbia/Legacy","P (P) 1996 SONY BMG MUSIC ENTERTAINMENT"
"spotify:track:6OGogr19zPTM4BALXuMQpF","Take My Breath - Single Version","spotify:artist:1Xyo4u8uXC1ZmMpatF05PJ","The Weeknd","spotify:album:6DmXKM13nNgIIby2FdK0f8","Take My Breath","spotify:artist:1Xyo4u8uXC1ZmMpatF05PJ","The Weeknd","2021-08-06","https://i.scdn.co/image/ab67616d0000b2733c041e53cb5c38b6de03e758","1","1","220196","https://p.scdn.co/mp3-preview/fa1192d045a0f096c4a0cea296ab9d25ab22e29e?cid=9950ac751e34487dbbe027c4fd7f8e99","false","61","USUG12102076","spotify:user:bradnumber1","2021-08-08T09:26:31Z","canadian contemporary r&b,canadian pop,pop","0.748","0.74","8","-6.01","1","0.0484","0.0107","0.0000218","0.101","0.518","121.004","4","","XO / Republic Records","C © 2021 The Weeknd XO, Inc., marketed by Republic Records, a division of UMG Recordings, Inc., P ℗ 2021 The Weeknd XO, Inc., marketed by Republic Records, a division of UMG Recordings, Inc."
"spotify:track:1ohbjkuczl6hEoYEo931PH","Sing Hallelujah!","spotify:artist:6BkcAbUkfIBM4XudxieMq8","Dr. Alban","spotify:album:5YPI9qfm2uuMxlq4CEUOFu","One Love (2nd Edition)","spotify:artist:6BkcAbUkfIBM4XudxieMq8","Dr. Alban","1992-05-04","https://i.scdn.co/image/ab67616d0000b273a00ecc3de0f1456c5b79d532","1","4","240933","https://p.scdn.co/mp3-preview/7a3d1affa0fbca517e889c126a9a9bc5ffe3bfb6?cid=9950ac751e34487dbbe027c4fd7f8e99","false","0","DEA819200295","spotify:user:bradnumber1","2021-08-08T09:26:31Z","eurodance,europop,hip house","0.759","0.822","5","-7.268","0","0.0367","0.00136","0.0167","0.131","0.94","124.713","4","","Ariola-Logic","P 1992 SONY BMG MUSIC ENTERTAINMENT (GERMANY) GmbH"
"spotify:track:2DNdEpV9UnsYjL6w1Dp1aS","That's Not My Name","spotify:artist:2wvUfjKGoXvcnDHq7GgMOa","The Ting Tings","spotify:album:1aWIPcWf3fDEZT6geXjCfU","We Started Nothing","spotify:artist:2wvUfjKGoXvcnDHq7GgMOa","The Ting Tings","2008-07-29","https://i.scdn.co/image/ab67616d0000b273ec6fe061998b64d43e81987c","1","2","310573","https://p.scdn.co/mp3-preview/7581d37ad411cfa1c671605798429c2adc0c3052?cid=9950ac751e34487dbbe027c4fd7f8e99","false","44","GBARL0800038","spotify:user:bradnumber1","2021-08-08T09:26:31Z","alternative dance,dance-punk,electropop,neo-synthpop,new rave","0.755","0.901","9","-3.152","1","0.0893","0.0451","0.0373","0.363","0.959","145.042","4","","Columbia","P (P) 2007, 2008 Sony BMG Music Entertainment (UK) Limited"
"spotify:track:70on8632PmtkPhed7jLKWN","Someone","spotify:artist:3BmGtnKgCSGYIUhmivXKWX","Kelly Clarkson","spotify:album:2puALR81qCmKmbOyuHAI94","Piece By Piece (Deluxe Version)","spotify:artist:3BmGtnKgCSGYIUhmivXKWX","Kelly Clarkson","2016-03-04","https://i.scdn.co/image/ab67616d0000b27314e69bc0f311b329601b279a","1","3","219880","https://p.scdn.co/mp3-preview/7e5d5e69043a4e5edd5712d1af7311302c1555b2?cid=9950ac751e34487dbbe027c4fd7f8e99","false","26","GBCTA1500003","spotify:user:bradnumber1","2021-08-08T09:26:31Z","dance pop,pop,talent show","0.578","0.651","8","-6.924","1","0.0424","0.368","0","0.103","0.0931","127.967","4","","RCA Records Label","P (P) 2016 19 Recordings Limited under exclusive license to RCA Records"
"spotify:track:5NUXE8W12lWcUXgJRCjeEw","One Too Many","spotify:artist:0u2FHSq3ln94y5Q57xazwf, spotify:artist:1KCSPY1glIKqW2TotWuXOR","Keith Urban, P!nk","spotify:album:5j5ngp5GBH7zW3RhHljRK9","One Too Many","spotify:artist:0u2FHSq3ln94y5Q57xazwf, spotify:artist:1KCSPY1glIKqW2TotWuXOR","Keith Urban, P!nk","2020-09-16","https://i.scdn.co/image/ab67616d0000b273f2a428f109f825ec22c64656","1","1","203893","https://p.scdn.co/mp3-preview/de7ed8fbb2d5de82553d1daadc6c2728a9a30a40?cid=9950ac751e34487dbbe027c4fd7f8e99","false","60","USUG12002935","spotify:user:bradnumber1","2021-08-08T09:26:31Z","contemporary country,country,country road,dance pop,pop","0.697","0.535","4","-6.504","1","0.068","0.247","0","0.569","0.594","82.959","4","","Keith Urban LP11","C © 2020 Hit Red Records, under exclusive license to UMG Recordings, Inc., P ℗ 2020 Hit Red Records, under exclusive license to UMG Recordings, Inc."
"spotify:track:2h0HkReHGCQPOEDZXEMcTO","Special Needs","spotify:artist:6RZUqkomCmb8zCRqc9eznB","Placebo","spotify:album:4fUDor6o5gw0b18iYKEaRq","Sleeping With Ghosts","spotify:artist:6RZUqkomCmb8zCRqc9eznB","Placebo","2003-03-24","https://i.scdn.co/image/ab67616d0000b2736745a70abfc25f45612c4d32","1","8","315986","https://p.scdn.co/mp3-preview/0a5e1d1a5d84cc8dce350c204d10b666ee32a38a?cid=9950ac751e34487dbbe027c4fd7f8e99","false","0","GBAAA0201210","spotify:user:bradnumber1","2021-08-08T09:26:31Z","alternative rock,britpop,permanent wave,rock","0.301","0.571","8","-10.152","0","0.0332","0.00082","0.8","0.0851","0.0412","178.084","4","","Elevator Lady Ltd","C 2015 Elevator Lady Ltd, P 2003 Elevator Lady Ltd"
"spotify:track:2bfsHVgRsnSANN3SJ4sPt2","Oh Boy!","spotify:artist:3wYyutjgII8LJVVOLrGI0D, spotify:artist:4r7JUeiYy24L7BuzCq9EjR","Buddy Holly, The Crickets","spotify:album:1tTTDe47X0rTO4q7RidIan","The Definitive Collection","spotify:artist:3wYyutjgII8LJVVOLrGI0D","Buddy Holly","2006-04-18","https://i.scdn.co/image/ab67616d0000b273988665e0435d5283cfd38b1d","1","9","126986","https://p.scdn.co/mp3-preview/cc163587bafd9252199847625c4f876ae84ed3a0?cid=9950ac751e34487dbbe027c4fd7f8e99","false","49","USMC15703179","spotify:user:bradnumber1","2022-01-12T23:09:11Z","classic rock,folk rock,mellow gold,rock-and-roll,rockabilly,singer-songwriter,doo-wop,rock-and-roll,rockabilly","0.528","0.638","9","-7.193","1","0.0369","0.661","0","0.265","0.816","96.63","4","","Geffen","C © 2006 UMG Recordings, Inc., P This Compilation ℗ 2006 UMG Recordings, Inc."
"spotify:track:1KU5EHSz04JhGg3rReGJ0N","Black Velvet","spotify:artist:6IYnSXO40Bh7Zdqhf6rQoj","Alannah Myles","spotify:album:1Ghv7iViywM23K8BRFggQv","Alannah Myles","spotify:artist:6IYnSXO40Bh7Zdqhf6rQoj","Alannah Myles","1989-03-14","https://i.scdn.co/image/ab67616d0000b27340d7d779d24a56af1ad59e41","1","3","287440","https://p.scdn.co/mp3-preview/cad3957d658a646ba1f80547eee34b44017858cd?cid=9950ac751e34487dbbe027c4fd7f8e99","false","70","USAT20103053","spotify:user:bradnumber1","2021-08-08T09:26:31Z","classic canadian rock","0.75","0.366","8","-10.07","1","0.0321","0.271","0.0000957","0.106","0.477","91.138","4","","Atlantic Records","C © 1989 Atlantic Recording Corporation for the United States and WEA International for the world outside of the United States., P ℗ 1989 Atlantic Recording Corporation for the United States and WEA International for the world outside of the United States."
"spotify:track:7aWLRQCKhQ18syTAXtLKn6","Would You Raise Your Hands?","spotify:artist:3YUrEElXpqiPSbffh9XXZd","Rogue Traders","spotify:album:5o8IrQOjfnuWNpQtzvZEOP","The Sound Of Drums","spotify:artist:3YUrEElXpqiPSbffh9XXZd","Rogue Traders","2003","https://i.scdn.co/image/ab67616d0000b273ebec5ce374c862d77327d614","2","2","205866","https://p.scdn.co/mp3-preview/0239c7c5dd2af1ce3f47303d1fd5e9017cd5f7fe?cid=9950ac751e34487dbbe027c4fd7f8e99","false","8","AUBM01000067","spotify:user:bradnumber1","2021-08-08T09:26:31Z","australian dance,australian pop,australian rock,dance rock","0.527","0.907","7","-3.549","1","0.202","0.0325","0","0.551","0.238","159.946","4","","Sony Music Entertainment","P (P) 2011 Sony Music Entertainment Australia Pty Ltd. except tracks 2 & 9 (P) 2010 & (P) 2009, and tracks/(P) 2011 Sony Music Entertainment Australia Pty Ltd. except tracks 2 & 9 (P) 2010 & (P) 2009, and tracks 10, 13 & 14 (P) 2003 Vicious Recordings Pty Ltd Australia"
"spotify:track:4nHpy4mMRGXsD5RrhXwoko","The Forgotten","spotify:artist:7oPftvlwr6VrsViSDV7fJY","Green Day","spotify:album:7DTQvbITKXlZRT9UX9sPSj","Twilight 'Forever' Love Songs From the Twilight Saga","spotify:artist:0LyfQWJT6nXafLPZqxe9Of","Various Artists","2014-02-07","https://i.scdn.co/image/ab67616d0000b2739498f05d5189dc1bcc2d70ca","1","7","298333","https://p.scdn.co/mp3-preview/46505bcca86b798b36d139bd881c77db69aaa418?cid=9950ac751e34487dbbe027c4fd7f8e99","false","0","USRE11200547","spotify:user:bradnumber1","2021-08-08T09:26:31Z","modern rock,permanent wave,punk,rock","0.507","0.429","9","-6.576","1","0.0268","0.145","0","0.141","0.0788","131.899","4","","Rhino","C 2014 Rhino UK, a division of Warner Music UK Ltd. Licensed from Motion Picture Artwork TM & (c) 2014 Summit Entertainment, LLC., P 2014 Rhino UK, a division of Warner Music UK Ltd."
"spotify:track:0lIoY4ZQsdn5QzhraM9o9u","Because the Night","spotify:artist:0vYkHhJ48Bs3jWcvZXvOrP","Patti Smith","spotify:album:1p6cWoueuunhpgy6131zAd","Easter","spotify:artist:0vYkHhJ48Bs3jWcvZXvOrP","Patti Smith","1978","https://i.scdn.co/image/ab67616d0000b273a28eabe111f67a386e75a31a","1","3","204800","https://p.scdn.co/mp3-preview/9803a684e4d2af90d8fec47f95390ee8ace8f2d9?cid=9950ac751e34487dbbe027c4fd7f8e99","false","65","USAR17800008","spotify:user:bradnumber1","2021-08-08T09:26:31Z","art punk,permanent wave,protopunk,singer-songwriter","0.466","0.763","11","-7.748","0","0.0391","0.0542","0","0.119","0.473","123.539","4","","Arista","P (P) 1978,1996 Arista Records, Inc."
"spotify:track:2oSpQ7QtIKTNFfA08Cy0ku","It's The End Of The World As We Know It (And I Feel Fine)","spotify:artist:4KWTAlx2RvbpseOGMEmROg","R.E.M.","spotify:album:6gMv3MgFlieOM6Uz5GZBzy","Document (R.E.M. No. 5)","spotify:artist:4KWTAlx2RvbpseOGMEmROg","R.E.M.","1987-09-01","https://i.scdn.co/image/ab67616d0000b273a7c7f94cfccd5ab6de233916","1","6","246933","https://p.scdn.co/mp3-preview/266077dc633486cdeafecc9da0656b6af04f305e?cid=9950ac751e34487dbbe027c4fd7f8e99","false","65","USIR38700037","spotify:user:bradnumber1","2021-08-08T09:26:31Z","alternative rock,athens indie,permanent wave,rock","0.381","0.894","7","-8.638","1","0.037","0.0258","0","0.0251","0.797","205.528","4","","IRS","C © 1987 Capitol Records Inc., P ℗ 1987 Capitol Records Inc."
"spotify:track:0AQqrtK1pULuwZUXhwaaDz","All By Myself","spotify:artist:2ekjTXgjxbWwBX5lTAj4DU","Eric Carmen","spotify:album:3Faeb8KPVk4ntMz0GBGlJO","Eric Carmen","spotify:artist:2ekjTXgjxbWwBX5lTAj4DU","Eric Carmen","1975-01-01","https://i.scdn.co/image/ab67616d0000b2738b62f896e8d3ca8dad7588e7","1","4","430000","https://p.scdn.co/mp3-preview/8391176094d4a27563b2006555869f0451cacbda?cid=9950ac751e34487dbbe027c4fd7f8e99","false","61","USAR10400530","spotify:user:bradnumber1","2021-08-08T09:26:31Z","new wave pop,soft rock,yacht rock","0.376","0.373","7","-9.184","0","0.0305","0.827","0.832","0.15","0.111","116.074","4","","Arista/Legacy","P (P) 1975 Arista Records LLC"
"spotify:track:5LEQdlGJ44WnhaxnDg8GHf","Home Entertainment System","spotify:artist:6HGeVgbCIyLs0cD7SVykwQ","Lazaro's Dog","spotify:album:4a9wAQAuhDfUrc1NnWl4QO","Triple Platinum","spotify:artist:6HGeVgbCIyLs0cD7SVykwQ","Lazaro's Dog","2005-07-12","https://i.scdn.co/image/ab67616d0000b2738f850b56ad32c85790d67566","1","2","132173","https://p.scdn.co/mp3-preview/31755b36132ae18800f85dfba461ffee7671690c?cid=9950ac751e34487dbbe027c4fd7f8e99","false","15","USA560572011","spotify:user:bradnumber1","2021-11-20T11:42:34Z","adelaide punk","0.509","0.888","0","-5.853","1","0.148","0.263","0","0.211","0.827","167.586","4","","Origin Music","C 2004 Origin Music"
"spotify:track:5TpNKy3cNoLnMNEyP2L0Ox","Friday On My Mind","spotify:artist:23wr9RJZg0PmYvVFyNkQ4j","Gary Moore","spotify:album:7HSONsw7mumBE5q0e7KJW2","Wild Frontier","spotify:artist:23wr9RJZg0PmYvVFyNkQ4j","Gary Moore","1987","https://i.scdn.co/image/ab67616d0000b27325fbfe01ca17e9984362f805","1","6","251600","https://p.scdn.co/mp3-preview/055bf32b3bea795a2548529dbadc32a21a341e93?cid=9950ac751e34487dbbe027c4fd7f8e99","false","35","GBAAA9820652","spotify:user:bradnumber1","2021-08-08T09:26:31Z","blues rock,british blues,electric blues","0.471","0.905","9","-11.798","1","0.0593","0.0319","0.482","0.115","0.541","160.255","4","","Virgin Records","C © 1989 Virgin Records Limited, P This Compilation ℗ 1989 Virgin Records Limited"
"spotify:track:53KmqHPNbgziMAKoHzeSeo","Warrior","spotify:artist:1EVWYRr2obCRDoSoD6KSuM","Havana Brown","spotify:album:0ibakzajBLU1z7AQM7miwT","Warrior","spotify:artist:1EVWYRr2obCRDoSoD6KSuM","Havana Brown","2013-01-01","https://i.scdn.co/image/ab67616d0000b273a96d4533e77ebb2f39fc9045","1","1","226295","https://p.scdn.co/mp3-preview/195eb75e6a1f4d3d7f267aa9c9ef81b8cf5afcfb?cid=9950ac751e34487dbbe027c4fd7f8e99","false","0","AUUM71301159","spotify:user:bradnumber1","2021-08-08T09:26:31Z","australian dance,australian pop","0.757","0.543","11","-6.602","0","0.0363","0.0383","0.000194","0.313","0.194","140.027","4","","Universal Music Australia Pty. Ltd.","C (C) 2013 Island Records Australia / Universal Music Australia, P (P) 2013 Island Records Australia / Universal Music Australia"
"spotify:track:0gmbgwZ8iqyMPmXefof8Yf","How You Remind Me","spotify:artist:6deZN1bslXzeGvOLaLMOIF","Nickelback","spotify:album:5fKL7vMTXvhR9tov8Kqt3u","Silver Side Up","spotify:artist:6deZN1bslXzeGvOLaLMOIF","Nickelback","2001-09-11","https://i.scdn.co/image/ab67616d0000b273699a422d25adc550dc5aa11c","1","2","223840","https://p.scdn.co/mp3-preview/94fd201045f5b682935957a8206075638dc4622d?cid=9950ac751e34487dbbe027c4fd7f8e99","false","84","NLA320119533","spotify:user:bradnumber1","2021-08-08T09:26:31Z","alternative metal,canadian rock,post-grunge","0.446","0.764","10","-5.042","1","0.033","0.00135","0","0.099","0.543","172.094","4","","Roadrunner Records","C © 2001 The All Blacks B.V., P ℗ 2001 The All Blacks B.V."
"spotify:track:7vGuf3Y35N4wmASOKLUVVU","Silence","spotify:artist:64KEffDW9EtZ1y2vBYgq8T, spotify:artist:6LuN9FCkKOj5PcnpouEgny","Marshmello, Khalid","spotify:album:2bw00gRKNKbTFOqCkohbSh","Silence","spotify:artist:64KEffDW9EtZ1y2vBYgq8T, spotify:artist:6LuN9FCkKOj5PcnpouEgny","Marshmello, Khalid","2017-08-11","https://i.scdn.co/image/ab67616d0000b273f33ba583059dc2f7d08bf2b8","1","1","180822","https://p.scdn.co/mp3-preview/26ea0841d3e1dd4eec371df3c79fbcc4a6aed42d?cid=9950ac751e34487dbbe027c4fd7f8e99","false","81","USRC11701901","spotify:user:bradnumber1","2021-08-08T09:26:31Z","brostep,edm,pop,progressive electro house,pop,pop r&b","0.52","0.761","4","-3.093","1","0.0853","0.256","0.00000496","0.17","0.286","141.971","4","","Joytime Collective/RCA Records","P (P) 2017 Joytime Collective, under exclusive license to RCA Records"
"spotify:track:2wtqBurDM5kxuH6WhxwIJr","Man Overboard","spotify:artist:0aRJShMkUsHVCyCw5Klxj3","Do Re Mi","spotify:album:6yxaSq8tPCIyg1XxXrQBg9","Domestic Harmony","spotify:artist:0aRJShMkUsHVCyCw5Klxj3","Do Re Mi","1985-08-01","https://i.scdn.co/image/ab67616d0000b273712349fcafdb2dce6268aaf1","1","6","250866","https://p.scdn.co/mp3-preview/3b194c9f601fd71ccbfb81e9ede25087f7dd28f7?cid=9950ac751e34487dbbe027c4fd7f8e99","false","0","USA2P1671124","spotify:user:bradnumber1","2021-08-08T09:26:31Z","australian alternative rock,australian rock","0.581","0.514","0","-10.812","1","0.0652","0.31","0.00701","0.376","0.69","89.026","4","","Laneway Music","C 1985 Laneway Music, P 1985 Laneway Music"
"spotify:track:2McbI8WrvqqK6Ew5VgllX3","Kiss Me","spotify:artist:0lJlKQvuM2Sd9DPPyUXcHg","Sixpence None The Richer","spotify:album:4lsQp3EEpwSUYNr6NHlKR5","Return of the 90s","spotify:artist:0LyfQWJT6nXafLPZqxe9Of","Various Artists","2012-11-16","https://i.scdn.co/image/ab67616d0000b27353fb0f20812d2550750dd500","1","6","206400","https://p.scdn.co/mp3-preview/3d12e73912650703fb1cc8c800b00d60b10d10e7?cid=9950ac751e34487dbbe027c4fd7f8e99","false","0","USEE11200775","spotify:user:bradnumber1","2021-08-08T09:26:31Z","lilith,pop rock","0.523","0.714","3","-7.17","1","0.0269","0.0264","0.00000209","0.0568","0.428","100.007","4","","WM UK","C 2012 Rhino UK, a division of Warner Music UK Ltd., P 2012 Rhino UK, a division of Warner Music UK Ltd."
"spotify:track:3kg05HyeoiSfxuEoyQa0xk","All I Ask","spotify:artist:4NOVe4Wki1UYTaKdC9OBOt","Chase Martin","spotify:album:1Pk2Ke05iwRqHS9FHsZBWt","All I Ask","spotify:artist:4NOVe4Wki1UYTaKdC9OBOt","Chase Martin","2015-12-06","https://i.scdn.co/image/ab67616d0000b273f9542fe0cc3df05d6375f4b0","1","1","277706","https://p.scdn.co/mp3-preview/155c16159d7b68de9db2e11eee04adb2b600042b?cid=9950ac751e34487dbbe027c4fd7f8e99","false","0","TCACK1553297","spotify:user:bradnumber1","2021-08-08T09:26:31Z","","0.422","0.318","0","-6.692","1","0.0303","0.74","0","0.11","0.305","140.689","4","","AGE","C 2015 AGE, P 2015 AGE"
"spotify:track:0QC6QMN85EQZzfJ39HNO5h","Higher","spotify:artist:01pKrlgPJhm5dB4lneYAqS, spotify:artist:2feDdbD5araYcm6JhFHHw7","Sigma, Labrinth","spotify:album:3qqNK0vVuCtPUYR7PNAkOF","Higher","spotify:artist:01pKrlgPJhm5dB4lneYAqS","Sigma","2015-02-23","https://i.scdn.co/image/ab67616d0000b27375499a2c380e1070bc7e7b7b","1","1","181052","https://p.scdn.co/mp3-preview/accb713271a3ee6de183638e1940b13950048e29?cid=9950ac751e34487dbbe027c4fd7f8e99","false","0","GBSXS1500006","spotify:user:bradnumber1","2021-08-08T09:26:31Z","dancefloor dnb,house,pop dance,uk dance,indie poptimism,pop","0.45","0.877","11","-2.284","0","0.0828","0.0837","0","0.141","0.452","85.409","4","","Universal Music Group","C © 2015 3 Beat Productions Ltd, under exclusive licence to All Around The World Limited, P ℗ 2015 3 Beat Productions Ltd, under exclusive licence to All Around The World Limited"
"spotify:track:00iCRJ7pk3onHablkLyVH1","Today's The Day - From ""The Ellen DeGeneres Show""","spotify:artist:1KCSPY1glIKqW2TotWuXOR","P!nk","spotify:album:4nka5RtqtC17gwfl4bjFs8","Today's The Day (From ""The Ellen DeGeneres Show"")","spotify:artist:1KCSPY1glIKqW2TotWuXOR","P!nk","2015-09-10","https://i.scdn.co/image/ab67616d0000b2732e7c36c5659940447dbda182","1","1","224826","https://p.scdn.co/mp3-preview/3e1d3eefa69220d7c46fd79a3de2a0d480078157?cid=9950ac751e34487dbbe027c4fd7f8e99","false","44","USRC11502058","spotify:user:bradnumber1","2021-08-08T09:26:31Z","dance pop,pop","0.497","0.922","0","-4.674","0","0.139","0.0363","0","0.0702","0.496","124.036","4","","RCA Records Label","P (P) 2015 RCA Records, a division of Sony Music Entertainment"
"spotify:track:5VJlvaPufnazmTvt2sHQqc","How Do I Live","spotify:artist:2d3VHzlOEwXvmBdS4pzOPL","LeAnn Rimes","spotify:album:6mcwghwWeSp1Ol1IpsYDOM","Greatest Hits","spotify:artist:2d3VHzlOEwXvmBdS4pzOPL","LeAnn Rimes","2003-11-18","https://i.scdn.co/image/ab67616d0000b27336bd0d3776cbbf5f409b89c5","1","2","266733","https://p.scdn.co/mp3-preview/5e704fd1bfd34cd66d310881c4002dd8ff5eec85?cid=9950ac751e34487dbbe027c4fd7f8e99","false","0","USCRB9700025","spotify:user:bradnumber1","2021-08-08T09:26:31Z","country,country dawn,country road","0.578","0.426","2","-9.171","1","0.0289","0.117","0","0.0772","0.275","128.319","4","","Curb Records","C (p) 2003 Curb Records, Inc., P (p) 2003 Curb Records, Inc."
"spotify:track:2ZIzyHDYsXIHUojfr6bAbO","Don't Lose My Number - 2016 Remaster","spotify:artist:4lxfqrEsLX6N1N4OCSkILp","Phil Collins","spotify:album:1rVhockt4RAiZFaK3M3zPB","No Jacket Required (2016 Remaster)","spotify:artist:4lxfqrEsLX6N1N4OCSkILp","Phil Collins","1985-01-25","https://i.scdn.co/image/ab67616d0000b273441084621edb7c53ef303090","1","6","288546","https://p.scdn.co/mp3-preview/b6bf60f8b11c3b1d3eccf4297862d7d41cc80b14?cid=9950ac751e34487dbbe027c4fd7f8e99","false","60","USRH11600248","spotify:user:bradnumber1","2021-08-08T09:26:31Z","rock drums,soft rock","0.585","0.832","5","-5.016","0","0.0814","0.168","0.0000509","0.0634","0.952","80.614","4","","Rhino","C © 2016 Philip Collins Ltd. under exclusive license to Rhino Entertainment Company, A Warner Music Group Company, P ℗ 2016 Philip Collins Ltd. under exclusive license to Rhino Entertainment Company, A Warner Music Group Company"
"spotify:track:6gBv6ujrI1Ta5wE8FtgMFX","Ave Mary A","spotify:artist:1KCSPY1glIKqW2TotWuXOR","P!nk","spotify:album:21tsMIrRLUKFwfvX9oxQZR","Funhouse","spotify:artist:1KCSPY1glIKqW2TotWuXOR","P!nk","2008-10-24","https://i.scdn.co/image/ab67616d0000b2737ec845b0eb9caba945adc96b","1","11","195946","https://p.scdn.co/mp3-preview/6dd8c3f4a12cb03211980ac6d23217f74174f3a1?cid=9950ac751e34487dbbe027c4fd7f8e99","false","30","USLF20800190","spotify:user:bradnumber1","2021-08-08T09:26:31Z","dance pop,pop","0.61","0.914","5","-4.132","1","0.0424","0.0035","0.0000109","0.0781","0.508","119.912","4","","LaFace Records","P (P) 2008 RCA/JIVE Label Group, a unit of Sony Music Entertainment"
"spotify:track:32F14OcdAGM9jQm9XxR5qv","Last Thing on My Mind","spotify:artist:17UkABEasVRlCcIFZ3wHb7","Steps","spotify:album:3tnk5ETPqbPL37gMekGKk7","Step One","spotify:artist:17UkABEasVRlCcIFZ3wHb7","Steps","2000","https://i.scdn.co/image/ab67616d0000b27359b651ccc94624a9f79c2793","1","4","185666","https://p.scdn.co/mp3-preview/d5f1e30ae357ed1bf4b814af8d93590d37f638fa?cid=9950ac751e34487dbbe027c4fd7f8e99","false","0","GBAHK9800069","spotify:user:bradnumber1","2021-08-08T09:26:31Z","diva house,europop,talent show","0.712","0.927","9","-3.493","1","0.0347","0.209","0.11","0.0933","0.511","130.295","4","","Jive","P (P) 1997, 1998, 1999 Zomba Records Ltd."
"spotify:track:7DJ0MFT63UDe5gzD7VFYJ6","When Will I Be Loved","spotify:artist:4ACplpEqD6JIVgKrafauzs","The Everly Brothers","spotify:album:2Lj9mbgsyKozGGbHmF1EB8","Greatest and Original Hits","spotify:artist:4ACplpEqD6JIVgKrafauzs","The Everly Brothers","2017-09-15","https://i.scdn.co/image/ab67616d0000b273609aa1b335282c3e3ac4ac73","1","53","118773","https://p.scdn.co/mp3-preview/71479d6f80cccccd965b253e6a7eb6194115f57f?cid=9950ac751e34487dbbe027c4fd7f8e99","false","1","DEG320704360","spotify:user:bradnumber1","2021-08-08T09:26:31Z","adult standards,folk rock,mellow gold,rock-and-roll,rockabilly,sunshine pop","0.521","0.712","4","-4.44","1","0.0385","0.311","0","0.384","0.812","118.029","4","","10TEN MEDIA","C 2017 10TEN MEDIA, P 2017 10TEN MEDIA"
"spotify:track:2C3RaGRcUWBlgKoLzQvRDS","Miss Sarajevo","spotify:artist:4GCWiBjgcpUciB55iT5bel, spotify:artist:0Y8KmFkKOgJybpVobn1onU","Passengers, Luciano Pavarotti","spotify:album:40i4U8691CTAUVKSEQ5wcy","Original Soundtracks 1","spotify:artist:4GCWiBjgcpUciB55iT5bel","Passengers","1995-01-01","https://i.scdn.co/image/ab67616d0000b273d0ecf203dca1ebd6979cc6d5","1","7","340466","https://p.scdn.co/mp3-preview/a9b81d090d270ad1d6d2dcce9047d7ac9199cca6?cid=9950ac751e34487dbbe027c4fd7f8e99","false","0","GBAAN9500157","spotify:user:bradnumber1","2021-08-08T09:26:31Z","ambient pop,canzone napoletana,classical tenor,italian tenor,opera,operatic pop","0.217","0.451","4","-10.432","1","0.0293","0.157","0.804","0.339","0.161","99.821","4","","Mercury","C © 1995 Universal International Music B.V., P ℗ 1995 Universal International Music B.V."
"spotify:track:1SWmFiFSIBoDbQJjNKC7SR","Against The Wind","spotify:artist:485uL27bPomh29R4JmQehQ","Bob Seger","spotify:album:2Go2GZ8qMznHdAoLO1cG4W","Against The Wind","spotify:artist:485uL27bPomh29R4JmQehQ","Bob Seger","1980-02-25","https://i.scdn.co/image/ab67616d0000b27399b37676fbae815424b4b1a4","1","6","333720","https://p.scdn.co/mp3-preview/1e60ab5208f717d744329d7e883d7f17c934a16b?cid=9950ac751e34487dbbe027c4fd7f8e99","false","65","USCA20300155","spotify:user:bradnumber1","2022-06-29T07:15:57Z","album rock,classic rock,country rock,detroit rock,hard rock,heartland rock,mellow gold,rock,singer-songwriter,soft rock","0.674","0.771","7","-5.612","1","0.0246","0.28","0.0318","0.133","0.718","109.618","4","","Bob Seger","C © 1980 Hideout Records & Distributors, Inc., under exclusive license to Capitol Records, P ℗ 1980 Hideout Records & Distributors, Inc., under exclusive license to Capitol Records"
"spotify:track:31UBcyZkwJRy2ZV5XpMlxh","Lady Bump","spotify:artist:2EqPo7BwJq5UJsE5nWqgrk","Penny McLean","spotify:album:6kzmZYoPgcFMjdEjnngIaH","Lady Bump","spotify:artist:2EqPo7BwJq5UJsE5nWqgrk","Penny McLean","1975","https://i.scdn.co/image/ab67616d0000b273dee73bcf887b424fa43c5178","1","1","226640","https://p.scdn.co/mp3-preview/6fae96eedc3cd6446f88fb0a903370c24ef26d89?cid=9950ac751e34487dbbe027c4fd7f8e99","false","39","USRDC7520050","spotify:user:bradnumber1","2021-08-08T09:26:31Z","","0.831","0.511","2","-14.578","0","0.115","0.00343","0.000686","0.0519","0.965","122.038","4","","Butterfly Productions","C (C) 1975 Butterfly Productions, P (P) 1975 Butterfly Productions"
"spotify:track:4anehmsEuhkXRjm6HAocaj","Jump In The Pool","spotify:artist:3mZqziCJj4pq3P2VBpmK6p","Friendly Fires","spotify:album:6o5Da716CH8m1im2XiaeE1","Friendly Fires","spotify:artist:3mZqziCJj4pq3P2VBpmK6p","Friendly Fires","2009-08-30","https://i.scdn.co/image/ab67616d0000b273aaa41b6989ea856f87581b5b","1","1","217040","https://p.scdn.co/mp3-preview/cd63f863b4dcd4e0b06d4561d8b26362b8153859?cid=9950ac751e34487dbbe027c4fd7f8e99","false","0","GBBKS0800398","spotify:user:bradnumber1","2021-08-08T09:26:31Z","alternative dance,dance rock,dance-punk,electrofox,indietronica,neo-synthpop,new rave,nu disco","0.419","0.924","9","-4.404","1","0.116","0.00883","0.0229","0.313","0.362","139.977","4","","XL","C 2008 XL Recordings Ltd., P 2008 XL Recordings Ltd."
"spotify:track:357A5woJFJjhOLjHbUr2AU","Help Yourself","spotify:artist:1T0wRBO0CK0vK8ouUMqEl5","Tom Jones","spotify:album:17nsjQSGPKvpv3K4xHC90w","50 Reasons To Love: Tom Jones","spotify:artist:1T0wRBO0CK0vK8ouUMqEl5","Tom Jones","2010-01-01","https://i.scdn.co/image/ab67616d0000b273a9ad5616f5a390f411f2755b","1","4","173106","https://p.scdn.co/mp3-preview/a8edff66bf8f887c1dd55e0852430ec97a68ec31?cid=9950ac751e34487dbbe027c4fd7f8e99","false","0","GBF076820070","spotify:user:bradnumber1","2021-08-08T09:26:31Z","adult standards,british invasion","0.62","0.76","4","-7.196","1","0.0568","0.555","0.0000226","0.674","0.909","90.914","4","","Universal Music Australia Pty. Ltd.","C © 2010 Universal Music Australia Pty Ltd., P This Compilation ℗ 2010 Universal Music Australia Pty Ltd."
"spotify:track:55lX3vm1G35mUpawXHK5Te","Every Heartbeat","spotify:artist:72Nhcx7prNk2ZCxhx0Y5es","Amy Grant","spotify:album:6YbWlg2x8aIHASDTunWF8H","Heart In Motion","spotify:artist:72Nhcx7prNk2ZCxhx0Y5es","Amy Grant","1991","https://i.scdn.co/image/ab67616d0000b2735092211df603ccb499ccfd5b","1","3","213733","https://p.scdn.co/mp3-preview/dfeb14ba75dbd3c64b02a1f522e5f8e2cebbf57a?cid=9950ac751e34487dbbe027c4fd7f8e99","false","38","USSP30765180","spotify:user:bradnumber1","2021-08-08T09:26:31Z","christian music","0.648","0.89","2","-3.834","1","0.0429","0.288","0","0.119","0.808","126.956","4","","Amy Grant (AGG)","C © 2007 Amy Grant Productions, P ℗ 2007 Amy Grant Productions"
"spotify:track:0Wl42CUb1phIU9O2aR1wXI","Disarm","spotify:artist:40Yq4vzPs9VNUrIBG5Jr2i","The Smashing Pumpkins","spotify:album:1cUnNrx2TxvrpwPRtvpGwn","(Rotten Apples) The Smashing Pumpkins Greatest Hits","spotify:artist:40Yq4vzPs9VNUrIBG5Jr2i","The Smashing Pumpkins","2001-01-01","https://i.scdn.co/image/ab67616d0000b273c48f42fdafcffcedbdbce025","1","6","198466","https://p.scdn.co/mp3-preview/90718caa11886a9294ccd2adada731c538d04191?cid=9950ac751e34487dbbe027c4fd7f8e99","false","48","USVI29300030","spotify:user:bradnumber1","2021-08-08T09:26:31Z","alternative metal,alternative rock,grunge,permanent wave,rock,spacegrunge","0.515","0.426","4","-9.267","0","0.0278","0.0482","0.737","0.121","0.195","129.3","4","","Virgin Records","C © 2001 Virgin Records, P ℗ 2001 Virgin Records"
"spotify:track:2bS8qFEEsbBht032fzVPZ5","Sexy Love","spotify:artist:4RVnAU35WRWra6OZ3CbbMA","Kylie Minogue","spotify:album:77zVSjHqlt9OkcyqIDRhkZ","Kiss Me Once","spotify:artist:4RVnAU35WRWra6OZ3CbbMA","Kylie Minogue","2014-03-14","https://i.scdn.co/image/ab67616d0000b273efb7e3e7c4a83e1e58d3872a","1","4","211745","https://p.scdn.co/mp3-preview/9318310ce4995b6dcd61fdb0bd19653cb5aa70ea?cid=9950ac751e34487dbbe027c4fd7f8e99","false","10","GBAYE1400064","spotify:user:bradnumber1","2021-08-08T09:26:31Z","australian dance,australian pop,dance pop,eurodance,new wave pop","0.673","0.906","0","-2.891","1","0.0624","0.0242","0.0247","0.0993","0.952","116.969","4","","WM Australia","C © 2014 KDB Pty Limited, P ℗ 2014 KDB Pty Limited"
"spotify:track:4SOwSwa3vvq6B6Za84N5kh","You're the One","spotify:artist:25uiPmTg16RbhZWAqwLBy5","Charli xcx","spotify:album:5t7Bn5XfE7yj2rqydVq0Ue","True Romance","spotify:artist:25uiPmTg16RbhZWAqwLBy5","Charli xcx","2013-04-12","https://i.scdn.co/image/ab67616d0000b273c004413fd98fe52ea4991fbb","1","11","195320","https://p.scdn.co/mp3-preview/b5cc21653ec9d0da4eb86bc364484401c7ed7250?cid=9950ac751e34487dbbe027c4fd7f8e99","false","28","GBAHS1300105","spotify:user:bradnumber1","2021-08-08T09:26:31Z","art pop,candy pop,metropopolis,pop,uk pop","0.561","0.771","11","-3.965","1","0.0385","0.00189","0.000223","0.115","0.365","90.972","4","","Asylum","C © 2013 Warner Music UK Limited, P ℗ 2013 Warner Music UK Limited"
"spotify:track:3BliUWoxPngMNAQKCR8sRi","Have I Told You Lately","spotify:artist:2hrfuB0LtVmFZ6MvPMIHTK","Russell Watson","spotify:album:7GDBREGjcXA8ufBeKJPiya","Popera - Essential Classical Crossover","spotify:artist:0LyfQWJT6nXafLPZqxe9Of","Various Artists","2014-12-09","https://i.scdn.co/image/ab67616d0000b2731ffa78122a610ad6f99ede35","1","11","274480","https://p.scdn.co/mp3-preview/f3dbe5f777fd43d972c1ca7c0a009352f19e0497?cid=9950ac751e34487dbbe027c4fd7f8e99","false","0","GBBBA0742080","spotify:user:bradnumber1","2021-08-08T09:26:31Z","operatic pop","0.399","0.206","5","-12.763","1","0.0309","0.786","0","0.0948","0.117","136.713","4","","U-5","C 2014 U-5, P 2014 U-5"
"spotify:track:1ZvS1DmW1cF0oknYGCVNK7","Candle In The Wind","spotify:artist:3PhoLpVuITZKcymswpck5b","Elton John","spotify:album:6T9u7scKy8yDe6V1QmXpoJ","Elton John's Greatest Hits","spotify:artist:3PhoLpVuITZKcymswpck5b","Elton John","1990-01-01","https://i.scdn.co/image/ab67616d0000b273ecee84684fcb612c2fe12035","1","8","228000","https://p.scdn.co/mp3-preview/c6b70f7e5f1e45efb9f4d677cb8ba3c041caa39a?cid=9950ac751e34487dbbe027c4fd7f8e99","false","0","GBAMB9500056","spotify:user:bradnumber1","2021-08-08T09:26:31Z","glam rock,mellow gold,piano rock,rock","0.6","0.414","4","-13.182","1","0.0291","0.172","0.00000591","0.264","0.588","124.43","4","","Universal/Island Def Jam","C © 1990 Universal Records, a Division of UMG Recordings, Inc., P ℗ 1990 Universal Records, a Division of UMG Recordings, Inc."
"spotify:track:04FuQwYgBdeYxdnv6Ve9mK","I Knew I Loved You","spotify:artist:3NRFinRTEqUCfaTTZmk8ek","Savage Garden","spotify:album:7zkjepWAvcH8fN5eisBZJk","Affirmation","spotify:artist:3NRFinRTEqUCfaTTZmk8ek","Savage Garden","2000-06-12","https://i.scdn.co/image/ab67616d0000b2735a7997b1322919a9d346fe9c","1","3","252000","https://p.scdn.co/mp3-preview/db499cbd0f6f66de3f17369eb3f7aff8e662eb24?cid=9950ac751e34487dbbe027c4fd7f8e99","false","0","AURQ09900167","spotify:user:bradnumber1","2021-08-08T09:26:31Z","boy band,dance pop,pop rock","0.554","0.494","9","-9.875","1","0.029","0.312","0.0000873","0.0806","0.738","169.923","4","","Universal Music Australia Pty. Ltd.","C © 2015 JWM Pty Ltd, P This Compilation ℗ 2015 JWM Pty Ltd, Manufactured and distributed by Universal Music Australia Pty Ltd."
"spotify:track:5RC9olve1FVs1bnIneatm8","Free","spotify:artist:1cK2Abwkni7m51wJCSGllN","Ultra Naté","spotify:album:5k8evXM0YJNZpCQ0dMXGCJ","Situation:Critical","spotify:artist:1cK2Abwkni7m51wJCSGllN","Ultra Naté","1998-04-27","https://i.scdn.co/image/ab67616d0000b27304c1faeef7c47782df8d53d0","1","3","353360","https://p.scdn.co/mp3-preview/72121b48199901803c3abb3b2eec8a6df31a24d0?cid=9950ac751e34487dbbe027c4fd7f8e99","false","2","GBDVG1133103","spotify:user:bradnumber1","2021-08-08T09:26:31Z","diva house,garage house,vocal house","0.757","0.905","5","-6.771","0","0.0338","0.00252","0.00117","0.0357","0.624","125.001","4","","Strictly Rhythm","C © 2011 Strictly Rhythm Records, P ℗ 1998 BMG Rights Management (US) LLC"
"spotify:track:2ctY9KP7zLgfmf1GnKxMBq","Feels So Right","spotify:artist:1MYRPpeCETOc6MOoowNM3y","Sunset City","spotify:album:5g1jvinBToCvzFAYa20MO1","Feels So Right","spotify:artist:1MYRPpeCETOc6MOoowNM3y","Sunset City","2020-01-17","https://i.scdn.co/image/ab67616d0000b2734e7c18b4bff9ce6605358561","1","1","207561","https://p.scdn.co/mp3-preview/b842c842cb8dbd5701c4877a57119bfa83883629?cid=9950ac751e34487dbbe027c4fd7f8e99","false","12","AUCN31900434","spotify:user:bradnumber1","2021-08-08T09:26:31Z","australian electropop","0.735","0.747","7","-4.227","1","0.0614","0.026","0.00000173","0.3","0.638","118.051","4","","Universal Music Australia (Distribution)","C © 2020 Central Station Records, P ℗ 2020 Central Station Records"
"spotify:track:1orVKbp6vqtfAPOmvRofVq","Rock'n Me","spotify:artist:6QtGlUje9TIkLrgPZrESuk","Steve Miller Band","spotify:album:0fjJOLqG3v7vXRYhz2wxPC","Fly Like An Eagle","spotify:artist:6QtGlUje9TIkLrgPZrESuk","Steve Miller Band","1976-01-01","https://i.scdn.co/image/ab67616d0000b2732fc23e78e87d793054bba090","1","8","187066","https://p.scdn.co/mp3-preview/845fea63f1fa358c71a3da5ef0a233751d300e04?cid=9950ac751e34487dbbe027c4fd7f8e99","false","69","USCA28700297","spotify:user:bradnumber1","2021-08-08T09:26:31Z","album rock,classic rock,hard rock,heartland rock,mellow gold,rock,singer-songwriter,soft rock","0.695","0.582","4","-11.35","1","0.0651","0.297","0","0.123","0.892","122.433","4","","CAPITOL CATALOG MKT (C92)","C © 1976 Capitol Records, LLC, P ℗ 1976 Capitol Records, LLC"
"spotify:track:5MhsZlmKJG6X5kTHkdwC4B","I'm an Albatraoz","spotify:artist:5vCOdeiQt9LyzdI87kt5Sh, spotify:artist:1KYt3TMGpa1LtVi0m2A0F9","AronChupa, Little Sis Nora","spotify:album:1qHVYbxQ6IS8YRviorKDJI","I'm an Albatraoz","spotify:artist:5vCOdeiQt9LyzdI87kt5Sh, spotify:artist:1KYt3TMGpa1LtVi0m2A0F9","AronChupa, Little Sis Nora","2014-08-08","https://i.scdn.co/image/ab67616d0000b2734676cbf99a56d53dc494abfb","1","1","166848","https://p.scdn.co/mp3-preview/74753a1f98b8e4e674c02a0058d0c1e711bd00e4?cid=9950ac751e34487dbbe027c4fd7f8e99","true","70","SEYOK1406001","spotify:user:bradnumber1","2021-08-08T09:26:31Z","swedish pop,melbourne bounce international","0.883","0.817","0","-5.414","1","0.235","0.601","0.00449","0.11","0.595","128.078","4","","Aron Ekberg","P (P) 2014 Aron Ekberg under exclusive license to Sony Music Entertainment Sweden AB"
"spotify:track:5wzEaFZ87acfJNVlIDoZE8","Victims","spotify:artist:6kz53iCdBSqhQCZ21CoLcc","Culture Club","spotify:album:0VgBqlPrvUQsOqSwzA0fET","Colour By Numbers","spotify:artist:6kz53iCdBSqhQCZ21CoLcc","Culture Club","1983-10-01","https://i.scdn.co/image/ab67616d0000b273784f3d22b1b28313311acd2a","1","10","293426","https://p.scdn.co/mp3-preview/60ac9e1089640d7eba579c293c9dcaaaed3b093c?cid=9950ac751e34487dbbe027c4fd7f8e99","false","27","GBAAA8300011","spotify:user:bradnumber1","2021-08-08T09:26:31Z","new romantic,new wave,new wave pop,soft rock,synthpop","0.426","0.278","8","-15.283","1","0.0359","0.618","0","0.0773","0.343","125.195","4","","Virgin Catalogue","C © 1983 Virgin Records Limited, P ℗ 1983 Virgin Records Limited"
"spotify:track:0FExfsU24F7hO8f1UOtApd","Love Letters","spotify:artist:4Zwtv7Mc3eHv465GJ6au6n","Billy Thorpe & The Aztecs","spotify:album:4Tzok4AlxCpo8YVFRWKk3a","It's All Happening - 23 Original Hits (1964-1975)","spotify:artist:4Zwtv7Mc3eHv465GJ6au6n","Billy Thorpe & The Aztecs","1995-01-01","https://i.scdn.co/image/ab67616d0000b2732a0a7bf57031f91316bb840a","1","15","194880","https://p.scdn.co/mp3-preview/f580e37c4580ee664ca2f57a916aec1930537562?cid=9950ac751e34487dbbe027c4fd7f8e99","false","0","AUAP06500043","spotify:user:bradnumber1","2021-08-08T09:26:31Z","australian rock","0.379","0.494","10","-6.817","1","0.0271","0.685","0.00000633","0.204","0.231","142.342","3","","Albert Productions","C © 1995 BMG AM Pty Ltd., P ℗ 1995 BMG AM Pty Ltd."
"spotify:track:7Kf8vPW2GYpnzdbtpl4bEz","This Ain't A Love Song","spotify:artist:58lV9VcRSjABbAbfWS6skp","Bon Jovi","spotify:album:4onS9G9K30nXbgjKWNI0tX","These Days (Remastered)","spotify:artist:58lV9VcRSjABbAbfWS6skp","Bon Jovi","1995-06-27","https://i.scdn.co/image/ab67616d0000b27309bacda399c5915867226b10","1","3","306240","https://p.scdn.co/mp3-preview/b388343a5c85fc6d7aed1b1c0e81852bf2465c22?cid=9950ac751e34487dbbe027c4fd7f8e99","false","0","USMR19505102","spotify:user:bradnumber1","2021-08-08T09:26:31Z","glam metal,rock","0.348","0.635","4","-6.836","1","0.0386","0.0932","0","0.126","0.144","87.974","3","","Universal Music Group","C © 1995 The Island Def Jam Music Group, P ℗ 1995 UMG Recordings, Inc."
"spotify:track:43qSGIUGX1Ox07xPJ9AT9o","Memphis Tennessee","spotify:artist:0wPdF6oU9sRm16BNvWfyRR","Dave Berry","spotify:album:686IZNlCdkQASiRCcBiYUB","Dave Berry","spotify:artist:0wPdF6oU9sRm16BNvWfyRR","Dave Berry","1964-01-01","https://i.scdn.co/image/ab67616d0000b273251c954105aed4f75ad889eb","1","9","145066","https://p.scdn.co/mp3-preview/8c023f9e799747b9dcff3fb03185c1aecc9d4797?cid=9950ac751e34487dbbe027c4fd7f8e99","false","23","GBBBA1500009","spotify:user:bradnumber1","2021-08-08T09:26:31Z","british invasion","0.756","0.843","9","-6.22","1","0.0584","0.225","0","0.0742","0.916","103.675","4","","Decca Music Group Ltd.","C © 1964 Decca Music Group Limited, P ℗ 1964 Decca Music Group Limited"
"spotify:track:5icOoE6VgqFKohjWWNp0Ac","Here With Me","spotify:artist:64KEffDW9EtZ1y2vBYgq8T, spotify:artist:3CjlHNtplJyTf9npxaPl5w","Marshmello, CHVRCHES","spotify:album:6NHS3hV16MZyfcp0nSHdrd","Here With Me","spotify:artist:64KEffDW9EtZ1y2vBYgq8T, spotify:artist:3CjlHNtplJyTf9npxaPl5w","Marshmello, CHVRCHES","2019-03-08","https://i.scdn.co/image/ab67616d0000b273a8ac314161aef0f4b5769344","1","1","156346","https://p.scdn.co/mp3-preview/e5e14f6a15fef74cfdab27f117a83a7b955ff839?cid=9950ac751e34487dbbe027c4fd7f8e99","false","71","USUG11900610","spotify:user:bradnumber1","2021-08-08T09:26:31Z","brostep,edm,pop,progressive electro house,indietronica,metropopolis,neo-synthpop,shimmer pop","0.791","0.565","5","-3.933","0","0.0439","0.0623","0","0.156","0.181","99.961","4","","Marshmello/Republic","C © 2019 Joytime Collective, under exclusive license to UMG Recordings, Inc., P ℗ 2019 Joytime Collective, under exclusive license to UMG Recordings, Inc."
"spotify:track:67aeyMdt7cgb8l9zg53Pfm","I Believe in You","spotify:artist:1GxkXlMwML1oSg5eLPiAz3","Michael Bublé","spotify:album:2OXZJLXxM8jrY3gBoVNfmz","Nobody but Me (Deluxe)","spotify:artist:1GxkXlMwML1oSg5eLPiAz3","Michael Bublé","2016-10-21","https://i.scdn.co/image/ab67616d0000b273576629f3c4631eb55612a7c7","1","1","201813","https://p.scdn.co/mp3-preview/c7a78d72ed22ffc9308858602879459f734e5e7b?cid=9950ac751e34487dbbe027c4fd7f8e99","false","51","USRE11600454","spotify:user:bradnumber1","2021-08-08T09:26:31Z","adult standards,canadian pop,jazz pop,lounge","0.612","0.744","8","-5.671","1","0.033","0.125","0.00000257","0.0978","0.527","113.009","4","","Reprise","C © 2016 Reprise Records, P ℗ 2016 Reprise Records"
"spotify:track:6DzbmjkVZpz1mrDobAoJI8","Shimmer","spotify:artist:0EyuKHE1AeE9lWUF8mzKVp","Fuel","spotify:album:5CmgNXCwdGuqn6EPzfb4Tq","The Best of Fuel","spotify:artist:0EyuKHE1AeE9lWUF8mzKVp","Fuel","2005","https://i.scdn.co/image/ab67616d0000b273ecba48295193b82f13cd560f","1","3","214040","https://p.scdn.co/mp3-preview/bd10d216c5d69f0ae9ed4957dfb9acff08cc595e?cid=9950ac751e34487dbbe027c4fd7f8e99","false","49","USSM19702935","spotify:user:bradnumber1","2021-08-08T09:26:31Z","alternative metal,nu metal,post-grunge","0.263","0.784","7","-6.514","1","0.054","0.00192","0","0.15","0.385","114.671","4","","Epic","P (P) 1998, 2000, 2002, 2003 Sony Music Entertainment"
"spotify:track:40tnMfqlJ5PTNJFlx1U2RL","If It's Lovin' That You Want","spotify:artist:5pKCCKE2ajJHZ9KAiaK11H","Rihanna","spotify:album:2Pr6XAzfBObBUTgiSXmr3n","Music Of The Sun","spotify:artist:5pKCCKE2ajJHZ9KAiaK11H","Rihanna","2005-08-29","https://i.scdn.co/image/ab67616d0000b2734a8c869f3bd4d0d4519a8c50","1","3","208106","https://p.scdn.co/mp3-preview/c6a591111552f6496b350afd7b7f73a2876315e1?cid=9950ac751e34487dbbe027c4fd7f8e99","false","0","USUM70501130","spotify:user:bradnumber1","2021-08-08T09:26:31Z","barbadian pop,pop,urban contemporary","0.745","0.694","8","-7.519","1","0.128","0.0962","0","0.0454","0.74","95.924","4","","Universal Music Group","C © 2005 The Island Def Jam Music Group, P ℗ 2005 The Island Def Jam Music Group"
"spotify:track:7rESBzoqp0FGxElzjRuMDB","Are You With Me - Radio Edit","spotify:artist:34sQ4BJAwfwQsn9OgJtIzj","The Potbelleez","spotify:album:0kS2szm8kFZf5frFsV32If","Are You With Me","spotify:artist:34sQ4BJAwfwQsn9OgJtIzj","The Potbelleez","2008","https://i.scdn.co/image/ab67616d0000b273acc729dad4244e3ab31af2eb","1","1","219833","https://p.scdn.co/mp3-preview/a87fd3b3660066b0df8f680ad59b3cfdea98d776?cid=9950ac751e34487dbbe027c4fd7f8e99","false","26","AUNV01500323","spotify:user:bradnumber1","2021-08-08T09:26:31Z","aussietronica,australian dance,australian house","0.57","0.881","7","-5.223","1","0.0516","0.00376","0.00000115","0.546","0.356","128.078","4","","Universal Music Australia Pty. Ltd.","C © 2008 Hussle Recordings, a division of Ministry Of Sound Australia Pty Ltd, P ℗ 2008 Hussle Recordings, a division of Ministry Of Sound Australia Pty Ltd"
"spotify:track:6aXKbU2QGsOms8UT3eUOg1","Catch the Wind","spotify:artist:6vLlQYujOujIrm7zAKzEdG","Donovan","spotify:album:3lpCSdIUmTWkb3BrAxDZSR","What's Bin Did and What's Bin Hid","spotify:artist:6vLlQYujOujIrm7zAKzEdG","Donovan","1965-05-14","https://i.scdn.co/image/ab67616d0000b273359e44fe4d628897a65e3250","1","2","173813","https://p.scdn.co/mp3-preview/adc85d12b0912ea45432035b4644481fca1dbc43?cid=9950ac751e34487dbbe027c4fd7f8e99","false","0","GBUM70817533","spotify:user:bradnumber1","2021-08-08T09:26:31Z","british folk,british invasion,classic rock,folk,folk rock,glam rock,psychedelic folk,psychedelic rock,scottish singer-songwriter,singer-songwriter","0.385","0.305","3","-12.167","1","0.0296","0.452","0.00000769","0.128","0.547","173.377","3","","Sanctuary Records","C © 2001 Sanctuary Records Group Ltd., a BMG Company, P ℗ 2001 Sanctuary Records Group Ltd., a BMG Company"
"spotify:track:30Na9W2WrBLGrRoKlEiwbh","Don't Wanna Let You Go - Radio Edit","spotify:artist:6rEzedK7cKWjeQWdAYvWVG, spotify:artist:7KUri7klyLaIFXLcuuOMCd","Five, Stargate","spotify:album:5jSAkaiC1BBKZQSZ7wFYOY","Greatest Hits","spotify:artist:6rEzedK7cKWjeQWdAYvWVG","Five","2003-06-02","https://i.scdn.co/image/ab67616d0000b27310df926bec224d743644ea3e","1","11","217533","https://p.scdn.co/mp3-preview/940869984658f0d5695cd6cad71fc2b23fa233de?cid=9950ac751e34487dbbe027c4fd7f8e99","false","22","GBARL9900165","spotify:user:bradnumber1","2021-08-08T09:26:31Z","boy band,norwegian pop","0.744","0.952","0","-2.902","0","0.0476","0.223","0.0000034","0.126","0.945","103.232","4","","RCA Records Label","P (P) 2001 BMG Entertainment International UK & Ireland Ltd."
"spotify:track:6HMvJcdw6qLsyV1b5x29sa","Hello","spotify:artist:3gMaNLQm7D9MornNILzdSl","Lionel Richie","spotify:album:5U0NU0T1JKIJwgq2ZDWb2T","Can't Slow Down","spotify:artist:3gMaNLQm7D9MornNILzdSl","Lionel Richie","1983-01-01","https://i.scdn.co/image/ab67616d0000b2732166b28714239e31b48aeb17","1","8","246933","https://p.scdn.co/mp3-preview/da1264ce9267751a2194138d15f722b3fa72e041?cid=9950ac751e34487dbbe027c4fd7f8e99","false","66","USMO18390012","spotify:user:bradnumber1","2021-08-08T09:26:31Z","soft rock","0.424","0.222","9","-15.053","0","0.0391","0.646","0","0.148","0.0606","61.648","4","","Motown","C © 1983 Motown Records, a Division of UMG Recordings, Inc., P ℗ 1983 Motown Records, a Division of UMG Recordings, Inc."
"spotify:track:3QUzJqgkcjvsLhgqVos6ha","Cloudy Day","spotify:artist:2NjfBq1NflQcKSeiDooVjY","Tones And I","spotify:album:5fzx5p8CnKO8ZFrluq8xAi","Cloudy Day","spotify:artist:2NjfBq1NflQcKSeiDooVjY","Tones And I","2021-06-10","https://i.scdn.co/image/ab67616d0000b2737060b604602090f2143b64ed","1","1","185303","https://p.scdn.co/mp3-preview/2a83368527612d74e79e5fcc6cfd626d2e6bc436?cid=9950ac751e34487dbbe027c4fd7f8e99","false","44","USAT22101787","spotify:user:bradnumber1","2021-08-08T09:26:31Z","australian pop","0.705","0.773","4","-6.094","1","0.0443","0.0691","0.00000207","0.0245","0.358","116.013","4","","Sony Music Entertainment","P (P) 2021 Bad Batch Records"
"spotify:track:5spfJMqDpBvM0YNgAQGqxD","If We Ever Meet Again (Featuring Katy Perry)","spotify:artist:5Y5TRrQiqgUO4S36tzjIRZ","Timbaland","spotify:album:0oLeI4xFJnOBMbQJH6TgEs","Shock Value II (International Deluxe version)","spotify:artist:5Y5TRrQiqgUO4S36tzjIRZ","Timbaland","2009-01-01","https://i.scdn.co/image/ab67616d0000b2737e00fd13c89c5eadf130e951","1","9","292706","https://p.scdn.co/mp3-preview/50f2ebffaa46fa5c5462dbaffa7cb591b1a91691?cid=9950ac751e34487dbbe027c4fd7f8e99","false","0","USUM70913828","spotify:user:bradnumber1","2021-08-08T09:26:31Z","dance pop,pop,pop rap","0.652","0.605","8","-7.371","1","0.0393","0.00481","0","0.0605","0.394","126.091","4","","Universal Music Group","C © 2009 Blackground Records/Interscope Records, P ℗ 2009 Blackground Records/Interscope Records"
"spotify:track:0vYyK3kdY62SBplhh2iNJO","Free (feat. Emeli Sandé & Nas)","spotify:artist:4WN5naL3ofxrVBgFpguzKo, spotify:artist:7sfgqEdoeBTjd8lQsPT3Cy, spotify:artist:20qISvAhX20dpIbOOzGK3q","Rudimental, Emeli Sandé, Nas","spotify:album:4wYFuEE0p1aRlQ0NAa8oCi","Free (feat. Emeli Sandé)","spotify:artist:4WN5naL3ofxrVBgFpguzKo","Rudimental","2013-11-15","https://i.scdn.co/image/ab67616d0000b2736fb520fdcb93cdc9cfba67de","1","1","270883","https://p.scdn.co/mp3-preview/1d2aef3fef45e6bd5a3db07ba0d04240bd084400?cid=9950ac751e34487dbbe027c4fd7f8e99","false","30","GBAHS1300483","spotify:user:bradnumber1","2021-08-08T09:26:31Z","pop dance,uk dance,uk funky,r&b,talent show,uk pop,conscious hip hop,east coast hip hop,gangster rap,hardcore hip hop,hip hop,queens hip hop,rap","0.642","0.496","0","-10.922","1","0.0851","0.122","0.00789","0.113","0.157","110.003","4","","Asylum","C © 2013 Warner Music UK Limited., P ℗ 2013 Warner Music UK Limited."
"spotify:track:4YzJxZBPeudi2QsJiVLVCa","Don't Start Now - Dom Dolla Remix","spotify:artist:6M2wZ9GZgrQXHCFfjv46we, spotify:artist:205i7E8fNVfojowcQSfK9m","Dua Lipa, Dom Dolla","spotify:album:4bFD3e4YDki1tu4EQCfSdt","Don't Start Now (Remixes)","spotify:artist:6M2wZ9GZgrQXHCFfjv46we","Dua Lipa","2020-01-10","https://i.scdn.co/image/ab67616d0000b273e45e2fd04f2653205ebd09a4","1","1","210879","https://p.scdn.co/mp3-preview/69142c4ee2f0b15b8e8b1637fbf6574ff2b4389c?cid=9950ac751e34487dbbe027c4fd7f8e99","false","41","GBAHT1901164","spotify:user:bradnumber1","2021-08-08T09:26:31Z","dance pop,pop,uk pop,australian house,deep groove house,house","0.862","0.897","2","-5.444","1","0.0365","0.0664","0.00548","0.263","0.603","123.999","4","","Warner Records","C © 2020 Dua Lipa Limited under exclusive license to Warner Records UK, a division of Warner Music UK Limited, P ℗ 2020 Dua Lipa Limited under exclusive license to Warner Records UK, a division of Warner Music UK Limited"
"spotify:track:70C4NyhjD5OZUMzvWZ3njJ","Piano Man","spotify:artist:6zFYqv1mOsgBRQbae3JJ9e","Billy Joel","spotify:album:69wjSAZXZiD2EBia3b3gxL","Piano Man (Legacy Edition)","spotify:artist:6zFYqv1mOsgBRQbae3JJ9e","Billy Joel","1973-11-07","https://i.scdn.co/image/ab67616d0000b273aff4aef671b2510be7c115b3","1","2","339000","https://p.scdn.co/mp3-preview/15c3badbac17e832e321cfb0be8f53f92708021b?cid=9950ac751e34487dbbe027c4fd7f8e99","false","76","USSM17300504","spotify:user:bradnumber1","2021-08-08T09:26:31Z","album rock,classic rock,mellow gold,piano rock,rock,singer-songwriter,soft rock","0.331","0.55","0","-6.483","1","0.0272","0.605","0.00000396","0.192","0.429","177.734","3","","Columbia/Legacy","P (P) 1973 Columbia Records, a division of Sony Music Entertainment/(P) 2010 Columbia Records, a division of Sony Music Entertainment"
"spotify:track:2IWYi4NJyJvhpJVjVs2pm8","Stop","spotify:artist:3gvT4Mc7kn54IUy08Y0Tr5, spotify:artist:67OKa82otrQqKDsfTDfSYA","Sam Brown, Pete Brown","spotify:album:1Co1PfkD3RSirfxw6h2KfJ","Stop!","spotify:artist:3gvT4Mc7kn54IUy08Y0Tr5","Sam Brown","1988-01-01","https://i.scdn.co/image/ab67616d0000b2736d47d9c46ea3da302dddb812","1","3","295906","https://p.scdn.co/mp3-preview/ae9398b72dfff56ee03f0b5a7f2075034775524f?cid=9950ac751e34487dbbe027c4fd7f8e99","false","54","GBAAM8800004","spotify:user:bradnumber1","2021-08-08T09:26:31Z","british soul","0.326","0.3","9","-13.671","1","0.0454","0.443","0","0.139","0.391","185.63","3","","EMI","C © 1988 A&M Records Limited, P ℗ 1988 A&M Records Limited"
"spotify:track:1FRP8d6l2jm3DS5f78ZrhK","Route 66","spotify:artist:22bE4uQ6baNwSHPVcDxLCe","The Rolling Stones","spotify:album:0bJMFJ2XQwpO5nKTrYdUtX","The Rolling Stones","spotify:artist:22bE4uQ6baNwSHPVcDxLCe","The Rolling Stones","1964-04-16","https://i.scdn.co/image/ab67616d0000b273e5bd9c16543752620815ebdc","1","1","140400","https://p.scdn.co/mp3-preview/060ee6c04e37fed29612d8ff94f9d283999b7fbf?cid=9950ac751e34487dbbe027c4fd7f8e99","false","51","USA176410020","spotify:user:bradnumber1","2021-08-08T09:26:31Z","album rock,british invasion,classic rock,rock","0.671","0.725","2","-10.065","1","0.065","0.296","0.00022","0.0889","0.956","85.27","4","","ABKCO (US)","C © 2010 ABKCO Music & Records, Inc., P ℗ 1964 ABKCO Music & Records, Inc."
"spotify:track:4AIazttPmHpd7p7pwJw692","Neutron Star Collision (Love Is Forever) - Soundtrack Version","spotify:artist:12Chz98pHFMPJEknJQMWvI","Muse","spotify:album:2tJXza5ryx9DKIsmAI8neb","Neutron Star Collision [Love Is Forever]","spotify:artist:12Chz98pHFMPJEknJQMWvI","Muse","2010-05-17","https://i.scdn.co/image/ab67616d0000b27397f1e459b475d83d8fee569d","1","1","230256","https://p.scdn.co/mp3-preview/a01bbfe6ee4aaf059bf1161842447abe5f737f81?cid=9950ac751e34487dbbe027c4fd7f8e99","false","53","USAT21001022","spotify:user:bradnumber1","2021-08-08T09:26:31Z","alternative rock,modern rock,permanent wave,rock","0.287","0.9","1","-5.852","1","0.0932","0.00379","0.0000148","0.0876","0.132","127.997","4","","Chop Shop/Atlantic","C © 2010 Warner Music U.K. Ltd., P ℗ 2010 Warner Music U.K. Ltd."
"spotify:track:7AJSeWSVBBLAQ6xfGyCssC","Automatic (Album Version)","spotify:artist:2kreKea2n96dXjcyAU9j5N","The Pointer Sisters","spotify:album:3zGFU1Eq1SCPkmYGmuCCxB","Dance Vault Remixes","spotify:artist:2kreKea2n96dXjcyAU9j5N","The Pointer Sisters","2006-05-30","https://i.scdn.co/image/ab67616d0000b273220598299a46f3020759af42","1","7","292360","https://p.scdn.co/mp3-preview/024f257d00e2663ea3a53c042f8bd18e47fefc39?cid=9950ac751e34487dbbe027c4fd7f8e99","false","27","USRC19901793","spotify:user:bradnumber1","2021-08-08T09:26:31Z","disco,girl group,hi-nrg,motown,new wave pop,soft rock","0.827","0.553","5","-10.84","1","0.0553","0.128","0","0.0736","0.918","110.605","4","","RCA Records Label","P (P) 2006 RCA Records, a unit of SONY BMG MUSIC ENTERTAINMENT"
"spotify:track:6A6qBFJHid4WutQu6HHEZt","Walking On A Dream","spotify:artist:67hb7towEyKvt5Z8Bx306c","Empire Of The Sun","spotify:album:1GoqBRUPZzBKvMKZxSQ1mp","Walking On A Dream (Special Edition)","spotify:artist:67hb7towEyKvt5Z8Bx306c","Empire Of The Sun","2009-01-01","https://i.scdn.co/image/ab67616d0000b273fffbc6bb8f405c2dacf8d64b","1","2","198440","https://p.scdn.co/mp3-preview/7b3e099a5fa998619afa9556249a805712ea72a5?cid=9950ac751e34487dbbe027c4fd7f8e99","false","53","AUEI10800039","spotify:user:bradnumber1","2021-08-08T09:26:31Z","australian dance,australian electropop,dance rock,indietronica,neo-synthpop","0.87","0.699","5","-5.541","0","0.0459","0.245","0.00000676","0.0588","0.726","126.967","4","","Capitol Records","C © 2009 The Sleepy Jackson Pty Ltd and Nick Littlemore, P ℗ 2009 The Sleepy Jackson Pty Ltd and Nick Littlemore"
"spotify:track:7Al0ADUt8SCPiQIBbTcNdR","Spin the Black Circle - Remastered","spotify:artist:1w5Kfo2jwwIPruYS2UWh56","Pearl Jam","spotify:album:5pd9B3KQWKshHw4lnsSLNy","Vitalogy","spotify:artist:1w5Kfo2jwwIPruYS2UWh56","Pearl Jam","1994-11-22","https://i.scdn.co/image/ab67616d0000b273f0f6b8bc425633e6ed6369c4","1","2","167613","https://p.scdn.co/mp3-preview/c94ec7b5c50d9f09c825003fbc24a13cb630632d?cid=9950ac751e34487dbbe027c4fd7f8e99","false","46","USSM11100228","spotify:user:bradnumber1","2021-08-08T09:26:31Z","alternative metal,alternative rock,classic rock,grunge,hard rock,permanent wave,rock","0.236","0.99","2","-4.719","0","0.095","0.00063","0.0586","0.407","0.141","217.913","4","","Epic/Legacy","P (P) 1994, 2011 Sony Music Entertainment"
"spotify:track:2T4u39au5RJzsulMUpRuVr","Meet Me Halfway","spotify:artist:1yxSLGMDHlW21z4YXirZDS","Black Eyed Peas","spotify:album:5lNzygOpCmzRx4N301icBB","THE E.N.D. (THE ENERGY NEVER DIES) [International Version]","spotify:artist:1yxSLGMDHlW21z4YXirZDS","Black Eyed Peas","2009-01-01","https://i.scdn.co/image/ab67616d0000b27349ed7a0ea23c40c730f6bb37","1","3","284373","https://p.scdn.co/mp3-preview/6b7763e13fc62647845a304f025b5723f8867618?cid=9950ac751e34487dbbe027c4fd7f8e99","false","0","USUM70967700","spotify:user:bradnumber1","2021-08-08T09:26:31Z","dance pop,pop,pop rap","0.798","0.629","11","-6.857","0","0.0735","0.00474","0.0000217","0.324","0.4","130","4","","Universal Music Group","C © 2009 Interscope Records, P ℗ 2009 Interscope Records"
"spotify:track:3koCCeSaVUyrRo3N2gHrd8","Let's Groove","spotify:artist:4QQgXkCYTt3BlENzhyNETg","Earth\, Wind & Fire","spotify:album:1hj1SYbJYdXloRiSjsCLXg","Raise!","spotify:artist:4QQgXkCYTt3BlENzhyNETg","Earth\, Wind & Fire","1981-11-14","https://i.scdn.co/image/ab67616d0000b273b30c8b93cef6fa26f8a7f17a","1","1","339320","https://p.scdn.co/mp3-preview/12ad0800feab7ef7620c36168b603842378ebacd?cid=9950ac751e34487dbbe027c4fd7f8e99","false","76","USSM18100641","spotify:user:bradnumber1","2021-08-08T09:26:31Z","disco,funk,jazz funk,motown,soul","0.869","0.648","11","-8.698","0","0.0633","0.121","0.0000217","0.126","0.9","125.035","4","","Legacy Recordings","P (P) 1981 Columbia Records, a divisoin of Sony Music Entertainment"
"spotify:track:5bitEcj72xFL3yv9ZS5fkE","The Time (Dirty Bit)","spotify:artist:1yxSLGMDHlW21z4YXirZDS","Black Eyed Peas","spotify:album:5zwp1Sa7v6Mjp9CNZLZ7RO","The Beginning","spotify:artist:1yxSLGMDHlW21z4YXirZDS","Black Eyed Peas","2010-01-01","https://i.scdn.co/image/ab67616d0000b27348caf395c71e325a242b092e","1","1","307640","https://p.scdn.co/mp3-preview/16511f133ac729ed0d843174393348e2ea428c4c?cid=9950ac751e34487dbbe027c4fd7f8e99","false","0","USUM71026190","spotify:user:bradnumber1","2021-08-08T09:26:31Z","dance pop,pop,pop rap","0.828","0.794","6","-7.751","0","0.0699","0.0816","0.00000534","0.614","0.509","127.987","4","","Universal Music Group","C © 2010 Interscope Records, P ℗ 2010 Interscope Records"
"spotify:track:7fb22pjF62S9r1s1pian5K","Happy Nation","spotify:artist:5ksRONqssB7BR161NTtJAm","Ace of Base","spotify:album:5UwIyIyFzkM7wKeGtRJPgB","The Sign","spotify:artist:5ksRONqssB7BR161NTtJAm","Ace of Base","1993-12-24","https://i.scdn.co/image/ab67616d0000b273fda5556cb6981c3113df6175","1","9","255413","https://p.scdn.co/mp3-preview/cb305ced36ceac1cae575c03f7d371f5dc030002?cid=9950ac751e34487dbbe027c4fd7f8e99","false","0","SEVJH0803407","spotify:user:bradnumber1","2021-08-08T09:26:31Z","eurodance,europop,new wave pop","0.67","0.867","1","-5.136","1","0.0368","0.00123","0.00472","0.0796","0.67","96.049","4","","Playground Music","C 2014 Mega Records, a Division of Playground Music Scandinavia AB, P 1993 Mega Records, a Division of Playground Music Scandinavia AB"
"spotify:track:1Hb1IJ9bBCa6wo3fRtexnJ","Shake Me Down","spotify:artist:26T3LtbuGT1Fu9m0eRq5X3","Cage The Elephant","spotify:album:0WizSRN8LuMWhliou9PFlg","Thank You Happy Birthday","spotify:artist:26T3LtbuGT1Fu9m0eRq5X3","Cage The Elephant","2011-01-10","https://i.scdn.co/image/ab67616d0000b2735f1590fb5d2f9e1bed8bb2e8","1","4","211373","https://p.scdn.co/mp3-preview/756b029cf64aaa9f7a7fa60881b71bce2ee7f174?cid=9950ac751e34487dbbe027c4fd7f8e99","false","57","USJI11000232","spotify:user:bradnumber1","2021-08-08T09:26:31Z","modern alternative rock,modern rock,pov: indie,punk blues,rock","0.457","0.613","9","-5.756","1","0.0295","0.00463","0.000406","0.0711","0.132","105.111","4","","Jive","P (P) 2011 JIVE Records, a unit of Sony Music Entertainment"
"spotify:track:5Ih40KFkj3cSzxgisQxBvX","For What It's Worth","spotify:artist:6sN51vEARnAAdBw1IKZ8Q9","Liam Gallagher","spotify:album:2V3WS9tlPYmscBNWHHYu9X","As You Were (Deluxe Edition)","spotify:artist:6sN51vEARnAAdBw1IKZ8Q9","Liam Gallagher","2017-10-06","https://i.scdn.co/image/ab67616d0000b273d1e28a5de3822046bc27d8ae","1","5","251631","https://p.scdn.co/mp3-preview/344cb9fd20e0d9544cc530ddf0da2db9cfe47f08?cid=9950ac751e34487dbbe027c4fd7f8e99","false","54","GBAHT1700415","spotify:user:bradnumber1","2021-08-08T09:26:31Z","britpop,britpop revival,solo wave","0.489","0.835","0","-4.448","1","0.0332","0.00746","0","0.146","0.444","145.885","4","","Warner Records","C © 2017 Warner Records Inc. UK, a Warner Music Group Company, P ℗ 2017 Warner Records Inc. UK, a Warner Music Group Company"
"spotify:track:3W8KQQD2FZPLVqflvYYyjT","Total Eclipse of the Heart","spotify:artist:0SD4eZCN4Kr0wQk56hCdh2","Bonnie Tyler","spotify:album:5cXPuSJTCxftUGheHpv4bC","Heaven & Hell","spotify:artist:7dnB1wSxbYa8CejeVg98hz, spotify:artist:0SD4eZCN4Kr0wQk56hCdh2","Meat Loaf, Bonnie Tyler","1989","https://i.scdn.co/image/ab67616d0000b273e12075d9109147a241e04884","1","6","270040","https://p.scdn.co/mp3-preview/a037b3a3ca7088e649fd3e4a41d13007ead8211e?cid=9950ac751e34487dbbe027c4fd7f8e99","false","47","GBBBN8300002","spotify:user:bradnumber1","2021-08-08T09:26:31Z","europop,new wave pop,soft rock","0.435","0.56","8","-11.359","1","0.0685","0.213","0","0.0912","0.176","130.162","4","","Columbia","P (P) 2004 SONY BMG MUSIC ENTERTAINMENT"
"spotify:track:2hcPE11xSLCNHt5PYidj5U","Say You Love Me","spotify:artist:5Mq7iqCWBzofK39FBqblNc","Jessie Ware","spotify:album:5ibkHQmhFSGfaCqMT0z7QR","Say You Love Me","spotify:artist:5Mq7iqCWBzofK39FBqblNc","Jessie Ware","2014-01-01","https://i.scdn.co/image/ab67616d0000b273229d25d1cb40ece19eec573f","1","1","257483","https://p.scdn.co/mp3-preview/87c6b6848e29879dda70e53e8d094d714a60b4be?cid=9950ac751e34487dbbe027c4fd7f8e99","false","0","GBUM71402589","spotify:user:bradnumber1","2021-08-08T09:26:31Z","british soul,electropop,neo soul,pop soul,uk pop","0.387","0.413","7","-8.95","1","0.0559","0.162","0.0000156","0.262","0.249","173.73","3","","Island","C © 2014 Island Records, a division of Universal Music Operations Limited, P ℗ 2014 Island Records, a division of Universal Music Operations Limited"
"spotify:track:57rCNFS9Cfdg09dNHSAuwM","Don't Hang Up","spotify:artist:7JSIM5U7TZym5M3Q1AFG80","The Orlons","spotify:album:7fL1Feod61MWVEFHptltGs","The Best Of The Orlons","spotify:artist:7JSIM5U7TZym5M3Q1AFG80","The Orlons","2005-10-18","https://i.scdn.co/image/ab67616d0000b273d46f17ebbf8644bbb5c22780","1","3","137066","https://p.scdn.co/mp3-preview/cda1a324404e8f2bcac8b9c10706dbd3fab69196?cid=9950ac751e34487dbbe027c4fd7f8e99","false","27","USA176240610","spotify:user:bradnumber1","2021-09-16T21:50:16Z","classic girl group,doo-wop,rhythm and blues","0.769","0.696","7","-6.233","1","0.0368","0.323","0.00000157","0.108","0.97","112.842","4","","ABKCO Music and Records, Inc.","C © 2005 ABKCO Music & Records, Inc., P This Compilation ℗ 2005 ABKCO Music & Records, Inc."
"spotify:track:1KizDBQAlmAMfy4enfwhUf","Shadows","spotify:artist:5JmeloS88DjYXJulG7qgwF","The Getaway Plan","spotify:album:3NsslLpsdANxC2pqG44UNL","Other Voices, Other Rooms","spotify:artist:5JmeloS88DjYXJulG7qgwF","The Getaway Plan","2008","https://i.scdn.co/image/ab67616d0000b2739eaae4a2a55a38caf533ef09","1","6","223053","https://p.scdn.co/mp3-preview/1a7fdb2a4e3e5b67a3d1cd5227fd473a0bb41bb9?cid=9950ac751e34487dbbe027c4fd7f8e99","false","0","AUBV10800005","spotify:user:bradnumber1","2021-08-08T09:26:31Z","australian alternative rock","0.547","0.856","0","-5.285","0","0.0337","0.00351","0","0.124","0.331","119.012","4","","WM Australia","C © 2008 We Are Unified, P ℗ 2008 We Are Unified"
"spotify:track:4u8IPU322yG7mNrqv89GGL","Hey Sexy Lady","spotify:artist:5EvFsr3kj42KNv97ZEnqij, spotify:artist:0hXfXDhsiayeNFG98qOPHs","Shaggy, Brian & Tony Gold","spotify:album:4JYMeEAVnEVnJhXe1VZS2b","Lucky Day","spotify:artist:5EvFsr3kj42KNv97ZEnqij","Shaggy","2002-10-29","https://i.scdn.co/image/ab67616d0000b2739791e400bf42ca4130a11ae9","1","4","199893","https://p.scdn.co/mp3-preview/f616bf78889bc80e7073e3ecde6be4a0cb5b8c66?cid=9950ac751e34487dbbe027c4fd7f8e99","false","65","USMC10201202","spotify:user:bradnumber1","2021-08-08T09:26:31Z","dance pop,pop rap,reggae fusion","0.957","0.554","3","-6.618","0","0.0669","0.00529","0.00179","0.249","0.642","101.784","4","","Geffen","C © 2002 UMG Recordings, Inc., P ℗ 2002 UMG Recordings, Inc."
"spotify:track:00U0pedRUMEzREpyRqbVT6","I'll Remember (Theme from the Motion Picture With Honors)","spotify:artist:6tbjWDEIzxoDsBA1FuhfPW","Madonna","spotify:album:7kUiJdXqLkMTkpY0PmXUv5","Something to Remember","spotify:artist:6tbjWDEIzxoDsBA1FuhfPW","Madonna","1995-11-17","https://i.scdn.co/image/ab67616d0000b27326f6bb4664640bfa48391cf4","1","2","263813","https://p.scdn.co/mp3-preview/cf735e287eb03ee1e9b56b1bc024ec1d0bd7f239?cid=9950ac751e34487dbbe027c4fd7f8e99","false","50","USWB19903141","spotify:user:bradnumber1","2022-06-14T11:14:07Z","dance pop,pop","0.691","0.598","7","-9.699","1","0.043","0.625","0.0174","0.0709","0.842","167.797","4","","Warner Records","C © 1995 Warner Records Inc., P ℗ 1995 Warner Records Inc."
"spotify:track:7kUyEpjTz8Q1loiC1xlF07","Rhinestone Cowboy","spotify:artist:59hLmB5DrdihCYtNeFeW1U","Glen Campbell","spotify:album:7GbDnYwauvhJLmfs8fLGwQ","Essential","spotify:artist:59hLmB5DrdihCYtNeFeW1U","Glen Campbell","1987-01-01","https://i.scdn.co/image/ab67616d0000b2735591c41819e71e2a3a2377ba","1","1","197826","https://p.scdn.co/mp3-preview/53b3aad5a0831ce67ecd12d964799f76015f5440?cid=9950ac751e34487dbbe027c4fd7f8e99","false","41","USCN18600038","spotify:user:bradnumber1","2021-08-08T09:26:31Z","adult standards,arkansas country,classic country pop,folk rock,mellow gold,nashville sound,singer-songwriter,soft rock","0.687","0.438","0","-13.461","1","0.0287","0.189","0.000082","0.0762","0.74","114.97","4","","EMI Trade Marketing","C © 2003 EMI Records Ltd, P This Compilation ℗ 1987 Capitol Records Inc."
"spotify:track:02V0fopGouDF5GbDHftv4S","Rockin’","spotify:artist:1Xyo4u8uXC1ZmMpatF05PJ","The Weeknd","spotify:album:4AdZV63ycxFLF6Hcol0QnB","Starboy","spotify:artist:1Xyo4u8uXC1ZmMpatF05PJ","The Weeknd","2016-11-24","https://i.scdn.co/image/ab67616d0000b273a048415db06a5b6fa7ec4e1a","1","5","232880","https://p.scdn.co/mp3-preview/d36a122df33e82561dcbeda06f4a0d29811b88f7?cid=9950ac751e34487dbbe027c4fd7f8e99","false","36","USUG11600983","spotify:user:bradnumber1","2021-08-08T09:26:31Z","canadian contemporary r&b,canadian pop,pop","0.736","0.883","9","-5.595","0","0.214","0.0117","0","0.0734","0.797","112.92","4","","Universal Republic Records","C © 2016 The Weeknd XO, Inc., Manufactured and Marketed by Republic Records, a Division of UMG Recordings, Inc., P ℗ 2016 The Weeknd XO, Inc., Manufactured and Marketed by Republic Records, a Division of UMG Recordings, Inc."
"spotify:track:4pCSXZwffXEmxYuHAzVIXQ","Shoop Shoop Diddy Wop Cumma Cumma Wang Dang","spotify:artist:5MJAppfS5mnKHGtfQIjJI4","Monte Video","spotify:album:2YI0nSvfqdSmRteWw26PDE","Monte Video","spotify:artist:5MJAppfS5mnKHGtfQIjJI4","Monte Video","1983-12-01","https://i.scdn.co/image/ab67616d0000b273338fc7f81d0d15b3e31e95fd","1","1","159184","https://p.scdn.co/mp3-preview/aa5b45093725e8863f1f947253aeadf8e081f3df?cid=9950ac751e34487dbbe027c4fd7f8e99","false","24","NZWM02000127","spotify:user:bradnumber1","2021-08-08T09:26:31Z","","0.706","0.695","2","-10.526","1","0.411","0.226","0","0.0496","0.972","181.337","4","","WM New Zealand","C © 1983 Mushroom Records New Zealand, P ℗ 1983 Mushroom Records New Zealand"
"spotify:track:1rUu58wEd44nEzIbF2CYil","Blue Eyes - Remastered 2003","spotify:artist:3PhoLpVuITZKcymswpck5b","Elton John","spotify:album:2IK2faEYu07GxN2mhZW0F4","Jump Up! (Remastered 2003)","spotify:artist:3PhoLpVuITZKcymswpck5b","Elton John","1982-04-09","https://i.scdn.co/image/ab67616d0000b273874dea40aa8af3f387234bfb","1","6","206266","https://p.scdn.co/mp3-preview/a7dafee08ae5a9a7176e17c91aed4a406319020d?cid=9950ac751e34487dbbe027c4fd7f8e99","false","0","GBALX8200008","spotify:user:bradnumber1","2021-08-08T09:26:31Z","glam rock,mellow gold,piano rock,rock","0.518","0.229","7","-17.18","0","0.027","0.575","0.00363","0.123","0.159","106.665","3","","Universal Music Group","C © 2003 Mercury Records Limited, P ℗ 2003 Mercury Records Limited"
"spotify:track:5e4SLbkh2S1Y9t1S14xlkW","All to Myself","spotify:artist:5PjekOABtfU2Kwo0AHVmci","Guy Sebastian","spotify:album:5mrXvDnW1MK275vDsplMIF","Like It Like That","spotify:artist:5PjekOABtfU2Kwo0AHVmci","Guy Sebastian","2009-10-23","https://i.scdn.co/image/ab67616d0000b273b156fa49f0e23495db026fc9","1","2","273120","https://p.scdn.co/mp3-preview/7706876d6248c4452738319460be125123292493?cid=9950ac751e34487dbbe027c4fd7f8e99","false","12","AUBM00900388","spotify:user:bradnumber1","2021-08-08T09:26:31Z","australian pop","0.641","0.866","11","-3.981","1","0.0434","0.1","0","0.112","0.671","118.941","4","","Sony Music Entertainment","P (P) 2009 Sony Music Entertainment Australia Pty Ltd."
"spotify:track:6HzkBoUMX1kQWizJgP1Uvy","I Can't Help Myself","spotify:artist:57bUPid8xztkieZfS7OlEV","The Supremes","spotify:album:5fpOmAuZaVyEXPlQ4oOqJ6","The Supremes A' Go-Go (Expanded Edition)","spotify:artist:57bUPid8xztkieZfS7OlEV","The Supremes","1966-08-25","https://i.scdn.co/image/ab67616d0000b273a16ea5e673cc4c6e8f91d5ca","1","19","156360","https://p.scdn.co/mp3-preview/0e8197450b99bcde533ee568aee2de3061882bb8?cid=9950ac751e34487dbbe027c4fd7f8e99","false","25","USMO10001096","spotify:user:bradnumber1","2023-02-14T22:22:36Z","adult standards,classic girl group,classic soul,disco,motown,soul","0.689","0.599","2","-9.938","1","0.0302","0.0952","0.000243","0.0723","0.967","125.359","4","","UNI/MOTOWN","C © 2017 Motown Records, a Division of UMG Recordings, Inc., P This Compilation ℗ 2017 Motown Records, a Division of UMG Recordings, Inc."
"spotify:track:0p0FOf4FocnvE8hVJMFBvw","Caught In The Crowd","spotify:artist:6sfUgwUTFjy1SNF2uWOcPp","Kate Miller-Heidke","spotify:album:4MfZuQLc3X8SwngAcD6OLD","Curiouser","spotify:artist:6sfUgwUTFjy1SNF2uWOcPp","Kate Miller-Heidke","2008-10-18","https://i.scdn.co/image/ab67616d0000b273070a426fe63d5f2fa2ea55ac","1","3","213133","https://p.scdn.co/mp3-preview/d98e78fe5b58e4760653e0316716e65bc906b840?cid=9950ac751e34487dbbe027c4fd7f8e99","false","42","AUBM00800477","spotify:user:bradnumber1","2021-08-08T09:26:31Z","australian pop,australian singer-songwriter,lilith,piano rock","0.611","0.638","9","-5.086","1","0.0409","0.431","0","0.104","0.424","169.92","4","","Sony Music Entertainment","P (P) 2008 SONY BMG Music Entertainment (Australia) Pty Limited"
"spotify:track:3unwRUV5qbjMmH3NJtaODy","Shadow Dancing","spotify:artist:4YPqbAiLzBg5DIfsgQZ8QK","Andy Gibb","spotify:album:3Ru1PEQBFI88kBIWcPGGS8","Shadow Dancing","spotify:artist:4YPqbAiLzBg5DIfsgQZ8QK","Andy Gibb","1978-04-04","https://i.scdn.co/image/ab67616d0000b273cea5214a35f661633cd5a978","1","1","276000","https://p.scdn.co/mp3-preview/91b9681ed3a661c16e6fdeba326ed5df7e111a4f?cid=9950ac751e34487dbbe027c4fd7f8e99","false","51","NLF057890050","spotify:user:bradnumber1","2021-08-08T09:26:31Z","disco,mellow gold,soft rock","0.74","0.598","7","-9.658","0","0.0321","0.15","0","0.0664","0.952","101.933","4","","Andy Gibb","C © 1978 Peta Gibb, P ℗ 1978 Peta Gibb"
"spotify:track:50qbYQXLOw8KO18BNLP7VC","Living Without You","spotify:artist:1IueXOQyABrMOprrzwQJWN, spotify:artist:1Cs0zKBU1kc0i8ypK3B9ai, spotify:artist:1rvnJJghrxl1xakJZct08m","Sigala, David Guetta, Sam Ryder","spotify:album:6OU7EFtbj258KWnSd0SJFo","Every Cloud - Silver Linings","spotify:artist:1IueXOQyABrMOprrzwQJWN","Sigala","2023-03-02","https://i.scdn.co/image/ab67616d0000b27385238385beaf482e034abc68","1","4","184103","https://p.scdn.co/mp3-preview/574a838b95855d0f8130d7f90b486f79e389dd3c?cid=9950ac751e34487dbbe027c4fd7f8e99","false","42","GBCEN2200078","spotify:user:bradnumber1","2023-06-09T21:24:15Z","dance pop,edm,pop dance,uk dance,big room,dance pop,edm,pop,pop dance,uk pop","0.57","0.89","11","-2.049","0","0.0625","0.0407","0","0.677","0.563","125.003","4","","Ministry of Sound Recordings","P (P) 2023 Ministry of Sound Recordings Limited/B1 Recordings GmbH. a Sony Music Entertainment Company"
"spotify:track:0k02zKPakEmfvvgMsRX3Pw","Those Oldies But Goodies","spotify:artist:0AOfW8WQA50p9xVrK58lDz","Little Cesar & The Romans","spotify:album:0uBV7PHIBOTOGJwxX674F9","Doo Wop Rock","spotify:artist:0LyfQWJT6nXafLPZqxe9Of","Various Artists","2010-09-27","https://i.scdn.co/image/ab67616d0000b273c38c1d097e506e9dfd68294d","1","9","195613","https://p.scdn.co/mp3-preview/3736b55516810bdf7acb18763b4bdfbdc65e3dc7?cid=9950ac751e34487dbbe027c4fd7f8e99","false","0","GB4FJ0910612","spotify:user:bradnumber1","2021-08-08T09:26:31Z","","0.201","0.434","7","-10.706","1","0.038","0.946","0","0.308","0.4","198.108","3","","Orange Leisure","C (C) 2010 Orange Leisure"
"spotify:track:2BstRQGodshjGpeDGQiNgo","Do It Again","spotify:artist:6P7H3ai06vU1sGvdpBwDmE","Steely Dan","spotify:album:4Gh6pRaXqXTtJx4plAJbBw","Can't Buy A Thrill","spotify:artist:6P7H3ai06vU1sGvdpBwDmE","Steely Dan","1972-01-01","https://i.scdn.co/image/ab67616d0000b2735a9b9e265814a9c9636a71a4","1","1","356733","https://p.scdn.co/mp3-preview/130e24ed87404b70023239e950a17d58278c941d?cid=9950ac751e34487dbbe027c4fd7f8e99","false","2","USMC17347179","spotify:user:bradnumber1","2021-08-08T09:26:31Z","album rock,classic rock,country rock,folk rock,mellow gold,rock,soft rock,yacht rock","0.682","0.537","2","-10.254","0","0.0323","0.218","0.0000307","0.0556","0.963","124.574","4","","Geffen*","C © 1998 MCA Records Inc., P ℗ 1972 UMG Recordings, Inc."
"spotify:track:5QwhBTS2W6mmCOZ6W5MSHd","Twist, Twist Senora","spotify:artist:1Qw8MHpjYxm9Xf0O1ZfPiX","Gary U.S. Bonds","spotify:album:4qBBv8SzOnlzjZtpcsuhv7","The Very Best Of Gary U.S. Bonds (The Original Legrand Masters)","spotify:artist:1Qw8MHpjYxm9Xf0O1ZfPiX","Gary U.S. Bonds","1998-11-08","https://i.scdn.co/image/ab67616d0000b2734ba256fe0a2e5b5d35381661","1","9","157893","https://p.scdn.co/mp3-preview/aabce422884afd04ca58221cc198880d0612a2ce?cid=9950ac751e34487dbbe027c4fd7f8e99","false","0","US3M59893809","spotify:user:bradnumber1","2021-08-08T09:26:31Z","rhythm and blues","0.504","0.815","10","-7.649","1","0.0576","0.657","0.0097","0.853","0.877","186.68","4","","Varese Sarabande","C © 1998 Varese Sarabande Records, P ℗ 1998 Varese Sarabande Records"
"spotify:track:2rMU6GxYqIaJUmHhbfLFHR","My Way - Produced By Rudimental","spotify:artist:3PAjYEQ8KpL6u0fNDR0p1v","Thandi Phoenix","spotify:album:46fJn6rTgJJqt2LMFSy6EP","My Way (Produced By Rudimental)","spotify:artist:3PAjYEQ8KpL6u0fNDR0p1v","Thandi Phoenix","2018-03-23","https://i.scdn.co/image/ab67616d0000b2731907ef498a9bde1f35e7164e","1","1","236242","https://p.scdn.co/mp3-preview/78d8816465cb0f421b94e6528fbd13d69176d451?cid=9950ac751e34487dbbe027c4fd7f8e99","false","21","AUNE31700056","spotify:user:bradnumber1","2021-08-08T09:26:31Z","australian electropop","0.377","0.866","6","-3.3","0","0.0768","0.0587","0","0.107","0.226","168.968","4","","Universal Music Australia Pty. Ltd.","C © 2018 Motto Beats, P ℗ 2018 Motto Beats"
"spotify:track:2RzWl7MCWqwQbTkA3vwGUk","Just Lose It","spotify:artist:7dGJo4pcD2V6oG8kP0tJRR","Eminem","spotify:album:4F1k3oxk5iTQKenjkBpDe4","Encore","spotify:artist:7dGJo4pcD2V6oG8kP0tJRR","Eminem","2004-11-12","https://i.scdn.co/image/ab67616d0000b273edc3b754981904bae77321f9","1","13","248680","https://p.scdn.co/mp3-preview/30020c4a92e2ed13c4d11e099f2362fb9a3ea3ba?cid=9950ac751e34487dbbe027c4fd7f8e99","true","0","USIR10400682","spotify:user:bradnumber1","2021-08-08T09:26:31Z","detroit hip hop,hip hop,rap","0.94","0.633","8","-3.56","1","0.0467","0.0581","0.0000404","0.281","0.962","121.003","4","","Universal Music Group","C © 2004 Aftermath Entertainment/Interscope Records, P ℗ 2004 Aftermath Entertainment/Interscope Records"
"spotify:track:2pZzO1Aim3SMWABlcvPvxv","Permission To Shine","spotify:artist:4KQNF34GIZZWL10tS3XNTk","Bachelor Girl","spotify:album:2OXfToevYybLCxNmm6bap7","Waiting For The Day","spotify:artist:4KQNF34GIZZWL10tS3XNTk","Bachelor Girl","1998","https://i.scdn.co/image/ab67616d0000b273d395d4d912fd9b998eea760d","1","13","256200","https://p.scdn.co/mp3-preview/92948d52e8e2eddaf1c9aabcf325140bca41f0a2?cid=9950ac751e34487dbbe027c4fd7f8e99","false","31","AUBM09931206","spotify:user:bradnumber1","2022-02-03T09:58:58Z","australian pop,australian rock","0.474","0.796","9","-6.29","1","0.0394","0.0791","0","0.147","0.711","164.033","4","","Gotham","P (P) 1998 Sony Music Entertainment Australia Pty Ltd"
"spotify:track:5knuzwU65gJK7IF5yJsuaW","Rockabye (feat. Sean Paul & Anne-Marie)","spotify:artist:6MDME20pz9RveH9rEXvrOM, spotify:artist:3Isy6kedDrgPYoTS1dazA9, spotify:artist:1zNqDE7qDGCsyzJwohVaoX","Clean Bandit, Sean Paul, Anne-Marie","spotify:album:3meZFplbMmji648oWUNEfQ","Rockabye (feat. Sean Paul & Anne-Marie)","spotify:artist:6MDME20pz9RveH9rEXvrOM","Clean Bandit","2016-10-21","https://i.scdn.co/image/ab67616d0000b2731431c3bdf16aa99f71799d95","1","1","251088","https://p.scdn.co/mp3-preview/e2ffc646cf90e4e5b71e277394e093c3fbe49357?cid=9950ac751e34487dbbe027c4fd7f8e99","false","70","GBAHS1600363","spotify:user:bradnumber1","2021-08-08T09:26:31Z","pop,uk dance,uk funky,dance pop,dancehall,pop,pop rap,pop","0.72","0.763","9","-4.068","0","0.0523","0.406","0","0.18","0.742","101.965","4","","Atlantic Records UK","C © 2016 Atlantic Records UK, a Warner Music Group company, P ℗ 2016 Atlantic Records UK, a Warner Music Group company"
"spotify:track:4Tv1rpYwKwVyQLVTpxbubq","The Show Must Go On - 2010 Remastered Version","spotify:artist:04LIHk1SobiQwt2tlupoAV","Leo Sayer","spotify:album:3IL4csX1tS2G3u3SYvciqg","The Greatest Hits","spotify:artist:04LIHk1SobiQwt2tlupoAV","Leo Sayer","2010-08-20","https://i.scdn.co/image/ab67616d0000b27323e5d02c62b8f0514c54f854","1","10","173760","https://p.scdn.co/mp3-preview/dc15d7e67ea862ae531db8c527cd517483bf267e?cid=9950ac751e34487dbbe027c4fd7f8e99","false","22","AUWA01000204","spotify:user:bradnumber1","2021-08-08T09:26:31Z","mellow gold,soft rock","0.681","0.851","5","-6.817","1","0.0489","0.464","0.0000122","0.199","0.438","100.724","4","","WM Australia","C © 2010 Warner Music Australia Pty Limited, P ℗ 2010 Silverbird (Australia) PTY LTD, under exclusive license to Warner Music Australia Pty Limited"
"spotify:track:5moYqbxxP6dNwRSbzJ0C6n","Silhouette","spotify:artist:2WX2uTcsvV5OnS0inACecP","Birdy","spotify:album:2uNFpEVey5RsxzTdoDmjiz","Beautiful Lies (Deluxe)","spotify:artist:2WX2uTcsvV5OnS0inACecP","Birdy","2016-03-25","https://i.scdn.co/image/ab67616d0000b273ceb1cccb864424fc5c2bc1e7","1","7","250360","https://p.scdn.co/mp3-preview/89e744ae12dbf4b76838d2ba7651402b6239f93b?cid=9950ac751e34487dbbe027c4fd7f8e99","false","27","GBAHS1600025","spotify:user:bradnumber1","2021-08-08T09:26:31Z","neo mellow,uk pop,viral pop","0.506","0.468","1","-7.653","0","0.0281","0.635","0.0000124","0.113","0.193","84.023","4","","Atlantic Records UK","C © 2016 Jasmine Van Den Bogaerde under exclusive licence to Atlantic Records UK, a Warner Music Group company, P ℗ 2016 Jasmine Van Den Bogaerde under exclusive licence to Atlantic Records UK, a Warner Music Group company"
"spotify:track:3jOBL79jV8RAEBQMSBzBvV","Blinded By The Light - Single edit","spotify:artist:2utNxkLhreF1oIfO8kQT3q","Manfred Mann's Earth Band","spotify:album:1qVP93dewrI7bukJAFPIvV","The Roaring Silence","spotify:artist:2utNxkLhreF1oIfO8kQT3q","Manfred Mann's Earth Band","1976","https://i.scdn.co/image/ab67616d0000b273a9029d18d0fd90f8bfa72687","1","9","228986","https://p.scdn.co/mp3-preview/53e2dabc528dca231ac26ccd85797f9e653bf050?cid=9950ac751e34487dbbe027c4fd7f8e99","false","47","GBBXM7610009","spotify:user:bradnumber1","2021-08-08T09:26:31Z","album rock,art rock,blues rock,british blues,classic rock,folk rock,hard rock,mellow gold,progressive rock,soft rock,symphonic rock","0.593","0.56","5","-11.749","1","0.0653","0.572","0.00369","0.0719","0.577","140.511","4","","East Central One","C 1976 East Central One Limited, P 1976 East Central One Limited"
"spotify:track:6lInGDo3m5Mmk5iWAv5Zix","The Unguarded Moment","spotify:artist:2ZfogSsOWP4mVfEqfpLXCt","The Church","spotify:album:0N8jRSYEExgQXm03UnlwE1","The Best of Acoustic (Volume 1)","spotify:artist:0LyfQWJT6nXafLPZqxe9Of","Various Artists","2006-01-01","https://i.scdn.co/image/ab67616d0000b273c524070e935535978ae53a50","1","6","213053","https://p.scdn.co/mp3-preview/84b607494d662ec5d2e9362c51cce503a3fbb5bb?cid=9950ac751e34487dbbe027c4fd7f8e99","false","0","AULI00403950","spotify:user:bradnumber1","2021-08-08T09:26:31Z","australian rock,dream pop,new romantic,new wave","0.616","0.396","0","-11.618","1","0.0376","0.122","0.00855","0.113","0.263","99.235","4","","Bloodlines","C 2006 Bloodlines, P 2006 Bloodlines"
"spotify:track:0Zbbxnx4SGGHoIow4PpISP","Stargazing","spotify:artist:23fqKkggKUBHNkbKtXEls4, spotify:artist:1QDrz3DMMaz3TB1cm0PGDu","Kygo, Justin Jesso","spotify:album:2sPYPyDFwgi1jrRTGhoxq2","Stargazing - EP","spotify:artist:23fqKkggKUBHNkbKtXEls4","Kygo","2017-09-21","https://i.scdn.co/image/ab67616d0000b273a333559091297eda04eba27c","1","1","236853","https://p.scdn.co/mp3-preview/4a365dd471d768a355d3d879e4d08803b03b43de?cid=9950ac751e34487dbbe027c4fd7f8e99","false","64","SEBGA1700242","spotify:user:bradnumber1","2021-08-08T09:26:31Z","edm,pop,pop dance,tropical house,singer-songwriter pop","0.677","0.497","5","-5.763","1","0.0809","0.152","0","0.0911","0.419","99.137","4","","Kygo","P (P) 2017 Kygo AS under exclusive license to Sony Music Entertainment International Ltd / Ultra Records, LLC"
"spotify:track:3ENWRrJdDtGLmM2Zn8EqPp","The Greatest Mistakes","spotify:artist:25ou7Y6W7L1fcMoCZMbf86","Birds Of Tokyo","spotify:album:5Fj4MZgHpGVHrm6dX79tgq","The Greatest Mistakes","spotify:artist:25ou7Y6W7L1fcMoCZMbf86","Birds Of Tokyo","2019-09-13","https://i.scdn.co/image/ab67616d0000b27325fd8802cffca63c22ec77f1","1","1","156975","https://p.scdn.co/mp3-preview/96872371d39cbc92f6603cb3f8abcc29794f9948?cid=9950ac751e34487dbbe027c4fd7f8e99","false","9","AUYO01700002","spotify:user:bradnumber1","2021-08-08T09:26:31Z","australian alternative rock,australian indie,australian pop,australian rock,perth indie","0.632","0.849","7","-2.686","1","0.0265","0.004","0","0.111","0.698","99.99","4","","EMI Recorded Music Australia Pty Ltd (Distribution)","C © 2019 Birds Of Tokyo Pty Ltd, P ℗ 2019 Birds Of Tokyo Pty Ltd, manufactured and distributed by Universal Music Australia Pty Limited"
"spotify:track:6cjCsM1Lc7rg1jL4PmTtju","For You","spotify:artist:3jmxkI8Jhv8bHOd2qSiU9j","Serena Ryder","spotify:album:4TWIqhVD3WZkaAxMrpjsX3","Harmony","spotify:artist:3jmxkI8Jhv8bHOd2qSiU9j","Serena Ryder","2015-03-13","https://i.scdn.co/image/ab67616d0000b27372315bf563806472d293c38d","1","6","243165","https://p.scdn.co/mp3-preview/5679b5610459a71bb061812e39a2117d1d586cab?cid=9950ac751e34487dbbe027c4fd7f8e99","false","0","CAEZ11200128","spotify:user:bradnumber1","2021-08-08T09:26:31Z","canadian indie,canadian pop,canadian singer-songwriter,ontario indie,pop quebecois","0.578","0.724","6","-6.161","1","0.0335","0.0307","0.000306","0.182","0.466","112.452","3","","ABC Music","C (C) 2015 Serenader Source Inc. Exclusively licensed to Australian Broadcasting Corporation., P (P) 2015 Serenader Source Inc. Exclusively licensed to Australian Broadcasting Corporation."
"spotify:track:1fidCEsYlaVE3pHwKCvpFZ","Am I Wrong","spotify:artist:0awl5piYwO0CDTHEkCjUhn","Nico & Vinz","spotify:album:6zXb9FQMzawvY2Au8Kxky3","Black Star Elephant","spotify:artist:0awl5piYwO0CDTHEkCjUhn","Nico & Vinz","2014","https://i.scdn.co/image/ab67616d0000b273eb3c078694b007169dab4a4f","1","2","245866","https://p.scdn.co/mp3-preview/7a4173d114136b1018144dcc767945f9ecc149e4?cid=9950ac751e34487dbbe027c4fd7f8e99","false","75","USWB11304681","spotify:user:bradnumber1","2021-08-08T09:26:31Z","afrobeats","0.729","0.675","8","-6.003","1","0.0312","0.175","0.00000158","0.55","0.779","119.968","4","","Warner Records","C © 2014 Warner Records Inc., P ℗ 2014 Warner Records Inc."
"spotify:track:3fGFvMNkKDw7ZRB7IKnOOQ","White Silver Sands","spotify:artist:4Vm2YhEoOSnOLqDPmHbUSh","Bill Blacks Combo","spotify:album:7aQvBoJlYmuzViAW9CaSdz","White Silver Sands","spotify:artist:4Vm2YhEoOSnOLqDPmHbUSh","Bill Blacks Combo","2010-12-28","https://i.scdn.co/image/ab67616d0000b27370a66bfc1b50cf4f0b3649a6","1","1","159843","https://p.scdn.co/mp3-preview/d1c8fdc14d27d9b7465d2ea0572c28556fa44fa3?cid=9950ac751e34487dbbe027c4fd7f8e99","false","0","GBGQH0604038","spotify:user:bradnumber1","2021-08-08T09:26:31Z","","0.868","0.481","0","-13.239","1","0.0432","0.522","0.393","0.0727","0.963","116.66","4","","Replay Records",""
"spotify:track:49sMsFUxaaGDlaKZNBfVSd","The Ketchup Song (Asereje) - Spanish Version","spotify:artist:1e8GEl48ktvfDpruMKB6Oe","Las Ketchup","spotify:album:3Aod8ev2Xu4swkRslc26tl","Hijas Del Tomate","spotify:artist:1e8GEl48ktvfDpruMKB6Oe","Las Ketchup","2002-07-30","https://i.scdn.co/image/ab67616d0000b2734ab679d1775d3e41382c0979","1","1","211893","https://p.scdn.co/mp3-preview/2d8f8773d6efa9d960ddc3cf6d2137c8b76056b2?cid=9950ac751e34487dbbe027c4fd7f8e99","false","0","NLML61300009","spotify:user:bradnumber1","2021-08-08T09:26:31Z","flamenco electronica","0.587","0.905","6","-8.608","1","0.11","0.00973","0.000379","0.122","0.898","184.931","4","","Altra Moda Music","C 2002 Altra Moda Music (www.altramoda.nl), P 2002 Altra Moda Music (www.altramoda.nl)"
"spotify:track:6QItKCBOKzTSYbLNVCo6GT","Everything's Alright","spotify:artist:1QxaPWG1POM8Ul6WwsHq4y, spotify:artist:2SpBHedVhtdmYRQM1lvBm2, spotify:artist:30QTFUH0b7B75FCX7cC9ea, spotify:artist:4Lwkfwwvx9G7CJqFdXBwy2","John Farnham, ""Jesus Christ Superstar"" 1992 Australian Cast, Jon Stevens, Kate Cebrano","spotify:album:0IN0AoTV2RX0qaSiWx5Tmz","Jesus Christ Superstar (1992 Australian Cast Recording Highlights)","spotify:artist:2SpBHedVhtdmYRQM1lvBm2","""Jesus Christ Superstar"" 1992 Australian Cast","2014-06-30","https://i.scdn.co/image/ab67616d0000b2734e26a6b01e533161ff496fe8","1","4","286293","https://p.scdn.co/mp3-preview/158aabf7257f738dc06a1a3edef801fa1465d9a4?cid=9950ac751e34487dbbe027c4fd7f8e99","false","26","AUV401403110","spotify:user:bradnumber1","2021-08-08T09:26:31Z","australian pop,australian rock,australian rock","0.446","0.419","9","-12.618","1","0.0568","0.419","0","0.0895","0.447","130.097","5","","Wheatley Records","C 2014 Wheatley Records, P 2014 Wheatley Records"
"spotify:track:0oYqvXzdmRi7sip7s6vluY","Absolutely Fabulous - 7'' Mix; 2001 Remastered Version","spotify:artist:03wx6Q0Osk88eyEyZjCk6e","Absolutely Fabulous","spotify:album:0i8KtV7c40Al4vDEXMiPT4","Very: Further Listening 1992-1994","spotify:artist:2ycnb8Er79LoH2AsR5ldjh","Pet Shop Boys","1993-09-27","https://i.scdn.co/image/ab67616d0000b273d51990d0add718f3f47e0d3f","2","12","226973","https://p.scdn.co/mp3-preview/8cb05b088feb8d0856b975197a35192b77ba02d7?cid=9950ac751e34487dbbe027c4fd7f8e99","false","0","GB01A0100040","spotify:user:bradnumber1","2021-08-08T09:26:31Z","","0.633","0.926","7","-5.352","1","0.0769","0.00513","0.0000349","0.313","0.951","131.835","4","","Parlophone UK","C 2001 Pet Shop Boys Partnership Ltd under exclusive licence to Parlophone Records Ltd, P 2001 Pet Shop Boys Partnership Ltd under exclusive licence to Parlophone Records Ltd"
"spotify:track:2IQIamD6WUEpsBDM8lp9Wl","From The Music","spotify:artist:34sQ4BJAwfwQsn9OgJtIzj","The Potbelleez","spotify:album:2tZRoBOqmLy64lHwds1Kkl","Destination Now","spotify:artist:34sQ4BJAwfwQsn9OgJtIzj","The Potbelleez","2011-01-01","https://i.scdn.co/image/ab67616d0000b2738387b53a693aba5553ef3175","1","5","191546","https://p.scdn.co/mp3-preview/b1e94c305513d1e7048a179e4b59987e87cb34ae?cid=9950ac751e34487dbbe027c4fd7f8e99","false","0","AUVC01107110","spotify:user:bradnumber1","2021-08-08T09:26:31Z","aussietronica,australian dance,australian house","0.549","0.636","7","-4.709","0","0.0423","0.00228","0","0.312","0.475","127.85","4","","Universal Music Australia Pty. Ltd.","C © 2011 Vicious Recordings Pty Ltd, P ℗ 2011 Vicious Recordings Pty Ltd"
"spotify:track:4vvK7kQ42AAXabZAXiGsDH","Sonnet","spotify:artist:2cGwlqi3k18jFpUyTrsR84","The Verve","spotify:album:2okCg9scHue9GNELoB8U9g","Urban Hymns","spotify:artist:2cGwlqi3k18jFpUyTrsR84","The Verve","1997-09-29","https://i.scdn.co/image/ab67616d0000b2738f0a8a62487542fef319d20a","1","2","261440","https://p.scdn.co/mp3-preview/6f746778ad772bd716c55419a281f056e008f44b?cid=9950ac751e34487dbbe027c4fd7f8e99","false","0","GBAAA9710062","spotify:user:bradnumber1","2021-08-08T09:26:31Z","britpop,permanent wave,rock,shoegaze","0.425","0.706","0","-8.01","1","0.0254","0.173","0.00015","0.209","0.319","88.04","4","","Hut","C (C) 1997 Virgin Records LtdThis label copy information is the subject of copyright protection. All rights reserved.(C) 1997 Virgin Records Ltd, P (P) 1997 The copyright in this sound recording is owned by Virgin Records Ltd"
"spotify:track:6lMPQ6y52HaXkFwRSF9Kwc","Great DJ","spotify:artist:2wvUfjKGoXvcnDHq7GgMOa","The Ting Tings","spotify:album:1b9KEBOO7A5awr16aCd6VP","We Started Nothing","spotify:artist:2wvUfjKGoXvcnDHq7GgMOa","The Ting Tings","2007","https://i.scdn.co/image/ab67616d0000b2735a478451a8e3cbd1b11679dc","1","1","202813","https://p.scdn.co/mp3-preview/83b6ae3b19cbcb6ba20f17d8dce62078232063e8?cid=9950ac751e34487dbbe027c4fd7f8e99","false","43","GBARL0701283","spotify:user:bradnumber1","2021-08-08T09:26:31Z","alternative dance,dance-punk,electropop,neo-synthpop,new rave","0.787","0.899","9","-2.014","0","0.034","0.104","0.00181","0.126","0.48","125.009","4","","Columbia","P Track 1 (P) 2007; all other tracks (P) 2008 Sony Music Entertainment UK"
"spotify:track:77NNZQSqzLNqh2A9JhLRkg","Don't Stop Believin'","spotify:artist:0rvjqX7ttXeg3mTy8Xscbt","Journey","spotify:album:5pfpXvoJtSIFrbPIoBEv3R","The Essential Journey","spotify:artist:0rvjqX7ttXeg3mTy8Xscbt","Journey","2001-10-16","https://i.scdn.co/image/ab67616d0000b2730f6ce5c138493ac768d9afc8","1","2","248906","https://p.scdn.co/mp3-preview/05062466007cbd34ebeecec6f7302e88448c5a9c?cid=9950ac751e34487dbbe027c4fd7f8e99","false","73","USSM18100116","spotify:user:bradnumber1","2021-08-08T09:26:31Z","album rock,classic rock,hard rock,mellow gold,rock,soft rock","0.491","0.802","4","-7.106","1","0.0392","0.25","0","0.387","0.472","119.25","4","","Columbia","P This compilation (P) 2001 Sony Music Entertainment"
"spotify:track:0RK0RqDtnBU804PGxN2d8G","Take It Back","spotify:artist:0OUKObtDiU0yOxyns51bpb","Matter Of Mind","spotify:album:6yKrAEvGAE404FX6uN888k","Take It Back","spotify:artist:0OUKObtDiU0yOxyns51bpb","Matter Of Mind","2021-07-30","https://i.scdn.co/image/ab67616d0000b273b95565cddbc793d3b10c7383","1","1","173386","https://p.scdn.co/mp3-preview/5cd95c3a77cddb98b32b10444a66d910e2fe6161?cid=9950ac751e34487dbbe027c4fd7f8e99","false","0","GBKPL2156478","spotify:user:bradnumber1","2021-08-08T09:26:31Z","manchester indie","0.5","0.939","0","-3.508","1","0.0766","0.000966","0","0.313","0.373","126.655","4","","Matter Of Mind","C 2021 Matter Of Mind, P 2021 Matter Of Mind"
"spotify:track:65i1UPsUtPlEVzewEZR6sY","Don't Say You Love Me","spotify:artist:0ZzYDST6Dib7iYd8hmcLcH","M2M","spotify:album:64qpmVqrwUlBihBMhZDyJj","Shades of Purple","spotify:artist:0ZzYDST6Dib7iYd8hmcLcH","M2M","2000-02-15","https://i.scdn.co/image/ab67616d0000b273ae31a2f91db0455c6d63306d","1","1","225200","https://p.scdn.co/mp3-preview/0f9536316f17ee57b05b67ba5696efeefaffd2a8?cid=9950ac751e34487dbbe027c4fd7f8e99","false","56","USAT29901534","spotify:user:bradnumber1","2021-08-08T09:26:31Z","candy pop,girl group,norwegian pop","0.627","0.723","1","-6.241","0","0.0341","0.0141","0.0000366","0.118","0.596","97.555","4","","Atlantic Records","C © 2000 Atlantic Record Corporation for the United States and WEA International Inc. for the world outside of the United States, P ℗ 2000 Atlantic Recording Corporation for the United States and WEA International Inc. for the world outside of the United States."
"spotify:track:6crBy2sODw2HS53xquM6us","Tribute","spotify:artist:1XpDYCrUJnvCo9Ez6yeMWh","Tenacious D","spotify:album:1AckkxSo39144vOBrJ1GkS","Tenacious D","spotify:artist:1XpDYCrUJnvCo9Ez6yeMWh","Tenacious D","2001-09-25","https://i.scdn.co/image/ab67616d0000b273ee0285c63a334af9b91fa12b","1","3","248053","https://p.scdn.co/mp3-preview/0b516801ec0a770edee38f4436ae26cbbc3c0e5f?cid=9950ac751e34487dbbe027c4fd7f8e99","true","62","USSM10108746","spotify:user:bradnumber1","2021-08-08T09:26:31Z","alternative metal,comedy rock,comic,comic metal,parody","0.365","0.767","9","-6.185","0","0.0681","0.181","0.000856","0.0942","0.422","94.174","4","","Epic","P (P) 2001 Sony Music Entertainment Inc."
"spotify:track:0PM0RK2mbtiEdHhNJHc1Ch","Hit and Run","spotify:artist:063AxhAs6zx8UYdPahb5Gi","Jo Jo Zep and The Falcons","spotify:album:5jJGqtrbPWZuAdXIe9GCmc","Screaming Targets (Expanded Edition)","spotify:artist:063AxhAs6zx8UYdPahb5Gi","Jo Jo Zep and The Falcons","2014-10-24","https://i.scdn.co/image/ab67616d0000b2730e6fa728e0f1a08b2a09bfbe","1","1","281533","https://p.scdn.co/mp3-preview/44fe2d757e7e2d6b9a5a258001b43bfe589e9949?cid=9950ac751e34487dbbe027c4fd7f8e99","false","36","AUWA01400351","spotify:user:bradnumber1","2021-08-08T09:26:31Z","australian rock","0.662","0.828","0","-3.629","1","0.0302","0.014","0.0037","0.185","0.768","105.845","4","","WM Australia","C © 2014 Warner Music Australia Pty Ltd, P ℗ 2014 Warner Music Australia Pty Ltd"
"spotify:track:0SyGrL0xMbRTCaMvBfjs6P","Just Got Started","spotify:artist:3vn7rk7VNMfDhuZNB9sDYP, spotify:artist:0nqejKHUiWWMRltB0Cx5xq","360, PEZ","spotify:album:6j0ZByTaV8Uirtm0PaXFZl","Falling & Flying (Platinum Edition)","spotify:artist:3vn7rk7VNMfDhuZNB9sDYP","360","2012-08-24","https://i.scdn.co/image/ab67616d0000b273c6e20219c8481ef24c1b6f47","1","3","193026","https://p.scdn.co/mp3-preview/ba46ce441367f4dc0f5b77e55a50ffed3b35c56c?cid=9950ac751e34487dbbe027c4fd7f8e99","false","18","AUSR21000074","spotify:user:bradnumber1","2021-08-08T09:26:31Z","australian hip hop,australian trap,australian underground hip hop","0.773","0.663","6","-7.503","0","0.0583","0.0135","0.00119","0.118","0.92","122.555","4","","Soulmate Records","C © 2012 Soulmate Records Pty Limited, P ℗ 2011 Soulmate Records Pty Limited, Except Tracks 15-18 ℗ 2012 Australian Broadcasting Corporation."
"spotify:track:3BsaRV5QIulYz2lV9WWa8T","Show Me the Meaning of Being Lonely","spotify:artist:5rSXSAkZ67PYJSvpUpkOr7","Backstreet Boys","spotify:album:5ySxm9hxBNss01WCL7GLyQ","Millennium","spotify:artist:5rSXSAkZ67PYJSvpUpkOr7","Backstreet Boys","1999-05-18","https://i.scdn.co/image/ab67616d0000b2732160c02bc56f192df0f4986b","1","3","234960","https://p.scdn.co/mp3-preview/3a280234ede5287adb00dcfa4613be29692d36ca?cid=9950ac751e34487dbbe027c4fd7f8e99","false","67","USJI19910621","spotify:user:bradnumber1","2021-08-08T09:26:31Z","boy band,dance pop,pop","0.63","0.625","6","-5.088","0","0.0252","0.231","0","0.0765","0.683","167.998","4","","Jive","P (P) 1999 Zomba Recording LLC"
"spotify:track:6yZv0Nl6BXABbXoPVpfF5y","SOS","spotify:artist:0LcJLqbBmaGUft1e9Mm8HV","ABBA","spotify:album:1kM6xcSYO5ASJaWgygznL7","Abba","spotify:artist:0LcJLqbBmaGUft1e9Mm8HV","ABBA","1975","https://i.scdn.co/image/ab67616d0000b27392d0747a634fcc351c6ac3c2","1","4","202386","https://p.scdn.co/mp3-preview/541410a57ed8a86f4e7829245683530230dbe169?cid=9950ac751e34487dbbe027c4fd7f8e99","false","65","SEAYD7501040","spotify:user:bradnumber1","2021-08-08T09:26:31Z","europop,swedish pop","0.415","0.713","5","-5.55","1","0.0278","0.251","0.00197","0.289","0.579","125.056","4","","Polar Music International AB","C © 2001 Polar Music International AB, P This Compilation ℗ 2001 Polar Music International AB"
"spotify:track:2ajUl8lBLAXOXNpG4NEPMz","Sway","spotify:artist:1GxkXlMwML1oSg5eLPiAz3","Michael Bublé","spotify:album:3rpSksJSFdNFqk5vne8at2","Michael Bublé","spotify:artist:1GxkXlMwML1oSg5eLPiAz3","Michael Bublé","2003","https://i.scdn.co/image/ab67616d0000b273b732a522a686bb304a5d3fdf","1","10","188066","https://p.scdn.co/mp3-preview/39732c76bb3185ef06d76b5b521326ca5750bf0c?cid=9950ac751e34487dbbe027c4fd7f8e99","false","72","USRE10201551","spotify:user:bradnumber1","2021-08-08T09:26:31Z","adult standards,canadian pop,jazz pop,lounge","0.713","0.639","2","-5.529","0","0.0313","0.753","0","0.0878","0.737","125.959","4","","143/Reprise","C © 2002 Reprise Records for the U.S. and WEA International Inc. for the world outside of the U.S., P ℗ 2002 Reprise Records for the U.S. and WEA International Inc. for the world outside of the U.S."
"spotify:track:3idqWaBn3mRdsIodCU6uBi","Roll Over Beethoven - Remastered 2009","spotify:artist:3WrFJ7ztbogyGnTHbHJFl2","The Beatles","spotify:album:1aYdiJk6XKeHWGO3FzHHTr","With The Beatles (Remastered)","spotify:artist:3WrFJ7ztbogyGnTHbHJFl2","The Beatles","1963-11-22","https://i.scdn.co/image/ab67616d0000b273608a63ad5b18e99da94a3f73","1","8","165466","https://p.scdn.co/mp3-preview/52f99bc0246dbee764c165c70525e9b3691d96c9?cid=9950ac751e34487dbbe027c4fd7f8e99","false","49","GBAYE0601431","spotify:user:bradnumber1","2021-08-08T09:26:31Z","british invasion,classic rock,merseybeat,psychedelic rock,rock","0.351","0.749","2","-9.435","1","0.0628","0.289","0","0.0952","0.967","160.673","4","","EMI Catalogue","C © 2015 Apple Corps Ltd, P ℗ 2015 Calderstone Productions Limited (a division of Universal Music Group)"
"spotify:track:3Sd2jRQ94Jcd1ml3yi2lJK","Last Time","spotify:artist:2feDdbD5araYcm6JhFHHw7","Labrinth","spotify:album:6PBBbXmYV7dKnaik0fjkOI","Electronic Earth (Expanded Edition)","spotify:artist:2feDdbD5araYcm6JhFHHw7","Labrinth","2012-04-02","https://i.scdn.co/image/ab67616d0000b273d9370e27abe3de676c56873a","1","3","263893","https://p.scdn.co/mp3-preview/0c91bbf31a18c44ded6eb79890905adcc29e5576?cid=9950ac751e34487dbbe027c4fd7f8e99","false","33","GBHMU1200005","spotify:user:bradnumber1","2021-08-08T09:26:31Z","indie poptimism,pop","0.597","0.758","1","-3.826","0","0.0426","0.189","0","0.36","0.385","122.87","4","","Syco Music UK","P (P) 2012 Simco Limited under exclusive license to Sony Music Entertainment UK Limited"
"spotify:track:247PtUni9B4UI4da7JH2Uu","One More Night","spotify:artist:4lxfqrEsLX6N1N4OCSkILp","Phil Collins","spotify:album:7hV0YSxAQSng8H0zMR0HBf","...Hits","spotify:artist:4lxfqrEsLX6N1N4OCSkILp","Phil Collins","1998-09-25","https://i.scdn.co/image/ab67616d0000b273c8860dfcdadefb529bf29757","1","11","286360","https://p.scdn.co/mp3-preview/741d6e841a1b05b31e69ab018d45e260b7522dad?cid=9950ac751e34487dbbe027c4fd7f8e99","false","0","USWI19600224","spotify:user:bradnumber1","2023-10-17T23:17:50Z","rock drums,soft rock","0.54","0.41","3","-10.782","1","0.0308","0.765","0.0000587","0.115","0.323","136.265","4","","Atlantic Records","C 1998 Atlantic Record Corporation for the United States and WEA International Inc. for the world outside of the United States, P 1998 Atlantic Recording Corporation for the United States and WEA International Inc. for the world outside of the United States."
"spotify:track:0BRHnOFm6sjxN1i9LJrUDu","The Anthem","spotify:artist:5aYyPjAsLj7UzANzdupwnS","Good Charlotte","spotify:album:5CTygC3aONv7l0klY4k3hc","The Young and The Hopeless","spotify:artist:5aYyPjAsLj7UzANzdupwnS","Good Charlotte","2002-10-04","https://i.scdn.co/image/ab67616d0000b273a9bae94ddb20a71f573931c0","1","2","175093","https://p.scdn.co/mp3-preview/8cd4772687e7c1ffcd4429c1f8dc73629f63e67c?cid=9950ac751e34487dbbe027c4fd7f8e99","false","75","USSM10209827","spotify:user:bradnumber1","2021-08-08T09:26:31Z","alternative metal,modern rock,neon pop punk,pop punk,pop rock,post-grunge","0.494","0.939","1","-3.127","1","0.126","0.00666","0","0.139","0.893","177.751","4","","Epic/Daylight","P (P) 2002 Epic Records, a division of Sony Music Entertainment"
"spotify:track:6vXHaWpqkbuvzIDvR3LnKd","Papercuts (feat. Vera Blue)","spotify:artist:6NFyaN9PMCDZ3LKxGwHAXt, spotify:artist:5ujrA1eZLDHR7yQ6FZa2qA","Illy, Vera Blue","spotify:album:4MzuH8NMoERebcxL4x9EdR","Two Degrees","spotify:artist:6NFyaN9PMCDZ3LKxGwHAXt","Illy","2016-11-11","https://i.scdn.co/image/ab67616d0000b2733722d6fdc17682df548827d8","1","5","255889","https://p.scdn.co/mp3-preview/f8442c0ad6dc945d825b957c4100d48e1473b7eb?cid=9950ac751e34487dbbe027c4fd7f8e99","false","45","AUWA01600211","spotify:user:bradnumber1","2021-08-08T09:26:31Z","australian hip hop,australian trap,australian indie,australian pop","0.369","0.618","6","-6.304","0","0.249","0.161","0","0.257","0.467","191.863","4","","WM Australia","C © 2016 ONETWO, P ℗ 2016 ONETWO. Marketed and distributed by Warner Music Australia Pty Ltd under exclusive license"
"spotify:track:287sY3xneZHgr0qKMhGOYR","Freedom of Choice - 2009 Remaster","spotify:artist:0UKfenbZb15sqhfPC6zbt3","DEVO","spotify:album:5oCDYNOxLUuF0NSRBzPXBw","Freedom of Choice (2009 Remaster; Deluxe Edition)","spotify:artist:0UKfenbZb15sqhfPC6zbt3","DEVO","1980","https://i.scdn.co/image/ab67616d0000b2737db75d51d8069c86127e8354","1","6","208986","https://p.scdn.co/mp3-preview/66e72c2c7748166cd16a1c183eed8a5f5a90293f?cid=9950ac751e34487dbbe027c4fd7f8e99","false","21","USWB10903965","spotify:user:bradnumber1","2021-08-08T09:26:31Z","alternative rock,art punk,dance rock,new romantic,new wave,new wave pop,post-punk,synth punk,synthpop,zolo","0.823","0.945","0","-8.342","1","0.0331","0.284","0.013","0.0702","0.96","140.262","4","","Warner Records","C 1978 © 2009 Devo, Inc./Warner Records Inc. for the U.S. and Devo, Inc./WEA International for the world outside the U.S., P 1978 ℗ 2009 Warner Records Inc."
"spotify:track:6xdLJrVj4vIXwhuG8TMopk","Crazy Little Thing Called Love - Remastered 2011","spotify:artist:1dfeR4HaWDbWqFHLkxsg1d","Queen","spotify:album:58alCatewkjNm9IM1Ucj67","The Game (2011 Remaster)","spotify:artist:1dfeR4HaWDbWqFHLkxsg1d","Queen","1980-06-27","https://i.scdn.co/image/ab67616d0000b273056e90910cbaf5c5b892aeba","1","5","163373","https://p.scdn.co/mp3-preview/26fc1b3bff36b451ff297175fcdbf94fd145f09a?cid=9950ac751e34487dbbe027c4fd7f8e99","false","80","GBUM71029612","spotify:user:bradnumber1","2021-08-08T09:26:31Z","classic rock,glam rock,rock","0.599","0.761","0","-6.887","1","0.0421","0.713","0.00000474","0.349","0.712","77.015","4","","EMI","C © 2011 Raincloud Productions Ltd. under exclusive licence to Universal International Music BV, P ℗ 2011 Raincloud Productions Ltd. under exclusive licence to Universal International Music BV"
"spotify:track:42ojLX3UYsp4XhaX0sx29E","Blue Moon","spotify:artist:1JQYskbOoudT9cylam24a3","The Marcels","spotify:album:5LNSdmCEtpQEGkNk652yjF","The Best Of The Marcels","spotify:artist:1JQYskbOoudT9cylam24a3","The Marcels","1990-06-11","https://i.scdn.co/image/ab67616d0000b273d42cbb433cdc04f7337d8fdb","1","1","138360","https://p.scdn.co/mp3-preview/f66dbf5c9917a216d46f4a494dfd23aba32477f3?cid=9950ac751e34487dbbe027c4fd7f8e99","false","46","GBAYE6100123","spotify:user:bradnumber1","2021-08-08T09:26:31Z","doo-wop,rhythm and blues,rock-and-roll","0.624","0.432","7","-11.132","1","0.0344","0.656","0","0.0785","0.935","127.69","4","","Parlophone UK","C © 1990 Parlophone Records Ltd, a Warner Music Group Company, P ℗ 1990 Parlophone Records Ltd, a Warner Music Group Company"
"spotify:track:2VmA7bm5ECiYZfw7x4Nzku","Runaway","spotify:artist:6eUKZXaKkcviH0Ku9w2n3V","Ed Sheeran","spotify:album:1xn54DMo2qIqBuMqHtUsFd","x (Deluxe Edition)","spotify:artist:6eUKZXaKkcviH0Ku9w2n3V","Ed Sheeran","2014-06-21","https://i.scdn.co/image/ab67616d0000b27313b3e37318a0c247b550bccd","1","9","205133","https://p.scdn.co/mp3-preview/60f35de886cf0049e302526231ef0f8f623a703b?cid=9950ac751e34487dbbe027c4fd7f8e99","false","53","GBAHS1400097","spotify:user:bradnumber1","2021-08-08T09:26:31Z","pop,singer-songwriter pop,uk pop","0.767","0.449","8","-7.158","0","0.0364","0.024","0.000299","0.151","0.908","95.03","4","","Atlantic Records UK","C © 2014 Asylum Records UK, a Warner Music UK Company, P ℗ 2014 Asylum Records UK, a Warner Music UK Company, except track 16 2013 Warner Bros. Entertainment Inc. and Metro-Goldwyn-Mayer Pictures Inc."
"spotify:track:1EZhWJQFf85g6d055Gji8c","Candy","spotify:artist:2LJxr7Pt3JnP60eLxwbDOu","Mandy Moore","spotify:album:551186Jr75bHrh58ZdEMhW","The Best of Mandy Moore","spotify:artist:2LJxr7Pt3JnP60eLxwbDOu","Mandy Moore","2004-11-16","https://i.scdn.co/image/ab67616d0000b273799f7be1146fe51116221e20","1","1","234373","https://p.scdn.co/mp3-preview/4328623c5b6b7bdec939e4d376f73aa113b0e83c?cid=9950ac751e34487dbbe027c4fd7f8e99","false","37","USSM19901378","spotify:user:bradnumber1","2021-08-08T09:26:31Z","dance pop,hollywood,neo mellow,post-teen pop","0.818","0.849","7","-4.185","1","0.0905","0.164","0.0000436","0.165","0.638","100.503","4","","Epic","P (P) 1999, 2000, 2001, 2002, 2003 SONY BMG MUSIC ENTERTAINMENT"
"spotify:track:0j0n5CUS1g3QSwDWg8r5qq","Keeps Gettin' Better","spotify:artist:1l7ZsJRRS8wlW3WfJfPfNS","Christina Aguilera","spotify:album:2019iQx5MmA6byqYqdK7zS","Keeps Gettin' Better: A Decade of Hits","spotify:artist:1l7ZsJRRS8wlW3WfJfPfNS","Christina Aguilera","2008-11-12","https://i.scdn.co/image/ab67616d0000b2736a0405c9625e4763137aa7e0","1","12","181946","https://p.scdn.co/mp3-preview/49f2c8195f7f62a49c6a5389d318a790e276b749?cid=9950ac751e34487dbbe027c4fd7f8e99","false","38","USRC10800384","spotify:user:bradnumber1","2021-08-08T09:26:31Z","dance pop,pop","0.645","0.697","5","-4.733","0","0.0285","0.0739","0.000842","0.575","0.25","130.001","4","","RCA Records Label","P (P) 2008 Sony Music Entertainment"
"spotify:track:2GyH5rvdnfkjzsTFaWrrov","On the Road Again","spotify:artist:5W5bDNCqJ1jbCgTxDD0Cb3","Willie Nelson","spotify:album:4QQfWSR8uMbTye3EjCAea2","Willie Nelson The Collection","spotify:artist:5W5bDNCqJ1jbCgTxDD0Cb3","Willie Nelson","1988-01-01","https://i.scdn.co/image/ab67616d0000b27382030f7e260701d69652447e","1","1","154360","https://p.scdn.co/mp3-preview/ab83ca185e451c4599692eea01279e9d44473e38?cid=9950ac751e34487dbbe027c4fd7f8e99","false","60","USSM17900054","spotify:user:bradnumber1","2022-08-31T00:07:30Z","classic country pop,classic texas country,country,country rock,nashville sound,outlaw country,singer-songwriter","0.714","0.658","4","-11.342","1","0.0375","0.654","0.0914","0.778","0.85","110.97","4","","Columbia/Legacy","P (P) 2004 Sony Music Entertainment (UK) Ltd."
"spotify:track:1HaZ5x3c3HXRrLLHfsjO5p","Family Portrait","spotify:artist:1KCSPY1glIKqW2TotWuXOR","P!nk","spotify:album:03pT16iWbhVKpDodI37D8b","M!ssundaztood","spotify:artist:1KCSPY1glIKqW2TotWuXOR","P!nk","2001-11-16","https://i.scdn.co/image/ab67616d0000b2730516080f83d31290bcd9773e","1","7","296426","https://p.scdn.co/mp3-preview/032fa87ff71442e95b17287f7b1e80c6386eaf80?cid=9950ac751e34487dbbe027c4fd7f8e99","false","0","USAR10100720","spotify:user:bradnumber1","2021-08-08T09:26:31Z","dance pop,pop","0.761","0.687","0","-5.346","0","0.0487","0.0217","0.00000299","0.562","0.779","91.808","4","","Arista","P (P) 2001 RCA/JIVE Label Group, a unit of Sony Music Entertainment"
"spotify:track:5eTNdkstwKaNahHf41fJ9u","Hotter Than Hell","spotify:artist:6M2wZ9GZgrQXHCFfjv46we","Dua Lipa","spotify:album:01sfgrNbnnPUEyz6GZYlt9","Dua Lipa (Deluxe)","spotify:artist:6M2wZ9GZgrQXHCFfjv46we","Dua Lipa","2017-06-02","https://i.scdn.co/image/ab67616d0000b273838698485511bd9108fadadc","1","3","187957","https://p.scdn.co/mp3-preview/6191edd3b29db7a40f6fc30f0b5e7f32e8af6a45?cid=9950ac751e34487dbbe027c4fd7f8e99","false","64","GBAHT1600182","spotify:user:bradnumber1","2021-08-08T09:26:31Z","dance pop,pop,uk pop","0.532","0.868","3","-4.23","0","0.0908","0.011","0","0.0584","0.529","110.127","4","","Warner Records","C © 2017 Dua Lipa Limited under exclusive license to Warner Music UK Limited, P ℗ 2017 Dua Lipa Limited under exclusive license to Warner Music UK Limited. Tracks 3, 6, 7, 8, 9, 13, 14 (P) 2016 Warner Music UK Limited. Tracks 4, 15, 17 (P) 2015 Warner Music UK Limited."
"spotify:track:4shAPHxVTgxzq9MfdfYeX7","Humpin' Around - Radio Edit","spotify:artist:62sPt3fswraiEPnKQpAbdE","Bobby Brown","spotify:album:67ma4XvpbAfD4UpUPRwRN4","RnB Fridays Vol. 3","spotify:artist:0LyfQWJT6nXafLPZqxe9Of","Various Artists","2017-04-21","https://i.scdn.co/image/ab67616d0000b2730e545611e016c993b81bbbce","1","14","322413","https://p.scdn.co/mp3-preview/920a16d2329bbd75727edce7a7834ff161b422a5?cid=9950ac751e34487dbbe027c4fd7f8e99","false","23","USMC19238734","spotify:user:bradnumber1","2021-08-08T09:26:31Z","contemporary r&b,new jack swing,r&b,urban contemporary","0.74","0.923","10","-2.717","0","0.048","0.0142","0.00655","0.0483","0.686","110.088","4","","Universal Music Australia Pty. Ltd.","C © 2017 Universal Music Australia Pty Ltd., P This Compilation ℗ 2017 Universal Music Australia Pty Ltd."
"spotify:track:0CokSRCu5hZgPxcZBaEzVE","Glorious (feat. Skylar Grey)","spotify:artist:3JhNCzhSMTxs9WLGJJxWOY, spotify:artist:4utLUGcTvOJFr6aqIJtYWV","Macklemore, Skylar Grey","spotify:album:72qA6s4fjF8Y2VX1UDMfp2","GEMINI","spotify:artist:3JhNCzhSMTxs9WLGJJxWOY","Macklemore","2017-09-22","https://i.scdn.co/image/ab67616d0000b2732e94b668c60b06deb1c3a05c","1","2","220454","https://p.scdn.co/mp3-preview/d5955286b6e230880c24b0b8c8eab30162eaeca7?cid=9950ac751e34487dbbe027c4fd7f8e99","true","74","QZ8TY1700001","spotify:user:bradnumber1","2021-08-08T09:26:31Z","pop rap,seattle hip hop,piano rock,viral pop","0.731","0.794","0","-5.126","0","0.0522","0.0323","0.0000259","0.112","0.356","139.994","4","","Bendo LLC","C © 2017, Bendo LLC, P ℗ 2017, Bendo LLC"
"spotify:track:6i1pTt7tsEmn0KTboxWZSV","Love Grows (Where My Rosemary Goes) - Re-Recorded","spotify:artist:1NRzxuPpdGushT8YmF5NAa","Edison Lighthouse","spotify:album:0uxkg9zX78ireqJTggQKnb","One Hit Wonders (Re-Recorded Versions)","spotify:artist:0LyfQWJT6nXafLPZqxe9Of","Various Artists","2008-08-01","https://i.scdn.co/image/ab67616d0000b2735429764c5c6070a01db56955","1","47","153626","https://p.scdn.co/mp3-preview/1a06d261287a6b60294cd20a113d34d1bceea3e3?cid=9950ac751e34487dbbe027c4fd7f8e99","false","36","USA560833573","spotify:user:bradnumber1","2021-08-08T09:26:31Z","","0.566","0.668","9","-10.345","1","0.0299","0.0064","0","0.228","0.639","117.724","4","","Silverphonic Records","C (C) 2008 Goldenlane Records, P (P) 2008 Goldenlane Records"
"spotify:track:2gE95JskwQ1pCACTpGe1Db","Down On The Corner","spotify:artist:3IYUhFvPQItj6xySrBmZkd","Creedence Clearwater Revival","spotify:album:31q47gQszFt0CddSyMksgO","Willy And The Poor Boys (Expanded Edition)","spotify:artist:3IYUhFvPQItj6xySrBmZkd","Creedence Clearwater Revival","1969-11-02","https://i.scdn.co/image/ab67616d0000b2739f39192f9f8ca1c90847b3e5","1","1","166280","https://p.scdn.co/mp3-preview/66b818b52dc530d2bad51e11d74f68099f115059?cid=9950ac751e34487dbbe027c4fd7f8e99","false","73","USC4R0817613","spotify:user:bradnumber1","2021-08-08T09:26:31Z","album rock,classic rock,country rock,mellow gold,rock,southern rock,swamp rock","0.858","0.544","0","-9.289","1","0.0751","0.583","0.00109","0.0707","0.874","108.217","4","","Craft Recordings","C © 2008 Concord Music Group, Inc., P ℗ 2008 Concord Music Group, Inc."
"spotify:track:0smsQNRjaMKjacESbRb3wZ","Show Me Heaven - From ""Days Of Thunder"" Soundtrack","spotify:artist:30GIF9g2UJ1ifn45kSMTFf","Maria McKee","spotify:album:3GO384bB5SvHoaqnA5y5NZ","Drivetime","spotify:artist:0LyfQWJT6nXafLPZqxe9Of","Various Artists","2003-01-01","https://i.scdn.co/image/ab67616d0000b273cb16019e5d4db22070009621","1","7","222866","https://p.scdn.co/mp3-preview/fe9369ed7d0b2d45b9a8daf026db915f33cd13c6?cid=9950ac751e34487dbbe027c4fd7f8e99","false","0","USIR10000625","spotify:user:bradnumber1","2021-08-08T09:26:31Z","","0.522","0.495","8","-9.096","1","0.0263","0.105","0.000176","0.0537","0.513","155.884","4","","Universal Music","C © 2003 Universal International Music B.V., P ℗ 2003 Universal International Music B.V."
"spotify:track:6Tt1P5CLUrl59oSOTVxON0","Joy","spotify:artist:7EQ0qTo7fWT7DPxmxtSYEc","Bastille","spotify:album:2QzbL1DICo4xZnWr8Sw4fF","Doom Days","spotify:artist:7EQ0qTo7fWT7DPxmxtSYEc","Bastille","2019-06-14","https://i.scdn.co/image/ab67616d0000b273a16f3f34c52cbba368ef6210","1","11","192681","https://p.scdn.co/mp3-preview/f4ffd66aaf0c52479fa38e8bdb428a5c8907b97f?cid=9950ac751e34487dbbe027c4fd7f8e99","false","52","GBUM71900904","spotify:user:bradnumber1","2021-08-08T09:26:31Z","metropopolis,modern rock,pop","0.555","0.923","6","-4.748","0","0.161","0.197","0","0.0778","0.363","118.007","4","","EMI (Virgin)","C © 2019 Virgin Records Limited, P ℗ 2019 Virgin Records Limited"
"spotify:track:25khomWgBVamSdKw7hzm3l","The Hills","spotify:artist:1Xyo4u8uXC1ZmMpatF05PJ","The Weeknd","spotify:album:28ZKQMoNBB0etKXZ97G2SN","Beauty Behind The Madness","spotify:artist:1Xyo4u8uXC1ZmMpatF05PJ","The Weeknd","2015-08-28","https://i.scdn.co/image/ab67616d0000b273aac98daa18e4edf54d7a0a70","1","5","242253","https://p.scdn.co/mp3-preview/30a8d26fa2b2e9a5a01007d71783510180e677ab?cid=9950ac751e34487dbbe027c4fd7f8e99","true","2","USUG11500737","spotify:user:bradnumber1","2021-08-08T09:26:31Z","canadian contemporary r&b,canadian pop,pop","0.356","0.567","0","-7.011","0","0.0798","0.0861","0","0.137","0.109","135.553","5","","Universal Music Group","C © 2015 The Weeknd XO, Inc., Manufactured and Marketed by Republic Records, a Division of UMG Recordings, Inc., P ℗ 2015 The Weeknd XO, Inc., Manufactured and Marketed by Republic Records, a Division of UMG Recordings, Inc."
"spotify:track:3850dYVgOFIXJh5U4BFEWH","Hung Up","spotify:artist:6tbjWDEIzxoDsBA1FuhfPW","Madonna","spotify:album:1hg0pQJLE9dzfT1kgZtDPr","Confessions on a Dance Floor","spotify:artist:6tbjWDEIzxoDsBA1FuhfPW","Madonna","2005-11-11","https://i.scdn.co/image/ab67616d0000b273aaa9d84415623c1e790cd07b","1","1","337733","https://p.scdn.co/mp3-preview/dffaf6d378f42c2ec6311d17fadc5fc26eb84bf8?cid=9950ac751e34487dbbe027c4fd7f8e99","false","74","USWB10504319","spotify:user:bradnumber1","2021-08-08T09:26:31Z","dance pop,pop","0.649","0.647","9","-7.695","0","0.0452","0.0039","0.161","0.0686","0.405","125.02","4","","Warner Records","C © 2005 Warner Records Inc., P ℗ 2005 Warner Records Inc."
"spotify:track:2tNE4DP5nL85XUJv1glO0a","This Ain't a Love Song","spotify:artist:2wpJOPmf1TIOzrB9mzHifd","Scouting For Girls","spotify:album:62j2ag19WoiNtbSxhAk9r7","Ten Add Ten: The Very Best of Scouting For Girls","spotify:artist:2wpJOPmf1TIOzrB9mzHifd","Scouting For Girls","2017-10-13","https://i.scdn.co/image/ab67616d0000b273d8f774b6f54ad165d4d2ebf9","1","2","210680","https://p.scdn.co/mp3-preview/5b4298848b5c28acb112537139bef21517952cb0?cid=9950ac751e34487dbbe027c4fd7f8e99","false","39","GBARL0901410","spotify:user:bradnumber1","2021-08-08T09:26:31Z","talent show","0.458","0.905","0","-4.157","1","0.0451","0.000431","0","0.378","0.553","176.667","4","","Sony Music CG","P (P) 2017 Sony Music Entertainment UK Limited"
"spotify:track:7y9iMe8SOB6z3NoHE2OfXl","Bad At Love","spotify:artist:26VFTg2z8YR0cCuwLzESi2","Halsey","spotify:album:7GjG91tyHQNGEHzKJaqOi0","hopeless fountain kingdom (Deluxe)","spotify:artist:26VFTg2z8YR0cCuwLzESi2","Halsey","2017-06-02","https://i.scdn.co/image/ab67616d0000b2730f7ad6d8d829906c17cae210","1","11","181279","https://p.scdn.co/mp3-preview/21c6d1604217d9a06d79a77904c03b67ed8d7c31?cid=9950ac751e34487dbbe027c4fd7f8e99","false","25","USUM71702220","spotify:user:bradnumber1","2021-08-08T09:26:31Z","electropop,etherpop,indie poptimism,pop","0.675","0.751","0","-3.539","1","0.0296","0.0604","0","0.0893","0.612","118.384","4","","Astralwerks (ASW)","C © 2017 Astralwerks, P ℗ 2017 Astralwerks"
"spotify:track:6KTv0Z8BmVqM7DPxbGzpVC","Rock And Roll All Nite","spotify:artist:07XSN3sPlIlB2L2XNcTwJw","KISS","spotify:album:1YCC4oZXg2zGn7pVSKVlGF","Dressed To Kill","spotify:artist:07XSN3sPlIlB2L2XNcTwJw","KISS","1975-03-19","https://i.scdn.co/image/ab67616d0000b27365a7b0a6969f0efcde4b5aca","1","10","168840","https://p.scdn.co/mp3-preview/e9bee4e5f3f3073b17b5b691ff82b4c2b0cb98d3?cid=9950ac751e34487dbbe027c4fd7f8e99","false","72","USPR37509157","spotify:user:bradnumber1","2021-08-08T09:26:31Z","glam rock,hard rock,rock","0.654","0.929","1","-5.906","1","0.0998","0.0474","0","0.0538","0.902","144.769","4","","Casablanca Records","C © 1997 Kiss Catalog, Ltd., P ℗ 1975 The Island Def Jam Music Group"
"spotify:track:3KZcrZ36LW9RnChK1iIkth","Send My Love (To Your New Lover)","spotify:artist:4dpARuHxo51G3z768sgnrY","Adele","spotify:album:7uwTHXmFa1Ebi5flqBosig","25","spotify:artist:4dpARuHxo51G3z768sgnrY","Adele","2015-11-20","https://i.scdn.co/image/ab67616d0000b2735ffbbc3dca25d5c81491af1f","1","2","223078","https://p.scdn.co/mp3-preview/454f693eeb9b383539f5d26ecdc7cd44c6d20292?cid=9950ac751e34487dbbe027c4fd7f8e99","false","0","GBBKS1500215","spotify:user:bradnumber1","2021-08-08T09:26:31Z","british soul,pop,pop soul,uk pop","0.688","0.532","6","-8.361","0","0.0875","0.0356","0.00000308","0.172","0.565","164.068","4","","XL Recordings","C 2015 XL Recordings Limited., P 2015 XL Recordings Limited."
"spotify:track:4HUtl3utOjpVEEXiXJmXVj","She Works Hard For The Money","spotify:artist:2eogQKWWoohI3BSnoG7E2U","Donna Summer","spotify:album:1sdF7zMEhHVWBSfuK5sXli","She Works Hard For The Money","spotify:artist:2eogQKWWoohI3BSnoG7E2U","Donna Summer","1983-01-01","https://i.scdn.co/image/ab67616d0000b273c1e0941231a7d513d8b71461","1","1","320840","https://p.scdn.co/mp3-preview/3be3091d6a853ffb7235bf01564100d7aeed02bb?cid=9950ac751e34487dbbe027c4fd7f8e99","false","0","USPR39402405","spotify:user:bradnumber1","2021-08-08T09:26:31Z","disco,hi-nrg,new wave pop,soft rock","0.762","0.626","8","-12.998","0","0.0382","0.00587","0.0144","0.116","0.987","136.497","4","","Universal Music Group","C © 1983 The Island Def Jam Music Group, P ℗ 1983 The Island Def Jam Music Group"
"spotify:track:2imODXRKECBRLw1RqRJo4L","Amigos Para Siempre - Friends for Life","spotify:artist:1ahGKezyX9Rl7GuEF2tc15, spotify:artist:7Ead768rc4ShGxnqtqccU5","José Carreras, Sarah Brightman","spotify:album:2HfevweVGn5pSg1uaZSEma","José Carreras Sings Hits Of Andrew Lloyd Webber","spotify:artist:1ahGKezyX9Rl7GuEF2tc15","José Carreras","1992-07-20","https://i.scdn.co/image/ab67616d0000b27316869d50cfed9199110c1b1c","1","13","276133","https://p.scdn.co/mp3-preview/b02a96902b58b46c28a9dfbb2973bd82f5e573c6?cid=9950ac751e34487dbbe027c4fd7f8e99","false","36","DEA619250580","spotify:user:bradnumber1","2022-11-16T01:55:25Z","classical tenor,opera,operatic pop,operatic pop","0.51","0.469","10","-11.671","1","0.0421","0.7","0.00000805","0.163","0.361","110.23","4","","EastWest Germany","C © 1996 eastwest records gmbh, P ℗ 1996 Warner Music Netherlands B.V."
"spotify:track:4DYp1pEg6ebDJkChzvxjOi","The Legend Of Xanadu","spotify:artist:3tKmZgJAXrog8SnYpzWSbe","Dave Dee\, Dozy\, Beaky\, Mick & Tich","spotify:album:5QHfZYyGgyQZrbNJYlOARB","If No-One Sang","spotify:artist:3tKmZgJAXrog8SnYpzWSbe","Dave Dee\, Dozy\, Beaky\, Mick & Tich","1968-05-31","https://i.scdn.co/image/ab67616d0000b273bdfd941b38d27b6ddc3e7cd0","1","9","216373","https://p.scdn.co/mp3-preview/37dce6c6c345f9bb3f1b9fb7eb15232a6806812c?cid=9950ac751e34487dbbe027c4fd7f8e99","false","41","GBF086800061","spotify:user:bradnumber1","2021-08-08T09:26:31Z","british invasion","0.403","0.902","9","-4.829","1","0.049","0.0118","0.00776","0.0975","0.687","76.758","4","","UMC (Universal Music Catalogue)","C © 1968 Mercury Records Limited, P ℗ 1968 Mercury Records Limited"
"spotify:track:4yUgj0i6ttqorcmQYmkQIF","Rhythm Is A Dancer","spotify:artist:2FrKQPjJe4pVMZOgm0ESOx","SNAP!","spotify:album:7w2Tq5jV5IZzHxNsX9rcKP","The Madman's Return","spotify:artist:2FrKQPjJe4pVMZOgm0ESOx","SNAP!","1992","https://i.scdn.co/image/ab67616d0000b273c14494bf5b3ad5c80c644b1d","1","6","332226","https://p.scdn.co/mp3-preview/cd175446f724556dd48a0a2225f920ff42eb39ff?cid=9950ac751e34487dbbe027c4fd7f8e99","false","0","DET189200600","spotify:user:bradnumber1","2021-08-08T09:26:31Z","diva house,eurodance,german techno,hip house","0.756","0.656","9","-14.853","0","0.0338","0.21","0.218","0.0889","0.876","124.364","4","","Bookmark","C 1991 Anzilotti&Münzing, P 1991 Anzilotti&Münzing"
"spotify:track:1CvhKmrutTAta5awpJcFDn","Watch Me (Whip / Nae Nae)","spotify:artist:7juKTDFlPesGeWQ1GmjmOv","Silentó","spotify:album:5KpPYX8443nXEn6tvOKAjQ","Watch Me (Whip / Nae Nae)","spotify:artist:7juKTDFlPesGeWQ1GmjmOv","Silentó","2015-05-04","https://i.scdn.co/image/ab67616d0000b27304bf441dac6f8f81f43942dc","1","1","185131","https://p.scdn.co/mp3-preview/4587cbb1a0d96133b997051e940e590517f785ae?cid=9950ac751e34487dbbe027c4fd7f8e99","false","0","USUM71506622","spotify:user:bradnumber1","2021-08-08T09:26:31Z","chicago bop,pinoy hip hop","0.819","0.768","8","-8.522","1","0.134","0.234","0","0.334","0.964","139.982","4","","Universal Music Group","C © 2015 Capitol Records, LLC, P ℗ 2015 Capitol Records, LLC"
"spotify:track:64UioB4Nmwgn2f4cbIpAkl","It's Still Rock and Roll to Me","spotify:artist:6zFYqv1mOsgBRQbae3JJ9e","Billy Joel","spotify:album:5sztejERqpktXEdemlUvU5","Glass Houses","spotify:artist:6zFYqv1mOsgBRQbae3JJ9e","Billy Joel","1980-03-12","https://i.scdn.co/image/ab67616d0000b27322d5199692d318c28d6c7d9b","1","4","176440","https://p.scdn.co/mp3-preview/27cc47b0bc14385f7bffd0dce8133b958cd9de37?cid=9950ac751e34487dbbe027c4fd7f8e99","false","71","USSM18000211","spotify:user:bradnumber1","2021-08-08T09:26:31Z","album rock,classic rock,mellow gold,piano rock,rock,singer-songwriter,soft rock","0.752","0.684","0","-7.599","1","0.15","0.0994","0","0.0897","0.539","141.075","4","","Columbia","P (P) 1980 Columbia Records, a division of Sony Music Entertainment"
"spotify:track:1yasf88oA9PsxAnyTTEUJa","Versace on the Floor","spotify:artist:2yYwj3KocGouUipLjS8yKr","Britney Holmes","spotify:album:6kN8WGQgqYqd4aBPNXnNtf","Versace on the Floor","spotify:artist:2yYwj3KocGouUipLjS8yKr","Britney Holmes","2016-11-17","https://i.scdn.co/image/ab67616d0000b27353748a5df3241b2adadcf5d4","1","1","264827","https://p.scdn.co/mp3-preview/cdbc8bf5e9237479ec895d4f133701f08f06c2fc?cid=9950ac751e34487dbbe027c4fd7f8e99","false","14","TCACT1680769","spotify:user:bradnumber1","2021-08-08T09:26:31Z","","0.594","0.378","2","-7.05","1","0.0256","0.68","0","0.0859","0.386","87.025","4","","Britney Holmes","C 2016 Britney Holmes, P 2016 Britney Holmes"
"spotify:track:36XJWjuNKBax6KqdzpH7Wb","Homosapien","spotify:artist:7r2lG8Ui6vGHAgsKlE8Hd8","Pete Shelley","spotify:album:2ADodHRpsTpPnd8PASc4i8","Homosapien","spotify:artist:7r2lG8Ui6vGHAgsKlE8Hd8","Pete Shelley","1981","https://i.scdn.co/image/ab67616d0000b27303b0c9be44b71556297b899a","1","1","275840","https://p.scdn.co/mp3-preview/631725b50288d33ca02cc6a1420d450c936490d2?cid=9950ac751e34487dbbe027c4fd7f8e99","false","0","GBVDE0800014","spotify:user:bradnumber1","2020-03-05T09:20:32Z","solo wave,synthpop,uk post-punk","0.603","0.872","2","-7.358","1","0.0577","0.00121","0.00000469","0.754","0.686","132.82","4","","Western Songs Ltd","C (C) 2006 Licensed by Pete Shelley to Western Songs Limited., P (P) 2006 Pete Shelly"
"spotify:track:0cdBZlTYh1UVs18QqR2Hq8","Say So","spotify:artist:1uU7g3DNSbsu0QjSEqZtEd","Masked Wolf","spotify:album:4XDJ1ndSi1ZOUKshTiz1By","Say So","spotify:artist:1uU7g3DNSbsu0QjSEqZtEd","Masked Wolf","2021-07-09","https://i.scdn.co/image/ab67616d0000b273d7f965f409e74468071aad67","1","1","120880","https://p.scdn.co/mp3-preview/38f007c9003313725756ca7f765b7cc9218aae53?cid=9950ac751e34487dbbe027c4fd7f8e99","false","0","USAT22102747","spotify:user:bradnumber1","2021-08-08T09:26:31Z","australian hip hop","0.778","0.606","1","-6.849","1","0.0359","0.0932","0","0.05","0.601","107.987","4","","Teamwrk","C © 2021 Teamwrk Records., P ℗ 2021 Teamwrk Records. Distributed by ADA, a division of Warner Music Australia Pty Ltd"
"spotify:track:6DkXLzBQT7cwXmTyzAB1DJ","What's My Name?","spotify:artist:5pKCCKE2ajJHZ9KAiaK11H, spotify:artist:3TVXtAsR1Inumwj472S9r4","Rihanna, Drake","spotify:album:5QG3tjE5L9F6O2vCAPph38","Loud (Japan Version)","spotify:artist:5pKCCKE2ajJHZ9KAiaK11H","Rihanna","2010-01-01","https://i.scdn.co/image/ab67616d0000b27331548865f7c729290b96c794","1","2","263173","https://p.scdn.co/mp3-preview/bcdc0d6de3ed6309976290d58a0137033b5ef167?cid=9950ac751e34487dbbe027c4fd7f8e99","true","74","USUM71025031","spotify:user:bradnumber1","2021-08-08T09:26:31Z","barbadian pop,pop,urban contemporary,canadian hip hop,canadian pop,hip hop,pop rap,rap","0.688","0.784","2","-2.972","1","0.0747","0.182","0","0.0843","0.563","100.003","4","","Def Jam Recordings","C © 2010 The Island Def Jam Music Group, P ℗ 2010 The Island Def Jam Music Group"
"spotify:track:5xmZDSLfUKwgTxfEqVv7g0","Don't You Want Me - Edit","spotify:artist:6iRRErKYy1iojOaJoq6Ltk","Felix","spotify:album:6odcotWv2xd7NP7RrGBS5b","90s 100 Hits","spotify:artist:0LyfQWJT6nXafLPZqxe9Of","Various Artists","2014-11-28","https://i.scdn.co/image/ab67616d0000b273b212e660aec81b60a425d4f1","1","33","189773","https://p.scdn.co/mp3-preview/5ac1f163032ffa46a67f62a10e83db9e7d298108?cid=9950ac751e34487dbbe027c4fd7f8e99","false","36","GBARL9200055","spotify:user:bradnumber1","2021-08-08T09:26:31Z","hardcore techno,hip house,rave","0.562","0.802","9","-12.423","0","0.0318","0.0096","0.662","0.0919","0.316","127.964","4","","Legacy Recordings","P This compilation (P) 2014 Sony Music Entertainment"
"spotify:track:1l9QbAyljv9kW0xrF8xqHq","Rock$tar","spotify:artist:6pjod8SsOOGf6GW9tfEnH1","Reece Mastin","spotify:album:6sIfbR83sneqztk788UGmO","Beautiful Nightmare","spotify:artist:6pjod8SsOOGf6GW9tfEnH1","Reece Mastin","2012-10-22","https://i.scdn.co/image/ab67616d0000b27372c475607cb622b7cf8d5941","1","2","181733","https://p.scdn.co/mp3-preview/686d492076388bcce7b9531b975052b1ebdb5b13?cid=9950ac751e34487dbbe027c4fd7f8e99","false","35","AUBM01200341","spotify:user:bradnumber1","2021-08-08T09:26:31Z","australian pop,australian talent show","0.547","0.842","10","-2.753","0","0.135","0.0127","0","0.0379","0.88","175.996","4","","Sony Music Entertainment","P (P) 2012 Sony Music Entertainment Australia Pty Ltd."
"spotify:track:0Zxswuv5xzIhxDnsKJLq82","Mercy","spotify:artist:7n2wHs1TKAczGzO7Dd2rGr","Shawn Mendes","spotify:album:5yYFrOnqG8cEciKnsxHz2r","Illuminate (Deluxe)","spotify:artist:7n2wHs1TKAczGzO7Dd2rGr","Shawn Mendes","2017-04-20","https://i.scdn.co/image/ab67616d0000b273f9cbd0c07513a7232cd6b9a7","1","3","208733","https://p.scdn.co/mp3-preview/7814718df164c0b2e3543430b3482b4b6f6f5717?cid=9950ac751e34487dbbe027c4fd7f8e99","false","0","USUM71603531","spotify:user:bradnumber1","2021-08-08T09:26:31Z","canadian pop,pop,viral pop","0.561","0.674","4","-4.882","0","0.0818","0.118","0","0.111","0.383","148.127","4","","Universal Music Group","C © 2016 Island Records, a division of UMG Recordings, Inc., P ℗ 2017 Island Records, a division of UMG Recordings, Inc."
"spotify:track:0ezTev2AFh8ugKYHLdvytD","It's a Game","spotify:artist:3r9TXuXfOUxXjgYgAR0fP8","Bay City Rollers","spotify:album:7scUggwmOi2aHRjFHlPpCl","It's A Game","spotify:artist:3r9TXuXfOUxXjgYgAR0fP8","Bay City Rollers","1977-03-07","https://i.scdn.co/image/ab67616d0000b2733cd9b3ec0c481f010a7e11ad","1","1","178493","https://p.scdn.co/mp3-preview/ad85ebc84406097257c171d6bf80b7708ea5e154?cid=9950ac751e34487dbbe027c4fd7f8e99","false","21","USAR10000017","spotify:user:bradnumber1","2021-08-08T09:26:31Z","bubblegum pop","0.571","0.924","0","-5.079","1","0.0651","0.0127","0.0899","0.114","0.508","129.599","4","","Arista","P (P) 1977 Arista Records,LLC"
"spotify:track:31CdEosqM8rE89xGGYt1tm","According To My Heart","spotify:artist:3aAUu37qACrKr6h9eQyNVj","The Reels","spotify:album:0kqiF9ZW8JkbMH0ij9nmDp","Reel To Reel: 1978 - 1992","spotify:artist:3aAUu37qACrKr6h9eQyNVj","The Reels","2007-09-15","https://i.scdn.co/image/ab67616d0000b273ef00b378d4555a01c13c3d98","1","4","192773","https://p.scdn.co/mp3-preview/dadb0485b81e4917c2d185e2f43fef3ec3a98d57?cid=9950ac751e34487dbbe027c4fd7f8e99","false","0","AULI00736470","spotify:user:bradnumber1","2021-08-08T09:26:31Z","australian rock","0.831","0.534","5","-8.348","1","0.0308","0.455","0.00161","0.331","0.941","119.78","4","","Bloodlines","C 2007 Bloodlines, P 2007 Bloodlines"
"spotify:track:32wGJJaVWYtJ23DQ9hL4jp","Gamble Everything for Love","spotify:artist:06y1hH4hu3rcTUXHJevPCf","Ben Lee","spotify:album:6k8le4iJjm9yd1pv2qhtE4","Awake Is the New Sleep (10th Anniversary Edition)","spotify:artist:06y1hH4hu3rcTUXHJevPCf","Ben Lee","2005-02-22","https://i.scdn.co/image/ab67616d0000b273f259e2805be38048f89b1cce","1","2","201560","https://p.scdn.co/mp3-preview/9a2b624d35a49117cfd0b010b6f3df8567fbdbfc?cid=9950ac751e34487dbbe027c4fd7f8e99","false","34","US27Q1563412","spotify:user:bradnumber1","2022-02-03T10:00:41Z","australian alternative rock,australian pop,australian rock","0.765","0.441","9","-9.754","0","0.0698","0.299","0","0.07","0.884","162.946","4","","WM Australia","C © 2005 Ten Finger Records, Inc., P This edition, ℗ 2015 Ten Finger Records, Inc., under exclusive licence to Warner Music Australia Pty Limited"
"spotify:track:0W4Kpfp1w2xkY3PrV714B7","Ho Hey","spotify:artist:16oZKvXb6WkQlVAjwo2Wbg","The Lumineers","spotify:album:6NWYmlHxAME5KXtxrTlUxW","The Lumineers","spotify:artist:16oZKvXb6WkQlVAjwo2Wbg","The Lumineers","2012-04-03","https://i.scdn.co/image/ab67616d0000b27355b094b01ca58e4d1800a402","1","5","163133","https://p.scdn.co/mp3-preview/c33540bb4add6e78feca6e0cf121fbd0d3b9e6dd?cid=9950ac751e34487dbbe027c4fd7f8e99","false","49","USDMG1260805","spotify:user:bradnumber1","2021-08-08T09:26:31Z","folk-pop,modern rock,neo mellow,stomp and holler","0.685","0.466","0","-9.074","1","0.0304","0.791","0.00000206","0.0914","0.353","79.936","4","","Dualtone Music Group","C 2012 Dualtone Music Group, a division of MNRK Records, P 2012 Dualtone Music Group, a division of MNRK Records"
"spotify:track:6VQYCU0hlch2Mzb0CTXvVg","Have A Look","spotify:artist:5M0fvL9GMc2zTuIIQwresj","Vanessa Amorosi","spotify:album:010ZuyybZC9uyh1uInGxyK","The Best Of Vanessa Amorosi","spotify:artist:5M0fvL9GMc2zTuIIQwresj","Vanessa Amorosi","2005-11-24","https://i.scdn.co/image/ab67616d0000b2730c2f52db42f1a2610cc477e7","1","2","217653","https://p.scdn.co/mp3-preview/e548da80b18c69c93be7ade374ad142398ecb39a?cid=9950ac751e34487dbbe027c4fd7f8e99","false","9","AUV401421263","spotify:user:bradnumber1","2021-08-08T09:26:31Z","australian dance,australian pop,australian rock","0.666","0.9","9","-6.199","1","0.197","0.278","0","0.8","0.808","95.031","4","","CBK Productions","C 2015 CBK Productions, P 2015 CBK Productions"
"spotify:track:5r4RqhXlclyOBImN8I57R0","American Woman - 7"" Single Version","spotify:artist:0cQuYRSzlItquYxsQKDvVc","The Guess Who","spotify:album:3pMKq24IfepNoAm9nMxwxQ","The Best Of The Guess Who","spotify:artist:0cQuYRSzlItquYxsQKDvVc","The Guess Who","1971","https://i.scdn.co/image/ab67616d0000b2731e24453d2ed2f9e4918d10fb","1","5","232693","https://p.scdn.co/mp3-preview/8c1e5c2fab079ce2692fe5c193c4d685d8d3a2bd?cid=9950ac751e34487dbbe027c4fd7f8e99","false","24","USRC16908370","spotify:user:bradnumber1","2021-08-08T09:26:31Z","album rock,classic canadian rock,classic rock,country rock,folk rock,hard rock,mellow gold,rock,singer-songwriter,soft rock","0.556","0.743","9","-10.077","1","0.0458","0.217","0.000109","0.442","0.763","92.93","4","","RCA/Legacy","P Originally released 1971. All rights reserved by Sony Music Entertainment"
"spotify:track:5kfULXiL55wntC8Dmbok9h","Try to Remember","spotify:artist:3C5hjzfOs3mSIhWhLl5Tni","Des O'Connor","spotify:album:1zpf66nTXmW1azpCIFYD7J","Anytime","spotify:artist:3C5hjzfOs3mSIhWhLl5Tni","Des O'Connor","1990","https://i.scdn.co/image/ab67616d0000b273603a133371019f1746f183fb","1","21","204106","https://p.scdn.co/mp3-preview/968880fb1099a89bc863831c6e6eeb296fd7a3dd?cid=9950ac751e34487dbbe027c4fd7f8e99","false","16","GBAYE6800205","spotify:user:bradnumber1","2021-08-08T09:26:31Z","classic uk pop,merseybeat","0.469","0.183","0","-15.102","1","0.0323","0.902","0.104","0.105","0.182","93.086","3","","Parlophone UK","C © 1990 Parlophone Records Ltd, a Warner Music Group Company, P ℗ 1990 Parlophone Records Ltd, a Warner Music Group Company"
"spotify:track:6zL3A4Oq1nRvDPZQYK0KHI","I Did What I Did For Maria","spotify:artist:7KK6M2jPylHa6gLbMBI6V0","Tony Christie","spotify:album:04ieWmbQ7Vha7taSmHaOKG","The Tony Christie Love Collection","spotify:artist:7KK6M2jPylHa6gLbMBI6V0","Tony Christie","2006-01-01","https://i.scdn.co/image/ab67616d0000b27353eb0fe7f9bd3835686247dd","1","2","205653","https://p.scdn.co/mp3-preview/6a006d6fdfe5e5e0f3cc4c5772469e8ba640e266?cid=9950ac751e34487dbbe027c4fd7f8e99","false","23","USMC10200220","spotify:user:bradnumber1","2021-08-08T09:26:31Z","classic uk pop","0.616","0.878","7","-4.353","1","0.0546","0.179","0","0.844","0.788","120.781","4","","Spectrum","C © 2006 Spectrum Music, P This Compilation ℗ 2006 Spectrum Music"
"spotify:track:0kixPmoSCDt7zLYqxDtaXw","Rising Sun","spotify:artist:1VcbchGlIfo3Gylxc3F076","Cold Chisel","spotify:album:1Htwv3I81HU6YUWWs0ommZ","The Best of Cold Chisel - All for You","spotify:artist:1VcbchGlIfo3Gylxc3F076","Cold Chisel","2011-10-31","https://i.scdn.co/image/ab67616d0000b27306dc40069e45da5e5d9f90e6","1","7","207078","https://p.scdn.co/mp3-preview/99cc900e32f0e36e46af72a8a48c1eb4231b4e63?cid=9950ac751e34487dbbe027c4fd7f8e99","false","0","TCABB1158219","spotify:user:bradnumber1","2024-07-16T14:17:58Z","australian rock","0.518","0.989","2","-1.797","1","0.0784","0.188","0.00122","0.0782","0.512","96.782","4","","Cold Chisel Pty Ltd","C 2011 Cold Chisel Pty Ltd, P 2011 Cold Chisel Pty Ltd"
"spotify:track:2Rwux3fRY1xxl167muIo93","I Ran (So Far Away) - Single Edit","spotify:artist:0uAjBatvB4ubpd4kCfjmNt","A Flock Of Seagulls","spotify:album:1A8LZSjPvRpcCJ3Jw4coZe","Grand Theft Auto Vice City OST (Greatest Hits)","spotify:artist:0LyfQWJT6nXafLPZqxe9Of","Various Artists","2002-11-26","https://i.scdn.co/image/ab67616d0000b27367f94edad740366b0523ffee","1","6","219906","https://p.scdn.co/mp3-preview/45349a1628f37a8b9cb86b9d1d6c6f58f1527f2b?cid=9950ac751e34487dbbe027c4fd7f8e99","false","0","GBAHK0500042","spotify:user:bradnumber1","2021-08-08T09:26:31Z","new romantic,new wave,new wave pop,synthpop","0.537","0.815","2","-6.208","1","0.0348","0.000418","0.807","0.194","0.691","145.424","4","","Epic","P (P) Compilation 2002 Sony Music Entertainment Inc."
"spotify:track:7gSQv1OHpkIoAdUiRLdmI6","I Won't Back Down","spotify:artist:2UZMlIwnkgAEDBsw1Rejkn","Tom Petty","spotify:album:5d71Imt5CIb7LpQwDMQ093","Full Moon Fever","spotify:artist:2UZMlIwnkgAEDBsw1Rejkn","Tom Petty","1989-01-01","https://i.scdn.co/image/ab67616d0000b27336572e6726714544f5bed456","1","2","178360","https://p.scdn.co/mp3-preview/2efef1deacda363a01f8d713502bef6674c3cee4?cid=9950ac751e34487dbbe027c4fd7f8e99","false","73","USMC18925675","spotify:user:bradnumber1","2021-08-08T09:26:31Z","album rock,classic rock,hard rock,heartland rock,mellow gold,rock,singer-songwriter,soft rock","0.766","0.478","7","-13.487","1","0.0329","0.0513","0.00000249","0.165","0.965","114.02","4","","Tom Petty P&D","C © 1989 MCA Records Inc., P ℗ 1989 Geffen Records"
"spotify:track:7hMK0MRa9X5NzUd4cSFsWn","A Song For You","spotify:artist:1eEfMU2AhEo7XnKgL7c304","Carpenters","spotify:album:7MQcpWmGqxDm3XRntiGDSe","A Song For You","spotify:artist:1eEfMU2AhEo7XnKgL7c304","Carpenters","1972-01-01","https://i.scdn.co/image/ab67616d0000b27305ec3f3735024dcfd5089d3b","1","1","282026","https://p.scdn.co/mp3-preview/3ab09183dd205e100d18abdbc6a90011e667aaf6?cid=9950ac751e34487dbbe027c4fd7f8e99","false","0","USAM17200542","spotify:user:bradnumber1","2021-08-08T09:26:31Z","adult standards,mellow gold,soft rock","0.439","0.205","5","-11.16","1","0.0342","0.826","0.0000443","0.105","0.149","127.902","4","","Universal Music Group","C © 1972 A&M Records, P ℗ 1972 UMG Recordings, Inc."
"spotify:track:2wvMC5EyaaYQwBfiwwY2xE","Life's Been Good","spotify:artist:5bDxAyJiTYBat1YnFJhvEK","Joe Walsh","spotify:album:5yqBTSoJqE9EfApl2Pptva","But Seriously, Folks...","spotify:artist:5bDxAyJiTYBat1YnFJhvEK","Joe Walsh","1978-06-01","https://i.scdn.co/image/ab67616d0000b273d6627cd5a3fb6403c70471be","1","8","536226","https://p.scdn.co/mp3-preview/4220b4db522c301195461f9aaaa099ca0a4536b5?cid=9950ac751e34487dbbe027c4fd7f8e99","false","62","USEE10901062","spotify:user:bradnumber1","2021-08-08T09:26:31Z","album rock,blues rock,classic rock,country rock,hard rock,heartland rock,mellow gold,rock,singer-songwriter,soft rock,southern rock","0.505","0.476","2","-12.897","1","0.0711","0.25","0.00915","0.113","0.542","99.31","4","","Rhino/Elektra","C © 1978 Elektra Entertainment., P ℗ 1978 Elektra Entertainment Company Inc. Marketed by Rhino Entertainment Company, a Warner Music Group Company."
"spotify:track:1e1oPDrzCWHapxh9GD6vNw","Put Yourself in My Place","spotify:artist:4RVnAU35WRWra6OZ3CbbMA, spotify:artist:4C6ePhnXoaH3iz2Av2X6PF","Kylie Minogue, Ronin","spotify:album:1g7UibEq6u73nf5gr5w3WD","Kylie Minogue","spotify:artist:4RVnAU35WRWra6OZ3CbbMA","Kylie Minogue","1994-09-19","https://i.scdn.co/image/ab67616d0000b2731bfc7d91a7c07db7532d82bc","1","5","251840","https://p.scdn.co/mp3-preview/43bd342d9fe4238de6068b545931b5bd22466dcf?cid=9950ac751e34487dbbe027c4fd7f8e99","false","25","GBARL9400227","spotify:user:bradnumber1","2021-08-08T09:26:31Z","australian dance,australian pop,dance pop,eurodance,new wave pop","0.564","0.81","3","-6.287","1","0.0296","0.0176","0.467","0.155","0.713","76.957","4","","WM Australia","C © 1994 Mushroom Records, P ℗ 1994 Mushroom Records"
"spotify:track:2LEF1A8DOZ9wRYikWgVlZ8","Good Feeling","spotify:artist:0jnsk9HBra6NMjO2oANoPY","Flo Rida","spotify:album:7eLwoxxWs6lfkVYJGkGNbk","Wild Ones","spotify:artist:0jnsk9HBra6NMjO2oANoPY","Flo Rida","2012-06-22","https://i.scdn.co/image/ab67616d0000b273871d85943145dde548f4ae09","1","4","248133","https://p.scdn.co/mp3-preview/5c8193af1f76fc8fc05cabbcabb0318e8608a29a?cid=9950ac751e34487dbbe027c4fd7f8e99","false","77","USAT21101961","spotify:user:bradnumber1","2021-08-08T09:26:31Z","dance pop,miami hip hop,pop,pop rap","0.706","0.89","1","-4.444","0","0.0688","0.0588","0.00286","0.306","0.684","128.011","4","","Poe Boy/Atlantic","C © 2012 Atlantic Recording Corporation for the United States and WEA International Inc. for the world outside of the United States, P ℗ 2012 Atlantic Recording Corporation for the United States and WEA International Inc. for the world outside of the United States"
"spotify:track:0Cp7pkYwl4WCGRHhrfcsrg","Here I Go Again - 1987 Version; 2017 Remaster","spotify:artist:3UbyYnvNIT5DFXU4WgiGpP","Whitesnake","spotify:album:6ujO2Xzt247YCYIpAmcb4r","Whitesnake (30th Anniversary Edition)","spotify:artist:3UbyYnvNIT5DFXU4WgiGpP","Whitesnake","1987-04-07","https://i.scdn.co/image/ab67616d0000b273eb93565b56b7d1aea022983d","1","5","275693","https://p.scdn.co/mp3-preview/677c7e338b471082ab932141cfabf14d08768fa5?cid=9950ac751e34487dbbe027c4fd7f8e99","false","43","GB01A1700005","spotify:user:bradnumber1","2022-08-31T00:18:45Z","album rock,british blues,classic rock,glam metal,hard rock,metal,rock","0.384","0.846","7","-5.591","1","0.0365","0.151","0.0000773","0.0913","0.272","90.172","4","","Parlophone UK","C © 1987, 2017 Whitesnake Productions (Overseas) Ltd. under exclusive license to Parlophone Records Ltd, a Warner Music Group Company for World ex US, Canada & Japan / 1987, 2017 Saltburn, LLC, under exclusive license to Rhino Entertainment, a Warner Music Group Company for US, Canada & Japan, P ℗ 1987, 2017 Whitesnake Productions (Overseas) Ltd. under exclusive license to Parlophone Records Ltd, a Warner Music Group Company for World ex US, Canada & Japan / 1987, 2017 Saltburn, LLC, under exclusive license to Rhino Entertainment, a Warner Music Group Company for US, Canada & Japan"
"spotify:track:7MapZTlRqFfUteNcghsTwf","Keep Your Head Up","spotify:artist:2oX42qP5ineK3hrhBECLmj","Andy Grammer","spotify:album:6XytvZqOIfnUlCerrbOMMo","Andy Grammer","spotify:artist:2oX42qP5ineK3hrhBECLmj","Andy Grammer","2011-01-01","https://i.scdn.co/image/ab67616d0000b2735d6ee0cc74a8cd744e5106bf","1","1","190480","https://p.scdn.co/mp3-preview/fd5299422caa209306c3a0acc7d477631be7a8a1?cid=9950ac751e34487dbbe027c4fd7f8e99","false","0","USKFE1000058","spotify:user:bradnumber1","2021-08-08T09:26:31Z","neo mellow,post-teen pop","0.666","0.78","7","-5.177","1","0.0404","0.044","0","0.128","0.795","90.004","4","","S-Curve Records","C © 2011 S-Curve Records, P ℗ 2011 S-Curve Records"
"spotify:track:0k73nWaD6RPx2sHFEkGPcn","Feel the Love (feat. John Newman)","spotify:artist:4WN5naL3ofxrVBgFpguzKo, spotify:artist:34v5MVKeQnIo0CWYMbbrPf","Rudimental, John Newman","spotify:album:2AOpbitJNMvKhSbsi2YD4F","Home","spotify:artist:4WN5naL3ofxrVBgFpguzKo","Rudimental","2013-04-26","https://i.scdn.co/image/ab67616d0000b2731468dc3911c9abea1dcf9676","1","2","245186","https://p.scdn.co/mp3-preview/9ea1885baab7620b0ffc5f805750bab82311c620?cid=9950ac751e34487dbbe027c4fd7f8e99","false","64","GBAHS1200174","spotify:user:bradnumber1","2021-08-08T09:26:31Z","pop dance,uk dance,uk funky,dance pop","0.385","0.705","1","-6.849","1","0.0601","0.0026","0.000184","0.686","0.24","179.948","4","","Asylum","C © 2013 Warner Music UK Limited., P ℗ 2013 Warner Music UK Limited except tracks 2 & 5 (p) 2013 Black Butter Records under exclusive licence to Warner Music UK Limited"
"spotify:track:4hepyFFOO9I7oZCNn3T2sz","More, More, More","spotify:artist:3GHovBcEWpbnwCZDPF9GpM","Andrea True Connection","spotify:album:4xQKeiJzX2EmCXt5XdGiTN","More, More, More","spotify:artist:3GHovBcEWpbnwCZDPF9GpM","Andrea True Connection","2007-01-01","https://i.scdn.co/image/ab67616d0000b2739c761505b9a5a7823af47d50","1","1","183007","https://p.scdn.co/mp3-preview/1dfd0f5940e78684ee812b46f50226fad6821426?cid=9950ac751e34487dbbe027c4fd7f8e99","false","45","USA560619706","spotify:user:bradnumber1","2021-08-08T09:26:31Z","disco","0.74","0.835","9","-5.625","0","0.038","0.0694","0.0000467","0.149","0.886","103.029","4","","Cleopatra","C (C) 2007 Cleopatra Records, P (P) 2007 Cleopatra Records"
"spotify:track:2PpruBYCo4H7WOBJ7Q2EwM","Hey Ya!","spotify:artist:1G9G7WwrXka3Z1r7aIDjI7","Outkast","spotify:album:1UsmQ3bpJTyK6ygoOOjG1r","Speakerboxxx/The Love Below","spotify:artist:1G9G7WwrXka3Z1r7aIDjI7","Outkast","2003","https://i.scdn.co/image/ab67616d0000b2736e88eb6508fd94cd1b745ce2","2","9","235213","https://p.scdn.co/mp3-preview/d24b3c4135ced9157b0ea3015a6bcc048e0c2e3a?cid=9950ac751e34487dbbe027c4fd7f8e99","false","82","USAR10300924","spotify:user:bradnumber1","2021-08-08T09:26:31Z","atl hip hop,dirty south rap,hip hop,old school atlanta hip hop,rap,southern hip hop","0.727","0.974","4","-2.261","0","0.0664","0.103","0.000532","0.174","0.965","79.526","4","","Arista","P (P) 2003 Arista Records LLC"
"spotify:track:6epq8bnMeajvyPnmXNJ1cY","Your Love - Radio Edit","spotify:artist:4Jv9I6DAbcjDa8HGFAjv94","The Aston Shuffle","spotify:album:3Lx7mtLFnrACDddNDoLnPE","Your Love","spotify:artist:4Jv9I6DAbcjDa8HGFAjv94","The Aston Shuffle","2010-01-01","https://i.scdn.co/image/ab67616d0000b273e7518a2181fabc5c10f1d566","1","1","196905","https://p.scdn.co/mp3-preview/bfc9b246dfb6d6cee324b1afcff3d22eeacbde3a?cid=9950ac751e34487dbbe027c4fd7f8e99","false","9","AUNV01000352","spotify:user:bradnumber1","2021-08-08T09:26:31Z","australian dance,australian house","0.61","0.696","1","-4.999","0","0.036","0.000708","0.0341","0.42","0.487","126.011","4","","Ministry Of Sound","C © 2010 Downright Music, under exclusive license to Ministry of Sound Australia Pty Ltd, P ℗ 2010 Downright Music, under exclusive license to Ministry of Sound Australia Pty Ltd"
"spotify:track:6De3rSBc6FC1EdpC0pRRwd","Don't Hold Your Breath","spotify:artist:40xbWSB4JPdOkRyuTDy1oP","Nicole Scherzinger","spotify:album:45QBZnAVDMJkdYH1ggKOgX","Don't Hold Your Breath (UK Version)","spotify:artist:40xbWSB4JPdOkRyuTDy1oP","Nicole Scherzinger","2011-01-01","https://i.scdn.co/image/ab67616d0000b2737bc4c7bf394a6c9737608b8a","1","1","198093","https://p.scdn.co/mp3-preview/8ff475999cb1c458e211595f5e446f9723570a70?cid=9950ac751e34487dbbe027c4fd7f8e99","false","24","USUM71029856","spotify:user:bradnumber1","2021-08-08T09:26:31Z","dance pop,pop,post-teen pop","0.662","0.838","5","-5.232","0","0.0259","0.0079","0.0000704","0.137","0.667","110.964","4","","Nicole Scherzinger Solo","C © 2011 Interscope Records, P ℗ 2011 Interscope Records"
"spotify:track:5LGqFIVBf3ZUeFBpc87CFS","Life","spotify:artist:73ZPfpfg1LBVvDEArK4l5B","Des'ree","spotify:album:3SwBajIGtIPylPqzWS9V1i","Supernatural","spotify:artist:73ZPfpfg1LBVvDEArK4l5B","Des'ree","1998-06-29","https://i.scdn.co/image/ab67616d0000b273df5db9751cfa58ceadbed9a0","1","3","216040","https://p.scdn.co/mp3-preview/1b4bdabcc149d526c7b37cc54fb160ad34f95701?cid=9950ac751e34487dbbe027c4fd7f8e99","false","61","GBBBL9802010","spotify:user:bradnumber1","2021-08-08T09:26:31Z","europop","0.721","0.74","1","-5.453","1","0.0413","0.113","0.0000407","0.0847","0.716","104.812","4","","S2","P (P) 1998 Sony Music Entertainment (UK) Ltd, except track 11 (P) 1994 Sony Music Entertainment (UK) Ltd."
"spotify:track:1SLxVWqXo9zNrrDKRa3m1G","Viva La Vida","spotify:artist:4gzpq5DPGxSnKTe4SA8HAU","Coldplay","spotify:album:4Uo9tGSEkAUYHWfVGHhhZm","Viva La Vida or Death and All His Friends","spotify:artist:4gzpq5DPGxSnKTe4SA8HAU","Coldplay","2008-06-19","https://i.scdn.co/image/ab67616d0000b273adcc90bbf8ffa384c25c4478","1","7","242373","https://p.scdn.co/mp3-preview/fb9f4a9b0887326776b4fb7c6d331acd167a7778?cid=9950ac751e34487dbbe027c4fd7f8e99","false","66","GBAYE0800265","spotify:user:bradnumber1","2021-08-08T09:26:31Z","permanent wave,pop","0.486","0.617","5","-7.115","0","0.0287","0.0954","0.00000323","0.109","0.417","138.015","4","","Parlophone UK","C © 2008 Parlophone Records Ltd, a Warner Music Group Company, P ℗ 2008 Parlophone Records Ltd, a Warner Music Group Company"
"spotify:track:0dMheXAeJbArzgLQP6R8qU","Blame It on the Weatherman","spotify:artist:72eP0W3rIhkxd0NHGg4w4u","B*Witched","spotify:album:1zrWYaf1JGvFpRLfp8nDyn","C'est la Vie: The Collection","spotify:artist:72eP0W3rIhkxd0NHGg4w4u","B*Witched","1998-03-25","https://i.scdn.co/image/ab67616d0000b273d304bce5fa67ae430a9ac558","1","4","214626","https://p.scdn.co/mp3-preview/829d3e8ce53f96ac2df6a3e7d9890bb2704a7433?cid=9950ac751e34487dbbe027c4fd7f8e99","false","38","GBBBM9802105","spotify:user:bradnumber1","2021-11-11T04:16:57Z","australian pop,europop,girl group","0.497","0.739","7","-7.275","1","0.0355","0.211","0","0.58","0.308","90.031","4","","Sony Music CG","P (P) 1998 Sony Music Entertainment UK Limited"
"spotify:track:1C79CxJdMHjk9RkwX04DRh","","spotify:artist:0LyfQWJT6nXafLPZqxe9Of","","spotify:album:535qZk6ycJqQaa5qFPmq3k","","spotify:artist:0LyfQWJT6nXafLPZqxe9Of","Various Artists","0000","","1","15","0","","false","0","","spotify:user:bradnumber1","2021-08-08T09:26:31Z","","0.67","0.787","7","-4.277","0","0.0519","0.0228","0.00000174","0.125","0.713","139.906","4","","",""
"spotify:track:65n57JYdR4UZR81FOkMHcA","Warm Ride","spotify:artist:5eygg59PhcYgy4ekBgbDA1","Graham Bonnet","spotify:album:6bIyMIpHP8hcVpahpMORkv","Graham Bonnet / No Bad Habits (Expanded Deluxe Edition)","spotify:artist:5eygg59PhcYgy4ekBgbDA1","Graham Bonnet","2016-05-13","https://i.scdn.co/image/ab67616d0000b273b034e04db33f6dd33ec536c2","2","3","202373","https://p.scdn.co/mp3-preview/58d69e8e7a7e9a12d4c6ea0c7a8a1695f67bfe3b?cid=9950ac751e34487dbbe027c4fd7f8e99","false","0","GBBLY1601182","spotify:user:bradnumber1","2021-08-08T09:26:31Z","","0.521","0.895","0","-7.989","0","0.0465","0.254","0","0.208","0.799","111.765","4","","Hear No Evil","C (C) 2016 Cherry Red Records, P (P) 2016 HNE Recordings"
"spotify:track:3O3F0ZKmxxMdgYm1rw0jaN","Nobody To Love - Extended Mix","spotify:artist:01pKrlgPJhm5dB4lneYAqS","Sigma","spotify:album:3CwO5BgcD6FfZASieKajQs","Nobody To Love","spotify:artist:01pKrlgPJhm5dB4lneYAqS","Sigma","2014-01-01","https://i.scdn.co/image/ab67616d0000b2738e981b5c0466987f3e55adcc","1","1","252342","https://p.scdn.co/mp3-preview/e0bb8033e0b1ddb4e4db92b2d6d33d2422f7c164?cid=9950ac751e34487dbbe027c4fd7f8e99","false","40","GBCFZ1400054","spotify:user:bradnumber1","2021-08-08T09:26:31Z","dancefloor dnb,house,pop dance,uk dance","0.441","0.954","8","-3.702","1","0.059","0.000464","0.000332","0.0529","0.146","175.027","4","","Universal Music Australia Pty. Ltd.","C © 2014 3Beat Productions Limited, P ℗ 2014 3Beat Productions Limited"
"spotify:track:1XE1UGRpvvkaFEeqe1OJpw","Don't Wanna Try","spotify:artist:3sMYEBy0CZFxedcnm9i9hf","Frankie J","spotify:album:3S2InZkyQQfQ16oSQOsGGn","The One","spotify:artist:3sMYEBy0CZFxedcnm9i9hf","Frankie J","2003","https://i.scdn.co/image/ab67616d0000b273d30e826126529af620988c4b","1","11","245293","https://p.scdn.co/mp3-preview/2338dd46748ba5d8da11134cbcdc3caa70033cc4?cid=9950ac751e34487dbbe027c4fd7f8e99","false","45","USSM10303819","spotify:user:bradnumber1","2021-08-08T09:26:31Z","hip pop,pop rap,southern hip hop,urban contemporary","0.655","0.433","5","-7.577","0","0.0348","0.444","0","0.221","0.199","130.127","4","","Columbia","P (P) 2003 Universal Records, a Division of UMG Recordings, Inc., 2003, 2004, 2005 SONY BMG MUSIC ENTERTAINMENT"
"spotify:track:2Af6yE62PwymxZV0962qul","Norman","spotify:artist:4KCnuZQWRl9FEwAcduZhP9","Sue Thompson","spotify:album:7yJzSeLuyRbgtE35OMXdzq","Essential Sue Thompson","spotify:artist:4KCnuZQWRl9FEwAcduZhP9","Sue Thompson","2011-12-08","https://i.scdn.co/image/ab67616d0000b273e82eff0514f9b38a302c8c3f","1","2","141026","https://p.scdn.co/mp3-preview/406c56d03971a2d95ee4399db1bdc2211c523083?cid=9950ac751e34487dbbe027c4fd7f8e99","false","21","USJGN0802841","spotify:user:bradnumber1","2021-08-08T09:26:31Z","deep adult standards","0.713","0.523","9","-9.446","1","0.0323","0.817","0.00000118","0.104","0.965","127.254","4","","Hickory Records (2009 Deal)","C (C) 2011 Sony ATV"
"spotify:track:5y0YreEOnQiKFAnCrcFIXz","(Just Like) Starting Over - Remastered 2010","spotify:artist:4x1nvY2FN8jxqAFA0DA02H","John Lennon","spotify:album:15q7N7Wo307mfjqR29NpjF","Double Fantasy: Stripped Down","spotify:artist:4x1nvY2FN8jxqAFA0DA02H, spotify:artist:2s4tjL6W3qrblOe0raIzwJ","John Lennon, Yoko Ono","1980-11-17","https://i.scdn.co/image/ab67616d0000b2736eac0f2b77d85a59f0cf9b3e","2","1","236546","https://p.scdn.co/mp3-preview/a79a8808230f4ded0af7074d5f472dee77f6881f?cid=9950ac751e34487dbbe027c4fd7f8e99","false","55","USTO11000015","spotify:user:bradnumber1","2021-08-08T09:26:31Z","classic rock,rock","0.701","0.794","9","-6.16","1","0.0757","0.301","0.0000568","0.179","0.409","99.104","4","","Capitol Records","C © 2010 Yoko Ono Lennon, under exclusive license to Capitol Records Inc., P ℗ 2010 Lenono Music, under exclusive license to Capitol Records Inc."
"spotify:track:5WAXGE1NZtdgnVAGTsslr8","Too Fake","spotify:artist:0UaUeprRolTdlmZVU4yzPS","Hockey","spotify:album:5NY8oSj9wE0G0bYzd36OlA","Too Fake","spotify:artist:0UaUeprRolTdlmZVU4yzPS","Hockey","2009-01-01","https://i.scdn.co/image/ab67616d0000b273a0dcac1d7bef6308f4253b3a","1","1","249946","https://p.scdn.co/mp3-preview/ab0a271a15f04a5fa069d8808452208cfc1a3fee?cid=9950ac751e34487dbbe027c4fd7f8e99","false","0","USCA20900064","spotify:user:bradnumber1","2021-08-08T09:26:31Z","portland indie","0.668","0.648","1","-7.755","1","0.0464","0.0211","0.00006","0.108","0.506","138.475","4","","Capitol Records","C © 2009 Capitol Records, LLC, P ℗ 2009 Capitol Records, LLC"
"spotify:track:3u1Er1rkjn1oSz1xdZH3ZD","Call It What You Want","spotify:artist:7gP3bB2nilZXLfPHJhMdvc","Foster The People","spotify:album:7Kmmw7Z5D2UD5MVwdm10sT","Torches","spotify:artist:7gP3bB2nilZXLfPHJhMdvc","Foster The People","2011-05-23","https://i.scdn.co/image/ab67616d0000b273121d5f92cf90576907dfb1e5","1","3","238786","https://p.scdn.co/mp3-preview/6fadfae86412a51fe3e759595a579d695bd5b7dc?cid=9950ac751e34487dbbe027c4fd7f8e99","false","60","USSM11101700","spotify:user:bradnumber1","2021-08-08T09:26:31Z","indietronica,modern alternative rock,modern rock,rock","0.641","0.967","5","-4.289","0","0.0601","0.0483","0.000276","0.442","0.725","113.017","4","","Columbia","P (P) 2010, 2011 Sony Music Entertainment"
"spotify:track:7jaSSARL6ZLVuD4NePLHlo","Mr. Saxobeat - Radio Edit","spotify:artist:0BmLNz4nSLfoWYW1cYsElL","Alexandra Stan","spotify:album:4yAYmGd2VOyNw6sblQKoJt","Mr. Saxobeat","spotify:artist:0BmLNz4nSLfoWYW1cYsElL","Alexandra Stan","2011-01-01","https://i.scdn.co/image/ab67616d0000b27351d7cf4dcf12aa62c1121581","1","1","195105","https://p.scdn.co/mp3-preview/11c1bc8c78126bb103cf0c8eaf62373d8173b5e3?cid=9950ac751e34487dbbe027c4fd7f8e99","false","0","ROCRP1002864","spotify:user:bradnumber1","2021-08-08T09:26:31Z","romanian pop","0.72","0.925","4","-4.165","0","0.0511","0.0276","0.000238","0.14","0.781","127.004","4","","Ministry Of Sound","C © 2011 MediaPro Music Entertainment, Romania, under exclusive license to Central Station Records, P ℗ 2011 MediaPro Music Entertainment, Romania, under exclusive license to Central Station Records"
"spotify:track:4alHo6RGd0D3OUbTPExTHN","Just What I Needed","spotify:artist:6DCIj8jNaNpBz8e5oKFPtp","The Cars","spotify:album:4tJPWT4r4FSKwy784Qs1Fq","The Cars","spotify:artist:6DCIj8jNaNpBz8e5oKFPtp","The Cars","1978-06-06","https://i.scdn.co/image/ab67616d0000b273f725bc7907dcf15aa2c6e7b7","1","3","225626","https://p.scdn.co/mp3-preview/2bb7589a2ef19bc8cb2d198048f729ea7240b813?cid=9950ac751e34487dbbe027c4fd7f8e99","false","70","USEE17500009","spotify:user:bradnumber1","2021-08-08T09:26:31Z","album rock,classic rock,hard rock,mellow gold,new romantic,new wave,new wave pop,permanent wave,power pop,rock,singer-songwriter,soft rock,synthpop","0.62","0.579","4","-9.307","1","0.0473","0.0152","0.000064","0.0858","0.691","127.215","4","","Elektra Records","C © 1978 Elektra Records for the United States and WEA International for the world outside of the United States., P ℗ 1978 Elektra Entertainment, a division of Warner Communications, Inc. for the United States and WEA International Inc. for the world outside of the United States."
"spotify:track:7MeniYdHjzvKEn8BWzFNI1","Therapy","spotify:artist:4hOb2WdQMQWyG6RQAhR7iE","Budjerah","spotify:album:58SF72zVryflAg0WvepRzb","Therapy","spotify:artist:4hOb2WdQMQWyG6RQAhR7iE","Budjerah","2023-02-08","https://i.scdn.co/image/ab67616d0000b273a16bce82dfd150ceba562f68","1","1","192103","https://p.scdn.co/mp3-preview/8c5c5d2d6307c46f974105325dd92e85289da17d?cid=9950ac751e34487dbbe027c4fd7f8e99","false","49","AUWA02201938","spotify:user:bradnumber1","2023-05-13T05:16:48Z","australian indigenous music,australian r&b","0.61","0.611","0","-4.652","0","0.0297","0.0129","0","0.174","0.417","104.943","3","","WM Australia","C © 2023 Warner Music Australia Pty Limited, P ℗ 2023 Warner Music Australia Pty Limited"
"spotify:track:3OHDuFSDsStzbhwq0aXXwa","Abracadabra","spotify:artist:6QtGlUje9TIkLrgPZrESuk","Steve Miller Band","spotify:album:7dozvTLsiqIMNfa2p0tJZc","Steve Miller Band","spotify:artist:6QtGlUje9TIkLrgPZrESuk","Steve Miller Band","1973-01-01","https://i.scdn.co/image/ab67616d0000b273005fc60e7f4e860eadb647fa","2","15","307400","https://p.scdn.co/mp3-preview/4202f6549cc02d4d24b85b7cfe41b22153a66e54?cid=9950ac751e34487dbbe027c4fd7f8e99","false","0","USCA28500258","spotify:user:bradnumber1","2021-08-08T09:26:31Z","album rock,classic rock,hard rock,heartland rock,mellow gold,rock,singer-songwriter,soft rock","0.79","0.537","9","-13.272","0","0.036","0.0775","0.00000301","0.173","0.964","127.511","4","","Universal Music Ltd.","C (C) 1994 Capitol Records, LLC, P (P) 1994 Capitol Records, LLC"
"spotify:track:3GpbwCm3YxiWDvy29Uo3vP","Right Round","spotify:artist:0jnsk9HBra6NMjO2oANoPY, spotify:artist:6LqNN22kT3074XbTVUrhzX","Flo Rida, Kesha","spotify:album:2vBLKFrI1rZqB7VtGxcsR5","R.O.O.T.S. (Route of Overcoming the Struggle)","spotify:artist:0jnsk9HBra6NMjO2oANoPY","Flo Rida","2009-03-23","https://i.scdn.co/image/ab67616d0000b27318aa5d7e6d484b832cd5d03f","1","5","204640","https://p.scdn.co/mp3-preview/aa6819dace2539d3cb23bfdc55c8e7e30865ab53?cid=9950ac751e34487dbbe027c4fd7f8e99","false","77","USAT20900156","spotify:user:bradnumber1","2021-08-08T09:26:31Z","dance pop,miami hip hop,pop,pop rap,dance pop,pop","0.72","0.672","7","-6.852","1","0.0551","0.009","0","0.232","0.705","124.986","4","","Poe Boy/Atlantic","C © 2009 Atlantic Recording Corporation for the United States and WEA International Inc. for the world outside of the United States, P ℗ 2009 Atlantic Recording Corporation for the United States and WEA International Inc. for the world outside of the United States"
"spotify:track:6JNJERZGJwDVgkmbohBw7u","Self Control","spotify:artist:4463nfFMmK1cwAWBQDwT5e","Laura Branigan","spotify:album:5cwUCXPFFfNsnk4qipc40D","Self Control","spotify:artist:4463nfFMmK1cwAWBQDwT5e","Laura Branigan","1984","https://i.scdn.co/image/ab67616d0000b2731310670cbb82f06474372cfd","1","2","246440","https://p.scdn.co/mp3-preview/736e6e3bcc1d3a45042ba36a96734cd6a2a897e1?cid=9950ac751e34487dbbe027c4fd7f8e99","false","74","USAT20903047","spotify:user:bradnumber1","2021-08-08T09:26:31Z","new romantic,new wave pop,soft rock,synthpop","0.814","0.686","6","-12.172","0","0.0342","0.219","0.00382","0.155","0.778","106.679","4","","Rhino Atlantic","C © 1984 Atlantic Recording Corp., P ℗ 1984 Atlantic Recording Corp. Marketed by Rhino Entertainment Company, a Warner Music Group Company."
"spotify:track:3aIhJDHxr1kgTSnutJxPTH","Peanut Butter Jelly","spotify:artist:4sTQVOfp9vEMCemLw50sbu","Galantis","spotify:album:4QcXq4vTVN7dFb7bZa9jG2","Pharmacy","spotify:artist:4sTQVOfp9vEMCemLw50sbu","Galantis","2015-06-05","https://i.scdn.co/image/ab67616d0000b2732b517912fd69652ff10d8e11","1","9","203133","https://p.scdn.co/mp3-preview/0151e8ec1524618f7b7dac72a9d1de07b4a63ada?cid=9950ac751e34487dbbe027c4fd7f8e99","false","62","USAT21500650","spotify:user:bradnumber1","2021-08-08T09:26:31Z","dance pop,edm,pop,pop dance,progressive electro house","0.708","0.945","5","-3.247","0","0.234","0.00104","0.0803","0.227","0.545","127.96","4","","Big Beat Records/Atlantic","C © 2015 Atlantic Recording Corporation for the United States and WEA International for the world outside of the United States. A Warner Music Group Company, P ℗ 2015 Atlantic Recording Corporation for the United States and WEA International for the world outside of the United States. A Warner Music Group Company"
"spotify:track:0ltBH1JNzSvQJPjJpvTu9B","Whistle","spotify:artist:0jnsk9HBra6NMjO2oANoPY","Flo Rida","spotify:album:355RqMyXhDoOD0l4qMUxeT","Whistle","spotify:artist:0jnsk9HBra6NMjO2oANoPY","Flo Rida","2012-04-24","https://i.scdn.co/image/ab67616d0000b2738fff33d4cece7b62bda3a2a5","1","1","225000","https://p.scdn.co/mp3-preview/ea7012e8d63798a9bd4ec40e566cb81c5955d18f?cid=9950ac751e34487dbbe027c4fd7f8e99","false","53","USAT21201745","spotify:user:bradnumber1","2021-08-08T09:26:31Z","dance pop,miami hip hop,pop,pop rap","0.754","0.933","0","-5.786","1","0.0448","0.0199","0","0.297","0.75","103.992","4","","Poe Boy/Atlantic","C © 2012 Atlantic Recording Corporation for the United States and WEA International Inc. for the world outside of the United States, P ℗ 2012 Atlantic Recording Corporation for the United States and WEA International Inc. for the world outside of the United States"
"spotify:track:6QLO02TAXSUqgk0wNXywuz","Come On Over","spotify:artist:5e4Dhzv426EvQe3aDb64jL","Shania Twain","spotify:album:0vOj0JVKv2bobFBBUTjgQF","Come On Over","spotify:artist:5e4Dhzv426EvQe3aDb64jL","Shania Twain","1997","https://i.scdn.co/image/ab67616d0000b273e651d6dd8cc3af4288bf77b4","1","7","173506","https://p.scdn.co/mp3-preview/53c18772e8d50be6280fb730c239240b199e4a9c?cid=9950ac751e34487dbbe027c4fd7f8e99","false","0","USMR19787378","spotify:user:bradnumber1","2022-01-11T11:19:37Z","canadian country,canadian pop,contemporary country,country,country dawn","0.618","0.92","11","-4.529","1","0.0457","0.112","0","0.691","0.966","76.512","4","","Strategic Marketing","C © 2009 Mercury Records, P ℗ 2009 Mercury Records"
"spotify:track:62kxmzRvbB99isOPA3Jsea","Sexcrime (Nineteen Eighty-Four)","spotify:artist:0NKDgy9j66h3DLnN8qu1bB, spotify:artist:5MspMQqdVbdwP6ax3GXqum, spotify:artist:7gcCQIlkkfbul5Mt0jBQkg","Eurythmics, Annie Lennox, Dave Stewart","spotify:album:1moeActSxQQhEdAVIClRBm","Greatest Hits","spotify:artist:0NKDgy9j66h3DLnN8qu1bB, spotify:artist:5MspMQqdVbdwP6ax3GXqum, spotify:artist:7gcCQIlkkfbul5Mt0jBQkg","Eurythmics, Annie Lennox, Dave Stewart","1991-03-01","https://i.scdn.co/image/ab67616d0000b273a27a49c3ac1c50a02dd50820","1","12","233306","https://p.scdn.co/mp3-preview/5dad818780c6c308cb3e2fffcffd09b7cdbf9a2d?cid=9950ac751e34487dbbe027c4fd7f8e99","false","31","GBAAA8400008","spotify:user:bradnumber1","2021-08-08T09:26:31Z","dance rock,new romantic,new wave,new wave pop,soft rock,sophisti-pop,synthpop,new romantic,new wave,new wave pop,singer-songwriter,soft rock,synthpop,new wave pop,rock keyboard","0.673","0.701","2","-12.632","1","0.0491","0.0303","0.00000365","0.163","0.558","119.091","4","","RCA Records Label","P (P) 1991 SONY BMG MUSIC ENTERTAINMENT (UK) Limited"
"spotify:track:2SWmfd8iv4CiBOztWJebux","I Can't Stand the Rain","spotify:artist:3R6f1aBWwde7ZqGv7hf4dY","Eruption","spotify:album:26BHqKni1MTqwIcdSUFLRm","4 Hits: Eruption","spotify:artist:3R6f1aBWwde7ZqGv7hf4dY","Eruption","2011-07-15","https://i.scdn.co/image/ab67616d0000b27316460173acaa68e9bc62fd98","1","2","185733","https://p.scdn.co/mp3-preview/5df8644045eb11263a6c7e99af63155aafee3507?cid=9950ac751e34487dbbe027c4fd7f8e99","false","45","DED167700034","spotify:user:bradnumber1","2021-08-08T09:26:31Z","","0.708","0.693","11","-9.557","1","0.0917","0.211","0.000515","0.162","0.892","108.319","4","","MCI","P (P) 2011 Sony Music Entertainment Germany GmbH"
"spotify:track:6DcDdDevI94Dh4vc5anXBE","Wild Wild Love (feat. G.R.L.)","spotify:artist:0TnOYISbd1XYRBk9myaseg, spotify:artist:3Yl4nkmEa8BSuGWbwhdLDq","Pitbull, G.R.L.","spotify:album:5guseY8dOt96Ji3n9TVSwA","Wild Wild Love (feat. G.R.L.)","spotify:artist:0TnOYISbd1XYRBk9myaseg","Pitbull","2014-02-25","https://i.scdn.co/image/ab67616d0000b2732bd43fc62791bf472a8bfb5d","1","1","202197","https://p.scdn.co/mp3-preview/7ad7b4082aaa6e4b57acc8dd1c3296fce79c0e45?cid=9950ac751e34487dbbe027c4fd7f8e99","false","39","USRC11400456","spotify:user:bradnumber1","2021-08-08T09:26:31Z","dance pop,miami hip hop,pop,girl group,post-teen pop,talent show","0.645","0.732","2","-5.874","1","0.0482","0.0136","0","0.513","0.336","120.06","4","","Mr.305/Polo Grounds Music/RCA Records","P (P) 2014 RCA Records, a division of Sony Music Entertainment"
"spotify:track:210g0ApTMDQvGFTWSnioAA","Easy","spotify:artist:6twIAGnYuIT1pncMAsXnEm","Commodores","spotify:album:4mDGyVthoID64WAcff0HxR","The Commodores: The Definitive Collection","spotify:artist:6twIAGnYuIT1pncMAsXnEm","Commodores","2009-01-01","https://i.scdn.co/image/ab67616d0000b2732a177dddad63ff1c7c1e3c6d","1","7","256545","https://p.scdn.co/mp3-preview/10044c94985e802666a02616d3ef63117dd105fd?cid=9950ac751e34487dbbe027c4fd7f8e99","false","38","USMO17700543","spotify:user:bradnumber1","2021-08-08T09:26:31Z","adult standards,disco,funk,mellow gold,motown,quiet storm,soft rock,soul","0.568","0.575","10","-7.769","0","0.029","0.126","0.0001","0.114","0.333","133.093","4","","UNI/MOTOWN","C © 2009 Motown Records, a Division of UMG Recordings, Inc., P ℗ 2009 Motown Records, a Division of UMG Recordings, Inc."
"spotify:track:6yraFyhgbavO2amB2lhpfi","Waiting All Night (feat. Ella Eyre)","spotify:artist:4WN5naL3ofxrVBgFpguzKo, spotify:artist:66TrUkUZ3RM29dqeDQRgyA","Rudimental, Ella Eyre","spotify:album:2AOpbitJNMvKhSbsi2YD4F","Home","spotify:artist:4WN5naL3ofxrVBgFpguzKo","Rudimental","2013-04-26","https://i.scdn.co/image/ab67616d0000b2731468dc3911c9abea1dcf9676","1","11","292586","https://p.scdn.co/mp3-preview/7e490be7ba1c9e03b867e12f8cb51bb767c45dcc?cid=9950ac751e34487dbbe027c4fd7f8e99","false","64","GBAHS1200493","spotify:user:bradnumber1","2021-08-08T09:26:31Z","pop dance,uk dance,uk funky,dance pop,talent show,uk dance,uk pop","0.543","0.729","6","-5.357","0","0.0498","0.00265","0.01","0.427","0.282","174.982","4","","Asylum","C © 2013 Warner Music UK Limited., P ℗ 2013 Warner Music UK Limited except tracks 2 & 5 (p) 2013 Black Butter Records under exclusive licence to Warner Music UK Limited"
"spotify:track:5CR95JVlItpP3WaAIJUskm","Just A Kiss","spotify:artist:32WkQRZEVKSzVAAYqukAEA","Lady A","spotify:album:7MMV5o5BBYxMK4ycvhVnul","Own The Night","spotify:artist:32WkQRZEVKSzVAAYqukAEA","Lady A","2011-01-01","https://i.scdn.co/image/ab67616d0000b273e539e2698052c39ba7f6132d","1","2","214440","https://p.scdn.co/mp3-preview/9f10af291d8df8e5674ef44ab54606fe075d3086?cid=9950ac751e34487dbbe027c4fd7f8e99","false","0","USCN11100172","spotify:user:bradnumber1","2021-08-08T09:26:31Z","contemporary country,country,country dawn,country pop,country road","0.564","0.623","1","-7.248","1","0.0318","0.399","0","0.0914","0.307","145.047","4","","Capitol Nashville","C © 2011 Capitol Records Nashville, P ℗ 2011 Capitol Records Nashville"
"spotify:track:5ecZWU5uQOiCVSnPxBZNmT","7 Things - Single Version","spotify:artist:5YGY8feqx7naU7z4HrwZM6","Miley Cyrus","spotify:album:0Yu3czJNOQ68fZgkvpjuHL","Breakout","spotify:artist:5YGY8feqx7naU7z4HrwZM6","Miley Cyrus","2008-01-01","https://i.scdn.co/image/ab67616d0000b273e345458751c029f411db3d5b","1","2","213453","https://p.scdn.co/mp3-preview/c72ced8af5595168702ef098027459ce210fb4b9?cid=9950ac751e34487dbbe027c4fd7f8e99","false","60","USHR10823877","spotify:user:bradnumber1","2021-08-08T09:26:31Z","pop","0.59","0.903","1","-4.478","0","0.0363","0.0232","0","0.0786","0.542","107.023","4","","Hollywood Records","C © 2008 Hollywood Records, Inc., P ℗ 2008 Hollywood Records, Inc."
"spotify:track:78RIER8V6EhrqVPOBi2GYa","Here Comes the Rain Again - Remastered Version","spotify:artist:0NKDgy9j66h3DLnN8qu1bB, spotify:artist:5MspMQqdVbdwP6ax3GXqum, spotify:artist:7gcCQIlkkfbul5Mt0jBQkg","Eurythmics, Annie Lennox, Dave Stewart","spotify:album:4pGwe5BW8GVtIP8ruoa1jB","Touch (Reissue - Deluxe Edition)","spotify:artist:0NKDgy9j66h3DLnN8qu1bB, spotify:artist:5MspMQqdVbdwP6ax3GXqum, spotify:artist:7gcCQIlkkfbul5Mt0jBQkg","Eurythmics, Annie Lennox, Dave Stewart","1983-11-14","https://i.scdn.co/image/ab67616d0000b273a29ca418b2a64e80002a86e3","1","1","294586","https://p.scdn.co/mp3-preview/47181a1bad1b058e3cb6382cd2a036f66d606b80?cid=9950ac751e34487dbbe027c4fd7f8e99","false","63","GBARL0300600","spotify:user:bradnumber1","2022-01-12T23:05:36Z","dance rock,new romantic,new wave,new wave pop,soft rock,sophisti-pop,synthpop,new romantic,new wave,new wave pop,singer-songwriter,soft rock,synthpop,new wave pop,rock keyboard","0.648","0.755","0","-7.901","1","0.03","0.0139","0.000253","0.225","0.607","126.341","4","","RCA Records Label","P (P) 2005 Sony Music Entertainment Germany GmbH"
"spotify:track:5p9XWUdvbUzmPCukOmwoU3","Suddenly I See","spotify:artist:5zzrJD2jXrE9dZ1AklRFcL","KT Tunstall","spotify:album:3j70PDKieTWQAwas3bPHRZ","Eye To The Telescope","spotify:artist:5zzrJD2jXrE9dZ1AklRFcL","KT Tunstall","2005-01-01","https://i.scdn.co/image/ab67616d0000b273183730e8038fa632b2c227da","1","9","201706","https://p.scdn.co/mp3-preview/45ba3b5723cc57375698956fda70e267199e24d1?cid=9950ac751e34487dbbe027c4fd7f8e99","false","76","GBGLM0400069","spotify:user:bradnumber1","2021-08-08T09:26:31Z","ectofolk,lilith,neo mellow,pop rock,scottish singer-songwriter","0.587","0.767","0","-5.713","1","0.0449","0.225","0","0.112","0.664","100.38","4","","Relentless/Virgin","C © 2005 Universal Music Operations Limited, P ℗ 2005 Universal Music Operations Limited"
"spotify:track:0FsKQ04gn6CHHOq2ISEm0H","Say So","spotify:artist:5cj0lLjcoR7YOSnhnX0Po5","Doja Cat","spotify:album:3n5Coa56i6foIGITrYGX7o","Hot Pink","spotify:artist:5cj0lLjcoR7YOSnhnX0Po5","Doja Cat","2019-11-07","https://i.scdn.co/image/ab67616d0000b2736274ace7cd4e262c13f6f93c","1","5","237893","https://p.scdn.co/mp3-preview/0f1582e554885f388a797bcf7727ab101a1c2ef1?cid=9950ac751e34487dbbe027c4fd7f8e99","false","50","USRC11903455","spotify:user:bradnumber1","2021-08-08T09:26:31Z","dance pop,pop","0.804","0.672","11","-4.614","0","0.122","0.256","0.0000102","0.0906","0.778","111.023","4","","Kemosabe Records/RCA Records","P (P) 2019 Kemosabe Records/RCA Records"
"spotify:track:0upLyFR8Rr52ZpMp5esQoq","You Really Got Me - 2015 Remaster","spotify:artist:2cnMpRsOVqtPMfq7YiFE6K","Van Halen","spotify:album:7DdEbYFPKTZ8KB4z6L4UnQ","Van Halen (Remastered)","spotify:artist:2cnMpRsOVqtPMfq7YiFE6K","Van Halen","1978-02-10","https://i.scdn.co/image/ab67616d0000b27317dd812df38fed44d6d2036e","1","3","156146","https://p.scdn.co/mp3-preview/5ea4566225b76e5899597d8d820ba001db0292be?cid=9950ac751e34487dbbe027c4fd7f8e99","false","66","USWB11403670","spotify:user:bradnumber1","2021-08-08T09:26:31Z","album rock,classic rock,hard rock,rock","0.454","0.946","1","-5.978","0","0.13","0.0223","0","0.173","0.647","138.18","4","","Rhino/Warner Records","C © 1978 Warner Records Inc., P ℗ 1978 Warner Records Inc. Marketed by Rhino Entertainment Company, a Warner Music Group Company."
"spotify:track:0INUNNYfsp4qr6kJdY46mY","Travelin' Band","spotify:artist:3IYUhFvPQItj6xySrBmZkd","Creedence Clearwater Revival","spotify:album:4GLxEXWI3JiRKp6H7bfTIK","Cosmo's Factory (Expanded Edition)","spotify:artist:3IYUhFvPQItj6xySrBmZkd","Creedence Clearwater Revival","1970-07-25","https://i.scdn.co/image/ab67616d0000b27361834aa14b97a7d9c693134f","1","3","127493","https://p.scdn.co/mp3-preview/c04e3213c1d34fda13e1010aaf83e32e8cb28fa5?cid=9950ac751e34487dbbe027c4fd7f8e99","false","50","USC4R0817628","spotify:user:bradnumber1","2021-08-08T09:26:31Z","album rock,classic rock,country rock,mellow gold,rock,southern rock,swamp rock","0.513","0.92","6","-6.664","1","0.0511","0.0166","0.0282","0.178","0.963","166.186","4","","Craft Recordings","C © 2008 Concord Music Group, Inc., P ℗ 2008 Concord Music Group, Inc."
"spotify:track:2LA4v20vokK9Uaj7WEEMaf","Losing Grip","spotify:artist:0p4nmQO2msCgU4IF37Wi3j","Avril Lavigne","spotify:album:3zXjR3y2dUWklKmmp6lEhy","Let Go","spotify:artist:0p4nmQO2msCgU4IF37Wi3j","Avril Lavigne","2002-06-04","https://i.scdn.co/image/ab67616d0000b273f7ec724fbf97a30869d06240","1","1","233760","https://p.scdn.co/mp3-preview/c6303dfbc5094cdee8d6f130cae0edc99844162e?cid=9950ac751e34487dbbe027c4fd7f8e99","false","58","USAR10200222","spotify:user:bradnumber1","2024-02-27T01:36:45Z","canadian pop,candy pop,dance pop,pop","0.534","0.888","8","-4.667","0","0.0972","0.00128","0.00000615","0.0772","0.582","158.368","4","","Arista","P (P) 2002 Arista Records, LLC"
"spotify:track:3Zb7q3OoEbRJIl7cIgW1se","Big World","spotify:artist:1rw8ZTLnDHd74TWDDukjVi","Conrad Sewell","spotify:album:5NPUViV7mLNEGSsRBsdhpe","LIFE","spotify:artist:1rw8ZTLnDHd74TWDDukjVi","Conrad Sewell","2019-05-17","https://i.scdn.co/image/ab67616d0000b2735c32a35c0d1b0982b718a833","1","4","235706","https://p.scdn.co/mp3-preview/942d758b89bdb091c2079f6820c428506794e2f2?cid=9950ac751e34487dbbe027c4fd7f8e99","false","19","AUBM01900016","spotify:user:bradnumber1","2021-08-08T09:26:31Z","australian pop","0.629","0.559","5","-5.184","0","0.0761","0.0839","0","0.113","0.457","75.888","3","","Sony Music Entertainment","P (P) 2019 Conrad Sewell under exclusive license to Sony Music Entertainment Australia Pty Ltd"
"spotify:track:3BLewreWlYMr2MbVUBfBS2","Almost With You - 2002 Digital Remaster","spotify:artist:2ZfogSsOWP4mVfEqfpLXCt","The Church","spotify:album:37FcNkuAMrcTjGLyg5MmiJ","The Blurred Crusade","spotify:artist:2ZfogSsOWP4mVfEqfpLXCt","The Church","1982-02-25","https://i.scdn.co/image/ab67616d0000b273bd30df930d82dfe540e2acf2","1","1","254360","https://p.scdn.co/mp3-preview/14f83092c6b11bdc05c97ef58772abf6391fa16e?cid=9950ac751e34487dbbe027c4fd7f8e99","false","41","AUEM00200043","spotify:user:bradnumber1","2021-08-08T09:26:31Z","australian rock,dream pop,new romantic,new wave","0.366","0.816","0","-5.135","1","0.0331","0.000112","0.021","0.136","0.608","152.085","4","","EMI Music Australia","C © 2010 EMI Recorded Music Australia Pty Ltd., P This Compilation ℗ 2010 Sony/ATV Northern Productions Pty Limited"
"spotify:track:0dKTjE2FJQUBYWVYvzLacl","Changed The Way You Kissed Me (Radio Edit)","spotify:artist:6Vh6UDWfu9PUSXSzAaB3CW","Example","spotify:album:6MUCSpXHRLnfUsJS26oNNG","Pump It Vol. 5","spotify:artist:0LyfQWJT6nXafLPZqxe9Of","Various Artists","2012-04-06","https://i.scdn.co/image/ab67616d0000b27388e4d5d2393aa009a1a597b2","1","9","192627","https://p.scdn.co/mp3-preview/89a9ffbf2b566d7aee2e4802ed7944ca984bf168?cid=9950ac751e34487dbbe027c4fd7f8e99","false","16","GBCEN1101218","spotify:user:bradnumber1","2021-08-08T09:26:31Z","hip house,uk dance","0.576","0.843","4","-3.727","0","0.0403","0.00614","0.00123","0.162","0.233","127.012","4","","LNG Music","P 2012 LNG Music"
"spotify:track:6eyexh0sBYUn6xuAAuhGh9","Forever Until Tomorrow","spotify:artist:2l35CQqtYRh3d8ZIiBep4v","MKTO","spotify:album:6hcPm6dCD58O5UI6xv019r","MKTO","spotify:artist:2l35CQqtYRh3d8ZIiBep4v","MKTO","2014","https://i.scdn.co/image/ab67616d0000b2737b31a5efb42a0cc696369c3a","1","6","226733","https://p.scdn.co/mp3-preview/9b48c43b0aeedd4c6b2b6f792857216a104d9ece?cid=9950ac751e34487dbbe027c4fd7f8e99","false","0","USSM11305989","spotify:user:bradnumber1","2021-08-08T09:26:31Z","pop,post-teen pop","0.519","0.819","1","-4.947","1","0.125","0.0993","0","0.0476","0.713","119.998","3","","Columbia/M2V","P (P) 2012, 2013 Columbia Records, a Division of Sony Music Entertainment"
"spotify:track:26gceVsA1ybT8qsX3aYLEn","Thunder","spotify:artist:53XhwfbYqKCa1cC15pYq2q","Imagine Dragons","spotify:album:57lkUmA6WunanwJRN1RsGD","Evolve","spotify:artist:53XhwfbYqKCa1cC15pYq2q","Imagine Dragons","2017-06-23","https://i.scdn.co/image/ab67616d0000b273ee138477bb382419f3f165c5","1","10","187146","https://p.scdn.co/mp3-preview/ef62eb257ada5dd10002ebb8aa6ba2889a96dde4?cid=9950ac751e34487dbbe027c4fd7f8e99","false","0","USUM71704167","spotify:user:bradnumber1","2021-08-08T09:26:31Z","modern rock,pop,rock","0.605","0.813","0","-4.785","1","0.0448","0.00702","0.114","0.145","0.238","167.997","4","","Universal Music Group","C © 2018 KIDinaKORNER/Interscope Records, P ℗ 2018 KIDinaKORNER/Interscope Records"
"spotify:track:77kwkHJdqneMyMZfbP3sNJ","Boom Sha La La Lo","spotify:artist:56ly3P0zXm2iYdDqFqE5ml","Hans Poulsen","spotify:album:7fuTry78vKGlCuOGzaJ5si","Lost Hits of the 70s and 80s","spotify:artist:0LyfQWJT6nXafLPZqxe9Of","Various Artists","2019-01-15","https://i.scdn.co/image/ab67616d0000b273e5efbf411504d7501ec3593f","1","12","174200","https://p.scdn.co/mp3-preview/f5faa2336f10d5369faf93f16af29ff86a28e181?cid=9950ac751e34487dbbe027c4fd7f8e99","false","14","AULB41800631","spotify:user:bradnumber1","2021-08-08T09:26:31Z","","0.526","0.637","7","-7.453","1","0.0316","0.219","0.0000018","0.199","0.564","123.048","4","","Fanfare Records","C 2018 Ambition Entertainment Pty Ltd, P 2018 Ambition Entertainment Pty Ltd"
"spotify:track:13BRH2RILNifFRNTXbLUka","The Rascal King","spotify:artist:5uYXMC13cIUulobh204QuK","The Mighty Mighty Bosstones","spotify:album:5yBYSnmpRANjb99msqeCee","Let's Face It","spotify:artist:5uYXMC13cIUulobh204QuK","The Mighty Mighty Bosstones","1997-01-01","https://i.scdn.co/image/ab67616d0000b27381703eef6202ecf509d2cf55","1","2","166133","https://p.scdn.co/mp3-preview/62e7aed3676562b1be5f257bb8ff93c5c261dd10?cid=9950ac751e34487dbbe027c4fd7f8e99","false","0","USMR19780100","spotify:user:bradnumber1","2023-06-09T21:01:43Z","boston punk,boston rock,punk,ska,ska punk,skate punk","0.544","0.846","1","-5.52","1","0.0389","0.00846","0.00000277","0.192","0.969","88.187","4","","Island Mercury","C © 1997 The Island Def Jam Music Group Inc., P ℗ 1997 The Island Def Jam Music Group"
"spotify:track:6vKqtvGOPnJPQTfb34KJX3","(The Man Who Shot) Liberty Valance","spotify:artist:3ap1NzHNV9QA1x1V6z3gSe","Gene Pitney","spotify:album:6gJ1d3KgMLwEKeck53FYxc","The Best Of Gene Pitney","spotify:artist:3ap1NzHNV9QA1x1V6z3gSe","Gene Pitney","2019-04-17","https://i.scdn.co/image/ab67616d0000b273fb4c46e199dfc54f5400ba69","1","4","176240","https://p.scdn.co/mp3-preview/4bc96b41c676b9d89537264a3679d21f2d49bafd?cid=9950ac751e34487dbbe027c4fd7f8e99","false","0","USACU0500067","spotify:user:bradnumber1","2021-08-08T09:26:31Z","adult standards,brill building pop,merseybeat,rock-and-roll,rockabilly","0.625","0.435","1","-12.653","0","0.0667","0.591","0","0.113","0.744","88.879","4","","Musicor Records","C 1984 Gusto Records Inc., P 1984 Gusto Records Inc."
"spotify:track:2KP2670rcQA5XRZyQcVhDK","Everybody Dance (feat. Nile Rodgers)","spotify:artist:4Wjf8diP59VmPG7fi4y724, spotify:artist:4bU685oayr3KvaP4qdoYdu, spotify:artist:3yDIp0kaq9EFKe07X1X2rz","Cedric Gervais, Franklin, Nile Rodgers","spotify:album:4vcuBBBPLCegTTJWF2p2hb","Everybody Dance (feat. Nile Rodgers)","spotify:artist:4Wjf8diP59VmPG7fi4y724, spotify:artist:4bU685oayr3KvaP4qdoYdu, spotify:artist:3yDIp0kaq9EFKe07X1X2rz","Cedric Gervais, Franklin, Nile Rodgers","2020-11-20","https://i.scdn.co/image/ab67616d0000b27354659859cecbdeb33ede1c6c","1","1","168289","https://p.scdn.co/mp3-preview/b2a96db5ed68dace79d6c291a662cfa123528339?cid=9950ac751e34487dbbe027c4fd7f8e99","false","0","UK8E21904101","spotify:user:bradnumber1","2021-08-08T09:26:31Z","dutch house,edm,electro house,pop dance,progressive electro house,disco","0.628","0.928","0","-3.698","0","0.0621","0.00862","0.713","0.0651","0.68","123.953","4","","DGTLBEATS","C 2020 DGTLBEATS, P 2020 DGTLBEATS"
"spotify:track:1Awjfqkj1OIXbY2GzPTvml","Mountain","spotify:artist:31Qm8tlnFdAbGPok6Rfhz3","Chocolate Starfish","spotify:album:7xbTUgTUiKi49xBKZ0ukJE","6 Pack Of Hits","spotify:artist:31Qm8tlnFdAbGPok6Rfhz3","Chocolate Starfish","2013-05-14","https://i.scdn.co/image/ab67616d0000b27388a2e86e4744bfaa39b77fb2","1","2","297133","https://p.scdn.co/mp3-preview/3bdad49fe958634d3d25c5ec76e2a40fc1ade016?cid=9950ac751e34487dbbe027c4fd7f8e99","false","0","AUV401105226","spotify:user:bradnumber1","2021-08-08T09:26:31Z","australian rock","0.488","0.795","7","-6.356","1","0.0345","0.118","0.0000142","0.632","0.685","151.201","4","","Independent","C 2013 Chocolate Starfish, P 2013 Chocolate Starfish"
"spotify:track:1bOJQnJsFW5LZOgGp4K2mb","If You Could Read My Mind","spotify:artist:1cK2Abwkni7m51wJCSGllN, spotify:artist:6uGKydhYXrVOEXM6QbVzyH, spotify:artist:5hgxMFtaWAhh6LDHdVBZLB","Ultra Naté, Amber, Jocelyn Enriquez","spotify:album:3a5kW3sm7yn7HTXc5lXvCW","If You Could Read My Mind","spotify:artist:1cK2Abwkni7m51wJCSGllN, spotify:artist:6uGKydhYXrVOEXM6QbVzyH, spotify:artist:5hgxMFtaWAhh6LDHdVBZLB","Ultra Naté, Amber, Jocelyn Enriquez","1998-07-16","https://i.scdn.co/image/ab67616d0000b2730cd60e9486d4a69ee9e56629","1","1","206773","https://p.scdn.co/mp3-preview/01db73ed66d5913f342909192c43a645c3f40103?cid=9950ac751e34487dbbe027c4fd7f8e99","false","0","USTB10300876","spotify:user:bradnumber1","2021-08-08T09:26:31Z","diva house,garage house,vocal house,dutch pop,vocal house,freestyle","0.609","0.88","3","-7.407","1","0.0742","0.0405","0","0.284","0.389","126.981","4","","Tommy Boy Music, LLC","C 1998 Tommy Boy Music, LLC, P 1998 Tommy Boy Music, LLC"
"spotify:track:623FjLu3438Wk5urTsN4sS","One Last Breath","spotify:artist:43sZBwHjahUvgbx1WNIkIz","Creed","spotify:album:72wsQyk1EzDuXa7bRlHv1x","Weathered","spotify:artist:43sZBwHjahUvgbx1WNIkIz","Creed","2001-01-01","https://i.scdn.co/image/ab67616d0000b2731243bd32b70de6cf1c60fe79","1","5","238240","https://p.scdn.co/mp3-preview/20dd8d3794a1715078dd9c7767ad8aa53f9c8260?cid=9950ac751e34487dbbe027c4fd7f8e99","false","0","USWU30107505","spotify:user:bradnumber1","2021-08-08T09:26:31Z","alternative metal,nu metal,post-grunge,rock","0.39","0.702","2","-5.825","1","0.036","0.00883","0.00207","0.342","0.195","125.686","4","","Universal Music Group","C © 2001 The Bicycle Music Company, P ℗ 2001 The Bicycle Music Company"
"spotify:track:1NlJv9YBuvgbb9pO51vqOY","To Cut a Long Story Short - 2010 Remaster","spotify:artist:2urZrEdsq72kx0UzfYN8Yv","Spandau Ballet","spotify:album:6SeOw1xyjKM6CbEstaGzqd","Journeys to Glory (Special Edition)","spotify:artist:2urZrEdsq72kx0UzfYN8Yv","Spandau Ballet","1981-02-27","https://i.scdn.co/image/ab67616d0000b273442c32e5a9b3c30abe858d89","1","1","199693","https://p.scdn.co/mp3-preview/c03b92da4bdfe11519de30111cec8d8c73fa3869?cid=9950ac751e34487dbbe027c4fd7f8e99","false","47","GBAYK1000002","spotify:user:bradnumber1","2021-08-08T09:26:31Z","new romantic,new wave,new wave pop,sophisti-pop,synthpop","0.577","0.893","2","-5.113","1","0.087","0.147","0.802","0.0864","0.86","142.424","4","","Parlophone UK","C © 2010 Parlophone Records Ltd, a Warner Music Group Company, P ℗ 2010 Parlophone Records Ltd, a Warner Music Group Company"
"spotify:track:2PIOlWMIzxx3PsacCQ6Jj1","Love Is in the Air - Ballroom Mix","spotify:artist:2wMcQIxzH2LYHJZNxo9FcN","John Paul Young","spotify:album:5Jgq70OfiSQTsNB0h6Mc4b","Strictly Ballroom","spotify:artist:7DKeGG5kGOYH4fT8xD4jqi","Strictly Ballroom (Original Soundtrack)","1992-09-24","https://i.scdn.co/image/ab67616d0000b273467b5c612cdd086ed596ffd2","1","1","253293","https://p.scdn.co/mp3-preview/d665edf496eacc0a3dfc489680f4e8db0a455cfa?cid=9950ac751e34487dbbe027c4fd7f8e99","false","0","AUAP09200003","spotify:user:bradnumber1","2021-08-08T09:26:31Z","australian dance,classic uk pop","0.72","0.827","0","-9.534","1","0.0446","0.0185","0.0013","0.0899","0.735","120.958","4","","Columbia","P (P) 1992 J. Albert & Son Pty. Ltd."
"spotify:track:54OR1VDpfkBuOY5zZjhZAY","YMCA - Original Version 1978","spotify:artist:0dCKce6tJJdHvlWnDMwzPW","Village People","spotify:album:3I3YSq7ArvlwK3l49pq4oE","YMCA","spotify:artist:0dCKce6tJJdHvlWnDMwzPW","Village People","1978-01-01","https://i.scdn.co/image/ab67616d0000b273dbf223dbb6abdffa642eb287","1","1","286800","https://p.scdn.co/mp3-preview/142396c7030fbc1c499e193a8f383d78725b430b?cid=9950ac751e34487dbbe027c4fd7f8e99","false","68","FR6V80878846","spotify:user:bradnumber1","2021-08-08T09:26:31Z","disco,new wave pop,soft rock","0.723","0.969","6","-4.516","1","0.142","0.0643","0","0.115","0.728","126.653","4","","Scorpio Music","C 1978 Can't Stop Productions NYC, P Can't Stop Productions NYC 1978"
"spotify:track:3vsRxFJl2Q1sw4sLH9Okzs","Gone Away","spotify:artist:5LfGQac0EIXyAN8aUwmNAQ","The Offspring","spotify:album:1VjxGLvRuhTF6ebqWXYOrO","Ixnay On The Hombre","spotify:artist:5LfGQac0EIXyAN8aUwmNAQ","The Offspring","1997-02-04","https://i.scdn.co/image/ab67616d0000b27342221bd027b8a0fd1791662b","1","7","268608","https://p.scdn.co/mp3-preview/d764706a543bbb30c826a27a592d36991fe26af4?cid=9950ac751e34487dbbe027c4fd7f8e99","false","0","NLB390400007","spotify:user:bradnumber1","2021-08-08T09:26:31Z","alternative metal,permanent wave,post-grunge,punk,rock,skate punk,socal pop punk","0.445","0.951","3","-4.008","1","0.0744","0.00851","0.00801","0.0825","0.316","111.273","4","","Epitaph","C 1997 Epitaph Europe, P 1997 Epitaph Europe"
"spotify:track:2zSdgx103Hs0inwa6VlhEC","I Think I Love You","spotify:artist:0isDnZYMWbwDz7hzw0XRjt, spotify:artist:7u1mqP3ykglpCB2c1p1p5I","David Cassidy, The Partridge Family","spotify:album:5IktHIcBQBjI2Bh6zRx7HX","Could It Be Forever...The Greatest Hits","spotify:artist:0isDnZYMWbwDz7hzw0XRjt","David Cassidy","2006-11-13","https://i.scdn.co/image/ab67616d0000b273f75087b58c47731bda929023","1","4","171226","https://p.scdn.co/mp3-preview/1baa1fda4c47f9778d2fa0ce359f0ee9d51863d9?cid=9950ac751e34487dbbe027c4fd7f8e99","false","24","USAR19901026","spotify:user:bradnumber1","2021-08-08T09:26:31Z","adult standards,bubblegum pop,bubblegum pop","0.376","0.492","3","-14.129","1","0.0441","0.38","0","0.244","0.796","203.578","4","","Arista","P (P) 2006 SONY BMG MUSIC ENTERTAINMENT (UK) Limited."
"spotify:track:11fNLqDB47gMKj7BHhR2Qr","Wake up Little Susie","spotify:artist:4ACplpEqD6JIVgKrafauzs","The Everly Brothers","spotify:album:4lmdDGcU5u1xk3GCcVJSYT","The Very Best of The Everly Brothers","spotify:artist:4ACplpEqD6JIVgKrafauzs","The Everly Brothers","1964-08-01","https://i.scdn.co/image/ab67616d0000b273e9a522d43a304d4d433ff251","1","3","123520","https://p.scdn.co/mp3-preview/dad94ca5005c094a9b81d005374044f67ebda6d4?cid=9950ac751e34487dbbe027c4fd7f8e99","false","54","USWB19903263","spotify:user:bradnumber1","2023-02-14T22:20:21Z","adult standards,folk rock,mellow gold,rock-and-roll,rockabilly,sunshine pop","0.709","0.62","2","-9.382","1","0.034","0.318","0","0.0426","0.936","93.723","4","","Rhino/Warner Records","C © 2008 Rhino Entertainment Company, a Warner Music Group Company., P ℗ 2008 Warner Records Inc. Manufactured and marketed by Rhino Entertainment Company. All rights reserved."
"spotify:track:1Qrdlkgg9I4J7r3P4kZNwr","Missing You","spotify:artist:2TPyCsRoh2tjeZLTQ2ojlj","John Waite","spotify:album:65Uo74eW8L3zXUxSOlSm6H","No Brakes","spotify:artist:2TPyCsRoh2tjeZLTQ2ojlj","John Waite","1984-01-01","https://i.scdn.co/image/ab67616d0000b273f7730f46da78d52e66bd6f65","1","2","269760","https://p.scdn.co/mp3-preview/7f98fac8de52abb07b4996c4058299c9d5219deb?cid=9950ac751e34487dbbe027c4fd7f8e99","false","69","USEM38800236","spotify:user:bradnumber1","2021-08-08T09:26:31Z","album rock,mellow gold,new romantic,new wave,new wave pop,soft rock","0.552","0.552","11","-9.736","0","0.0364","0.052","0","0.046","0.593","208.571","4","","Capitol Records","C © 1984 Capitol Records, LLC, P ℗ 1984 Capitol Records, LLC"
"spotify:track:5u0YB9bpmgEPS2bPhwfRFV","arms","spotify:artist:7H55rcKCfwqkyDFH9wpKM6","Christina Perri","spotify:album:3XNK8vPk3O1rjhDZyOMJ6n","lovestrong.","spotify:artist:7H55rcKCfwqkyDFH9wpKM6","Christina Perri","2011-05-10","https://i.scdn.co/image/ab67616d0000b27326a2f5224465a369f8abbf88","1","2","261213","https://p.scdn.co/mp3-preview/ddd237a50878608d4ad57c1b408be1beabc329fa?cid=9950ac751e34487dbbe027c4fd7f8e99","false","56","USAT21100375","spotify:user:bradnumber1","2021-08-08T09:26:31Z","pop","0.463","0.755","4","-7.244","1","0.0634","0.11","0.00000489","0.103","0.252","145.319","4","","Atlantic Records","C © 2011 Atlantic Recording Corporation for the United States and WEA International Inc. for the world outside of the United States., P ℗ 2011 Atlantic Recording Corporation for the United States and WEA International Inc. for the world outside of the United States."
"spotify:track:0eRs6SGN3HsETmKTm1h4Xs","Love Will Find A Way","spotify:artist:3Y5abCLsMxsOLaZ8rYusSR","Pablo Cruise","spotify:album:4HgKVZnOQKslna00lwVNoe","It's Good to Be Live","spotify:artist:3Y5abCLsMxsOLaZ8rYusSR","Pablo Cruise","2011-11-08","https://i.scdn.co/image/ab67616d0000b273b030c50ca64328e2196a16e0","1","8","374360","https://p.scdn.co/mp3-preview/d0767a3dbe75354d3414ccfe2bee89ef22234fba?cid=9950ac751e34487dbbe027c4fd7f8e99","false","12","USXMM1100031","spotify:user:bradnumber1","2021-08-08T09:26:31Z","soft rock,yacht rock","0.653","0.837","11","-5.424","1","0.0666","0.103","0.00211","0.798","0.632","124.678","4","","G&K Entertainment","C (C) 2011 G&K Entertainment"
"spotify:track:1xkEYEogekBKpwHPnWIDcW","Volare","spotify:artist:4hJTgr1adnhIkhmD9jLzd6","Bobby Rydell","spotify:album:3ctSJWU9smZ8GlLj45inBY","Home in Your Arms","spotify:artist:4hJTgr1adnhIkhmD9jLzd6","Bobby Rydell","2016-10-31","https://i.scdn.co/image/ab67616d0000b2736c8a79c3a960b645deeb2980","1","6","147546","https://p.scdn.co/mp3-preview/8c604f4c92fd1436731901e06339cf1513ee9e76?cid=9950ac751e34487dbbe027c4fd7f8e99","false","0","QM4TX1613949","spotify:user:bradnumber1","2021-08-08T09:26:31Z","adult standards,bubblegum pop,doo-wop,merseybeat,rock-and-roll","0.506","0.661","9","-6.377","0","0.0333","0.564","0","0.0773","0.863","129.615","4","","Newport Music","C (C) 2016 Newport Music"
"spotify:track:2u2udGmop1z67EPpr91km7","Man in the Mirror","spotify:artist:3fMbdgg4jU18AjLCKBhRSm","Michael Jackson","spotify:album:3OBhnTLrvkoEEETjFA3Qfk","HIStory - PAST, PRESENT AND FUTURE - BOOK I","spotify:artist:3fMbdgg4jU18AjLCKBhRSm","Michael Jackson","1995-06-16","https://i.scdn.co/image/ab67616d0000b273d0593178c6c2594693ee34b7","1","8","319306","https://p.scdn.co/mp3-preview/92b8855a93a08a851004df5477f6fe5ab17411a0?cid=9950ac751e34487dbbe027c4fd7f8e99","false","63","USSM18700004","spotify:user:bradnumber1","2021-08-08T09:26:31Z","r&b,soul","0.794","0.798","8","-5.639","1","0.0366","0.429","0.0000116","0.118","0.265","100.338","4","","Epic","P (P) 1979, 1982, 1987, 1988, 1991, 1995 MJJ Productions Inc."
"spotify:track:4xSrLrL3N7dDenrJ4cplzw","Tennessee Bird Walk","spotify:artist:5euFVjMHgVfUUaaFD2zYl1, spotify:artist:4iukgoDYPYloiRAXegzb1I","Jack Blanchard & Misty Morgan, Misty Morgen","spotify:album:5QDSoqrJ5ME8KQ36mpGUYw","Life And Death (And Almost Everything Else).","spotify:artist:5euFVjMHgVfUUaaFD2zYl1","Jack Blanchard & Misty Morgan","2005-01-01","https://i.scdn.co/image/ab67616d0000b27321903a3e0919c973cb3c9f32","1","1","171800","https://p.scdn.co/mp3-preview/79f671c053fbb1d626c6066756b4beabb77a8fc2?cid=9950ac751e34487dbbe027c4fd7f8e99","false","25","AUPH10700191","spotify:user:bradnumber1","2021-08-08T09:26:31Z","","0.711","0.819","0","-7.166","1","0.0335","0.092","0.000053","0.0699","0.88","130.224","4","","The Omni Recording Corporation","C (C) 2007 The Omni Recording Corporation"
"spotify:track:0odIT9B9BvOCnXfS0e4lB5","Bette Davis Eyes","spotify:artist:5PN2aHIvLEM98XIorsPMhE","Kim Carnes","spotify:album:3iMwQk5yE0UDDKbLCdcxZA","Mistaken Identity","spotify:artist:5PN2aHIvLEM98XIorsPMhE","Kim Carnes","1981-01-01","https://i.scdn.co/image/ab67616d0000b2738ccc17f29764d812062204a8","1","1","228000","https://p.scdn.co/mp3-preview/a4f997fc2efeacdc204502993a620ba8015d785b?cid=9950ac751e34487dbbe027c4fd7f8e99","false","77","USCA28100081","spotify:user:bradnumber1","2021-08-08T09:26:31Z","new romantic,new wave pop,soft rock","0.675","0.649","5","-10.271","1","0.0319","0.0204","0","0.0959","0.596","116.62","4","","Capitol Records","C © 1981 Capitol Records Inc., P ℗ 1981 Capitol Records Inc."
"spotify:track:0qrRc6Fv3CUUiTOjqxHmWP","Not Over","spotify:artist:6fXEqmGQEt6ONuqVmwrN46","Bag Raiders","spotify:album:1HPUrRUr6dg34UHoqUQx6a","Bag Raiders (Deluxe)","spotify:artist:6fXEqmGQEt6ONuqVmwrN46","Bag Raiders","2011-01-01","https://i.scdn.co/image/ab67616d0000b273273d3dfbf1d03268805e53b6","1","7","239946","https://p.scdn.co/mp3-preview/324877bafe03d0ecd1363fe1632088cfc0401874?cid=9950ac751e34487dbbe027c4fd7f8e99","false","0","AUUM71001521","spotify:user:bradnumber1","2021-08-08T09:26:31Z","alternative dance,australian dance,indietronica,nu disco","0.598","0.94","9","-3.352","0","0.0321","0.00245","0.0000238","0.19","0.73","114.024","4","","Modular","C © 2011 Modular Recordings, P ℗ 2011 Modular Recordings"
"spotify:track:6qyiEronCcndBsvCQbWAEX","The Land of Make Believe","spotify:artist:5ZfzzHE7rxONfoksJsLXrX","Bucks Fizz","spotify:album:014iVuewM9Vd09Yew27dDv","Are You Ready?","spotify:artist:5ZfzzHE7rxONfoksJsLXrX","Bucks Fizz","1982","https://i.scdn.co/image/ab67616d0000b273ebaa5a16fbc1289600293a78","1","10","228440","https://p.scdn.co/mp3-preview/7dd0493c35101835c69db1a4d162d5d2d3e943d8?cid=9950ac751e34487dbbe027c4fd7f8e99","false","41","GBARL8100036","spotify:user:bradnumber1","2021-08-08T09:26:31Z","new wave pop","0.562","0.687","0","-12.745","1","0.0727","0.0969","0.00215","0.151","0.813","170.386","4","","Sony BMG Music UK","P (P) 2004 BMG UK & Ireland Ltd."
"spotify:track:7hBkTfYpTqsa7DkWhin2Sb","I Don't Like It","spotify:artist:1JAZUvzwY3L4SjbPrUPPJE","Pauline Pantsdown","spotify:album:0g2BZaclrC0iZtEGBvJNPA","I Don't Like It","spotify:artist:1JAZUvzwY3L4SjbPrUPPJE","Pauline Pantsdown","1998-08-01","https://i.scdn.co/image/ab67616d0000b273fc08d04c81a52f86a6afa6d6","1","1","202493","https://p.scdn.co/mp3-preview/3c5aee273ad23fb2572903ab71dafad6a761e949?cid=9950ac751e34487dbbe027c4fd7f8e99","false","22","TCAAS1002144","spotify:user:bradnumber1","2021-08-08T09:26:31Z","parody","0.945","0.824","1","-7.182","1","0.241","0.0591","0.000753","0.129","0.704","125.241","4","","Caring Potato","C 1998 Caring Potato, P 1998 Caring Potato"
"spotify:track:3x6wVKXfCm85Pw7gYo0rqq","That's Amore","spotify:artist:49e4v89VmlDcFCMyDv9wQ9, spotify:artist:0liyb0PPDyu3pfG7WZtsxO","Dean Martin, Dick Stabile And His Orchestra","spotify:album:31Mwr76okDPhxDxK6OaL1N","The Capitol Years","spotify:artist:49e4v89VmlDcFCMyDv9wQ9","Dean Martin","1989-01-01","https://i.scdn.co/image/ab67616d0000b27375120bfb3b80e157d4615518","1","1","188266","https://p.scdn.co/mp3-preview/66e2d2f7d12015daa9ac6f4c51bc4204c044bf08?cid=9950ac751e34487dbbe027c4fd7f8e99","false","51","USCA25300027","spotify:user:bradnumber1","2024-01-02T03:28:41Z","adult standards,easy listening,lounge,vocal jazz","0.407","0.17","10","-13.409","1","0.0341","0.76","0","0.0737","0.577","124.047","4","","Capitol Records","C © 1989 Capitol Records Inc., P This Compilation ℗ 1989 Capitol Records Inc."
"spotify:track:2LG0s0LxEoAvqXpDm9SDTx","Rome Wasn't Built in a Day","spotify:artist:6bWxFw65IEJzBYjx3SxUXd","Morcheeba","spotify:album:2pMV9IcGdjDqM8TLSEIRIJ","Rome Wasn't Built in a Day","spotify:artist:6bWxFw65IEJzBYjx3SxUXd","Morcheeba","2000","https://i.scdn.co/image/ab67616d0000b273018b26b0976aa697700b8d99","1","1","214719","https://p.scdn.co/mp3-preview/6000e01453c429e2a7779958885d1cdc0f6c04fc?cid=9950ac751e34487dbbe027c4fd7f8e99","false","28","GBAHS0004193","spotify:user:bradnumber1","2021-11-20T11:08:40Z","downtempo,electronica,trip hop","0.61","0.807","5","-4.997","1","0.0305","0.0769","0.00000264","0.376","0.689","112.031","4","","Atlantic Records UK","C © 2000 China Records Ltd, P ℗ 2000 China Records Ltd"
"spotify:track:0xImO2GMlFLYSg4eDFcz1p","Our Day Will Come - Single Version","spotify:artist:7y0ngZzIllkP8ZOqgTKQFc","Ruby And The Romantics","spotify:album:0Bjfl9cg1g8j3Mx72g0Na5","Our Day Will Come: The Very Best Of Ruby And The Romantics","spotify:artist:7y0ngZzIllkP8ZOqgTKQFc","Ruby And The Romantics","2002-03-07","https://i.scdn.co/image/ab67616d0000b27338fbd750f418e0d1e1b076a8","1","4","150586","https://p.scdn.co/mp3-preview/7cd660e0cb1207ee929970afbf34721c125d3030?cid=9950ac751e34487dbbe027c4fd7f8e99","false","0","USMC16219974","spotify:user:bradnumber1","2021-08-08T09:26:31Z","rhythm and blues","0.466","0.455","5","-9.531","0","0.0269","0.756","0.00000145","0.148","0.644","93.123","3","","Universal Music Group","C © 2002 UMG Recordings, Inc., P A Geffen Records Release; ℗ 2002 UMG Recordings, Inc."
"spotify:track:2mc3KhEpFAh8saVFVNb1hC","Don't Stop Movin'","spotify:artist:0HNGrIbq1ZNO2mTp3tMW4L","S Club","spotify:album:1JXF1JKw7WPhqvBO8t8oPl","Sunshine","spotify:artist:0HNGrIbq1ZNO2mTp3tMW4L","S Club","2001-01-01","https://i.scdn.co/image/ab67616d0000b2739b9307a5f9457fea11799613","1","1","235626","https://p.scdn.co/mp3-preview/27a965d70596a7c7b3e404a39a7951eafa0358aa?cid=9950ac751e34487dbbe027c4fd7f8e99","false","0","GBCVL0100001","spotify:user:bradnumber1","2021-08-08T09:26:31Z","australian pop,dance pop,europop,talent show","0.828","0.676","7","-6.132","1","0.032","0.0358","0","0.0513","0.901","117.041","4","","Universal Music Group","C © 2001 Polydor Ltd. (UK), P ℗ 2001 S Club Ltd."
"spotify:track:3aXuXjIXG5B2jtlsWKLd1l","Everybody's Got To Learn Sometime","spotify:artist:69zRcOlNdSZ17VfIZe4VU3","The Korgis","spotify:album:4aO46CyOYUGvNDG46rDdtj","Don't Look Back: The Very Best of The Korgis","spotify:artist:69zRcOlNdSZ17VfIZe4VU3","The Korgis","2003-08-05","https://i.scdn.co/image/ab67616d0000b273bdf5cfe94ebc4b4f16e858ff","1","11","258665","https://p.scdn.co/mp3-preview/4713917b455948c0bcb5a432a6df16a5322e0f04?cid=9950ac751e34487dbbe027c4fd7f8e99","false","0","GBAJE8000325","spotify:user:bradnumber1","2021-08-08T09:26:31Z","classic uk pop","0.369","0.238","1","-14.994","0","0.0269","0.554","0.0425","0.125","0.0578","73.899","4","","Castle Communications","C © 2003 Sanctuary Records Group Ltd., a BMG Company, P ℗ 2003 Sanctuary Records Group Ltd., a BMG Company"
"spotify:track:1f44RQK9175FmceEJmDMQq","Do The Bird","spotify:artist:2NtGOVTuHBMDfR5PMNPBGT","Dee Dee Sharp","spotify:album:2nj3xRuvLlSDlEFPy5kZ6k","It's Mashed Potato Time/Do The Bird","spotify:artist:2NtGOVTuHBMDfR5PMNPBGT","Dee Dee Sharp","1962-01-01","https://i.scdn.co/image/ab67616d0000b273898ebc3172e6f22606ee58d1","1","19","132880","https://p.scdn.co/mp3-preview/905d33b0488666740cc600519de9a13df24699c7?cid=9950ac751e34487dbbe027c4fd7f8e99","false","0","USA176340310","spotify:user:bradnumber1","2021-08-08T09:26:31Z","classic girl group,classic soul,doo-wop,motown,philly soul,rhythm and blues,southern soul","0.649","0.688","2","-5.316","1","0.0449","0.188","0","0.0471","0.945","79.157","4","","ABKCO (US)","C © 2010 ABKCO Music & Records, Inc., P ℗ 2010 ABKCO Music & Records, Inc."
"spotify:track:6q2TZbqEnDh5elzJlQEWwv","A Song For You","spotify:artist:1eEfMU2AhEo7XnKgL7c304","Carpenters","spotify:album:1nA6Exnq2mWD8678q3E4Ov","A Song For You","spotify:artist:1eEfMU2AhEo7XnKgL7c304","Carpenters","1972","https://i.scdn.co/image/ab67616d0000b27375fc0e961ba2028df4787966","1","1","282026","https://p.scdn.co/mp3-preview/3ab09183dd205e100d18abdbc6a90011e667aaf6?cid=9950ac751e34487dbbe027c4fd7f8e99","false","51","USAM17200542","spotify:user:bradnumber1","2021-08-08T09:26:31Z","adult standards,mellow gold,soft rock","0.439","0.205","5","-11.16","1","0.0342","0.826","0.0000443","0.105","0.149","127.905","4","","A&M","C © 1972 UMG Recordings, Inc., P ℗ 1972 UMG Recordings, Inc."
"spotify:track:1cmjxqobVTrgAiJ0btAleN","A Whiter Shade of Pale - Original Single Version","spotify:artist:0GbqW5TJr7n4is453VOY4C","Procol Harum","spotify:album:16cvzyvunqoYiyr6j34ICO","A Whiter Shade of Pale","spotify:artist:0GbqW5TJr7n4is453VOY4C","Procol Harum","1967-05-12","https://i.scdn.co/image/ab67616d0000b2734721b751021dc90a24c65ccf","1","1","248946","https://p.scdn.co/mp3-preview/591373b10611d4c2cdf98a1cb2f8db6cc6bb18e0?cid=9950ac751e34487dbbe027c4fd7f8e99","false","18","GBBWX0701000","spotify:user:bradnumber1","2021-08-08T09:26:31Z","album rock,art rock,blues rock,british invasion,classic rock,country rock,folk rock,mellow gold,progressive rock,psychedelic rock,singer-songwriter,symphonic rock","0.249","0.66","0","-6.905","1","0.0342","0.504","0.0026","0.0891","0.435","149.813","4","","Fly Records","C (C) 2017 Bucks Records Limited, P (P) 2017 Bucks Records Limited"
"spotify:track:4OoYfejHABzYe2mG8p5s8b","Higher (feat. iann dior)","spotify:artist:6MDME20pz9RveH9rEXvrOM, spotify:artist:6ASri4ePR7RlsvIQgWPJpS","Clean Bandit, iann dior","spotify:album:78MU91n8U1OTN0Co9OgQHw","Higher (feat. iann dior)","spotify:artist:6MDME20pz9RveH9rEXvrOM, spotify:artist:6ASri4ePR7RlsvIQgWPJpS","Clean Bandit, iann dior","2021-01-29","https://i.scdn.co/image/ab67616d0000b2734628636f03999328ba098839","1","1","203953","https://p.scdn.co/mp3-preview/00bfc5aa665bb7c97fea3d7bbab921b67f8720fe?cid=9950ac751e34487dbbe027c4fd7f8e99","false","51","GBAHS2001165","spotify:user:bradnumber1","2021-08-08T09:26:31Z","pop,uk dance,uk funky,melodic rap","0.716","0.736","1","-5.18","0","0.0363","0.336","0.000014","0.137","0.542","104.018","4","","Atlantic Records UK","C An Atlantic Records UK release, © 2021 Warner Music UK Limited., P An Atlantic Records UK release., ℗ 2021 Warner Music UK Limited."
"spotify:track:4JHIOQE4nAtUSfGuzDLjYa","Send My Love (To Your New Lover)","spotify:artist:4dpARuHxo51G3z768sgnrY","Adele","spotify:album:1vlKTObVibnwWkJXWXIcH3","Send My Love (To Your New Lover)","spotify:artist:4dpARuHxo51G3z768sgnrY","Adele","2016-05-16","https://i.scdn.co/image/ab67616d0000b2734942f98715376ba6648dd082","1","1","223078","https://p.scdn.co/mp3-preview/454f693eeb9b383539f5d26ecdc7cd44c6d20292?cid=9950ac751e34487dbbe027c4fd7f8e99","false","0","GBBKS1500215","spotify:user:bradnumber1","2021-08-08T09:26:31Z","british soul,pop,pop soul,uk pop","0.688","0.532","6","-8.361","0","0.0875","0.0356","0.00000308","0.172","0.565","164.068","4","","XL Recordings","C 2016 XL Recordings Limited., P 2016 XL Recordings Limited."
"spotify:track:0385HqYimoTQaHZP17KwG1","We Found Love (feat. Rihanna)","spotify:artist:7CajNmpbOovFoOoasH2HaY, spotify:artist:5pKCCKE2ajJHZ9KAiaK11H","Calvin Harris, Rihanna","spotify:album:7w19PFbxAjwZ7UVNp9z0uT","18 Months","spotify:artist:7CajNmpbOovFoOoasH2HaY","Calvin Harris","2012-10-29","https://i.scdn.co/image/ab67616d0000b273dcef905cb144d4867119850b","1","4","215520","https://p.scdn.co/mp3-preview/3067667dfd88c43dbe49d977a03d7158cd02a06b?cid=9950ac751e34487dbbe027c4fd7f8e99","false","0","GBARL1201387","spotify:user:bradnumber1","2021-08-08T09:26:31Z","dance pop,edm,electro house,house,pop,progressive house,uk dance,barbadian pop,pop,urban contemporary","0.738","0.776","1","-4.808","1","0.0392","0.0234","0.0018","0.0775","0.608","127.984","4","","Columbia","P (P) 2012 Sony Music Entertainment UK Limited"
"spotify:track:7DjHbZFUdDtuklH6nfXoaL","What's Love Got To Do With It","spotify:artist:2B4ZHz4QDWJTXPFPgO5peE, spotify:artist:266SmBZTt4zRzaKEANWbfQ","Warren G, Adina Howard","spotify:album:59JiwsQ9p5dJWWcBEGB5Np","Take A Look Over Your Shoulder (Reality)","spotify:artist:2B4ZHz4QDWJTXPFPgO5peE","Warren G","1997-03-25","https://i.scdn.co/image/ab67616d0000b273f785821a6fee83079b99062b","1","16","255040","https://p.scdn.co/mp3-preview/b37582e54078aa5bc72652773affb461591ea322?cid=9950ac751e34487dbbe027c4fd7f8e99","true","46","USRL19700026","spotify:user:bradnumber1","2021-08-08T09:26:31Z","g funk,gangster rap,hardcore hip hop,hip hop,west coast rap,contemporary r&b,r&b","0.887","0.547","1","-9.474","1","0.264","0.205","0","0.176","0.592","96.847","4","","RAL (Rush Associated Label)","C © 1997 Mercury Records Limited, P ℗ 1997 UMG Recordings, Inc."
"spotify:track:5CKHhg31HcYYhwUeeGqvhq","I Wish I Knew How It Would Feel to Be Free","spotify:artist:7G1GBhoKtEPnP86X2PvEYO","Nina Simone","spotify:album:2miVfa78vOd0o8Vbsgd7g3","Silk & Soul (Expanded Edition)","spotify:artist:7G1GBhoKtEPnP86X2PvEYO","Nina Simone","1967","https://i.scdn.co/image/ab67616d0000b2730cf2e3d1e85c5bd6d7bedee0","1","6","188613","https://p.scdn.co/mp3-preview/b6cb6b1dfca83eee8f7e852143b8fe6084027164?cid=9950ac751e34487dbbe027c4fd7f8e99","false","56","USRC10503463","spotify:user:bradnumber1","2021-08-08T09:26:31Z","jazz blues,neo soul,soul,soul jazz,torch song,vocal jazz","0.687","0.51","10","-8.501","1","0.076","0.745","0","0.117","0.666","122.253","4","","RCA/Legacy","P Originally Recorded 1967 & 1969. All rights reserved by Sony Music Entertainment; Compilation (P) 2006 Sony Music Entertainment"
"spotify:track:4FSm0Ca6Hzd7Vx7TpSfcSy","Arabella","spotify:artist:7Ln80lUS6He07XvHI8qqHH","Arctic Monkeys","spotify:album:6645HGh7ZOZSUTpqW9iYLR","AM","spotify:artist:7Ln80lUS6He07XvHI8qqHH","Arctic Monkeys","2013-01-01","https://i.scdn.co/image/ab67616d0000b2730acf7f2eefe5bd36efbc26b4","1","4","207356","https://p.scdn.co/mp3-preview/974bb8b08005bbc3c38a3b1389debf8e51fa1f20?cid=9950ac751e34487dbbe027c4fd7f8e99","false","0","GBCEL1300365","spotify:user:bradnumber1","2021-08-08T09:26:31Z","garage rock,modern rock,permanent wave,rock,sheffield indie","0.579","0.558","2","-6.986","1","0.0895","0.0202","0.00000126","0.212","0.506","179.949","4","","EMI Recorded Music Australia Pty Ltd","C © 2013 Domino Recording Company Ltd, P ℗ 2013 Domino Recording Company Ltd, under exclusive licence to EMI Recorded Music Australia Pty Ltd"
"spotify:track:0DIcd7djiVGT4RYbTIlsoJ","Wasn't Expecting That","spotify:artist:1jhdZdzOd4TJLAHqQdkUND","Jamie Lawson","spotify:album:0xgnGJbAUWGc89cevj0NUh","Jamie Lawson","spotify:artist:1jhdZdzOd4TJLAHqQdkUND","Jamie Lawson","2015-10-09","https://i.scdn.co/image/ab67616d0000b273c981a537f52d545aa8658e94","1","1","201295","https://p.scdn.co/mp3-preview/b88057a968c652439c5f83c10079f7af1992cb88?cid=9950ac751e34487dbbe027c4fd7f8e99","false","45","GBAHS1500140","spotify:user:bradnumber1","2021-08-08T09:26:31Z","devon indie,indie anthem-folk","0.683","0.367","6","-7.865","1","0.0626","0.712","0.0000046","0.105","0.339","91.006","4","","Gingerbread Man Records","C © 2015 Gingerbread Man Records, an Atlantic Records UK / Warner Music Group Company, P ℗ 2015 Gingerbread Man Records, an Atlantic Records UK / Warner Music Group Company"
"spotify:track:14Hj66f28iP94FpQp8i20J","In A Big Country","spotify:artist:1h8YIw9HLr6E8gdXVDRbVJ","Big Country","spotify:album:5zXljJAoxFJzdKytvGomea","The Crossing","spotify:artist:1h8YIw9HLr6E8gdXVDRbVJ","Big Country","1983-07-15","https://i.scdn.co/image/ab67616d0000b2733eaf9bb7860de8e393b06144","1","1","285200","https://p.scdn.co/mp3-preview/c901903325a90d8ffc91be8df18a563dbcac09f2?cid=9950ac751e34487dbbe027c4fd7f8e99","false","0","GBF088300765","spotify:user:bradnumber1","2021-08-08T09:26:31Z","new romantic,new wave,new wave pop,scottish new wave,scottish rock","0.617","0.724","4","-9.067","1","0.0354","0.00253","0.00529","0.0594","0.827","126.378","4","","Universal Music Group","C © 1996 Mercury Records Limited, P ℗ 1996 Mercury Records Limited"
"spotify:track:11Hzn4toShJ4U57Jrj4H0y","Be Good Johnny","spotify:artist:0f3EsoviYnRKTkmayI3cux","Men At Work","spotify:album:6GYIy1SuhPDrugCZ5yNeQy","The Best Of Men At Work: Contraband","spotify:artist:0f3EsoviYnRKTkmayI3cux","Men At Work","1996-02-01","https://i.scdn.co/image/ab67616d0000b273d6a1f7a12629154fa274631f","1","11","213573","https://p.scdn.co/mp3-preview/a0bb8a099ca5a4abaab70d25c948eaf7dd84efed?cid=9950ac751e34487dbbe027c4fd7f8e99","false","37","USSM18100059","spotify:user:bradnumber1","2021-08-08T09:26:31Z","album rock,australian rock,classic rock,hard rock,mellow gold,new romantic,new wave,new wave pop,rock,soft rock","0.596","0.827","7","-6.037","1","0.0736","0.0788","0.00699","0.122","0.508","151.588","4","","Columbia","P (P) 1996 Sony Music Entertainment Inc."
"spotify:track:4yrM5BVyJzy5Ed4GPO6e8j","I Wanna Be Your Lover","spotify:artist:5a2EaR3hamoenG9rDuVn8j","Prince","spotify:album:6k7RVZ7bSL9ryReb8RLYRI","Prince","spotify:artist:5a2EaR3hamoenG9rDuVn8j","Prince","1979-10-19","https://i.scdn.co/image/ab67616d0000b273039b95b846d039d78a2ca6a1","1","1","347666","https://p.scdn.co/mp3-preview/b30b1d3d4c6b6856d2b2f473b008990b90f47944?cid=9950ac751e34487dbbe027c4fd7f8e99","false","55","USWB19903516","spotify:user:bradnumber1","2021-08-08T09:26:31Z","funk,funk rock,minneapolis sound,rock,synth funk","0.812","0.507","1","-8.825","0","0.0452","0.0399","0.0831","0.0671","0.729","114.832","4","","Warner Records","C © 1979 NPG Records, Inc. under exclusive license to Warner Records Inc., P ℗ 1979 NPG Records, Inc. under exclusive license to Warner Records Inc."
"spotify:track:27u7t9d7ZQoyjsCROHuZJ3","Tick Tock (feat. 24kGoldn)","spotify:artist:6MDME20pz9RveH9rEXvrOM, spotify:artist:4ilhzwc5QbNIGlLQfLUZWP, spotify:artist:6fWVd57NKTalqvmjRd2t8Z","Clean Bandit, Mabel, 24kGoldn","spotify:album:3tuAs968COA2vxKjiLvmxr","Tick Tock (feat. 24kGoldn)","spotify:artist:6MDME20pz9RveH9rEXvrOM, spotify:artist:4ilhzwc5QbNIGlLQfLUZWP, spotify:artist:6fWVd57NKTalqvmjRd2t8Z","Clean Bandit, Mabel, 24kGoldn","2020-08-21","https://i.scdn.co/image/ab67616d0000b2733ec9036a9f7289e924194bec","1","1","178373","https://p.scdn.co/mp3-preview/3b192e9c71335d01feafa82f2e28664f34c17a79?cid=9950ac751e34487dbbe027c4fd7f8e99","false","63","GBAHS2000775","spotify:user:bradnumber1","2021-08-08T09:26:31Z","pop,uk dance,uk funky,cali rap,pop rap","0.779","0.705","0","-3.895","1","0.0344","0.369","0.00000791","0.124","0.946","101.022","4","","Atlantic Records UK","C An Atlantic Records UK release, © 2020 Warner Music UK Limited., P An Atlantic Records UK release., ℗ 2020 Warner Music UK Limited."
"spotify:track:36DztiNpSIH5ZHTwmqthHW","Only When I Sleep","spotify:artist:1VbWUxZTRNY2gw3qZ1tg9W","The Corrs","spotify:album:1z8ikMQ0VmMJDPmeiKY3o5","Talk on Corners","spotify:artist:1VbWUxZTRNY2gw3qZ1tg9W","The Corrs","1998-10-17","https://i.scdn.co/image/ab67616d0000b2736d00cb42d7c7dec2487157ec","1","1","261413","https://p.scdn.co/mp3-preview/0f9dcfdd751728634b5d0f76824f9d61da269824?cid=9950ac751e34487dbbe027c4fd7f8e99","false","49","USAT29800216","spotify:user:bradnumber1","2022-01-13T01:21:29Z","celtic rock,europop,pop rock","0.495","0.769","9","-4.581","1","0.0282","0.0753","0","0.284","0.442","145.031","4","","Atlantic Records","C © 1998 Atlantic Record Corporation for the United States and WEA International Inc. for the world outside of the United States, P ℗ 1998 Atlantic Recording Corporation for the United States and WEA International Inc. for the world outside of the United States."
"spotify:track:4ghQhwbA3zWM4SBnx2VVEd","Freedom Come, Freedom Go","spotify:artist:4GpIeE34rBNFppvYsWle9c","The Fortunes","spotify:album:1vkEZx1N6nFb47LGiwfRgr","Storm In A Teacup","spotify:artist:4GpIeE34rBNFppvYsWle9c","The Fortunes","1972-01-01","https://i.scdn.co/image/ab67616d0000b273f9a73bbb7be68a7e33e2cde3","1","6","201973","https://p.scdn.co/mp3-preview/c21fb3166ac22645c2a19c8cfae7655c22957fa8?cid=9950ac751e34487dbbe027c4fd7f8e99","false","36","USCA29200235","spotify:user:bradnumber1","2021-08-08T09:26:31Z","british invasion","0.802","0.7","10","-9.316","0","0.0789","0.134","0.00104","0.0649","0.974","83.617","4","","Capitol Records","C © 1972 Capitol Records, LLC, P ℗ 1972 Capitol Records, LLC"
"spotify:track:3VEFybccRTeWSZRkJxDuNR","Peaches","spotify:artist:1lZvg4fNAqHoj6I9N8naBM","The Presidents Of The United States Of America","spotify:album:5xxeAo8AVneH1OKO5vR604","The Presidents of The United States of America: Ten Year Super Bonus Special Anniversary Edition","spotify:artist:1lZvg4fNAqHoj6I9N8naBM","The Presidents Of The United States Of America","1995","https://i.scdn.co/image/ab67616d0000b273a82d10a00b1821ce323645c0","1","6","171693","https://p.scdn.co/mp3-preview/6c67c3506bdab4bb150e9869886e1fdf004ab553?cid=9950ac751e34487dbbe027c4fd7f8e99","false","1","US35G0400026","spotify:user:bradnumber1","2021-08-08T09:26:31Z","alternative rock,grunge,pop rock","0.417","0.849","1","-4.199","0","0.0481","0.0146","0.000387","0.0673","0.594","94.267","4","","PUSA Music","C (C) 2004 PUSA Music, P (P) 2004 PUSA Music"
"spotify:track:2RTZ2xrCv92odRAHdpN1IB","Side To Side","spotify:artist:66CXWjxzNUsdJxJ2JdwvnR, spotify:artist:0hCNtLu0JehylgoiP8L4Gh","Ariana Grande, Nicki Minaj","spotify:album:2ZUhCoeloo6Kd6w0HK9En6","Dangerous Woman","spotify:artist:66CXWjxzNUsdJxJ2JdwvnR","Ariana Grande","2016-05-20","https://i.scdn.co/image/ab67616d0000b273edb929261567beb0a6f5d096","1","5","226160","https://p.scdn.co/mp3-preview/b38a4dc53cf3f6018994ef6f6800499e10a0a9b5?cid=9950ac751e34487dbbe027c4fd7f8e99","false","0","USUM71603410","spotify:user:bradnumber1","2021-08-08T09:26:31Z","pop,hip pop,pop,queens hip hop,rap","0.645","0.725","6","-5.816","0","0.184","0.0415","0","0.165","0.67","159.169","4","","Universal Records","C © 2016 Republic Records, a division of UMG Recordings, Inc., P ℗ 2016 Republic Records, a division of UMG Recordings, Inc."
"spotify:track:2PJq8Fr5i2S0OkcmFsTC1P","Push Up","spotify:artist:0zg9mF9dX2knvdTKnL22T1","Freestylers","spotify:album:35FjWueXGCUxGAOIface7O","Raw As F**k","spotify:artist:0zg9mF9dX2knvdTKnL22T1","Freestylers","2004-03-26","https://i.scdn.co/image/ab67616d0000b2735f2f359ef02665ac26599ba4","1","6","279053","https://p.scdn.co/mp3-preview/833045a2117cc93f44ec5da902add224b19fc8e0?cid=9950ac751e34487dbbe027c4fd7f8e99","false","45","NLML61400043","spotify:user:bradnumber1","2021-08-08T09:26:31Z","big beat,breakbeat","0.844","0.779","0","-5.375","1","0.0572","0.0067","0.0064","0.0268","0.963","134.973","4","","Altra Moda Music","C 2004 Altra Moda Music, P 2004 Altra Moda Music"
"spotify:track:1L5tZi0izXsi5Kk5OJf4W0","Rehab","spotify:artist:6Q192DXotxtaysaqNPy5yR","Amy Winehouse","spotify:album:097eYvf9NKjFnv4xA9s2oV","Back To Black","spotify:artist:6Q192DXotxtaysaqNPy5yR","Amy Winehouse","2006-10-27","https://i.scdn.co/image/ab67616d0000b2738f52f321140e4a76ea720c52","1","1","213760","https://p.scdn.co/mp3-preview/c1a264a37f40d74a960a796ea8eff68ee9c2717f?cid=9950ac751e34487dbbe027c4fd7f8e99","false","62","GBUM70603730","spotify:user:bradnumber1","2021-08-08T09:26:31Z","british soul,neo soul","0.434","0.872","0","-2.974","1","0.0702","0.0473","0.00000183","0.396","0.732","71.515","4","","Universal-Island Records Ltd.","C © 2006 Universal Island Records Ltd. A Universal Music Company., P ℗ 2006 Universal Island Records Ltd. A Universal Music Company."
"spotify:track:52FlwUMMDnTK8TGkCag9Jd","Stop! In The Name Of Love","spotify:artist:57bUPid8xztkieZfS7OlEV","The Supremes","spotify:album:2maj3yWtoFnr0g7TlNao7A","More Hits By The Supremes","spotify:artist:57bUPid8xztkieZfS7OlEV","The Supremes","1965-07-23","https://i.scdn.co/image/ab67616d0000b273f784c1334630d76b06a0d1b3","1","4","172906","https://p.scdn.co/mp3-preview/9543938092507efb120fde2a6e3d15f265e3309b?cid=9950ac751e34487dbbe027c4fd7f8e99","false","61","USMO16500288","spotify:user:bradnumber1","2023-02-14T22:21:30Z","adult standards,classic girl group,classic soul,disco,motown,soul","0.612","0.444","0","-12.752","1","0.0293","0.531","0","0.126","0.503","114.961","4","","Motown","C © 2004 Motown Records, a Division of UMG Recordings, Inc., P ℗ 2004 Motown Records, a Division of UMG Recordings, Inc."
"spotify:track:1gpiDC5mM82mU87vDQGKhr","When You Say You Love Me","spotify:artist:72BTmmAO3QfETWlFjwjfJ1","Human Nature","spotify:album:0vJhgag3YAnGjhQelH5LqM","When You Say You Love Me","spotify:artist:72BTmmAO3QfETWlFjwjfJ1","Human Nature","2004-04-09","https://i.scdn.co/image/ab67616d0000b273538763bd3a300607b0a1f761","1","1","242986","https://p.scdn.co/mp3-preview/5ff8573fff25056f74637e7bf50377880ff70ff5?cid=9950ac751e34487dbbe027c4fd7f8e99","false","17","AUSM00400026","spotify:user:bradnumber1","2021-08-08T09:26:31Z","australian pop,australian rock,boy band","0.645","0.702","9","-5.003","1","0.0336","0.259","0","0.0402","0.89","128.044","4","","Columbia","P (P) 2004 Sony Music Entertainment (Australia) Limited"
"spotify:track:5SWFrvyXvVyQwuXN2ifqdX","Wouldn't Change a Thing","spotify:artist:4RVnAU35WRWra6OZ3CbbMA","Kylie Minogue","spotify:album:7FfyAlMb6eoZbUTZ7V2tBG","Kylie Greatest Hits","spotify:artist:4RVnAU35WRWra6OZ3CbbMA","Kylie Minogue","2006-08-05","https://i.scdn.co/image/ab67616d0000b2730dd530f4c8e2424f3d31679a","1","9","194826","https://p.scdn.co/mp3-preview/9d13195b70732003805c0664cceab6736ed7ed19?cid=9950ac751e34487dbbe027c4fd7f8e99","false","9","GBAHK0200210","spotify:user:bradnumber1","2021-08-08T09:26:31Z","australian dance,australian pop,dance pop,eurodance,new wave pop","0.672","0.937","10","-4.913","1","0.0513","0.104","0.158","0.0522","0.844","110.167","4","","WM Australia","C © 1997 Mushroom Records, P ℗ 1997 Mushroom Records"
"spotify:track:48d3pHjOvfhKraYZVZ11rH","Baby Makes Her Blue Jeans Talk","spotify:artist:2Mhi3jfuRSdbVZPdjqsnnN","Dr. Hook","spotify:album:4z6lzPnxVfkCibGIbPuIuu","Timeless","spotify:artist:2Mhi3jfuRSdbVZPdjqsnnN","Dr. Hook","2015-04-17","https://i.scdn.co/image/ab67616d0000b273eff2b78ab68ae2e8bd8655b3","1","38","236656","https://p.scdn.co/mp3-preview/40096f7e8d4e3ac96bc33d5adcdf82a3a4dd4f11?cid=9950ac751e34487dbbe027c4fd7f8e99","false","24","NLF058290004","spotify:user:bradnumber1","2021-08-08T09:26:31Z","country rock,mellow gold,soft rock","0.787","0.638","7","-10.26","1","0.0314","0.0576","0.0000438","0.0515","0.923","120.074","4","","Universal Music Australia Pty. Ltd.","C © 2015 Universal Music Australia Pty Ltd., P This Compilation ℗ 2015 Universal Music Australia Pty Ltd."
"spotify:track:2BOqDYLOJBiMOXShCV1neZ","Dancing On My Own","spotify:artist:6ydoSd3N2mwgwBHtF6K7eX","Calum Scott","spotify:album:6Vip5A5NmEazvKuxj6GLYf","Only Human (Deluxe)","spotify:artist:6ydoSd3N2mwgwBHtF6K7eX","Calum Scott","2018-03-09","https://i.scdn.co/image/ab67616d0000b273f2d671c22b70e01b78a618a8","1","7","260285","https://p.scdn.co/mp3-preview/57dcf5872dc4e4a37f7a8761f09ae865728048cd?cid=9950ac751e34487dbbe027c4fd7f8e99","false","77","UK6KW1500205","spotify:user:bradnumber1","2021-08-08T09:26:31Z","pop","0.681","0.174","1","-8.745","1","0.0315","0.837","0.0000335","0.0983","0.231","112.672","4","","Capitol Records (US1A)","C © 2018 Capitol Records, P ℗ 2018 Capitol Records"
"spotify:track:179SfVFJ0ZN41toTxnpgRD","The Glamorous Life","spotify:artist:6OQrOpxSIfPai3cFaN4v4P","Sheila E.","spotify:album:2fv3CMkuVgYRtQVnhv1rQW","The Glamorous Life","spotify:artist:6OQrOpxSIfPai3cFaN4v4P","Sheila E.","1984","https://i.scdn.co/image/ab67616d0000b273a1d3d9b674a0955ae6b66233","1","6","543560","https://p.scdn.co/mp3-preview/5575847f260fd42ddd69e7741f7149c20d494a2a?cid=9950ac751e34487dbbe027c4fd7f8e99","false","49","USWB19903240","spotify:user:bradnumber1","2021-08-08T09:26:31Z","disco,freestyle,funk,minneapolis sound,new jack swing,quiet storm,rock drums,urban contemporary","0.759","0.675","3","-14.366","0","0.0422","0.0261","0.0341","0.431","0.866","127.522","4","","Rhino/Warner Records","C © 2004 Warner Records Inc. Manufactured & Marketed by Warner Strategic Marketing, P ℗ 2004 Warner Records Inc. Manufactured & Marketed by Warner Strategic Marketing"
"spotify:track:0brOu1fSXgLdLOYusEGuZ5","Bootie Call","spotify:artist:5TDVKqW9uhqGjwwwKGuma4","All Saints","spotify:album:73aw7T2ZpoDvcPe2uSlWxF","All Saints","spotify:artist:5TDVKqW9uhqGjwwwKGuma4","All Saints","1997","https://i.scdn.co/image/ab67616d0000b2734245f996f39eb4e9b2eefef8","1","2","215533","https://p.scdn.co/mp3-preview/6d61ccfb0f4bbc7bf33048a618de901470850891?cid=9950ac751e34487dbbe027c4fd7f8e99","false","35","GBAAP9700143","spotify:user:bradnumber1","2022-09-01T07:30:09Z","dance pop,europop,girl group,new wave pop","0.742","0.516","5","-10.356","0","0.0474","0.595","0.00142","0.151","0.689","93.008","4","","London Records","C 1998 Warner Music UK Limited, © 1998 Warner Music UK Limited, P 1998 Warner Music UK Limited, ℗ 1998 Warner Music UK Limited"
"spotify:track:0MjT9xQqJrQlNrkWKZgFbQ","I'm Alright","spotify:artist:3ltFy7g6KKQPPttsdOMlq3","Jo Dee Messina","spotify:album:4UuS4hlOMP5akz21glTQCL","I'm Alright","spotify:artist:3ltFy7g6KKQPPttsdOMlq3","Jo Dee Messina","1998-03-17","https://i.scdn.co/image/ab67616d0000b273e6781c9c7dd274d9d58abd94","1","1","199040","https://p.scdn.co/mp3-preview/47a9c1f242345e1cd9b9e4192ceb87f0da39a720?cid=9950ac751e34487dbbe027c4fd7f8e99","false","63","USCRB0101075","spotify:user:bradnumber1","2024-01-30T13:12:32Z","country,country dawn,country road","0.676","0.733","0","-7.745","1","0.0294","0.191","0","0.192","0.591","98.234","3","","Curb Records","C 1998 Curb Records, Inc., P 1998 Curb Records, Inc."
"spotify:track:4iQZi2sMZlbTpcUlo5YGBf","Midnight Blue","spotify:artist:7CnmC3gRgLev4I609BrSxj","Lou Gramm","spotify:album:6fR5edAXR1JVbrN5F6R68D","Ready Or Not","spotify:artist:7CnmC3gRgLev4I609BrSxj","Lou Gramm","1987-03-03","https://i.scdn.co/image/ab67616d0000b273ed1fcf783a8dcad986a64d8d","1","3","234693","https://p.scdn.co/mp3-preview/b1392fd6b153adf0e165076e32d1000d1e5c0e3a?cid=9950ac751e34487dbbe027c4fd7f8e99","false","51","USAT20103592","spotify:user:bradnumber1","2021-08-08T09:26:31Z","album rock,mellow gold,soft rock","0.641","0.836","0","-7.155","1","0.0284","0.105","0.0335","0.0714","0.659","113.758","4","","Atlantic Records","C © 1987 Atlantic Recording Corporation, P ℗ 1987 Atlantic Recording Corporation"
"spotify:track:306LQdB2k5yBGsiIV2oeC3","When You Say Nothing At All","spotify:artist:3nlHsNqwCSvT988ZfSW1Yh","Ronan Keating","spotify:album:1aYzN2EJMOgjFzuiDEiuEP","Ronan","spotify:artist:3nlHsNqwCSvT988ZfSW1Yh","Ronan Keating","2000-01-01","https://i.scdn.co/image/ab67616d0000b273ec7ef4332ddb3f8313c91e53","1","6","258226","https://p.scdn.co/mp3-preview/d1ba92cd21629c1e088338b883e854578e843be3?cid=9950ac751e34487dbbe027c4fd7f8e99","false","0","GBAKW9900139","spotify:user:bradnumber1","2021-08-08T09:26:31Z","europop,talent show","0.567","0.452","7","-10.647","1","0.023","0.166","0.0000012","0.0869","0.352","86.969","4","","Universal Music Group","C © 2000 Polydor Ltd. (UK), P ℗ 2000 Polydor Ltd. (UK)"
"spotify:track:5fnA9mkIfScSqHIpeDyvck","Prayer in C - Robin Schulz Radio Edit","spotify:artist:50OApTJurDusIo9dGTqSU4, spotify:artist:3t5xRXzsuZmMDkQzgOX35S","Lilly Wood and The Prick, Robin Schulz","spotify:album:6Ps0kbvAjuz75uK0uuZzWa","Prayer in C","spotify:artist:50OApTJurDusIo9dGTqSU4, spotify:artist:3t5xRXzsuZmMDkQzgOX35S","Lilly Wood and The Prick, Robin Schulz","2014-05-16","https://i.scdn.co/image/ab67616d0000b2730538d5d965798a403219a470","1","1","189413","https://p.scdn.co/mp3-preview/decf568095bab0c78ac54ce42546580800251802?cid=9950ac751e34487dbbe027c4fd7f8e99","false","73","DEA621400286","spotify:user:bradnumber1","2022-11-16T13:20:36Z","french indie pop,french rock,deep euro house,deep house,edm,german dance,pop dance,tropical house","0.763","0.875","9","-5.797","0","0.0262","0.024","0.00000541","0.599","0.8","123.013","4","","WM Germany","C © 2014 Choke Industry / Tonspiel under exclusive license to Warner Music Group Germany Holding GmbH, P ℗ 2014 Choke Industry / Tonspiel under exclusive license to Warner Music Group Germany Holding GmbH"
"spotify:track:0Eg4qP0GJUirsZtP1pTV6R","Almost Unreal","spotify:artist:2SHhfs4BiDxGQ3oxqf0UHY","Roxette","spotify:album:1nQK4dpultSS3YeHfYrgEW","A Collection of Roxette Hits! Their 20 Greatest Songs!","spotify:artist:2SHhfs4BiDxGQ3oxqf0UHY","Roxette","2006-10-18","https://i.scdn.co/image/ab67616d0000b2739357cebbe215e97c287012ae","1","11","234813","https://p.scdn.co/mp3-preview/878d873a7bc1884c84b3484d1356c614263d3aaf?cid=9950ac751e34487dbbe027c4fd7f8e99","false","36","SEAMA9301160","spotify:user:bradnumber1","2021-08-08T09:26:31Z","europop,swedish pop,synthpop","0.542","0.613","4","-5.724","1","0.025","0.0808","0","0.126","0.267","92.035","4","","Parlophone Sweden","C © 2006 Parlophone Music Sweden AB/Roxette Recordings under exclusive licence to Parlophone Music Sweden AB, a Warner Music Group Company., P ℗ 2006 Parlophone Music Sweden AB/Roxette Recordings under exclusive licence to Parlophone Music Sweden AB, a Warner Music Group Company."
"spotify:track:1ljijVo7rDHSuXIhydPpNl","Don't Sleep in the Subway","spotify:artist:6nKqt1nbSBEq3iUXD1Xgz8","Petula Clark","spotify:album:4pvPAWiVRHdnVXkOt49sKk","The Ultimate Petula Clark","spotify:artist:6nKqt1nbSBEq3iUXD1Xgz8","Petula Clark","2003-04-11","https://i.scdn.co/image/ab67616d0000b273d1cd25e9c9599e0735e60342","1","13","175373","https://p.scdn.co/mp3-preview/c63bed819c56d16f74d60787671d9701ef7aa5ae?cid=9950ac751e34487dbbe027c4fd7f8e99","false","0","FRZ196700560","spotify:user:bradnumber1","2021-08-08T09:26:31Z","adult standards,bubblegum pop,easy listening,folk rock,merseybeat,rock-and-roll,rockabilly","0.394","0.486","10","-9.742","1","0.0366","0.627","0","0.167","0.427","133.685","4","","BMG Heritage","P (P) 2003 BMG Heritage"
"spotify:track:3yOlyBJuViE2YSGn3nVE1K","My Oh My (feat. DaBaby)","spotify:artist:4nDoRrQiYLoBzwC5BhVJzF, spotify:artist:4r63FhuTkUYltbVAg5TQnk","Camila Cabello, DaBaby","spotify:album:3Vsbl0diFGw8HNSjG8ue9m","Romance","spotify:artist:4nDoRrQiYLoBzwC5BhVJzF","Camila Cabello","2019-12-06","https://i.scdn.co/image/ab67616d0000b2735f53c0dbe5190a0af0fa28f3","1","4","170746","https://p.scdn.co/mp3-preview/ea3ba7014fbff5a201d98ddab8d94e13fe56bb16?cid=9950ac751e34487dbbe027c4fd7f8e99","false","72","USSM11914257","spotify:user:bradnumber1","2021-08-08T09:26:31Z","dance pop,pop,hip hop,north carolina hip hop,pop rap,rap,trap","0.724","0.491","8","-6.024","1","0.0296","0.018","0.0000129","0.0887","0.383","105.046","4","","Syco Music/Epic","P (P) 2019 Simco Ltd. under exclusive license to Epic Records, a division of Sony Music Entertainment"
"spotify:track:0mel2N9Ws9r4yLQn5QE21Y","Too Good At Goodbyes - Edit","spotify:artist:2wY79sveU1sp5g7SokKOiI","Sam Smith","spotify:album:7oiRNdTfUWmsx6DAjEe7DB","Too Good At Goodbyes","spotify:artist:2wY79sveU1sp5g7SokKOiI","Sam Smith","2017-09-08","https://i.scdn.co/image/ab67616d0000b2730a5b25f2ae0690285b4b1508","1","1","201000","https://p.scdn.co/mp3-preview/2e2100af8cd386f628684caafb50662b67656de0?cid=9950ac751e34487dbbe027c4fd7f8e99","false","0","GBUM71704089","spotify:user:bradnumber1","2021-08-08T09:26:31Z","pop,uk pop","0.653","0.378","5","-8.273","1","0.0533","0.658","0","0.177","0.54","91.835","4","","Universal Music Group","C © 2017 Universal Music Operations Limited, P A Capitol Records UK release; ℗ 2017 Universal Music Operations Limited"
"spotify:track:3d4I2tQUz16S8gesU2pLSM","She's Like the Wind","spotify:artist:6dH5I8Q7HhXu74cBXkP0LD, spotify:artist:2oSO8nxMHKOJKj7v8l0zWh","Patrick Swayze, Wendy Fraser","spotify:album:03HVo5MVOWQ4kilTtF1Czg","Dirty Dancing","spotify:artist:0LyfQWJT6nXafLPZqxe9Of","Various Artists","1987-07-10","https://i.scdn.co/image/ab67616d0000b273741a375f2292fbe848ef27e8","1","3","232240","https://p.scdn.co/mp3-preview/3276109718ed1ca9b9420efc8fd7e700e7d29584?cid=9950ac751e34487dbbe027c4fd7f8e99","false","0","USBMG0100040","spotify:user:bradnumber1","2021-08-08T09:26:31Z","yacht rock","0.596","0.349","4","-14.097","0","0.0295","0.273","0.0000238","0.167","0.228","124.932","4","","RCA Records Label","P (P) 1987 Vestron Pictures, Inc."
"spotify:track:7M4U1nT033JyjFNmqu1o6p","Bring Me Some Water","spotify:artist:01Ppu7N8uYJI8SAONo2YZA","Melissa Etheridge","spotify:album:2e4dBdMQypTg53lsxOYj5M","Greatest Hits - The Road Less Traveled","spotify:artist:01Ppu7N8uYJI8SAONo2YZA","Melissa Etheridge","2005","https://i.scdn.co/image/ab67616d0000b2730e2a04b8d774fa397654c084","1","4","234560","https://p.scdn.co/mp3-preview/33c1d09d989b3fcfdb913a141cf266b39f09003d?cid=9950ac751e34487dbbe027c4fd7f8e99","false","0","USIR28800053","spotify:user:bradnumber1","2021-08-08T09:26:31Z","ectofolk,heartland rock,lilith,pop rock,singer-songwriter","0.663","0.868","2","-4.547","1","0.0366","0.0147","0","0.1","0.717","125.818","4","","Island Records","C © 2007 The Island Def Jam Music Group, P ℗ 2007 The Island Def Jam Music Group"
"spotify:track:4tyrRF6QhW7muNqwwXzLfp","Stay","spotify:artist:3nlHsNqwCSvT988ZfSW1Yh","Ronan Keating","spotify:album:6AHKwe8On9u6oU3XWV3Sb3","Winter Songs","spotify:artist:3nlHsNqwCSvT988ZfSW1Yh","Ronan Keating","2009-01-01","https://i.scdn.co/image/ab67616d0000b27321bf581899b242569b967d6b","1","2","276760","https://p.scdn.co/mp3-preview/c1d706c8116bf0d8410b9626abe498cf425c6cdd?cid=9950ac751e34487dbbe027c4fd7f8e99","false","0","GBUM70911939","spotify:user:bradnumber1","2021-08-08T09:26:31Z","europop,talent show","0.618","0.37","9","-9.021","1","0.0362","0.748","0","0.133","0.31","69.991","4","","Universal Music Group","C © 2009 Polydor Ltd. (UK), P ℗ 2009 Polydor Ltd. (UK)"
"spotify:track:4u8Rsnp8Pzvui3WaTWasyY","Rush - Single Version","spotify:artist:7hqZBHSgDs1odG9aupMzEI","Big Audio Dynamite","spotify:album:3KwVr850vZfjrKJb72lQnU","Planet Bad Greatest Hits","spotify:artist:7hqZBHSgDs1odG9aupMzEI","Big Audio Dynamite","1995-09-12","https://i.scdn.co/image/ab67616d0000b273afb29a8125ee709d5a375c97","1","11","188373","https://p.scdn.co/mp3-preview/3245c2a2b27cf1090b6c443ba7acb2a4a4c43d7c?cid=9950ac751e34487dbbe027c4fd7f8e99","false","31","USSM19100039","spotify:user:bradnumber1","2021-08-08T09:26:31Z","dance rock,new romantic,new wave,new wave pop","0.777","0.88","9","-10.057","1","0.0546","0.0916","0","0.332","0.71","124.037","4","","Columbia","P (P) 1985, 1986, 1988, 1989, 1990, 1991, 1994, 1995 SONY BMG MUSIC ENTERTAINMENT,1995 Radioactive Records"
"spotify:track:78TTtXnFQPzwqlbtbwqN0y","FourFiveSeconds","spotify:artist:5pKCCKE2ajJHZ9KAiaK11H, spotify:artist:5K4W6rqBFWDnAN6FQUkS6x, spotify:artist:4STHEaNw4mPZ2tzheohgXB","Rihanna, Kanye West, Paul McCartney","spotify:album:7yBl4uFyJzH48Vy6tPieXL","FourFiveSeconds","spotify:artist:5pKCCKE2ajJHZ9KAiaK11H, spotify:artist:5K4W6rqBFWDnAN6FQUkS6x, spotify:artist:4STHEaNw4mPZ2tzheohgXB","Rihanna, Kanye West, Paul McCartney","2015-01-24","https://i.scdn.co/image/ab67616d0000b27336a9ed72b45e54ff307641be","1","1","188238","https://p.scdn.co/mp3-preview/6fdd4470dabeaf54e72b566a4f8f2d064236927f?cid=9950ac751e34487dbbe027c4fd7f8e99","false","77","USJMT1500001","spotify:user:bradnumber1","2021-08-08T09:26:31Z","barbadian pop,pop,urban contemporary,chicago rap,hip hop,rap,classic rock,mellow gold,rock,soft rock","0.582","0.272","2","-5.662","1","0.0501","0.875","0","0.13","0.354","205.846","4","","Roc Nation / Rihanna","C © 2015 Westbury Road Entertainment, Distributed by Roc Nation Records, P ℗ 2015 Westbury Road Entertainment, Distributed by Roc Nation Records"
"spotify:track:5OUxpgFmz54y95OZVeyP8z","The Rockafeller Skank - Short Edit","spotify:artist:4Y7tXHSEejGu1vQ9bwDdXW","Fatboy Slim","spotify:album:7vVjgY4U7n4ZwGEKUBOIU7","Rockafeller Skank","spotify:artist:4Y7tXHSEejGu1vQ9bwDdXW","Fatboy Slim","1998-06-01","https://i.scdn.co/image/ab67616d0000b2735b85b30d9d148cc6570817b2","1","4","241466","https://p.scdn.co/mp3-preview/9066ddb0db284cf4184bf660e09c994613eb74c0?cid=9950ac751e34487dbbe027c4fd7f8e99","false","1","GBBMQ9800051","spotify:user:bradnumber1","2021-08-08T09:26:31Z","big beat,electronica","0.585","0.983","7","-6.271","1","0.256","0.00483","0.00636","0.293","0.15","152.573","4","","Skint Records","C © 1998 Skint Records Limited, a BMG Company, P ℗ 1998 Skint Records Limited, a BMG Company"
"spotify:track:39TkaDl80vWwjjYNlsJEva","Drop The Pilot","spotify:artist:1bdAJUX6JPsnYHbTl5jbk6","Joan Armatrading","spotify:album:46Qcpewjrwf94yHfFCvmia","Willow:The Joan Armatrading Collection","spotify:artist:1bdAJUX6JPsnYHbTl5jbk6","Joan Armatrading","2007-01-01","https://i.scdn.co/image/ab67616d0000b273dcc2234cc7af324b40637dcf","2","4","209320","https://p.scdn.co/mp3-preview/603b963d1fd07697ce9bbba423d9532d37169006?cid=9950ac751e34487dbbe027c4fd7f8e99","false","25","USAM18300070","spotify:user:bradnumber1","2021-08-08T09:26:31Z","folk,singer-songwriter","0.656","0.652","1","-10.031","1","0.0342","0.0241","0.00000934","0.0574","0.963","128.075","4","","UMC (Universal Music Catalogue)","C © 2007 Spectrum Music, P This Compilation ℗ 2007 Spectrum Music"
"spotify:track:5YhAAlelWek228jZzxgEfr","Honestly","spotify:artist:6jTnHxhb6cDCaCu4rdvsQ0","Hot Chelle Rae","spotify:album:0UkgnXc0w7qiRE2X086BdN","Whatever","spotify:artist:6jTnHxhb6cDCaCu4rdvsQ0","Hot Chelle Rae","2011-11-25","https://i.scdn.co/image/ab67616d0000b2733b97f1c9a0273bfbdc6bd791","1","3","201506","https://p.scdn.co/mp3-preview/94a3dd92cf9e1858b138bd47eb8d0f3463cca01d?cid=9950ac751e34487dbbe027c4fd7f8e99","false","42","USRC11100857","spotify:user:bradnumber1","2021-08-08T09:26:31Z","dance rock,neon pop punk,post-teen pop","0.641","0.787","0","-4.271","1","0.0375","0.0268","0","0.11","0.916","93.01","4","","RCA Records Label","P (P) 2011 RCA Records, a division of Sony Music Entertainment"
"spotify:track:3gdewACMIVMEWVbyb8O9sY","Rocket Man (I Think It's Going To Be A Long, Long Time)","spotify:artist:3PhoLpVuITZKcymswpck5b","Elton John","spotify:album:2ei2X6ghPnw7YRwQtAH075","Honky Chateau","spotify:artist:3PhoLpVuITZKcymswpck5b","Elton John","1972-05-19","https://i.scdn.co/image/ab67616d0000b2733009007708ab5134936a58b3","1","5","281613","https://p.scdn.co/mp3-preview/c7316d016815fab0bb5ecb309da33e57d4da69c5?cid=9950ac751e34487dbbe027c4fd7f8e99","false","80","GBAMB7200006","spotify:user:bradnumber1","2021-08-08T09:26:31Z","glam rock,mellow gold,piano rock,rock","0.601","0.532","10","-9.119","1","0.0286","0.433","0.00000595","0.0925","0.342","136.576","4","","EMI","C © 1995 Mercury Records Limited, P This Compilation ℗ 1972 This Record Company Ltd."
"spotify:track:1oolfqNpJhtO9KquFkHOX2","Johnny Run Away","spotify:artist:2NjfBq1NflQcKSeiDooVjY","Tones And I","spotify:album:7kOSEfgKVKQv5uHjjpE1lu","Johnny Run Away","spotify:artist:2NjfBq1NflQcKSeiDooVjY","Tones And I","2019-03-01","https://i.scdn.co/image/ab67616d0000b273dbfe09cc0110282bbe6b8dea","1","1","193450","https://p.scdn.co/mp3-preview/09ab7b29d81546e7aaf173b306f318c6b9201d3a?cid=9950ac751e34487dbbe027c4fd7f8e99","false","0","QZDA51983220","spotify:user:bradnumber1","2021-08-08T09:26:31Z","australian pop","0.817","0.375","2","-10.21","1","0.151","0.734","0.00831","0.105","0.497","92.476","4","","Bad Batch Records","C 2019 Bad Batch Records, P 2019 Bad Batch Records"
"spotify:track:4urcG6Nfubqsuqy3juMjBi","Brokenhearted","spotify:artist:4M0DLz8te9Q1lNIXBBwvfG","Karmin","spotify:album:7FbPwQGriWa8IT4u6RxjWK","Hello","spotify:artist:4M0DLz8te9Q1lNIXBBwvfG","Karmin","2012-05-07","https://i.scdn.co/image/ab67616d0000b273cc50268bd94de0934dad0ca0","1","2","227146","https://p.scdn.co/mp3-preview/dd677b59ccc526811ab460ed83cd128e5bcc861e?cid=9950ac751e34487dbbe027c4fd7f8e99","false","58","USSM11200212","spotify:user:bradnumber1","2021-08-08T09:26:31Z","post-teen pop,viral pop","0.765","0.765","1","-2.732","0","0.0585","0.00765","0.00000382","0.0527","0.886","120.001","4","","Epic","P (P) 2012 Epic Records, a division of Sony Music Entertainment"
"spotify:track:02TXU8U4OJBEVo5XO3k8mi","Love...Thy Will Be Done - Single Version","spotify:artist:40enFxfEXXsEXKOt1vgx0k","Martika","spotify:album:0aKOU8WgU7c8rpb69O1Y1V","More Than You Know - The Best Of Martika","spotify:artist:40enFxfEXXsEXKOt1vgx0k","Martika","1997","https://i.scdn.co/image/ab67616d0000b2738e6b5c0cf02a020ff0697840","1","6","264960","https://p.scdn.co/mp3-preview/508a14477e9829e727e20866c3eacb3ca0ae9fa9?cid=9950ac751e34487dbbe027c4fd7f8e99","false","0","USSM19100500","spotify:user:bradnumber1","2021-08-08T09:26:31Z","minneapolis sound,new romantic,new wave pop","0.721","0.372","2","-11.352","1","0.028","0.315","0.00268","0.102","0.514","91.541","4","","Columbia","P (P) 1997 Sony Music Entertainment (UK) Ltd."
"spotify:track:5eYwDBLucWfWI5KsV7oYX2","Mary Jane's Last Dance","spotify:artist:4tX2TplrkIP4v05BNC903e","Tom Petty and the Heartbreakers","spotify:album:7ait6chB3O3C1fMGUDJhtu","Anthology: Through The Years","spotify:artist:4tX2TplrkIP4v05BNC903e","Tom Petty and the Heartbreakers","2000-01-01","https://i.scdn.co/image/ab67616d0000b2736cfd76ded516a7f12768a4b2","2","15","272266","https://p.scdn.co/mp3-preview/be0def4ad5842afde18b1d54891020564b235db2?cid=9950ac751e34487dbbe027c4fd7f8e99","false","0","USMC19341704","spotify:user:bradnumber1","2021-08-08T09:26:31Z","album rock,classic rock,hard rock,heartland rock,mellow gold,rock,singer-songwriter,soft rock","0.402","0.814","10","-4.954","1","0.14","0.0383","0.00000119","0.266","0.516","170.02","4","","Interscope","C © 2000 Universal Music Enterprises, a Division of UMG Recordings, Inc., P ℗ 2000 Universal Music Enterprises, a Division of UMG Recordings, Inc."
"spotify:track:20JcxdRw8gvqTY1EEpYxHb","Misty Blue","spotify:artist:3KQOgtRIeQVHdYFcNHKavs","Dorothy Moore","spotify:album:3Zduho0YRag4bzsjSVGF0t","Misty Blue","spotify:artist:3KQOgtRIeQVHdYFcNHKavs","Dorothy Moore","1976-03-01","https://i.scdn.co/image/ab67616d0000b2737a1d1b24d9e53e8729d63578","1","5","222400","https://p.scdn.co/mp3-preview/db58902544f7576c1ebb7ddd52df78edb2f58505?cid=9950ac751e34487dbbe027c4fd7f8e99","false","51","USMR50470409","spotify:user:bradnumber1","2021-08-08T09:26:31Z","southern soul","0.394","0.243","3","-14.664","1","0.0302","0.658","0.00603","0.085","0.504","173.365","3","","Malaco Records","C 1976 Malaco Records, Inc., P 1976 Malaco Records, Inc."
"spotify:track:76Je5Wklky23mVoxiRszcN","Walk","spotify:artist:7jy3rLJdDQY21OgRLCZ9sD","Foo Fighters","spotify:album:5lnQLEUiVDkLbFJHXHQu9m","Wasting Light","spotify:artist:7jy3rLJdDQY21OgRLCZ9sD","Foo Fighters","2011-04-12","https://i.scdn.co/image/ab67616d0000b273cdac19bbaee5cc123edcc26f","1","11","255960","https://p.scdn.co/mp3-preview/6ec14f5fa6505d107e5ce786a5a77105d309b8af?cid=9950ac751e34487dbbe027c4fd7f8e99","false","66","USRW31100002","spotify:user:bradnumber1","2021-08-08T09:26:31Z","alternative metal,alternative rock,modern rock,permanent wave,post-grunge,rock","0.234","0.865","9","-5.131","1","0.0516","0.0000362","0.000532","0.289","0.194","137.107","4","","RCA Records Label","P (P) 2011 Roswell Records, Inc. under license to RCA Records, a unit of Sony Music Entertainment"
"spotify:track:1G5tWc6ban5YXM8zeudnOA","Weir","spotify:artist:6eQ3AHw7yEVoX87xDS1ZiP","Killing Heidi","spotify:album:3Mb6ZsLgwJvTtN3C5vYcC5","Reflector","spotify:artist:6eQ3AHw7yEVoX87xDS1ZiP","Killing Heidi","2000","https://i.scdn.co/image/ab67616d0000b2737f361459e0043a6deb2d342c","1","2","244866","https://p.scdn.co/mp3-preview/2b2ee683f0829a921b0179d6f3561162d76d04ef?cid=9950ac751e34487dbbe027c4fd7f8e99","false","0","AUBEC1701084","spotify:user:bradnumber1","2021-08-08T09:26:31Z","australian alternative rock,australian rock","0.32","0.697","2","-6.623","1","0.0463","0.136","0.000014","0.303","0.634","156.067","4","","Independent","C 2000 Wah Wah Music, P 2000 Wah Wah Music"
"spotify:track:5isqZr4tHv9tJjiyoDuRMo","Ruby Baby","spotify:artist:15FyiY3ChN0QRspHIQYq0W","Dion","spotify:album:0cXtsSbj6Yr01tMuvkB9qO","Ruby Baby","spotify:artist:15FyiY3ChN0QRspHIQYq0W","Dion","2014-03-10","https://i.scdn.co/image/ab67616d0000b27322ac91b17fbe0a2691c3c964","1","1","157675","https://p.scdn.co/mp3-preview/6ed3e54b8f0e3db9e24bc3c57db245f6a6115cf2?cid=9950ac751e34487dbbe027c4fd7f8e99","false","10","QMDA71497760","spotify:user:bradnumber1","2021-08-08T09:26:31Z","doo-wop,rock-and-roll,rockabilly","0.656","0.718","4","-9.638","1","0.1","0.611","0","0.075","0.663","121.854","4","","Redwood Records","C (C) 2014 Entertain Me Europe LTD"
"spotify:track:1Zi2ezNOqt9y9irC11xYpN","Eve Of Destruction","spotify:artist:6xdkfNRMtBzeu7t4wyum2X","Barry McGuire","spotify:album:1ue4XKSgfovqJp8wgoyaOX","Eve Of Destruction","spotify:artist:6xdkfNRMtBzeu7t4wyum2X","Barry McGuire","1965-01-01","https://i.scdn.co/image/ab67616d0000b273d33bff23ded3e4ec3149429f","1","1","215826","https://p.scdn.co/mp3-preview/d5be4f7e3b037412aff51838f281dfcae00c6af1?cid=9950ac751e34487dbbe027c4fd7f8e99","false","54","USMC16500802","spotify:user:bradnumber1","2021-08-08T09:26:31Z","folk rock","0.613","0.307","2","-17.385","1","0.0414","0.387","0.00000452","0.087","0.789","117.305","4","","Geffen","C © 1965 Geffen Records, P ℗ 1965 Geffen Records"
"spotify:track:3NjN67McMXpFykke8bQDuO","Time to Wander","spotify:artist:54xBWCXYw0pydXBknIdiC6","GATC","spotify:album:1OilKlEbVfBaEJEfkFX8Lo","Gilgamesh","spotify:artist:54xBWCXYw0pydXBknIdiC6","GATC","2010-10-04","https://i.scdn.co/image/ab67616d0000b273b634bf67662f9291f3e71732","1","1","234746","https://p.scdn.co/mp3-preview/77388b5c9ff83ac4dbe4a62d43ba7d4bf23996ec?cid=9950ac751e34487dbbe027c4fd7f8e99","false","0","GBARL1000830","spotify:user:bradnumber1","2021-08-08T09:26:31Z","australian indie,shimmer pop","0.548","0.876","2","-4.51","1","0.0535","0.00191","0.0979","0.0672","0.11","135.008","4","","RCA Records Label","P (P) 2010 Sony Music Entertainment UK Limited"
"spotify:track:7AfqTpdtRHEm5qLt3zKtDN","Home - feat. Michael Bublé","spotify:artist:1UTPBmNbXNTittyMJrNkvw, spotify:artist:1GxkXlMwML1oSg5eLPiAz3","Blake Shelton, Michael Bublé","spotify:album:5JfiJ4oEv1EifTvX9vkTFk","Cheers, it's Christmas.","spotify:artist:1UTPBmNbXNTittyMJrNkvw","Blake Shelton","2012-10-02","https://i.scdn.co/image/ab67616d0000b2730e748c1ba9f209a984069c83","1","7","227040","https://p.scdn.co/mp3-preview/c10d2f3eefc70e013bee49219f18e48e2eb3b450?cid=9950ac751e34487dbbe027c4fd7f8e99","false","0","USWB11202090","spotify:user:bradnumber1","2021-08-08T09:26:31Z","classic oklahoma country,contemporary country,country,country road,adult standards,canadian pop,jazz pop,lounge","0.576","0.455","7","-7.587","1","0.0267","0.583","0.0000273","0.0912","0.206","127.856","4","","Warner Bros.","C 2012 Ten Point Productions, Inc. under exclusive license to Warner Bros. Records Inc., P 2012 Ten Point Productions, Inc. under exclusive license to Warner Bros. Records Inc."
"spotify:track:3y3brCCecHC3Db18aIOnny","Carry On (from the Original Motion Picture ""POKÉMON Detective Pikachu"")","spotify:artist:23fqKkggKUBHNkbKtXEls4, spotify:artist:5CCwRZC6euC8Odo6y9X8jr","Kygo, Rita Ora","spotify:album:1Z7WbPmn7QFoJ2DrNfEehz","Carry On (from the Original Motion Picture ""POKÉMON Detective Pikachu"")","spotify:artist:23fqKkggKUBHNkbKtXEls4, spotify:artist:5CCwRZC6euC8Odo6y9X8jr","Kygo, Rita Ora","2019-04-19","https://i.scdn.co/image/ab67616d0000b2735c13911ce0c8e0b65c341a4c","1","1","215315","https://p.scdn.co/mp3-preview/602c2151b36320f44255d18dc045a7de5af0ab59?cid=9950ac751e34487dbbe027c4fd7f8e99","false","57","USRC11900838","spotify:user:bradnumber1","2021-08-08T09:26:31Z","edm,pop,pop dance,tropical house,dance pop,pop,uk pop","0.591","0.705","9","-6.519","0","0.079","0.381","0.000116","0.131","0.27","121.799","4","","Palm Tree Records/RCA Records","P (P) 2019 RCA Records, a division of Sony Music Entertainment"
"spotify:track:55VzNhbcf0Gxf6qRCUAV01","Little Bad Girl (feat. Taio Cruz & Ludacris)","spotify:artist:1Cs0zKBU1kc0i8ypK3B9ai, spotify:artist:3ipn9JLAPI5GUEo4y4jcoi, spotify:artist:6MF9fzBmfXghAz953czmBC","David Guetta, Ludacris, Taio Cruz","spotify:album:4bTjdxhRRUiWfwj200f9Kl","Nothing but the Beat (Ultimate Edition)","spotify:artist:1Cs0zKBU1kc0i8ypK3B9ai","David Guetta","2012-12-07","https://i.scdn.co/image/ab67616d0000b2735c8cfe4b2c4aa89c9c92108e","1","11","192275","https://p.scdn.co/mp3-preview/8e95b6e3d3f0064b0c8a28ed6b4008742df7abd7?cid=9950ac751e34487dbbe027c4fd7f8e99","true","58","GB28K1100020","spotify:user:bradnumber1","2021-08-08T09:26:31Z","big room,dance pop,edm,pop,pop dance,atl hip hop,dance pop,dirty south rap,hip hop,old school atlanta hip hop,pop rap,rap,southern hip hop,trap,dance pop,pop,pop rap","0.668","0.829","11","-2.748","0","0.0334","0.00572","0","0.358","0.648","127","4","","Parlophone (France)","C © 2012 What A Music Ltd., licence exclusive Parlophone Music France, P ℗ 2012 What A Music Ltd., licence exclusive Parlophone Music France"
"spotify:track:345fmYC4plFCcpZsbDomR3","I Only Want To Be With You - Mono","spotify:artist:5zaXYwewAXedKNCff45U5l","Dusty Springfield","spotify:album:1nqFVeqOlIVan8xkKX0O6j","Complete A And B Sides 1963 - 1970","spotify:artist:5zaXYwewAXedKNCff45U5l","Dusty Springfield","2006-01-01","https://i.scdn.co/image/ab67616d0000b2731f64431de67310e745c5e327","1","1","156386","https://p.scdn.co/mp3-preview/0c77c55e129b7e2491a214ccbf7b3db62cea691b?cid=9950ac751e34487dbbe027c4fd7f8e99","false","29","GBF086300133","spotify:user:bradnumber1","2021-08-08T09:26:31Z","adult standards,british invasion,folk rock,soul,vocal jazz","0.585","0.759","7","-6.257","1","0.0295","0.0867","0","0.07","0.945","132.913","4","","UMC (Universal Music Catalogue)","C © 2006 Mercury Records Limited, P This Compilation ℗ 2006 Mercury Records Limited"
"spotify:track:1rG2EZw9GJuBPleLhS64sn","Loverboy","spotify:artist:5IDs1CK15HegSAhGEbSYXo","Billy Ocean","spotify:album:7n4OT3zEZaEiyKKd6mFAhi","The Very Best of Billy Ocean","spotify:artist:5IDs1CK15HegSAhGEbSYXo","Billy Ocean","2010-04-26","https://i.scdn.co/image/ab67616d0000b27399ee23dac7128cb5754f593c","1","9","249360","https://p.scdn.co/mp3-preview/aeb5ba04be753fe3d4fe8ec382b28fcc871f285c?cid=9950ac751e34487dbbe027c4fd7f8e99","false","51","GBAHK9700115","spotify:user:bradnumber1","2021-08-08T09:26:31Z","disco,mellow gold,new romantic,new wave pop,soft rock,yacht rock","0.734","0.71","6","-9.164","0","0.0389","0.0915","0.0000228","0.0635","0.715","107.901","4","","Sony Music UK","P This compilation (P) 2010 Sony Music Entertainment UK Limited"
"spotify:track:7yCPwWs66K8Ba5lFuU2bcx","All The Small Things","spotify:artist:6FBDaR13swtiWwGhX1WQsP","blink-182","spotify:album:5qt11cWjSs5Gbqj2Wyfu38","Enema Of The State","spotify:artist:6FBDaR13swtiWwGhX1WQsP","blink-182","1999-01-01","https://i.scdn.co/image/ab67616d0000b273645606c85724da85f15f6dee","1","8","168000","https://p.scdn.co/mp3-preview/b1447b8d76183737ea2ebd10f70da6292904f833?cid=9950ac751e34487dbbe027c4fd7f8e99","false","2","USMC19959123","spotify:user:bradnumber1","2021-08-08T09:26:31Z","alternative metal,modern rock,pop punk,punk,rock,socal pop punk","0.439","0.891","0","-4.764","1","0.057","0.0122","0","0.547","0.695","148.599","4","","Interscope","C © 1999 Geffen Records, P ℗ 1999 Geffen Records"
"spotify:track:2e7wjEPtvn1b3RAnwzkEnu","Stupid Girl","spotify:artist:6S0GHTqz5sxK5f9HtLXn9q","Garbage","spotify:album:7nxUo7X1Z1vSBxn7XoF8js","Garbage","spotify:artist:6S0GHTqz5sxK5f9HtLXn9q","Garbage","1995","https://i.scdn.co/image/ab67616d0000b273c392b0bc0cf5659e2ccb7731","1","8","258533","https://p.scdn.co/mp3-preview/3522dd3618545ca835a0608520da8b36fdda2d26?cid=9950ac751e34487dbbe027c4fd7f8e99","false","0","USGF19500408","spotify:user:bradnumber1","2021-08-08T09:26:31Z","alternative rock,dance rock,electronic rock,permanent wave","0.617","0.721","11","-6.889","1","0.0305","0.00548","0.000637","0.0645","0.765","119.961","4","","Liberator Music","C 2012 STUNVOLUME, P 2012 STUNVOLUME"
"spotify:track:66S14BkJDxgkYxLl5DCqOz","I'm Gonna Be (500 Miles)","spotify:artist:1A92IAcd7A6npCA33oGM5i","The Proclaimers","spotify:album:7hPq9fDWwXPo1tT0oi3XcM","Finest","spotify:artist:1A92IAcd7A6npCA33oGM5i","The Proclaimers","2003-09-01","https://i.scdn.co/image/ab67616d0000b273b0c0201a8796d8a536253a61","1","1","219466","https://p.scdn.co/mp3-preview/42b4d0af211d3a2ad254c010254a1957297f3f24?cid=9950ac751e34487dbbe027c4fd7f8e99","false","67","GBAYK8800055","spotify:user:bradnumber1","2021-08-08T09:26:31Z","celtic rock,scottish rock","0.851","0.551","4","-5.177","1","0.0396","0.151","0","0.0827","0.807","131.922","4","","Parlophone UK","C © 2003 Parlophone Records Ltd, a Warner Music Group Company, P ℗ 2003 Parlophone Records Ltd, a Warner Music Group Company"
"spotify:track:7BfW1eoDh27W69nxsmRicb","Buffalo Soldier","spotify:artist:2QsynagSdAqZj3U9HgDzjD","Bob Marley & The Wailers","spotify:album:5Rg4ZSwf1LPCuAMr0msdun","Confrontation","spotify:artist:2QsynagSdAqZj3U9HgDzjD","Bob Marley & The Wailers","1983-05-23","https://i.scdn.co/image/ab67616d0000b2737e0b5fe0454234229e52a491","1","2","255840","https://p.scdn.co/mp3-preview/bbcdea432c1ebfc3c859780ea0b08c43b7756602?cid=9950ac751e34487dbbe027c4fd7f8e99","false","70","USIR28300004","spotify:user:bradnumber1","2022-09-20T01:07:07Z","reggae,roots reggae","0.929","0.463","9","-8.651","1","0.308","0.143","0.0000053","0.0634","0.755","124.084","4","","Island Records","C © 1983 Island Records Inc., P ℗ 2001 The Island Def Jam Music Group"
"spotify:track:29SRvYOKbMLOZeOubNGtLb","Is She Really Going Out With Him?","spotify:artist:6KOqPxwfNAmZPkiCnDE9yT","Joe Jackson","spotify:album:6Bt6KjNfoCp6UbYVFGH4FH","Look Sharp!","spotify:artist:6KOqPxwfNAmZPkiCnDE9yT","Joe Jackson","1979-01-05","https://i.scdn.co/image/ab67616d0000b2735f40be7506754451d1e61e16","1","3","215066","https://p.scdn.co/mp3-preview/4e54c1bd5bcb9b76013aba18c2328e9ebd851efc?cid=9950ac751e34487dbbe027c4fd7f8e99","false","54","GBAAM7801002","spotify:user:bradnumber1","2021-08-08T09:26:31Z","mellow gold,new romantic,new wave,new wave pop,permanent wave,singer-songwriter,sophisti-pop","0.874","0.318","3","-6.869","1","0.0454","0.0353","0.0000169","0.217","0.919","116.117","4","","A&M","C © 2001 A&M Records Inc., P This Compilation ℗ 2001 Interscope Geffen (A&M) Records A Division of UMG Recordings Inc."
"spotify:track:1qOLh0tI7trd1zdDKxYZTe","Starving","spotify:artist:5p7f24Rk5HkUZsaS3BLG5F, spotify:artist:4lDBihdpMlOalxy1jkUbPl, spotify:artist:2qxJFvFYMEDqd7ui6kSAcq","Hailee Steinfeld, Grey, Zedd","spotify:album:3Nuw6arrA8kVwhIvyGbiku","HAIZ","spotify:artist:5p7f24Rk5HkUZsaS3BLG5F","Hailee Steinfeld","2016-07-15","https://i.scdn.co/image/ab67616d0000b273612495ee5769c99125031be2","1","6","181880","https://p.scdn.co/mp3-preview/df1e954d4a1cc8c1a677a6066b53bbebb6c7442a?cid=9950ac751e34487dbbe027c4fd7f8e99","true","0","USUM71606368","spotify:user:bradnumber1","2021-08-08T09:26:31Z","pop,pop edm,complextro,edm,german techno,pop,pop dance","0.636","0.633","4","-4.23","1","0.126","0.371","0","0.102","0.512","99.721","4","","Universal Music Group","C (C) 2016 Republic Records, a division of UMG Recordings, Inc., P (P) 2016 Republic Records, a division of UMG Recordings, Inc."
"spotify:track:1V1krdOmDBlvCEwVJPR2Cv","Woman - Tyler Stone Summer Chill Mix","spotify:artist:41ITYFOUrXrzWhudmBYC0X, spotify:artist:0MwiZ2D17CWZMtHPvKgVHH","Louie Austen, Tyler Stone","spotify:album:4H7ktUkvZ7JknbddLa98mo","Woman (Tyler Stone Summer Chill Mix)","spotify:artist:41ITYFOUrXrzWhudmBYC0X, spotify:artist:0MwiZ2D17CWZMtHPvKgVHH","Louie Austen, Tyler Stone","2021-07-02","https://i.scdn.co/image/ab67616d0000b27319f9b9149a5c5993e9511f0c","1","1","220646","https://p.scdn.co/mp3-preview/f302fc04150d5ce52f19dbc551d423a9944eb622?cid=9950ac751e34487dbbe027c4fd7f8e99","false","4","DEZC62107943","spotify:user:bradnumber1","2021-08-08T09:26:31Z","electro jazz","0.575","0.779","4","-6.916","0","0.0305","0.0305","0.0651","0.177","0.394","93.002","4","","R&B Music","C 2021 R&B Music, P 2021 R&B Music"
"spotify:track:7zbDSQelDmlaEhUDnLMViZ","All Of The Lights - Album Version (Edited)","spotify:artist:5K4W6rqBFWDnAN6FQUkS6x","Kanye West","spotify:album:6klUp8sQyRXGuJhqZu4PG3","My Beautiful Dark Twisted Fantasy","spotify:artist:5K4W6rqBFWDnAN6FQUkS6x","Kanye West","2010-01-01","https://i.scdn.co/image/ab67616d0000b273baf2a68126739ff553f2930a","1","5","299600","https://p.scdn.co/mp3-preview/c381c01f5839bda335a55a90ad7744c438b479f5?cid=9950ac751e34487dbbe027c4fd7f8e99","false","51","USUM71027274","spotify:user:bradnumber1","2021-08-08T09:26:31Z","chicago rap,hip hop,rap","0.547","0.794","1","-3.28","1","0.0596","0.0632","0.0000488","0.196","0.243","142.138","4","","Roc-A-Fella","C © 2010 UMG Recordings, Inc., P ℗ 2010 UMG Recordings, Inc."
"spotify:track:6eK6eWG03zxQFW8P4OE4Cb","Crawl Back In","spotify:artist:502ZZTWlqgS1Ht62ewubEJ","Dead By Sunrise","spotify:album:34Zz8qH5QJgD2uTXDuZ2J9","Out Of Ashes","spotify:artist:502ZZTWlqgS1Ht62ewubEJ","Dead By Sunrise","2009-09-30","https://i.scdn.co/image/ab67616d0000b2733cea3f53137fcb2cc86a481c","1","2","182760","https://p.scdn.co/mp3-preview/e2d18ce5202b1bda8bc330eef7b06e0e6f45444f?cid=9950ac751e34487dbbe027c4fd7f8e99","false","43","USWB10902978","spotify:user:bradnumber1","2021-08-08T09:26:31Z","electronic rock","0.501","0.975","2","-3.361","1","0.0941","0.000422","0.00000153","0.364","0.348","127.964","4","","Warner Records","C © 2009 Warner Records Inc., P ℗ 2009 Warner Records Inc."
"spotify:track:4gXKQnK7G429gieHHY4Y7z","Chemical Heart","spotify:artist:04qi4CymYf3E50Mt2na4QS","Grinspoon","spotify:album:3AIbG814zChhFMAsCvt96L","New Detention","spotify:artist:04qi4CymYf3E50Mt2na4QS","Grinspoon","2002-01-01","https://i.scdn.co/image/ab67616d0000b273361ec570b867570158079107","1","5","279506","https://p.scdn.co/mp3-preview/d40d65c7a158edadad1753e42649b2beed7191c1?cid=9950ac751e34487dbbe027c4fd7f8e99","false","52","AUUM00130067","spotify:user:bradnumber1","2021-08-08T09:26:31Z","australian alternative rock,australian psych,australian rock","0.47","0.612","0","-7.413","1","0.028","0.00668","0","0.14","0.382","153.926","4","","Universal Music Australia Pty. Ltd.","C © 2015 Universal Music Australia Pty Ltd., P This Compilation ℗ 2015 Universal Music Australia Pty Ltd."
"spotify:track:0fcWIzRDyYZXIbAF18VOXa","Paris Is Burning","spotify:artist:5TfnQ0Ai1cEbKY5katFK14","Ladyhawke","spotify:album:31AFNVRlzhlhqX9LCwPfHF","Ladyhawke (Deluxe Edition)","spotify:artist:5TfnQ0Ai1cEbKY5katFK14","Ladyhawke","2009-04-10","https://i.scdn.co/image/ab67616d0000b2730000e47a4e869d4323ad0e3d","1","8","227986","https://p.scdn.co/mp3-preview/e217342faf30ed5b2b434c680e0c3f1f2141afa1?cid=9950ac751e34487dbbe027c4fd7f8e99","false","35","GBUM70808467","spotify:user:bradnumber1","2021-08-08T09:26:31Z","alternative dance,metropopolis,neo-synthpop","0.601","0.881","9","-3.592","0","0.0532","0.0224","0","0.135","0.769","122.958","4","","Modular","C © 2009 Modular Recordings, P ℗ 2009 Modular Recordings"
"spotify:track:3s9XQlCba54MLXFRivr5y5","Comeback","spotify:artist:04qi4CymYf3E50Mt2na4QS","Grinspoon","spotify:album:5aMNLhPwUGBlVUS1gU9yAm","Six to Midnight","spotify:artist:04qi4CymYf3E50Mt2na4QS","Grinspoon","2009-01-01","https://i.scdn.co/image/ab67616d0000b273c72174a0b4e18e61f882575b","1","3","186733","https://p.scdn.co/mp3-preview/38f142898a7d3a0f9933ab67672877f78f8e8b18?cid=9950ac751e34487dbbe027c4fd7f8e99","false","0","AUUM70902190","spotify:user:bradnumber1","2021-08-08T09:26:31Z","australian alternative rock,australian psych,australian rock","0.536","0.776","4","-4.59","1","0.0332","0.00432","0","0.129","0.467","108.031","4","","Universal Music Australia (Distribution)","C © 2009 CHKCHKBOOM REKKORDS/ UNIVERSAL 2009, P ℗ 2009 CHKCHKBOOM REKKORDS/ UNIVERSAL 2009"
"spotify:track:6NT8VAZify97bFRF6xotFC","Stay Wild","spotify:artist:3h18aXqdmm2F13t6LIbTpq","Little Birdy","spotify:album:1E5fWDTBTMXFeSICLvdpH5","Confetti","spotify:artist:3h18aXqdmm2F13t6LIbTpq","Little Birdy","2009-01-01","https://i.scdn.co/image/ab67616d0000b273c55108e9f5c714bbeac183ea","1","4","248746","https://p.scdn.co/mp3-preview/e4f68578d18146a136afc4bbba2877cf3589dcc2?cid=9950ac751e34487dbbe027c4fd7f8e99","false","14","AUEL00900004","spotify:user:bradnumber1","2021-08-08T09:26:31Z","australian alternative rock,australian indie,australian rock,perth indie","0.596","0.524","1","-5.218","0","0.0259","0.0404","0.0000114","0.0707","0.348","120.017","4","","Universal Music Australia Pty. Ltd.","C © 2009 Little Birdy under exclusive license to Eleven: A Music Company, P ℗ 2009 Little Birdy under exclusive license to Eleven: A Music Company"
"spotify:track:1f3yAtsJtY87CTmM8RLnxf","Smells Like Teen Spirit","spotify:artist:6olE6TJLqED3rqDCT0FyPh","Nirvana","spotify:album:2uEf3r9i2bnxwJQsxQ0xQ7","Nevermind (Deluxe Edition)","spotify:artist:6olE6TJLqED3rqDCT0FyPh","Nirvana","1991-09-26","https://i.scdn.co/image/ab67616d0000b27328a90d00a2819504364880e4","1","1","301920","https://p.scdn.co/mp3-preview/91219ebc0d0505a1001c4b854f8b2451fcec95b8?cid=9950ac751e34487dbbe027c4fd7f8e99","false","8","USGF19942501","spotify:user:bradnumber1","2021-08-08T09:26:31Z","grunge,permanent wave,rock","0.502","0.912","1","-4.556","1","0.0564","0.0000255","0.000173","0.106","0.72","116.761","4","","Geffen","C © 2011 Geffen Records, P This Compilation ℗ 2011 Geffen Records"
"spotify:track:65nCVhtlWYUzNvcM1MYp4l","Landslide","spotify:artist:25IG9fa7cbdmCIy3OnuH57","The Chicks","spotify:album:31St5diPbTZoCjOwWXSMWD","The Essential The Chicks","spotify:artist:25IG9fa7cbdmCIy3OnuH57","The Chicks","2010","https://i.scdn.co/image/ab67616d0000b27359b1593459fed5f25c7067fc","1","11","228480","https://p.scdn.co/mp3-preview/1efbe935d22e60c5db07726a070fd690e7c18b2e?cid=9950ac751e34487dbbe027c4fd7f8e99","false","46","USSM10209587","spotify:user:bradnumber1","2021-08-08T09:26:31Z","contemporary country,country,country dawn","0.574","0.4","2","-8.387","1","0.0273","0.569","0.00000619","0.164","0.512","146.018","4","","Columbia/Legacy","P This compilation (P) 2010 Columbia Records, a division of Sony Music Entertainment"
"spotify:track:1KQdOoOg4WnnaYySdafBuI","The Hard Way","spotify:artist:0tTLmQvo0tn8vYlpJpA2no","Thirsty Merc","spotify:album:72ofNtyCnr54WRoZa6K289","Slideshows","spotify:artist:0tTLmQvo0tn8vYlpJpA2no","Thirsty Merc","2007-04-21","https://i.scdn.co/image/ab67616d0000b273db4c552ec0434ae0b7bc091a","1","3","262840","https://p.scdn.co/mp3-preview/293336208fb65a69dc37c6663e143798e838496a?cid=9950ac751e34487dbbe027c4fd7f8e99","false","28","AUWA00606120","spotify:user:bradnumber1","2022-02-03T10:24:42Z","australian pop,australian rock","0.41","0.76","7","-4.629","1","0.0366","0.063","0","0.141","0.43","139.998","4","","WM Australia","C © 2007 Warner Music Australia Pty Limited, P ℗ 2007 Warner Music Australia Pty Limited"
"spotify:track:0uWG5H5PrBOI4e46neKfhB","Hold Me, Thrill Me, Kiss Me, Kill Me - From 'Batman Forever'","spotify:artist:51Blml2LZPmy7TTiAg47vQ","U2","spotify:album:5bnxl1t9burd9a9YLBy4Ig","The Best Of 1990-2000","spotify:artist:51Blml2LZPmy7TTiAg47vQ","U2","2002-10-31","https://i.scdn.co/image/ab67616d0000b273e40e578a3c74d87abbc25e34","1","13","285160","https://p.scdn.co/mp3-preview/b8d9cc6a84004bff2c65d9825744dd6d3f2b038e?cid=9950ac751e34487dbbe027c4fd7f8e99","false","0","GBAAN0201228","spotify:user:bradnumber1","2021-08-08T09:26:31Z","irish rock,permanent wave,rock","0.367","0.838","10","-6.977","0","0.0423","0.0000767","0.219","0.179","0.336","171.674","4","","Universal Music Group","C © 2002 Universal International Music B.V., P ℗ 2002 Universal International Music B.V."
"spotify:track:6hW2XKfZJDTImLOGlqM1pC","What We Talkin' About","spotify:artist:3nFkdlSjzX9mRTtwJOzDYB, spotify:artist:0CliOhi161ZCRIVw60prp0","JAY-Z, Luke Steele","spotify:album:1g3Ek21j6qDWt2CtravhrX","The Blueprint 3","spotify:artist:3nFkdlSjzX9mRTtwJOzDYB","JAY-Z","2009-09-08","https://i.scdn.co/image/ab67616d0000b2734b328c297d151d432c7b1aa3","1","1","244080","https://p.scdn.co/mp3-preview/3d2b6ae4c2c2d75901851786b3bf7363041bf93d?cid=9950ac751e34487dbbe027c4fd7f8e99","false","10","USJZ10900016","spotify:user:bradnumber1","2021-08-08T09:26:31Z","east coast hip hop,gangster rap,hip hop,pop rap,rap","0.483","0.975","9","-1.333","0","0.356","0.333","0","0.878","0.266","95.439","4","","Roc Nation / Jay-Z","C © 2009 S. Carter Enterprises, LLC., Distributed by Roc Nation, P ℗ 2009 S. Carter Enterprises, LLC., Distributed by Roc Nation"
"spotify:track:6IIjmqaDdO6vdEBasXsCve","Sweet Disposition","spotify:artist:4W48hZAnAHVOC2c8WH8pcq","The Temper Trap","spotify:album:0LiajiUXzLDuQ21geqi4v4","Sweet Disposition","spotify:artist:4W48hZAnAHVOC2c8WH8pcq","The Temper Trap","2009-08-02","https://i.scdn.co/image/ab67616d0000b2739d20b50e52fc0972dafdc39e","1","1","234680","https://p.scdn.co/mp3-preview/33ce5626082462723530869b723dba228256ec66?cid=9950ac751e34487dbbe027c4fd7f8e99","false","0","GBZUZ0900013","spotify:user:bradnumber1","2021-08-08T09:26:31Z","indietronica,modern rock,shimmer pop","0.531","0.805","2","-7.127","1","0.0433","0.0783","0.0926","0.116","0.349","129.107","4","","Infectious","C 2009 LIBERATION MUSIC LTD PTY, P 2009 INFECTIOUS MUSIC LTD"
"spotify:track:3Z8FwOEN59mRMxDCtb8N0A","Be Kind (with Halsey)","spotify:artist:64KEffDW9EtZ1y2vBYgq8T, spotify:artist:26VFTg2z8YR0cCuwLzESi2","Marshmello, Halsey","spotify:album:1eleCBhP2R8TXEDquvybwC","Be Kind (with Halsey)","spotify:artist:64KEffDW9EtZ1y2vBYgq8T, spotify:artist:26VFTg2z8YR0cCuwLzESi2","Marshmello, Halsey","2020-05-01","https://i.scdn.co/image/ab67616d0000b273fdf2e993e10e67396b3bf759","1","1","172761","https://p.scdn.co/mp3-preview/37d51f0f989fc7af03e9f1cec548fde3b4fb01ed?cid=9950ac751e34487dbbe027c4fd7f8e99","false","70","USUG12001567","spotify:user:bradnumber1","2021-08-08T09:26:31Z","brostep,edm,pop,progressive electro house,electropop,etherpop,indie poptimism,pop","0.63","0.633","4","-7.088","1","0.0457","0.00776","0","0.0541","0.452","93.992","4","","Astralwerks","C © 2020 Joytime Collective, under exclusive license to UMG Recordings, Inc., P ℗ 2020 Joytime Collective, under exclusive license to UMG Recordings, Inc."
"spotify:track:7EPK7kVLTFoRrPuZ0UpdUP","In These Arms","spotify:artist:58lV9VcRSjABbAbfWS6skp","Bon Jovi","spotify:album:0Bkb9wdEeOPBJnLYmQqVR2","Bon Jovi Greatest Hits - The Ultimate Collection (Int'l Deluxe Package)","spotify:artist:58lV9VcRSjABbAbfWS6skp","Bon Jovi","2010-01-01","https://i.scdn.co/image/ab67616d0000b273dccc2df90ecd877a3bb7c999","1","14","319293","https://p.scdn.co/mp3-preview/d2ebf978b85257537f619e8999fc41f1326c22b8?cid=9950ac751e34487dbbe027c4fd7f8e99","false","0","USPG19290092","spotify:user:bradnumber1","2021-08-08T09:26:31Z","glam metal,rock","0.507","0.913","4","-2.937","1","0.0555","0.00987","0.0000228","0.23","0.511","123.305","4","","Universal Music Group","C © 2010 The Island Def Jam Music Group, P ℗ 2010 The Island Def Jam Music Group"
"spotify:track:3DTqHfTGj1c6y2gDXsTez4","Regardless","spotify:artist:5KKpBU5eC2tJDzf0wmlRp2, spotify:artist:4WN5naL3ofxrVBgFpguzKo","RAYE, Rudimental","spotify:album:7u2byARDMi8YgqSVhKArYB","Euphoric Sad Songs","spotify:artist:5KKpBU5eC2tJDzf0wmlRp2","RAYE","2020-11-20","https://i.scdn.co/image/ab67616d0000b2734c9971e21d5137f503388f5f","1","3","197573","https://p.scdn.co/mp3-preview/86e7bdabeef13380d7d527c83cfd69444f618861?cid=9950ac751e34487dbbe027c4fd7f8e99","false","55","GBUM72005576","spotify:user:bradnumber1","2021-08-08T09:26:31Z","uk contemporary r&b,uk pop,pop dance,uk dance,uk funky","0.749","0.82","7","-6.114","1","0.0478","0.0205","0.000685","0.0775","0.534","120.066","4","","Polydor Records","C © 2020 Universal Music Operations Limited, P ℗ 2020 Universal Music Operations Limited"
"spotify:track:1yxq9qEfCssIhQGWJVS2rF","Fake It","spotify:artist:3dmuXOSgI3EMfcKhufthu3","Sore","spotify:album:3wIeX2V8JhCZaEbCui2X2V","Fake It","spotify:artist:3dmuXOSgI3EMfcKhufthu3","Sore","2021-07-16","https://i.scdn.co/image/ab67616d0000b273d17d45978ff01dba8cc1d349","1","1","147857","https://p.scdn.co/mp3-preview/62fbd12d15274cc56eaf028ff343beb94af8d54e?cid=9950ac751e34487dbbe027c4fd7f8e99","false","0","ROCRP2105616","spotify:user:bradnumber1","2021-08-08T09:26:31Z","romanian pop","0.768","0.795","5","-5.569","1","0.141","0.231","0.00613","0.173","0.718","112.059","4","","Universal Music Romania","C © 2021 MediaPro Music, a division of Universal Music Romania, P ℗ 2021 MediaPro Music, a division of Universal Music Romania"
"spotify:track:53QhPsIbjSd6mKdNMOTfE5","Last Night","spotify:artist:4UGMQyNcbGHYg5CDMKkSw3","Az Yet","spotify:album:3ChG0pQjLzXun4DNbqnDfp","90s R&B","spotify:artist:0LyfQWJT6nXafLPZqxe9Of","Various Artists","2014-09-26","https://i.scdn.co/image/ab67616d0000b273defddcc1c5b525859b81ebc8","1","43","267640","https://p.scdn.co/mp3-preview/d341851a4c2ecc5411469d18647dcd512a687216?cid=9950ac751e34487dbbe027c4fd7f8e99","false","15","USLF29600017","spotify:user:bradnumber1","2021-08-08T09:26:31Z","contemporary r&b","0.618","0.474","3","-10.574","0","0.0238","0.399","0","0.0882","0.385","82.036","4","","Sony Music Entertainment","P (P) 2014 Sony Music Entertainment"
"spotify:track:1KcnJTiXJXAqW5bB7zpkBC","SummerThing!","spotify:artist:4D75GcNG95ebPtNvoNVXhz, spotify:artist:30ejUciK31BCg0IVCbt1dW","AFROJACK, Mike Taylor","spotify:album:0MRRBtUQH6706AqLBYHkZI","SummerThing!","spotify:artist:4D75GcNG95ebPtNvoNVXhz","AFROJACK","2015-06-21","https://i.scdn.co/image/ab67616d0000b273179f08b16d968517d1ead2aa","1","1","235344","https://p.scdn.co/mp3-preview/b5d17a5aa1db5016ce1145b04ff1347eba7f8325?cid=9950ac751e34487dbbe027c4fd7f8e99","false","45","CYA221500045","spotify:user:bradnumber1","2021-08-08T09:26:31Z","big room,dance pop,dutch house,edm,electro house,pop dance","0.707","0.782","0","-5.463","1","0.0613","0.0541","0","0.297","0.79","130.036","4","","Wall Recordings","C © 2015 Wall Recordings, distributed by UM_ID, a division of Universal International Music B.V., P ℗ 2015 Wall Recordings, distributed by UM_ID, a division of Universal International Music B.V."
"spotify:track:4IC7QVcYO9Vuu35Oj5eQuM","Let's Talk About Sex","spotify:artist:7wqtxqI3eo7Gn1P7SpP6cQ","Salt-N-Pepa","spotify:album:0H8s4eKxfgsAWQy7uKha1w","Blacks' Magic","spotify:artist:7wqtxqI3eo7Gn1P7SpP6cQ","Salt-N-Pepa","1990-01-01","https://i.scdn.co/image/ab67616d0000b273f494b25ebfabd88ea2e1c3f8","1","10","213266","https://p.scdn.co/mp3-preview/a5b1559f9bb17a1bdb21767179f28cd5d26d8a7a?cid=9950ac751e34487dbbe027c4fd7f8e99","false","0","USIR20180412","spotify:user:bradnumber1","2021-08-08T09:26:31Z","girl group,golden age hip hop,hip hop,hip pop,old school hip hop,queens hip hop","0.862","0.533","6","-13.566","1","0.15","0.0501","0","0.227","0.777","106.928","4","","Universal Music Group","C © 1990 The Island Def Jam Music Group, The Island Def Jam Music Group, P ℗ 1990 The Island Def Jam Music Group, The Island Def Jam Music Group"
"spotify:track:1mP9bVQYDSUPDqUdMzm5nN","Country Bumpkin (Rerecorded)","spotify:artist:3yFnqoyp1e54tZEY4ykvNB","Cal Smith","spotify:album:16f3MXNFnykQH35swewZyz","Cal Smith - His Very Best","spotify:artist:3yFnqoyp1e54tZEY4ykvNB","Cal Smith","2008-06-06","https://i.scdn.co/image/ab67616d0000b273fc050bae83ff756899090313","1","1","203773","https://p.scdn.co/mp3-preview/e40d4cce423c89ddc8e6c2d0d9bde0a1cbc9b262?cid=9950ac751e34487dbbe027c4fd7f8e99","false","20","USDEI8304055","spotify:user:bradnumber1","2021-08-08T09:26:31Z","classic country pop,classic oklahoma country","0.557","0.345","7","-14.07","1","0.0287","0.383","0.0046","0.334","0.518","98.442","4","","K-Tel",""
"spotify:track:6PtXobrqImYfnpIxNsJApa","Bad (feat. Vassy) - Radio Edit","spotify:artist:1Cs0zKBU1kc0i8ypK3B9ai, spotify:artist:3gk0OYeLFWYupGFRHqLSR7, spotify:artist:7HqEmV7FeCi16bQyHMpIrF","David Guetta, Showtek, VASSY","spotify:album:6CvEd1L1KJZ8g3wIwCZYvF","Bad (feat. Vassy) [Radio Edit]","spotify:artist:1Cs0zKBU1kc0i8ypK3B9ai, spotify:artist:3gk0OYeLFWYupGFRHqLSR7, spotify:artist:7HqEmV7FeCi16bQyHMpIrF","David Guetta, Showtek, VASSY","2014-04-06","https://i.scdn.co/image/ab67616d0000b273ce9ffe310aa206be81d03bb6","1","1","170625","https://p.scdn.co/mp3-preview/febdb0afbc31ab7afe87a58c42f4bde6d5f7f044?cid=9950ac751e34487dbbe027c4fd7f8e99","false","62","GB28K1400007","spotify:user:bradnumber1","2021-08-08T09:26:31Z","big room,dance pop,edm,pop,pop dance,classic hardstyle,dutch house,edm,electro house,euphoric hardstyle,melbourne bounce,pop dance,progressive electro house,australian dance","0.614","0.972","5","-3.927","0","0.088","0.00125","0.0186","0.328","0.411","127.966","4","","Parlophone (France)","C © 2014 What A Music Ltd, under exclusive licence to Parlophone/Warner Music France, A Warner Music Group Company, P ℗ 2014 What A Music Ltd, under exclusive licence to Parlophone/Warner Music France, A Warner Music Group Company"
"spotify:track:3Klfd4rsRO53fYpxmdQmYV","Heaven For Everyone - Remastered 2011","spotify:artist:1dfeR4HaWDbWqFHLkxsg1d","Queen","spotify:album:391ScNR3xKywWSpfDwP3n0","Made In Heaven - 2011 Remaster","spotify:artist:1dfeR4HaWDbWqFHLkxsg1d","Queen","1995-11-06","https://i.scdn.co/image/ab67616d0000b2735f8c271d01157fdb59478f14","1","7","336160","https://p.scdn.co/mp3-preview/5a6d83268ab39da895d44843f77b1a411ec76fdd?cid=9950ac751e34487dbbe027c4fd7f8e99","false","47","GBUM71106227","spotify:user:bradnumber1","2021-08-08T09:26:31Z","classic rock,glam rock,rock","0.593","0.425","0","-9.775","1","0.0288","0.29","0.00000134","0.167","0.268","110.208","4","","EMI","C © 2011 Queen Productions Ltd. under exclusive licence to Universal International Music BV, P ℗ 2011 Queen Productions Ltd. under exclusive licence to Universal International Music BV"
"spotify:track:0wuTyhnC1JXVFLPoKSJm38","Gypsy Woman","spotify:artist:6YROFUbu5zRCHi2xkir5pk","Brian Hyland","spotify:album:1bj1joKg4WzJB2R1OZff7D","The Very Best Of Brian Hyland","spotify:artist:6YROFUbu5zRCHi2xkir5pk","Brian Hyland","1993-01-01","https://i.scdn.co/image/ab67616d0000b273f97a301c850b31cb9d54ad09","1","12","155266","https://p.scdn.co/mp3-preview/bbe25b3cf18820c599b4822a559916b5daf7ae15?cid=9950ac751e34487dbbe027c4fd7f8e99","false","4","USMC17047805","spotify:user:bradnumber1","2021-08-08T09:26:31Z","bubblegum pop,doo-wop,merseybeat,rock-and-roll","0.624","0.432","8","-16.069","0","0.0318","0.24","0.00181","0.228","0.913","107.064","4","","Geffen","C © 1993 UMG Recordings, Inc., P This Compilation ℗ 1993 UMG Recordings, Inc."
"spotify:track:58mFu3oIpBa0HLNeJIxsw3","Heaven Is A Place On Earth","spotify:artist:7xkAwz0bQTGDSbkofyQt3U","Belinda Carlisle","spotify:album:4PLM698gAODdpx7Wy3LNPj","Heaven On Earth","spotify:artist:7xkAwz0bQTGDSbkofyQt3U","Belinda Carlisle","1987-10-05","https://i.scdn.co/image/ab67616d0000b273a50fa51325803da5ddb48659","1","1","247293","https://p.scdn.co/mp3-preview/814a22098ab3e9c01a74591c26051a3fde06bbcc?cid=9950ac751e34487dbbe027c4fd7f8e99","false","56","USMC18723313","spotify:user:bradnumber1","2021-08-08T09:26:31Z","new romantic,new wave pop,soft rock","0.64","0.81","4","-10.19","1","0.033","0.031","0.00000222","0.0492","0.804","122.868","4","","Geffen*","C © 1987 MCA Records Inc., P ℗ 1987 UMG Recordings, Inc."
"spotify:track:2x0cu3RrmO7qPFRl13Cp2C","Dancing","spotify:artist:4RVnAU35WRWra6OZ3CbbMA","Kylie Minogue","spotify:album:74YHxVqwMmKwHfnxJ6Y9OU","Dancing","spotify:artist:4RVnAU35WRWra6OZ3CbbMA","Kylie Minogue","2018-01-26","https://i.scdn.co/image/ab67616d0000b2735d98d1374cccd4d7d4ff1dc2","1","1","178880","https://p.scdn.co/mp3-preview/f74c88530191d68ab95d1cef8feb337a721be285?cid=9950ac751e34487dbbe027c4fd7f8e99","false","0","GB5KW1703925","spotify:user:bradnumber1","2021-08-08T09:26:31Z","australian dance,australian pop,dance pop,eurodance,new wave pop","0.497","0.706","6","-4.554","1","0.0371","0.0084","0.000165","0.325","0.528","110.038","4","","Liberator Music","C 2018 Kylie Minogue/Darenote Limited under exclusive licence to BMG Rights Management (UK) Limited, P 2018 Kylie Minogue/Darenote Limited under exclusive licence to BMG Rights Management (UK) Limited"
"spotify:track:3oXqk2a4oF0o1ZgnGxoEzW","Little Bad Girl","spotify:artist:1Cs0zKBU1kc0i8ypK3B9ai, spotify:artist:6MF9fzBmfXghAz953czmBC, spotify:artist:3ipn9JLAPI5GUEo4y4jcoi","David Guetta, Taio Cruz, Ludacris","spotify:album:6gb2ElTs9F0IYPoW3XXo7B","TY.O","spotify:artist:6MF9fzBmfXghAz953czmBC","Taio Cruz","2011-01-01","https://i.scdn.co/image/ab67616d0000b273d7ed9ada47a0f517143771cd","1","11","193146","https://p.scdn.co/mp3-preview/78340034d11895d4dd8f3c6ac68b3968db489d17?cid=9950ac751e34487dbbe027c4fd7f8e99","false","12","GB28K1100020","spotify:user:bradnumber1","2021-08-08T09:26:31Z","big room,dance pop,edm,pop,pop dance,dance pop,pop,pop rap,atl hip hop,dance pop,dirty south rap,hip hop,old school atlanta hip hop,pop rap,rap,southern hip hop,trap","0.73","0.75","11","-4.878","0","0.0314","0.00595","0","0.31","0.514","127.005","4","","Universal-Island Records Ltd.","C © 2011 Universal Island Records, a division of Universal Music Operations Limited, P ℗ 2011 Universal Island Records, a division of Universal Music Operations Limited"
"spotify:track:4DbUk1qwcz9KKcUY4t8f8u","Batdance","spotify:artist:5a2EaR3hamoenG9rDuVn8j","Prince","spotify:album:2FwzHgJ4XaPhC19Y0uL6SK","Batman","spotify:artist:5a2EaR3hamoenG9rDuVn8j","Prince","1989-06-20","https://i.scdn.co/image/ab67616d0000b273dd64809bbf416dde80e80f99","1","9","373733","https://p.scdn.co/mp3-preview/d59e3db48ef61252362a1cfe125ef875fafd38a5?cid=9950ac751e34487dbbe027c4fd7f8e99","false","44","USWB19900683","spotify:user:bradnumber1","2021-08-08T09:26:31Z","funk,funk rock,minneapolis sound,rock,synth funk","0.594","0.702","1","-9.894","1","0.0842","0.168","0.109","0.142","0.466","135.406","4","","Warner Records","C © 1989 NPG Records, Inc. under exclusive license to Warner Records Inc., P ℗ 1989 NPG Records, Inc. under exclusive license to Warner Records Inc."
"spotify:track:0byOqNZN9ailhoORv5Ps0Z","I Am a Rock","spotify:artist:70cRZdQywnSFp9pnc2WTCE","Simon & Garfunkel","spotify:album:07RAGILF28QweYQSZasr5k","Sounds Of Silence","spotify:artist:70cRZdQywnSFp9pnc2WTCE","Simon & Garfunkel","1966-01-17","https://i.scdn.co/image/ab67616d0000b27344a8aa7ac5c2e2defbfd702b","1","11","169520","https://p.scdn.co/mp3-preview/921718f3294dac1d6d4d9716bb185e4058472180?cid=9950ac751e34487dbbe027c4fd7f8e99","false","56","USSM16501154","spotify:user:bradnumber1","2022-09-25T11:32:59Z","classic rock,folk,folk rock,melancholia,mellow gold,rock,soft rock","0.66","0.611","0","-10.309","1","0.0392","0.423","0.0000111","0.107","0.749","113.898","4","","Columbia","P (P) Originally released 1966. All rights reserved by Columbia Records, a division of Sony Music Entertainment"
"spotify:track:2CVBUIOpqAkOGDlRORvSYK","Listen People","spotify:artist:48YxSlb23RAaCd4RyHcV9V","Herman's Hermits","spotify:album:4mK6pUS5somF93tMDs1HAZ","The Very Best Of Herman's Hermits","spotify:artist:48YxSlb23RAaCd4RyHcV9V","Herman's Hermits","1996-03-06","https://i.scdn.co/image/ab67616d0000b27374d90041a4345681464be920","1","8","151066","https://p.scdn.co/mp3-preview/87eda689383d54c0b1da81e48b92550df166004f?cid=9950ac751e34487dbbe027c4fd7f8e99","false","17","GBAYE6600132","spotify:user:bradnumber1","2021-08-08T09:26:31Z","british invasion,classic rock,folk rock,rock-and-roll,singer-songwriter","0.499","0.156","9","-13.523","1","0.0429","0.783","0","0.351","0.439","119.553","4","","Parlophone UK","C © 1997 Parlophone Records Ltd, a Warner Music Group Company, P ℗ 1997 Parlophone Records Ltd, a Warner Music Group Company"
"spotify:track:4QMvxtZGcmvwWtmmoiRs5B","Will You Love Me Tomorrow","spotify:artist:0x83OBqixqdCHnStP5VMcn","The Shirelles","spotify:album:13MaoinwLDJqTHPMEr0efZ","Will You Still Love Me Tomorrow","spotify:artist:0x83OBqixqdCHnStP5VMcn","The Shirelles","2005","https://i.scdn.co/image/ab67616d0000b273181a4d84af4657a577c64799","1","1","160320","https://p.scdn.co/mp3-preview/9d453033b0eec2e9ecd5a396e85d4d4353b53f36?cid=9950ac751e34487dbbe027c4fd7f8e99","false","64","USACU0500004","spotify:user:bradnumber1","2022-06-30T00:56:21Z","classic girl group,classic soul,doo-wop,motown,rock-and-roll,soul","0.513","0.379","0","-9.679","1","0.0314","0.686","0.0000262","0.417","0.509","135.756","4","","Gusto Records","C 2005 Gusto Records Inc, P 2005 Gusto Records Inc"
"spotify:track:4ohEI9gzIH5mSK6R6aUssT","What It Feels Like for a Girl","spotify:artist:6tbjWDEIzxoDsBA1FuhfPW","Madonna","spotify:album:1V342k6sinWc4y4R2iReOu","Music","spotify:artist:6tbjWDEIzxoDsBA1FuhfPW","Madonna","2000-09-19","https://i.scdn.co/image/ab67616d0000b273ae80b0a207008fe96637032c","1","8","283893","https://p.scdn.co/mp3-preview/b84cb29f237582a9ad51a41ab698b54416e160e6?cid=9950ac751e34487dbbe027c4fd7f8e99","false","42","USWB10002378","spotify:user:bradnumber1","2021-08-08T09:26:31Z","dance pop,pop","0.67","0.627","8","-9.497","1","0.0478","0.201","0.00161","0.154","0.582","104.988","4","","Warner Records","C © 2000 Warner Records Inc., P ℗ 2000 Warner Records Inc."
"spotify:track:26VzOzsJvbFwSwwRFsIWDc","Takin' Care Of Business","spotify:artist:5q4AzEtCoYJyXjMMoEkSU5","Bachman-Turner Overdrive","spotify:album:6Cf2G7s7QbnNS6LWPGF1AB","20th Century Masters: The Millennium Collection: Best Of Bachman Turner Overdrive","spotify:artist:5q4AzEtCoYJyXjMMoEkSU5","Bachman-Turner Overdrive","2000-01-01","https://i.scdn.co/image/ab67616d0000b27325b149324f9f587fe8c5ae89","1","3","291733","https://p.scdn.co/mp3-preview/083f1b16036f2b8b2687cd5fb1c4c9a6bfb18dbc?cid=9950ac751e34487dbbe027c4fd7f8e99","false","0","USUMG9900508","spotify:user:bradnumber1","2021-08-08T09:26:31Z","album rock,classic canadian rock,classic rock,country rock,folk rock,hard rock,mellow gold,rock,singer-songwriter,soft rock","0.731","0.921","5","-5.69","1","0.05","0.0543","0","0.183","0.961","130.19","4","","Universal Strategic Marketing","C © 2000 The Island Def Jam Music Group A Universal Company, P ℗ 2000 The Island Def Jam Music Group"
"spotify:track:1eOJAiCKFuMda0fPRvjcuc","Hold My Hand","spotify:artist:4ScCswdRlyA23odg9thgIO","Jess Glynne","spotify:album:2xVeccmEU0zklK4XSKiDCW","I Cry When I Laugh","spotify:artist:4ScCswdRlyA23odg9thgIO","Jess Glynne","2015","https://i.scdn.co/image/ab67616d0000b27339588f221861ee72b40b755c","1","2","227343","https://p.scdn.co/mp3-preview/7ad362f24fbb6544eff31bada8e53ce43352853a?cid=9950ac751e34487dbbe027c4fd7f8e99","false","61","GBAHS1500049","spotify:user:bradnumber1","2021-08-08T09:26:31Z","dance pop,pop,uk pop","0.65","0.823","0","-5.717","1","0.0289","0.00159","0","0.0776","0.432","123.018","4","","Atlantic Records UK","C © 2015 Atlantic Records UK Ltd, a Warner Music Group Company, P ℗ 2015 Atlantic Records UK Ltd, a Warner Music Group Company, except track 9 2013 Atlantic Records UK Ltd and track 13 2015 Disturbing London Records Limited under exclusive licence to Parlophone Records Limited"
"spotify:track:5l4tFsZoMrQ8uDTGy699m7","Confide in Me - Radio Mix","spotify:artist:4RVnAU35WRWra6OZ3CbbMA","Kylie Minogue","spotify:album:4oaGBehVCW8w4Ekf8sTbqb","The Best of Kylie Minogue","spotify:artist:4RVnAU35WRWra6OZ3CbbMA","Kylie Minogue","2012-05-28","https://i.scdn.co/image/ab67616d0000b2732775ed6b5267d46354f4476a","1","15","265826","https://p.scdn.co/mp3-preview/9b826ce3c8c4121083f70c85b2beb470c5cabd2d?cid=9950ac751e34487dbbe027c4fd7f8e99","false","20","GBARL9400209","spotify:user:bradnumber1","2021-08-08T09:26:31Z","australian dance,australian pop,dance pop,eurodance,new wave pop","0.578","0.738","10","-6.83","0","0.0398","0.0345","0.0347","0.0778","0.535","102.863","4","","WM Australia","C © 2014 KDB Pty Limited, P ℗ 2014 KDB Pty Limited"
"spotify:track:29q1zXU2JcoBSV9lNIkgnw","Strong - High Contrast Remix","spotify:artist:3Bd1cgCjtCI32PYvDC3ynO, spotify:artist:0bxHci3JIhhKA53n8rH3tT","London Grammar, High Contrast","spotify:album:6eePUhCGgrqu1Fh9cE2J3c","Strong","spotify:artist:3Bd1cgCjtCI32PYvDC3ynO","London Grammar","2013-01-01","https://i.scdn.co/image/ab67616d0000b273bcd93e80a8b8fcc6e369f485","1","2","330173","https://p.scdn.co/mp3-preview/8137249baf6a010aa52727dc098102c753e52344?cid=9950ac751e34487dbbe027c4fd7f8e99","false","32","GBCEN1300619","spotify:user:bradnumber1","2021-08-08T09:26:31Z","metropopolis,nottingham indie,drum and bass,uk dance,uk dnb","0.405","0.938","10","-3.259","1","0.0382","0.00271","0.113","0.118","0.18","173.001","4","","Dew Process","C © 2013 Metal & Dust Recordings Ltd / Ministry of Sound Recordings Ltd., P ℗ 2013 Metal & Dust Recordings Ltd / Ministry of Sound Recordings Ltd., Marketed and distributed under exclusive license by Dew Process/Universal Music Australia Pty Ltd"
"spotify:track:31H6au3jhblhr6MMJiXnCq","Hungry Eyes - From ""Dirty Dancing"" Soundtrack","spotify:artist:2ekjTXgjxbWwBX5lTAj4DU","Eric Carmen","spotify:album:02CxAhdSRhzcm6XQ8m5RNp","The Definitive Collection","spotify:artist:2ekjTXgjxbWwBX5lTAj4DU","Eric Carmen","1997","https://i.scdn.co/image/ab67616d0000b27356daa802ddbaedf04e8123cc","1","17","251066","https://p.scdn.co/mp3-preview/54a8016e755e79be5b84fbeafe61685e48b18e22?cid=9950ac751e34487dbbe027c4fd7f8e99","false","75","USRC19708312","spotify:user:bradnumber1","2021-08-08T09:26:31Z","new wave pop,soft rock,yacht rock","0.712","0.549","5","-9.484","1","0.0254","0.011","0","0.118","0.552","109.882","4","","Arista","P This compilation (P) 1997 Arista Records LLC, a division of Sony Music Entertainment"
"spotify:track:4591VqUIXysNlmI5NcAIUd","My Guy","spotify:artist:1cjZk1xXn3YCToNg3uJpA7","Mary Wells","spotify:album:6pUoPt9A6P1G8YJ5vw6GBP","Mary Wells Sings My Guy","spotify:artist:1cjZk1xXn3YCToNg3uJpA7","Mary Wells","1964","https://i.scdn.co/image/ab67616d0000b2735b50e493598153b926ded824","1","3","174440","https://p.scdn.co/mp3-preview/cbfba1287bde67cc96ee13d550d43a947ac2f8f8?cid=9950ac751e34487dbbe027c4fd7f8e99","false","62","USMO16400486","spotify:user:bradnumber1","2021-08-08T09:26:31Z","classic soul,motown,soul,southern soul","0.691","0.581","10","-7.85","1","0.065","0.557","0.0000462","0.147","0.91","126.615","4","","UNI/MOTOWN","C © 1964 Motown Records, a Division of UMG Recordings, Inc., P ℗ 2014 Motown Records, a Division of UMG Recordings, Inc."
"spotify:track:5ZHOiRqKOzgFMfMAu8cwzp","(You're My) Soul And Inspiration","spotify:artist:4b0WsB47XCa9F83BmwQ7WX","The Righteous Brothers","spotify:album:5CFmNamq1ceXn8RFJ9i7p6","The Very Best Of The Righteous Brothers - Unchained Melody","spotify:artist:4b0WsB47XCa9F83BmwQ7WX","The Righteous Brothers","1990","https://i.scdn.co/image/ab67616d0000b2731682e25596b8ecccb47644d1","1","3","201253","https://p.scdn.co/mp3-preview/58a810ebaa5396fd6d5ccadfc74adbffa817d353?cid=9950ac751e34487dbbe027c4fd7f8e99","false","44","USPG19090024","spotify:user:bradnumber1","2021-08-08T09:26:31Z","adult standards,brill building pop,folk rock,mellow gold,motown,rock-and-roll,rockabilly","0.17","0.387","11","-12.791","1","0.0436","0.781","0","0.243","0.246","187.468","4","","Verve","C © 1990 The Verve Music Group, a Division of UMG Recordings, Inc., P This Compilation ℗ 1965 The Verve Music Group, a Division of UMG Recordings, Inc."
"spotify:track:5WNF8VIyabNOd3mVKVKtfL","Tennis Court","spotify:artist:163tK9Wjr9P9DmM0AVK7lm","Lorde","spotify:album:3Ywlsvgu3H6L3q9NHydNR3","Pure Heroine","spotify:artist:163tK9Wjr9P9DmM0AVK7lm","Lorde","2013-01-01","https://i.scdn.co/image/ab67616d0000b27387d0bed9a1173c7fdc6f85c4","1","1","198907","https://p.scdn.co/mp3-preview/7ca6e3b780c6c1ad469b9cec692f85cc2cf7fe80?cid=9950ac751e34487dbbe027c4fd7f8e99","true","0","NZUM71300023","spotify:user:bradnumber1","2021-08-08T09:26:31Z","art pop,metropopolis,nz pop,pop","0.762","0.552","0","-8.632","1","0.0594","0.0144","0.000242","0.236","0.414","90.003","4","","Universal Music Group","C © 2013 Universal Music NZ Ltd., P ℗ 2013 Universal Music NZ Ltd."
"spotify:track:7COfe3P7KgfwDwIRB8LIDw","Mi Gente","spotify:artist:1vyhD5VmyZ7KMfW5gqLgo5, spotify:artist:4RSyJzf7ef6Iu2rnLdabNq","J Balvin, Willy William","spotify:album:5kprdYds6oZb4iSldfflOT","Vibras","spotify:artist:1vyhD5VmyZ7KMfW5gqLgo5","J Balvin","2018-05-25","https://i.scdn.co/image/ab67616d0000b273dda2b86297d3bfb519f8b785","1","2","185040","https://p.scdn.co/mp3-preview/4bc3ca199b153f55091c04cd90df12f20a555489?cid=9950ac751e34487dbbe027c4fd7f8e99","false","72","FR22F1701790","spotify:user:bradnumber1","2021-08-08T09:26:31Z","reggaeton,reggaeton colombiano,trap latino,urbano latino,pop dance","0.548","0.703","11","-4.838","0","0.0772","0.0168","0.0000238","0.143","0.286","104.666","4","","UMLE - Latino","C © 2018 UMG Recordings, Inc., P ℗ 2018 UMG Recordings, Inc."
"spotify:track:1sTsuZTdANkiFd7T34H3nb","Human","spotify:artist:0C0XlULifJtAgn6ZNCW2eu","The Killers","spotify:album:0Ug5scDXUIgGN8yanDBLQw","Day & Age - Bonus Tracks","spotify:artist:0C0XlULifJtAgn6ZNCW2eu","The Killers","2008-11-18","https://i.scdn.co/image/ab67616d0000b273a43cd43ef4f3b2d5413b17f9","1","2","245373","https://p.scdn.co/mp3-preview/6e31b363a737687aa5800c9ca1a378b95b37b84c?cid=9950ac751e34487dbbe027c4fd7f8e99","false","73","USUM70837367","spotify:user:bradnumber1","2021-08-08T09:26:31Z","alternative rock,dance rock,modern rock,permanent wave,rock","0.557","0.8","10","-8.477","1","0.0601","0.00132","0.0012","0.0906","0.582","135.47","4","","Island Records","C © 2008 UMG Recordings, Inc., P ℗ 2008 UMG Recordings, Inc."
"spotify:track:6YR2MkzMhojHBmW1TbXtZO","Here I Am (Come And Take Me)","spotify:artist:69MEO1AADKg1IZrq2XLzo5","UB40","spotify:album:05owfigVGpgPe7RKJG1hum","The Very Best Of","spotify:artist:69MEO1AADKg1IZrq2XLzo5","UB40","2000","https://i.scdn.co/image/ab67616d0000b273f1dd69d7399290cc25324706","1","2","242093","https://p.scdn.co/mp3-preview/10578b2cb4dc9278173de4e169632f793655f0f0?cid=9950ac751e34487dbbe027c4fd7f8e99","false","54","GBAAA9000459","spotify:user:bradnumber1","2021-08-08T09:26:31Z","reggae fusion,uk reggae","0.802","0.621","5","-7.932","0","0.0377","0.0975","0.0256","0.0627","0.81","95.906","4","","Virgin Records","C © 2000 Virgin Records America, Inc., P This Compilation ℗ 2000 Virgin Records America, Inc."
"spotify:track:3BOsfVWlwYhXvzO4WJExEa","Envy","spotify:artist:2aMAN8kMJ7eUOAuPUYOwI7, spotify:artist:52qKfVcIV4GS8A8Vay2xtt","Twiztid, Ice Nine Kills","spotify:album:2Tv66dVGxgIR7EuXmtpPnS","Envy","spotify:artist:2aMAN8kMJ7eUOAuPUYOwI7, spotify:artist:52qKfVcIV4GS8A8Vay2xtt","Twiztid, Ice Nine Kills","2021-05-28","https://i.scdn.co/image/ab67616d0000b273021b19c80e16cc0c7d6413d6","1","1","237862","https://p.scdn.co/mp3-preview/681f949aac906f2d93fcb4587525d552471df3d5?cid=9950ac751e34487dbbe027c4fd7f8e99","false","26","USA2P2113589","spotify:user:bradnumber1","2021-08-08T09:26:31Z","horrorcore,rap rock,metalcore","0.64","0.917","7","-4.98","1","0.0473","0.000111","0.0000159","0.137","0.405","124.964","4","","Majik Ninja Entertainment","C © 2021 Majik Ninja Entertainment, P ℗ 2021 Majik Ninja Entertainment"
"spotify:track:32lF1rsInDTdK6Av3KdfaY","You Get What You Give","spotify:artist:0Grjlu7ncIuCaSYvCs9fcd","New Radicals","spotify:album:2AbdLTMFF9UaDoEdJPva4g","Maybe You've Been Brainwashed Too","spotify:artist:0Grjlu7ncIuCaSYvCs9fcd","New Radicals","1998-01-01","https://i.scdn.co/image/ab67616d0000b27387e512c79842c7ed2a8f2035","1","2","300773","https://p.scdn.co/mp3-preview/f60a92f1f0759c66eb1092cd6cd09aab791a6518?cid=9950ac751e34487dbbe027c4fd7f8e99","false","0","USMC19858327","spotify:user:bradnumber1","2021-08-08T09:26:31Z","pop rock","0.621","0.901","2","-5.396","1","0.0302","0.17","0","0.0875","0.744","113.967","4","","Geffen","C © 1998 MCA Records Inc., P ℗ 1998 UMG Recordings, Inc."
"spotify:track:5MXXbGYNmRHR7ULMvZYo5R","Every 1's a Winner - Single Version","spotify:artist:72VzFto8DYvKHocaHYNWSi","Hot Chocolate","spotify:album:2MdCe2CS9EcdJ9V20TKzxo","Every 1's a Winner","spotify:artist:72VzFto8DYvKHocaHYNWSi","Hot Chocolate","1978","https://i.scdn.co/image/ab67616d0000b273b179d40cdaa53d103df29e28","1","1","289266","https://p.scdn.co/mp3-preview/16c1c840b15580565b261ef1449dbc2c58add861?cid=9950ac751e34487dbbe027c4fd7f8e99","false","56","GBAYE0900555","spotify:user:bradnumber1","2021-08-08T09:26:31Z","disco","0.727","0.548","10","-7.393","1","0.0291","0.0621","0.516","0.133","0.929","107.826","4","","Parlophone UK","C © 2009 Parlophone Records Ltd, a Warner Music Group Company, P ℗ 2009 Parlophone Records Ltd, a Warner Music Group Company"
"spotify:track:1cV2ZlkzRvW3cXkW4mTduE","Fishin' in the Dark","spotify:artist:7y70dch6JuuuNnwlsOQvwW","Nitty Gritty Dirt Band","spotify:album:3d1juyGb4yIxMQ8Sh8UP7B","More Great Dirt: The Best of the Nitty Gritty Dirt Band","spotify:artist:7y70dch6JuuuNnwlsOQvwW","Nitty Gritty Dirt Band","1989-01-06","https://i.scdn.co/image/ab67616d0000b273a1b330ff81a5bbe2aa35d30a","1","6","202786","https://p.scdn.co/mp3-preview/5646b7a32792d3033b8c51a627662bfedf62338d?cid=9950ac751e34487dbbe027c4fd7f8e99","false","41","USWB10101477","spotify:user:bradnumber1","2021-08-08T09:26:31Z","country rock","0.771","0.283","2","-16.326","1","0.0444","0.198","0","0.0888","0.906","77.756","4","","Warner Records","C © 1989 Warner Records Inc., P ℗ 1989 Warner Records Inc."
"spotify:track:4kbj5MwxO1bq9wjT5g9HaA","Shut Up and Dance","spotify:artist:6DIS6PRrLS3wbnZsf7vYic","WALK THE MOON","spotify:album:3mNoFlD1wsoXfkljfFzExT","TALKING IS HARD","spotify:artist:6DIS6PRrLS3wbnZsf7vYic","WALK THE MOON","2014-12-02","https://i.scdn.co/image/ab67616d0000b27343294cfa2688055c9d821bf3","1","3","199080","https://p.scdn.co/mp3-preview/4309fadd9a0d573c1fafcca507e024b3bb51266b?cid=9950ac751e34487dbbe027c4fd7f8e99","false","85","USRC11401949","spotify:user:bradnumber1","2021-08-08T09:26:31Z","dance rock,modern alternative rock,modern rock,neo mellow,pop rock","0.578","0.866","1","-3.804","1","0.0619","0.00701","0","0.257","0.619","128.038","4","","RCA Records Label","P (P) 2014 RCA Records, a division of Sony Music Entertainment"
"spotify:track:4X8KnalmdKJE4C0vMb8CmD","Homecoming","spotify:artist:6we2CCxymhh4v30lZRhhpa","Hey Monday","spotify:album:5BNmZXVJX3h8WbtXyRTRln","Hold On Tight","spotify:artist:6we2CCxymhh4v30lZRhhpa","Hey Monday","2008-10-07","https://i.scdn.co/image/ab67616d0000b273dd1d9e19cfe34dac93983739","1","3","238733","https://p.scdn.co/mp3-preview/7ed0314db4d00d664e339aecad532e5d4d87cb77?cid=9950ac751e34487dbbe027c4fd7f8e99","false","43","USSM10803206","spotify:user:bradnumber1","2021-08-08T09:26:31Z","candy pop,neon pop punk,pixie,pop emo,pop punk","0.393","0.958","2","-2.102","1","0.0871","0.00966","0","0.214","0.323","150.074","4","","Decaydance/Columbia","P (P) 2008 SONY BMG MUSIC ENTERTAINMENT"
"spotify:track:762B4bOcXF7I2Y8UlKTyTy","Chiquitita","spotify:artist:0LcJLqbBmaGUft1e9Mm8HV","ABBA","spotify:album:7iLuHJkrb9KHPkMgddYigh","Voulez-Vous","spotify:artist:0LcJLqbBmaGUft1e9Mm8HV","ABBA","1979","https://i.scdn.co/image/ab67616d0000b273aa22899360d8ba6704732dec","1","8","326320","https://p.scdn.co/mp3-preview/4bcd305c73b4f060989624769b1b3c9cd4223eb6?cid=9950ac751e34487dbbe027c4fd7f8e99","false","71","SEAYD7901080","spotify:user:bradnumber1","2021-08-08T09:26:31Z","europop,swedish pop","0.5","0.554","9","-8.108","1","0.0354","0.734","0.00000372","0.312","0.372","84.229","4","","Polar Music International AB","C © 2001 Polar Music International AB, P This Compilation ℗ 2001 Polar Music International AB"
"spotify:track:3Y0VSWTyXPeOevtxyLSoYl","Someday, Someday - Single Version","spotify:artist:0tTLmQvo0tn8vYlpJpA2no","Thirsty Merc","spotify:album:072utlEOllVDlIr9hSsqR7","Someday, Someday","spotify:artist:0tTLmQvo0tn8vYlpJpA2no","Thirsty Merc","2005-11-02","https://i.scdn.co/image/ab67616d0000b2734c2b9e09c361737d3f2f4eec","1","1","221680","https://p.scdn.co/mp3-preview/a65d4f0c18e52d5e40c803cab0d738d5ad3cee42?cid=9950ac751e34487dbbe027c4fd7f8e99","false","39","AUWA00413591","spotify:user:bradnumber1","2022-02-03T10:23:28Z","australian pop,australian rock","0.565","0.56","7","-5.257","1","0.0268","0.00945","0.00000121","0.305","0.289","91.967","4","","WM Australia","C © 2004 Warner Music Australia Pty Limited, P ℗ 2004 Warner Music Australia"
"spotify:track:42ydLwx4i5V49RXHOozJZq","Scars To Your Beautiful","spotify:artist:2wUjUUtkb5lvLKcGKsKqsR","Alessia Cara","spotify:album:2AGNF8r2y8HL85yVk2bwmS","Know-It-All (Deluxe)","spotify:artist:2wUjUUtkb5lvLKcGKsKqsR","Alessia Cara","2016-03-11","https://i.scdn.co/image/ab67616d0000b2730a48794d471447a030998815","1","10","230226","https://p.scdn.co/mp3-preview/da7510a6987187086774a17a3f79cf6752ff1f87?cid=9950ac751e34487dbbe027c4fd7f8e99","false","68","USUM71506811","spotify:user:bradnumber1","2021-08-08T09:26:31Z","canadian contemporary r&b,canadian pop,pop","0.319","0.739","0","-5.74","1","0.272","0.0285","0","0.111","0.449","194.169","4","","EP Entertainment, LLC / Def Jam","C © 2015 Def Jam Recordings, a division of UMG Recordings, Inc., P ℗ 2015 Def Jam Recordings, a division of UMG Recordings, Inc."
"spotify:track:2TjfpzoOp8Ruc23G1iZ5Kv","Love You So","spotify:artist:0orxtneN4LcJWNxbLXtMZu","Ron Holden","spotify:album:1Md2YPIE7laoiqIqKBW5MH","Love You So..","spotify:artist:0orxtneN4LcJWNxbLXtMZu","Ron Holden","2012-11-01","https://i.scdn.co/image/ab67616d0000b273c86f8baced71d684dcf1c2c1","1","1","207840","https://p.scdn.co/mp3-preview/0de562849140fcb852c2b490297c54b25fa61ae0?cid=9950ac751e34487dbbe027c4fd7f8e99","false","1","USA561450342","spotify:user:bradnumber1","2021-08-08T09:26:31Z","","0.446","0.399","3","-6.531","1","0.0519","0.837","0.00000737","0.0982","0.56","88.805","3","","Vintage Masters Inc.","C (C) 2012 Vintage Masters Inc."
"spotify:track:2bvzxeD1hPWEYotw40Euq9","Wishing Well","spotify:artist:6RGxLsQUoGk5PLyMVwb3yE","Sananda Maitreya","spotify:album:0nw38yniBfbluS93FdYcbE","Introducing The Hardline According To Sananda Maitreya","spotify:artist:6RGxLsQUoGk5PLyMVwb3yE","Sananda Maitreya","1987-07-06","https://i.scdn.co/image/ab67616d0000b273e4297423c8f4d8adfd3b7f12","1","3","210466","https://p.scdn.co/mp3-preview/c2514f616ada1a8e4c3db11c4fbe028384fca9cc?cid=9950ac751e34487dbbe027c4fd7f8e99","false","54","GBBBN8702033","spotify:user:bradnumber1","2021-08-08T09:26:31Z","","0.855","0.461","10","-13.096","0","0.0564","0.0965","0","0.201","0.833","104.963","4","","Columbia","P (P) 1987 Sony Music Entertainment (UK) Ltd."
"spotify:track:439nrLtmKb4iAZPNJXWfkX","Shiny Shiny","spotify:artist:5CwI4SjmuQ6T3d3pYG1LL3","Haysi Fantayzee","spotify:album:5PYXzoDdweL7klEc4kSCxW","Battle Hymns For Children Singing","spotify:artist:5CwI4SjmuQ6T3d3pYG1LL3","Haysi Fantayzee","1982","https://i.scdn.co/image/ab67616d0000b273a522a5ca6aab75cffe76c444","1","1","222546","https://p.scdn.co/mp3-preview/9f92e2681df891a83d0cfc8ac7792e6cbe6a1a4b?cid=9950ac751e34487dbbe027c4fd7f8e99","false","28","USRC18307996","spotify:user:bradnumber1","2021-08-08T09:26:31Z","","0.816","0.885","5","-5.135","1","0.0957","0.229","0.00000219","0.028","0.964","100.018","4","","Sony Music UK","P Tracks 1-15 & 17 (P) 1982; Tracks 16 & 18 (P) 1983 Sony Music Entertainment UK Limited"
"spotify:track:0827eActpDYORuhgvWB0oY","Brand New Me","spotify:artist:3DiDSECUqqY1AuBP8qtaIa","Alicia Keys","spotify:album:3qqhNVbjLFNdLviBFrFwCa","Girl On Fire","spotify:artist:3DiDSECUqqY1AuBP8qtaIa","Alicia Keys","2012-11-26","https://i.scdn.co/image/ab67616d0000b2739f76cf235d4b3c3403cbbf5b","1","2","233560","https://p.scdn.co/mp3-preview/6412e8e8e8a63c22423d5912fa125da23bee1814?cid=9950ac751e34487dbbe027c4fd7f8e99","false","48","USRC11201314","spotify:user:bradnumber1","2021-08-08T09:26:31Z","neo soul,pop,r&b","0.383","0.328","0","-12.604","1","0.0605","0.739","0.000105","0.152","0.154","145.222","4","","RCA Records Label","P (P) 2012 RCA Records, a division of Sony Music Entertainment"
"spotify:track:749yLlMl2L5WBPU04vfEgA","Touch It","spotify:artist:7peqq4aACFkBwIWGG0YRJ9","Monifah","spotify:album:4eKi4PJuybybkSbE6nNQnD","RnB Fridays","spotify:artist:0LyfQWJT6nXafLPZqxe9Of","Various Artists","2015-10-30","https://i.scdn.co/image/ab67616d0000b273d029ad5d1a40fabfae0ac7f3","1","29","285293","https://p.scdn.co/mp3-preview/1cc34ece85dee6005b9c74f739b5a1bf73936ef9?cid=9950ac751e34487dbbe027c4fd7f8e99","false","0","USUR19801497","spotify:user:bradnumber1","2021-08-08T09:26:31Z","contemporary r&b,new jack swing,r&b","0.859","0.508","8","-9.101","0","0.0746","0.0388","0.0434","0.115","0.812","115.46","4","","Universal Music Australia Pty. Ltd.","C © 2015 Universal Music Australia Pty Ltd., P This Compilation ℗ 2015 Universal Music Australia Pty Ltd."
"spotify:track:2GRnDQCkcN6BoujfUgywOW","Steal My Sunshine","spotify:artist:48myrQPAhsexXZVSN5YpL6","Len","spotify:album:2jDYpkR8306SzqpZzzNVZr","GO Music From The Motion Picture","spotify:artist:0LyfQWJT6nXafLPZqxe9Of","Various Artists","1999","https://i.scdn.co/image/ab67616d0000b2736e74f5fa891ae07c7c2da59c","1","2","248466","https://p.scdn.co/mp3-preview/ec41191a654f0fedd87c196e6f95e23a474fec22?cid=9950ac751e34487dbbe027c4fd7f8e99","false","45","USSM19900189","spotify:user:bradnumber1","2021-08-08T09:26:31Z","","0.412","0.953","4","-8.103","1","0.533","0.457","0","0.232","0.553","191.718","4","","Work/Sony Music Soundtrax","P (P) 1999 Sony Music Entertainment Inc."
"spotify:track:6sl4KgYIxVKiGOTZxtjcpj","4 In The Morning","spotify:artist:4yiQZ8tQPux8cPriYMWUFP","Gwen Stefani","spotify:album:5I878Pc5RZzi5mRNyXv2Mp","The Sweet Escape (UK Only Version)","spotify:artist:4yiQZ8tQPux8cPriYMWUFP","Gwen Stefani","2006-01-01","https://i.scdn.co/image/ab67616d0000b27370085aea85056dde8570c88d","1","6","291106","https://p.scdn.co/mp3-preview/6fa5a97b2feca8dba0d7ef75760479c93257d62c?cid=9950ac751e34487dbbe027c4fd7f8e99","false","0","USUM70618695","spotify:user:bradnumber1","2021-08-08T09:26:31Z","dance pop,pop","0.698","0.826","10","-6.261","1","0.031","0.2","0.00013","0.114","0.502","92.409","4","","Universal Music Australia Pty. Ltd.","C (C) 2006 Interscope Records, P (P) 2006 Interscope Records"
"spotify:track:2jRGnaJc5ttlJFgGN0dBY9","(You're The) Devil In Disguise","spotify:artist:43ZHCT0cAZBISjO8DG9PnE","Elvis Presley","spotify:album:7mxsNoS5WUrhkW5gPYLFHo","Elvis Forever: The Best of Elvis Presley","spotify:artist:43ZHCT0cAZBISjO8DG9PnE","Elvis Presley","2017-07-27","https://i.scdn.co/image/ab67616d0000b273cf6eb0034792801734305e5b","2","2","140306","https://p.scdn.co/mp3-preview/9b74743d059f5ae161f6bfa48b72a9b6abf5c898?cid=9950ac751e34487dbbe027c4fd7f8e99","false","0","USRC16305834","spotify:user:bradnumber1","2021-08-08T09:26:31Z","rock-and-roll,rockabilly","0.483","0.604","5","-13.413","1","0.126","0.542","0.000401","0.301","0.877","122.606","4","","RCA/Legacy","P This compilation (P) 2017 RCA Records, a division of Sony Music Entertainment"
"spotify:track:67HxeUADW4H3ERfaPW59ma","Love Me Two Times","spotify:artist:22WZ7M8sxp5THdruNY3gXt","The Doors","spotify:album:6v5IVMmY1IvWtbfnQoiFSf","Strange Days","spotify:artist:22WZ7M8sxp5THdruNY3gXt","The Doors","1967-09-25","https://i.scdn.co/image/ab67616d0000b27386339e6cd71cc2a167451ee5","1","3","195106","https://p.scdn.co/mp3-preview/82a5c91eac12bf97658f420cd3b4dba06a5b0141?cid=9950ac751e34487dbbe027c4fd7f8e99","false","64","USEE19900736","spotify:user:bradnumber1","2021-08-08T09:26:31Z","acid rock,album rock,classic rock,hard rock,psychedelic rock,rock","0.684","0.698","9","-6.219","1","0.041","0.332","0.00000516","0.122","0.839","132.846","4","","Rhino/Elektra","C © 2006 Elektra Entertainment Co., P ℗ 2006 Elektra Entertainment Co."
"spotify:track:6AKwq3GXDJbLQ1wkBlDf3T","Walking On Air","spotify:artist:6jJ0s89eD6GaHleKKya26X","Katy Perry","spotify:album:4lFDt4sVpCni9DRHRmDjgG","PRISM (Deluxe)","spotify:artist:6jJ0s89eD6GaHleKKya26X","Katy Perry","2013-01-01","https://i.scdn.co/image/ab67616d0000b273078cfcd17022e7fac7f59a1d","1","4","222448","https://p.scdn.co/mp3-preview/587684fa4789494b55c6e8b891129724f62d64bf?cid=9950ac751e34487dbbe027c4fd7f8e99","false","0","USUM71311294","spotify:user:bradnumber1","2021-08-08T09:26:31Z","pop","0.634","0.906","6","-4.834","0","0.0397","0.00165","0","0.198","0.829","128.015","4","","Universal Music Group","C © 2013 Capitol Records, LLC, P ℗ 2013 Capitol Records, LLC"
"spotify:track:5619Ojc6t9evEEs3B7Drhe","Shake It","spotify:artist:7vXwfZyDp3spzIVNXDaTPN","Metro Station","spotify:album:2tZnyjZ6Orm55gE8bqJ3UG","Metro Station","spotify:artist:7vXwfZyDp3spzIVNXDaTPN","Metro Station","2007-09-18","https://i.scdn.co/image/ab67616d0000b273bcd25f2bbe505682863c3df2","1","4","179946","https://p.scdn.co/mp3-preview/e292fb1b5afa7fb1c6e528ae4427e2a56de8872b?cid=9950ac751e34487dbbe027c4fd7f8e99","false","65","USSM10702537","spotify:user:bradnumber1","2021-08-08T09:26:31Z","electropowerpop,neon pop punk,pixie,pop punk","0.618","0.955","4","-3.836","1","0.0798","0.00221","0.00000309","0.486","0.79","150.034","4","","Red Ink","P (P) 2007 SONY BMG MUSIC ENTERTAINMENT"
"spotify:track:2Cb2l4UoXynCHCeCYHRZN8","Stand By Your Man","spotify:artist:1LFKKuzn302wp15dYH28id","Tammy Wynette","spotify:album:1m4lP2IzV8Z1oEUYMHMClr","Stand By Your Man","spotify:artist:1LFKKuzn302wp15dYH28id","Tammy Wynette","1968","https://i.scdn.co/image/ab67616d0000b2738c66ab65968b335b7847a202","1","1","157893","https://p.scdn.co/mp3-preview/42baa8a0b5d16114cdc5825fa48740f660590d8d?cid=9950ac751e34487dbbe027c4fd7f8e99","false","49","USSM16801333","spotify:user:bradnumber1","2021-08-08T09:26:31Z","country,country dawn,nashville sound","0.563","0.331","9","-9.681","1","0.0283","0.776","0.000846","0.125","0.608","105.779","4","","Epic/Legacy","P Originally recorded 1968, originally released 1968 (P) 1999 SONY BMG MUSIC ENTERTAINMENT"
"spotify:track:3MjUtNVVq3C8Fn0MP3zhXa","...Baby One More Time","spotify:artist:26dSoYclwsYLMAKD3tpOr4","Britney Spears","spotify:album:3WNxdumkSMGMJRhEgK80qx","...Baby One More Time (Digital Deluxe Version)","spotify:artist:26dSoYclwsYLMAKD3tpOr4","Britney Spears","1999-01-12","https://i.scdn.co/image/ab67616d0000b2738e49866860c25afffe2f1a02","1","1","211066","https://p.scdn.co/mp3-preview/174e01719c3b06ee1437cb13f892e539df14b6d1?cid=9950ac751e34487dbbe027c4fd7f8e99","false","82","USJI19810404","spotify:user:bradnumber1","2021-08-08T09:26:31Z","dance pop,pop","0.759","0.699","0","-5.745","0","0.0307","0.202","0.000131","0.443","0.907","92.96","4","","Jive","P (P) 1999 Zomba Recording LLC"
"spotify:track:51PgB7XHoLwTRA4hUaqrqU","Stairway to Heaven - Remastered","spotify:artist:5N6GwJzOcOY5kv8p0NjhYL","Neil Sedaka","spotify:album:4LEVq549JUbYQmzma1NzEl","The Very Best Of Neil Sedaka","spotify:artist:5N6GwJzOcOY5kv8p0NjhYL","Neil Sedaka","2001-08-06","https://i.scdn.co/image/ab67616d0000b273ac2be6ed6b32bfad5f140df5","1","4","159773","https://p.scdn.co/mp3-preview/8555ee019895a09dad25fef77291992aca731fd8?cid=9950ac751e34487dbbe027c4fd7f8e99","false","14","USRC10100023","spotify:user:bradnumber1","2021-08-08T09:26:31Z","adult standards,brill building pop,bubblegum pop,easy listening,rockabilly,soft rock","0.5","0.727","5","-7.531","1","0.0327","0.658","0","0.249","0.898","127.927","4","","RCA Records Label","P (P) 2001 BMG Entertainment"
"spotify:track:5JGEAz15LkPoOtFHttDtVs","With Or Without You - Remastered 2007","spotify:artist:51Blml2LZPmy7TTiAg47vQ","U2","spotify:album:4mULDK6YXrFXTfSwvwm4M3","The Joshua Tree","spotify:artist:51Blml2LZPmy7TTiAg47vQ","U2","1987-03-10","https://i.scdn.co/image/ab67616d0000b273e2e8f804c2cdd5b3815adbf9","1","3","295520","https://p.scdn.co/mp3-preview/9985838e7b86eba6cf5ffe3c72b1b4dd3ada5eee?cid=9950ac751e34487dbbe027c4fd7f8e99","false","50","GBUM70709792","spotify:user:bradnumber1","2021-08-08T09:26:31Z","irish rock,permanent wave,rock","0.538","0.432","2","-11.882","1","0.0295","0.000185","0.309","0.139","0.116","110.181","4","","Universal-Island Records Ltd.","C © 2007 Universal-Island Records Ltd., P ℗ 2007 Universal-Island Records Ltd."
"spotify:track:5TvjCpzwTMoySxj6kHcbo4","Old Me","spotify:artist:5Rl15oVamLq7FbSb0NNBNy","5 Seconds of Summer","spotify:album:5Fwa26r9uopk0xRjnUnnQO","Old Me","spotify:artist:5Rl15oVamLq7FbSb0NNBNy","5 Seconds of Summer","2020-02-21","https://i.scdn.co/image/ab67616d0000b27381ed664c19da24979e5a3ca9","1","1","184666","https://p.scdn.co/mp3-preview/8f7620dd91bd51c14ed8730246b216aa1d0b7815?cid=9950ac751e34487dbbe027c4fd7f8e99","false","0","USUG12000295","spotify:user:bradnumber1","2021-08-08T09:26:31Z","boy band,pop","0.726","0.62","0","-3.752","1","0.0469","0.316","0","0.279","0.466","127.9","4","","5 Seconds of Summer/Interscope Records","C © 2020 5 Seconds of Summer, under exclusive license to Interscope Records, P ℗ 2020 5 Seconds of Summer, under exclusive license to Interscope Records"
"spotify:track:07Oz5StQ7GRoygNLaXs2pd","Good as Hell (feat. Ariana Grande) - Remix","spotify:artist:56oDRnqbIiwx4mymNEv7dS, spotify:artist:66CXWjxzNUsdJxJ2JdwvnR","Lizzo, Ariana Grande","spotify:album:1k1HuvFs562Z3CCiSYhtc1","Good as Hell (feat. Ariana Grande) [Remix]","spotify:artist:56oDRnqbIiwx4mymNEv7dS, spotify:artist:66CXWjxzNUsdJxJ2JdwvnR","Lizzo, Ariana Grande","2016","https://i.scdn.co/image/ab67616d0000b27383689afe01c228ceeef579c5","1","1","159011","https://p.scdn.co/mp3-preview/d2fa400836011c983e5447560d45b024e5d8efc7?cid=9950ac751e34487dbbe027c4fd7f8e99","false","58","USAT21906086","spotify:user:bradnumber1","2021-08-08T09:26:31Z","escape room,minnesota hip hop,pop,trap queen,pop","0.668","0.892","5","-3.001","0","0.0645","0.298","0","0.735","0.478","95.927","4","","Nice Life/Atlantic","C 2016 © 2019 Nice Life Recording Company and Atlantic Recording Corporation for the United States and WEA International Inc. for the world outside of the United States., P 2016 ℗ 2019 Nice Life Recording Company and Atlantic Recording Corporation for the United States and WEA International Inc. for the world outside of the United States."
"spotify:track:24s6yppvGO5he6wRwCaGrr","That Girl","spotify:artist:3aTuTR5Nf6pVW3837q2ZL7, spotify:artist:5EvFsr3kj42KNv97ZEnqij","Maxi Priest, Shaggy","spotify:album:7pQBEwqMuSDCzqCiEOBDIi","The Best Of Shaggy","spotify:artist:5EvFsr3kj42KNv97ZEnqij","Shaggy","2008-01-01","https://i.scdn.co/image/ab67616d0000b2735e6613d5189af7fe64118add","1","4","240946","https://p.scdn.co/mp3-preview/ecf2db5212d60dac004e5924bade5871635796b2?cid=9950ac751e34487dbbe027c4fd7f8e99","false","34","USVI29600012","spotify:user:bradnumber1","2021-08-08T09:26:31Z","lovers rock,reggae,reggae fusion,dance pop,pop rap,reggae fusion","0.667","0.698","5","-7.35","0","0.119","0.056","0","0.335","0.662","138.654","4","","Virgin Records","C © 2008 Virgin Records America, Inc., P This Compilation ℗ 2008 Virgin Records America, Inc."
"spotify:track:4bp2iZy7UiNoOeJaJNl0H6","Wind It Up","spotify:artist:4yiQZ8tQPux8cPriYMWUFP","Gwen Stefani","spotify:album:5I878Pc5RZzi5mRNyXv2Mp","The Sweet Escape (UK Only Version)","spotify:artist:4yiQZ8tQPux8cPriYMWUFP","Gwen Stefani","2006-01-01","https://i.scdn.co/image/ab67616d0000b27370085aea85056dde8570c88d","1","1","189586","https://p.scdn.co/mp3-preview/2ec8464a8d695fea06c90d1f834ee34a1f5fe66c?cid=9950ac751e34487dbbe027c4fd7f8e99","false","0","USUM70614830","spotify:user:bradnumber1","2021-08-08T09:26:31Z","dance pop,pop","0.961","0.9","8","-6.874","1","0.0678","0.309","0.000199","0.354","0.95","120.006","4","","Universal Music Australia Pty. Ltd.","C (C) 2006 Interscope Records, P (P) 2006 Interscope Records"
"spotify:track:0BYCOtoq9BOcsqH4eqpotO","Homesick","spotify:artist:7fRw4ouudxR1jHgyrTIKuY","Stan Walker","spotify:album:5ZvaQq8cnyHgYzPOkgMLR7","From The Inside Out","spotify:artist:7fRw4ouudxR1jHgyrTIKuY","Stan Walker","2010-08-23","https://i.scdn.co/image/ab67616d0000b2739acfbc65fc1d5a47a7c5bff0","1","4","208573","https://p.scdn.co/mp3-preview/5dd9f9b621ef7b9a8d01e97bb564a93d1a7395db?cid=9950ac751e34487dbbe027c4fd7f8e99","false","15","AUBM01000197","spotify:user:bradnumber1","2021-08-08T09:26:31Z","australian talent show,nz christian,nz pop","0.694","0.753","5","-3.659","1","0.0355","0.02","0","0.166","0.374","114.971","4","","Sony Music Entertainment","P (P) 2010 Sony Music Entertainment Australia Pty Ltd. except track 13 (P) 2010 Move The Crowd Records"
"spotify:track:0qOnSQQF0yzuPWsXrQ9paz","Stereo Hearts (feat. Adam Levine)","spotify:artist:4IJczjB0fJ04gs4uvP0Fli, spotify:artist:4bYPcJP5jwMhSivRcqie2n","Gym Class Heroes, Adam Levine","spotify:album:2mumCpGmuE9iDeOvMx6XrB","The Papercut Chronicles II","spotify:artist:4IJczjB0fJ04gs4uvP0Fli","Gym Class Heroes","2011-11-11","https://i.scdn.co/image/ab67616d0000b27318b8088fe0c3dbf78398b55a","1","4","210960","https://p.scdn.co/mp3-preview/a62b535109dff39bdcc859c6fd2160e927d4b1c9?cid=9950ac751e34487dbbe027c4fd7f8e99","false","80","USAT21101071","spotify:user:bradnumber1","2021-08-08T09:26:31Z","dance pop,pop rap,deep talent show","0.646","0.795","9","-3.293","1","0.0976","0.0319","0","0.267","0.796","89.99","4","","Decaydance/Fueled By Ramen","C © 2011 Fueled By Ramen LLC for the United States and WEA International Inc. for the world outside of the United States., P ℗ 2011 Fueled By Ramen LLC for the United States and WEA International Inc. for the world outside of the United States."
"spotify:track:0PGwM5vdr5fMejx0IIAYXj","I Want You Back","spotify:artist:2iE18Oxc8YSumAU232n4rW","The Jackson 5","spotify:album:2oJRp9GV4zpFzpnneGZqZH","20th Century Masters: The Millennium Collection: Best Of The Jackson 5","spotify:artist:2iE18Oxc8YSumAU232n4rW","The Jackson 5","1999-01-01","https://i.scdn.co/image/ab67616d0000b273ea76a3da8040ff4dd01c4a86","1","1","180893","https://p.scdn.co/mp3-preview/504a5a3f9e28a41907c91d82a811017559e3c0d4?cid=9950ac751e34487dbbe027c4fd7f8e99","false","0","USMO19400306","spotify:user:bradnumber1","2021-08-08T09:26:31Z","motown,soul","0.674","0.584","8","-8.204","1","0.0318","0.466","0.00195","0.187","0.96","98.293","4","","Motown","C © 1999 Motown Record Company L.P., P This Compilation ℗ 1999 Universal Motown Records, a division of UMG Recordings, Inc."
"spotify:track:6fS0rs4tiEgBMEB2Ln586G","LoveStoned / I Think She Knows - Radio Edit","spotify:artist:31TPClRtHm23RisEBtV3X7","Justin Timberlake","spotify:album:1tze7ApbUfn71mNcaixlX6","LoveStoned","spotify:artist:31TPClRtHm23RisEBtV3X7","Justin Timberlake","2007-06-29","https://i.scdn.co/image/ab67616d0000b2739c42ec2f2148d3c62ac9887c","1","1","325866","https://p.scdn.co/mp3-preview/97d025620c689506bf57f29294762323806b1575?cid=9950ac751e34487dbbe027c4fd7f8e99","false","44","USJI10700464","spotify:user:bradnumber1","2021-08-08T09:26:31Z","dance pop,pop","0.827","0.66","10","-6.443","0","0.0529","0.379","0.0000165","0.277","0.854","121.236","4","","Jive","P (P) 2007 Zomba Recording LLC"
"spotify:track:4c4jJJoaiY21t2TyRZgdWS","Magic Carpet Ride","spotify:artist:1WRM9i067hd2ujxxi8FI3m","Steppenwolf","spotify:album:2Y5GORWYwVAZ8msuEuh5FN","The Second","spotify:artist:1WRM9i067hd2ujxxi8FI3m","Steppenwolf","1968-10-01","https://i.scdn.co/image/ab67616d0000b273626d1849afa1bc27a8743dfe","1","7","271573","https://p.scdn.co/mp3-preview/46f4acfeccc879951d729c37777b6c8779e69c90?cid=9950ac751e34487dbbe027c4fd7f8e99","false","66","USMC16819955","spotify:user:bradnumber1","2021-08-08T09:26:31Z","acid rock,album rock,blues rock,classic canadian rock,classic rock,hard rock,proto-metal,rock,singer-songwriter,soft rock","0.64","0.651","4","-14.981","0","0.0517","0.142","0.28","0.0341","0.801","111.676","4","","Geffen*","C © 1968 Geffen Records, P ℗ 1968 Geffen Records"
"spotify:track:0qkHoRTBCcbDoxrbj9tQrI","Shop Around","spotify:artist:6TqQLejnHXMGr7KcegxUND","The Miracles","spotify:album:0jUGD14lMvjph6nODpnyXQ","Hi We're The Miracles","spotify:artist:6TqQLejnHXMGr7KcegxUND","The Miracles","1961-01-01","https://i.scdn.co/image/ab67616d0000b273e7ac537510967ab9eb6598df","1","4","170760","https://p.scdn.co/mp3-preview/cb66206ab8e01ed634514e6afc680443c0664b20?cid=9950ac751e34487dbbe027c4fd7f8e99","false","0","USMO16000264","spotify:user:bradnumber1","2021-08-08T09:26:31Z","classic soul,disco,motown,quiet storm,rhythm and blues,soul,southern soul","0.556","0.701","7","-4.535","1","0.0295","0.795","0","0.807","0.896","132.172","4","","Universal Music Group","C © 1961 Motown Records, a Division of UMG Recordings, Inc., P ℗ 1961 Motown Records, a Division of UMG Recordings, Inc."
"spotify:track:3WwnlVO4V8C73sAS5uoBWj","Well...All Right","spotify:artist:3wYyutjgII8LJVVOLrGI0D","Buddy Holly","spotify:album:1tTTDe47X0rTO4q7RidIan","The Definitive Collection","spotify:artist:3wYyutjgII8LJVVOLrGI0D","Buddy Holly","2006-04-18","https://i.scdn.co/image/ab67616d0000b273988665e0435d5283cfd38b1d","1","17","132800","https://p.scdn.co/mp3-preview/324e0b36d40f8474fefe2a6ecd2a7912bc015df6?cid=9950ac751e34487dbbe027c4fd7f8e99","false","15","USMC15804739","spotify:user:bradnumber1","2022-01-12T23:09:34Z","classic rock,folk rock,mellow gold,rock-and-roll,rockabilly,singer-songwriter","0.728","0.487","11","-11.768","1","0.0424","0.441","0.00134","0.24","0.922","124.544","4","","Geffen","C © 2006 UMG Recordings, Inc., P This Compilation ℗ 2006 UMG Recordings, Inc."
"spotify:track:39QlSLkqq5shnpAXchT9sI","Are You With Me","spotify:artist:7f5Zgnp2spUuuzKplmRkt7","Lost Frequencies","spotify:album:63zsZVaIMUW10wP6QanS42","Are You With Me","spotify:artist:7f5Zgnp2spUuuzKplmRkt7","Lost Frequencies","2014-08-21","https://i.scdn.co/image/ab67616d0000b2733cfe68887b539afa3e20479e","1","1","138013","https://p.scdn.co/mp3-preview/b35aeeb23f7bea0cfdd3d1b8c1b787f4a99231f4?cid=9950ac751e34487dbbe027c4fd7f8e99","false","49","NLF711403495","spotify:user:bradnumber1","2021-08-08T09:26:31Z","belgian edm,edm,pop dance,tropical house","0.763","0.608","5","-8.1","0","0.035","0.262","0.000025","0.12","0.394","121.02","4","","The Bearded Man (Armada)","C 2014 Armada Music B.V., P 2014 Armada Music B.V."
"spotify:track:37D7gMMpfvxBtfyaXqbHEX","Fussy","spotify:artist:5eZMLzpKYU5n4qAt5z4T13","End Of Fashion","spotify:album:3zpoBw795920X2kDDguKsB","Book Of Lies","spotify:artist:5eZMLzpKYU5n4qAt5z4T13","End Of Fashion","2008-01-01","https://i.scdn.co/image/ab67616d0000b273aad54f4301e9cbc8b9e80bc9","1","7","257226","https://p.scdn.co/mp3-preview/8f9355a12cffe9a6e4f256ebbc4a7fe60b0cb6bd?cid=9950ac751e34487dbbe027c4fd7f8e99","false","19","AUEM00800053","spotify:user:bradnumber1","2021-08-08T09:26:31Z","australian alternative rock,perth indie","0.38","0.915","7","-3.712","1","0.0455","0.0111","0","0.311","0.587","179.913","4","","Virgin Records","C © 2008 EMI Recorded Music Australia Pty Ltd., P ℗ 2008 EMI Recorded Music Australia Pty Ltd."
"spotify:track:0vR2rIVORmgeKiGIgNT0fV","By Your Side (feat. Tom Grennan)","spotify:artist:7CajNmpbOovFoOoasH2HaY, spotify:artist:5SHxzwjek1Pipl1Yk11UHv","Calvin Harris, Tom Grennan","spotify:album:6Z6QdCXb3IBonAUSwLP4iB","By Your Side (feat. Tom Grennan)","spotify:artist:7CajNmpbOovFoOoasH2HaY, spotify:artist:5SHxzwjek1Pipl1Yk11UHv","Calvin Harris, Tom Grennan","2021-06-04","https://i.scdn.co/image/ab67616d0000b27326ab76de7cfa7b953e58caee","1","1","189671","https://p.scdn.co/mp3-preview/6b7a69680870dd0556ccd8d8e7dd5143277f2e80?cid=9950ac751e34487dbbe027c4fd7f8e99","false","62","GBARL2100439","spotify:user:bradnumber1","2021-08-08T09:26:31Z","dance pop,edm,electro house,house,pop,progressive house,uk dance,uk pop","0.733","0.96","7","-3.597","1","0.0295","0.0514","0.00199","0.287","0.811","124.01","4","","Columbia","P (P) 2021 Sony Music Entertainment UK Limited"
"spotify:track:65Wspymr1UkFIT0WRyVJnI","Love Theme from St. Elmo's Fire - Instrumental","spotify:artist:0SgQK24WzZf2pXBXYqHJYF","David Foster","spotify:album:61nRYw38onfZeQ2pjlrYp5","David Foster","spotify:artist:0SgQK24WzZf2pXBXYqHJYF","David Foster","1986-06-11","https://i.scdn.co/image/ab67616d0000b2732c6fc345cd9830580b4bf62a","1","1","209400","https://p.scdn.co/mp3-preview/9d686aa397e30e48d2cf3ae44af2a88c9613e6ee?cid=9950ac751e34487dbbe027c4fd7f8e99","false","42","USAT20103399","spotify:user:bradnumber1","2021-08-08T09:26:31Z","","0.57","0.404","8","-13.761","1","0.0361","0.501","0.668","0.104","0.312","125.201","4","","Atlantic Records","C © 1986 Atlantic Recording Corporation for the United States and WEA International Inc. for the world outside of the United States., P ℗ 1986 Atlantic Recording Corporation for the United States and WEA International Inc. for the world outside of the United States."
"spotify:track:5AG3LHmg3FyVbRESspoPAD","Save Your Tears","spotify:artist:1Xyo4u8uXC1ZmMpatF05PJ","The Weeknd","spotify:album:03NCvBIGqzLPhLoi4pDb3L","After Hours","spotify:artist:1Xyo4u8uXC1ZmMpatF05PJ","The Weeknd","2020-03-20","https://i.scdn.co/image/ab67616d0000b27381a3bb9348718b9703364c1c","1","11","215626","https://p.scdn.co/mp3-preview/4bb5ee4441a2342502372f80f78a92cf3fe22549?cid=9950ac751e34487dbbe027c4fd7f8e99","false","53","USUG12000669","spotify:user:bradnumber1","2021-08-08T09:26:31Z","canadian contemporary r&b,canadian pop,pop","0.679","0.825","0","-5.487","1","0.0309","0.0212","0.0000121","0.543","0.644","118.049","4","","Republic Records","C © 2020 The Weeknd XO, Inc., marketed by Republic Records, a division of UMG Recordings, Inc., P ℗ 2020 The Weeknd XO, Inc., marketed by Republic Records, a division of UMG Recordings, Inc."
"spotify:track:3OdFCHEuek9W7NRMFf0LQh","On a Mission","spotify:artist:5v2GEv1pQaCp6oeOQROdKE","Gabriella Cilmi","spotify:album:3p3tR1vCkAdLmcpzLYbGin","Ten (Standard)","spotify:artist:5v2GEv1pQaCp6oeOQROdKE","Gabriella Cilmi","2010-03-19","https://i.scdn.co/image/ab67616d0000b27324312199d35f42ea856680e3","1","1","182186","https://p.scdn.co/mp3-preview/16dd5388d7186bfafc8de1c4d5cf5f13b4614c32?cid=9950ac751e34487dbbe027c4fd7f8e99","false","18","GBUM70915202","spotify:user:bradnumber1","2021-08-08T09:26:31Z","australian pop,australian r&b","0.587","0.939","5","-3.908","0","0.153","0.0177","0","0.168","0.6","180.014","4","","WM Australia","C © 2010 Warner Music Australia Pty Limited for Australia and New Zealand, P ℗ 2010 Warner Music Australia Pty Limited for Australia and New Zealand"
"spotify:track:7wXO1tOp5sPfMrMSdwmegh","Down Boy - Radio Edit","spotify:artist:7gRmesSjINzb4xXApfMV5E","Holly Valance","spotify:album:0canrrqYujUeehzkS9sUZV","Footprints","spotify:artist:7gRmesSjINzb4xXApfMV5E","Holly Valance","2002-01-01","https://i.scdn.co/image/ab67616d0000b2737d1cd39fae733ff67c5645d1","1","3","205933","https://p.scdn.co/mp3-preview/e78bdc62034a6a235d150af4732475dfc1a690bb?cid=9950ac751e34487dbbe027c4fd7f8e99","false","25","GBAAP0200404","spotify:user:bradnumber1","2021-08-08T09:26:31Z","australian pop,bubblegum dance,europop,talent show","0.679","0.766","7","-6.684","1","0.128","0.0598","0.0000262","0.231","0.646","160.961","4","","London Music Stream/Because Music","C © 2002 London Records Ltd, P ℗ 2002 London Records Ltd"
"spotify:track:6kvoHl80mfCVTv7XnZkjQn","It Must Have Been Love - From the Film ""Pretty Woman""","spotify:artist:2SHhfs4BiDxGQ3oxqf0UHY","Roxette","spotify:album:3dWX1xFUaalRlaaVpe4EPF","It Must Have Been Love","spotify:artist:2SHhfs4BiDxGQ3oxqf0UHY","Roxette","1990-05-20","https://i.scdn.co/image/ab67616d0000b2733351044c5cdf6937161fdb4d","1","1","258786","https://p.scdn.co/mp3-preview/361fd8946cd20110a0267af87ef5b98ac1c6e7a9?cid=9950ac751e34487dbbe027c4fd7f8e99","false","80","SEAMA8777131","spotify:user:bradnumber1","2021-08-08T09:26:31Z","europop,swedish pop,synthpop","0.52","0.652","5","-6.655","1","0.0274","0.339","0.0000614","0.256","0.722","80.61","4","","WM Sweden","C © 2015 Parlophone Music Sweden AB, a Warner Music Group Company, P ℗ 2015 Parlophone Music Sweden AB, a Warner Music Group Company"
"spotify:track:4OxHUNlHmODIt5cH7A7Gip","Getting Away With It (All Messed Up) - Vandalism Radio Edit","spotify:artist:13tMCI0sh9jqRaiNfeD1ou, spotify:artist:5eAaeNnPoRSxsGHkfs8oyp","Sean Quinn, Gus Cullen","spotify:album:68Rpmao4E5VH60jAO3z0Hw","Getting Away With It (All Messed Up)","spotify:artist:13tMCI0sh9jqRaiNfeD1ou, spotify:artist:5eAaeNnPoRSxsGHkfs8oyp","Sean Quinn, Gus Cullen","2009-01-01","https://i.scdn.co/image/ab67616d0000b273506aa48f560e9049ef35f6e6","1","1","225213","https://p.scdn.co/mp3-preview/a6c3b3f704200152250a2d5e98493ba9aa88bbf9?cid=9950ac751e34487dbbe027c4fd7f8e99","false","0","AUVC00900620","spotify:user:bradnumber1","2021-08-08T09:26:31Z","","0.6","0.893","0","-4.433","1","0.0376","0.000129","0.0000233","0.245","0.167","127.007","4","","Universal Music Australia Pty. Ltd.","C © 2009 Vicious Pty Ltd, P ℗ 2009 Vicious Pty Ltd"
"spotify:track:5yR9u8QiOt8hJaddv32oo7","I Feel for You","spotify:artist:6mQfAAqZGBzIfrmlZCeaYT","Chaka Khan","spotify:album:08yanJqA75TPyDowCXvvPU","I Feel for You","spotify:artist:6mQfAAqZGBzIfrmlZCeaYT","Chaka Khan","1984","https://i.scdn.co/image/ab67616d0000b2738be5f9356ee08a1f9e67ff87","1","6","343400","https://p.scdn.co/mp3-preview/6a8b1729d428584eaecd2f4e60d5fc6807a2f65d?cid=9950ac751e34487dbbe027c4fd7f8e99","false","58","USWB18400025","spotify:user:bradnumber1","2021-08-08T09:26:31Z","disco,funk,neo soul,quiet storm,soul","0.698","0.912","11","-8.993","1","0.0675","0.0145","0.0225","0.279","0.797","124.917","4","","Rhino/Warner Records","C © 1984 Warner Records Inc., P ℗ 1984 Warner Records Inc. Marketed by Rhino Entertainment Company, a Warner Music Group Company."
"spotify:track:0TLdsdxFpWlidrBHBTJcRK","Acquainted","spotify:artist:1Xyo4u8uXC1ZmMpatF05PJ","The Weeknd","spotify:album:7pEjIA5ibscPhsvfwX1ZPT","The Highlights","spotify:artist:1Xyo4u8uXC1ZmMpatF05PJ","The Weeknd","2021-02-05","https://i.scdn.co/image/ab67616d0000b2737f2ad807a1247ce2b1c4ae38","1","15","348882","https://p.scdn.co/mp3-preview/a71f7bf87d1430cbbde426d3f9b311118fcb8ed6?cid=9950ac751e34487dbbe027c4fd7f8e99","false","17","USUG11500920","spotify:user:bradnumber1","2021-08-08T09:26:31Z","canadian contemporary r&b,canadian pop,pop","0.386","0.497","7","-9.934","0","0.0511","0.445","0","0.0909","0.239","105.921","4","","Universal Republic Records","C © 2021 The Weeknd XO, Inc., marketed by Republic Records, a division of UMG Recordings, Inc., P This Compilation ℗ 2021 The Weeknd XO, Inc., marketed by Republic Records, a division of UMG Recordings, Inc."
"spotify:track:2E2ZVy2fxslpAUgbb4zu84","Abracadabra","spotify:artist:6QtGlUje9TIkLrgPZrESuk","Steve Miller Band","spotify:album:0afS7TjKOoq8LzTx9CgOnu","Abracadabra","spotify:artist:6QtGlUje9TIkLrgPZrESuk","Steve Miller Band","1982-06-15","https://i.scdn.co/image/ab67616d0000b273b80d7868e6e0275d12102508","1","2","308373","https://p.scdn.co/mp3-preview/4202f6549cc02d4d24b85b7cfe41b22153a66e54?cid=9950ac751e34487dbbe027c4fd7f8e99","false","67","USCA28500258","spotify:user:bradnumber1","2021-08-08T09:26:31Z","album rock,classic rock,hard rock,heartland rock,mellow gold,rock,singer-songwriter,soft rock","0.791","0.534","9","-13.261","0","0.0355","0.0749","0.00000199","0.156","0.963","127.488","4","","Capitol Records","C © 1982 Sailor Records, P ℗ 1982 Sailor Records"
"spotify:track:2lJOKQmXQ5yiRyCTE5FyDE","Tears In Heaven","spotify:artist:6PAt558ZEZl0DmdXlnjMgD","Eric Clapton","spotify:album:1GQCluFc8ODQis5kvcDVKF","Unplugged","spotify:artist:6PAt558ZEZl0DmdXlnjMgD","Eric Clapton","1992-08-25","https://i.scdn.co/image/ab67616d0000b2732e195935baff4d0e37da1f68","1","4","276866","https://p.scdn.co/mp3-preview/75b509c1396246c1c3a3c048c4abd35904f95c05?cid=9950ac751e34487dbbe027c4fd7f8e99","false","0","USRE19900122","spotify:user:bradnumber1","2021-08-08T09:26:31Z","album rock,blues rock,classic rock,electric blues,mellow gold,rock,singer-songwriter,soft rock","0.705","0.324","9","-11.217","1","0.0246","0.842","0.00386","0.201","0.494","79.051","4","","Reprise","C 1992 Reprise Records, P 1992 Reprise Records"
"spotify:track:6ZzBqEYylrDYgeiJBTWKVP","Cartoon Heroes - Radio Edit","spotify:artist:6kBjAFKyd0he7LiA5GQ3Gz","Aqua","spotify:album:72vnV24LNyeGeCqTrGFAwU","Hits'n'Kids","spotify:artist:0LyfQWJT6nXafLPZqxe9Of","Various Artists","2005-01-01","https://i.scdn.co/image/ab67616d0000b2736089149472039ec9a51fe745","1","1","218493","https://p.scdn.co/mp3-preview/9461335c1174c65c5f48f68a105d8b72cdf9d3ab?cid=9950ac751e34487dbbe027c4fd7f8e99","false","20","DKBKA0000101","spotify:user:bradnumber1","2021-08-08T09:26:31Z","bubblegum dance,eurodance,europop","0.68","0.988","1","-4.016","1","0.0545","0.0218","0","0.0681","0.764","127.982","4","","Universal Music A/S","C © 2005 Universal Music (Denmark) A/S, P This Compilation ℗ 2005 Universal Music (Denmark) A/S"
"spotify:track:38yBBH2jacvDxrznF7h08J","Slow Hands","spotify:artist:1Hsdzj7Dlq2I7tHP7501T4","Niall Horan","spotify:album:3QLB5s0MY7ERTwh4GpNMkf","Flicker (Deluxe)","spotify:artist:1Hsdzj7Dlq2I7tHP7501T4","Niall Horan","2017-10-20","https://i.scdn.co/image/ab67616d0000b27394fde6afa9cbf073e5b6445a","1","4","188174","https://p.scdn.co/mp3-preview/f47a9e84206ed56916d5cb4e2b583fc467c8c855?cid=9950ac751e34487dbbe027c4fd7f8e99","false","0","USUG11700631","spotify:user:bradnumber1","2021-08-08T09:26:31Z","pop","0.734","0.418","0","-6.678","1","0.0425","0.0129","0","0.0579","0.868","85.909","4","","Universal Music Group","C © 2017 Neon Haze Music Ltd, Under Exclusive License To Capitol Records, P ℗ 2017 Neon Haze Music Ltd, Under Exclusive License To Capitol Records"
"spotify:track:4zoZQvmST8gliv9S9L8lUw","Please Don't Go","spotify:artist:3mQBpAOMWYqAZyxtyeo4Lo","KC & The Sunshine Band","spotify:album:3veSKEBvveTdMZk35f6QBs","Do You Wanna Go Party","spotify:artist:3mQBpAOMWYqAZyxtyeo4Lo","KC & The Sunshine Band","1979","https://i.scdn.co/image/ab67616d0000b2736332e2da57a38ffee8e8fb41","1","4","230440","https://p.scdn.co/mp3-preview/38c10f40fd8f7328fedcb3077d85dbe0cfa411b6?cid=9950ac751e34487dbbe027c4fd7f8e99","false","64","GBAYE7900015","spotify:user:bradnumber1","2021-08-08T09:26:31Z","disco,mellow gold,new wave pop,soft rock,soul","0.445","0.75","6","-7.159","1","0.035","0.00805","0","0.0358","0.466","95.957","4","","Rhino","C © 1979 Parlophone Records Ltd, a Warner Music Group Company, P ℗ 1979 Parlophone Records Ltd, a Warner Music Group Company"
"spotify:track:55S2PQgSMYAhgoTCcGCDfw","Youngblood","spotify:artist:5Rl15oVamLq7FbSb0NNBNy","5 Seconds of Summer","spotify:album:16Qs4jnIyXe7jprnMNRddy","Youngblood","spotify:artist:5Rl15oVamLq7FbSb0NNBNy","5 Seconds of Summer","2018-04-12","https://i.scdn.co/image/ab67616d0000b273240353172d4b7f2feb8a3e2c","1","1","203417","https://p.scdn.co/mp3-preview/87357ede3ba123385a24c959696a6512b878430c?cid=9950ac751e34487dbbe027c4fd7f8e99","false","62","GBUM71800366","spotify:user:bradnumber1","2021-08-08T09:26:31Z","boy band,pop","0.597","0.854","7","-5.114","0","0.463","0.0169","0","0.124","0.152","120.276","4","","Capitol","C © 2018 One Mode Productions Limited, under exclusive licence to Universal Music Operations Limited, P ℗ 2018 One Mode Productions Limited, under exclusive licence to Universal Music Operations Limited"
"spotify:track:0AYw1CBLLNu0umIuCoq77M","Like It's Her Birthday","spotify:artist:5aYyPjAsLj7UzANzdupwnS","Good Charlotte","spotify:album:08utRHYjRSDcceEsjFRFX0","Cardiology","spotify:artist:5aYyPjAsLj7UzANzdupwnS","Good Charlotte","2010-01-01","https://i.scdn.co/image/ab67616d0000b273fab23a7730496d05987df477","1","5","210506","https://p.scdn.co/mp3-preview/c283bf4e5c3da6ae0e809908c373feb26e9fd74b?cid=9950ac751e34487dbbe027c4fd7f8e99","false","46","USCA21001876","spotify:user:bradnumber1","2021-08-08T09:26:31Z","alternative metal,modern rock,neon pop punk,pop punk,pop rock,post-grunge","0.592","0.868","11","-2.983","1","0.0679","0.00884","0","0.144","0.815","109.985","4","","Capitol Records","C © 2010 Capitol Records, LLC, P ℗ 2010 Capitol Records, LLC"
"spotify:track:5RWcE4Poc4Un93zzhwKvrK","Unchained Melody","spotify:artist:4b0WsB47XCa9F83BmwQ7WX","The Righteous Brothers","spotify:album:4DqpBtVog6v7Tfg904kHNF","The Very Best Of The Righteous Brothers - Unchained Melody","spotify:artist:4b0WsB47XCa9F83BmwQ7WX","The Righteous Brothers","1990","https://i.scdn.co/image/ab67616d0000b273d06422e547cf0b9a17aabd55","1","2","215840","https://p.scdn.co/mp3-preview/6bf5e54931ce622e2e5b402b2d5959353de8cb10?cid=9950ac751e34487dbbe027c4fd7f8e99","false","0","USPG16590023","spotify:user:bradnumber1","2021-08-08T09:27:55Z","adult standards,brill building pop,folk rock,mellow gold,motown,rock-and-roll,rockabilly","0.376","0.199","0","-16.679","1","0.0288","0.535","0","0.598","0.247","98.97","3","","Polydor","C © 1990 The Verve Music Group, a Division of UMG Recordings, Inc., P ℗ 1965 The Verve Music Group, a Division of UMG Recordings, Inc."
"spotify:track:1lkvpmrCaXK8QtliFDcHBO","Bubbly","spotify:artist:6aZyMrc4doVtZyKNilOmwu","Colbie Caillat","spotify:album:7a8mrq83VEf0PoFh6pvtsb","Coco","spotify:artist:6aZyMrc4doVtZyKNilOmwu","Colbie Caillat","2007-01-01","https://i.scdn.co/image/ab67616d0000b273c4a7e933ef7fbb7e6485b73a","1","4","196226","https://p.scdn.co/mp3-preview/92b71fd3381144c904213a9ee373d50df666ccc6?cid=9950ac751e34487dbbe027c4fd7f8e99","false","70","USUM70736197","spotify:user:bradnumber1","2021-08-08T09:26:31Z","dance pop,neo mellow,pop","0.688","0.477","9","-6.684","1","0.036","0.594","0","0.115","0.257","127.866","4","","Universal Records","C © 2007 Universal Records, a Division of UMG Recordings, Inc., P ℗ 2007 Universal Records, a Division of UMG Recordings, Inc."
"spotify:track:4tRLfSHpbjlIjV97RPWr9Y","Sex","spotify:artist:7DMveApC7UnC2NPfPvlHSU, spotify:artist:4LcUpNlXFEleaLlelmkv2R","Cheat Codes, Kris Kross Amsterdam","spotify:album:180JCsfKIupc7PHG5CQfz7","Sex","spotify:artist:7DMveApC7UnC2NPfPvlHSU, spotify:artist:4LcUpNlXFEleaLlelmkv2R","Cheat Codes, Kris Kross Amsterdam","2016-02-05","https://i.scdn.co/image/ab67616d0000b273bdd8fb1bf980553f866ee418","1","1","228361","https://p.scdn.co/mp3-preview/be9d0b058f87818d90f2f0d17692f220369fd548?cid=9950ac751e34487dbbe027c4fd7f8e99","false","0","NLZ541600026","spotify:user:bradnumber1","2021-08-08T09:26:31Z","edm,pop,pop dance,dutch house,dutch pop","0.51","0.692","0","-5.825","1","0.171","0.00451","0","0.138","0.209","102.42","4","","Spinnin' Records","C 2016 Spinnin' Records, P 2016 Spinnin' Records"
"spotify:track:6LDxWdORX4w771ueKNiiVm","Chain Reaction","spotify:artist:1QxaPWG1POM8Ul6WwsHq4y","John Farnham","spotify:album:5jnIkqro2uzzkqKe67UiPT","Chain Reaction","spotify:artist:1QxaPWG1POM8Ul6WwsHq4y","John Farnham","1990-09-24","https://i.scdn.co/image/ab67616d0000b273bc42a3c1798a35d10a72b052","1","7","192173","https://p.scdn.co/mp3-preview/98fc65f1adad9d175b31d57f2f13992bfb415bee?cid=9950ac751e34487dbbe027c4fd7f8e99","false","36","AUBM09041002","spotify:user:bradnumber1","2021-08-08T09:26:31Z","australian pop,australian rock","0.502","0.874","9","-9.664","1","0.0476","0.65","0.0000932","0.0775","0.932","200.027","4","","BMG Music","P (P) 1990 BMG Arista/Ariola Limited"
"spotify:track:20uBdCmVtlUuYsvxysoito","Little Lion Man","spotify:artist:3gd8FJtBJtkRxdfbTu19U2","Mumford & Sons","spotify:album:1c2Ee269Rj9w8wn8s3qQu9","Sigh No More","spotify:artist:3gd8FJtBJtkRxdfbTu19U2","Mumford & Sons","2009-01-01","https://i.scdn.co/image/ab67616d0000b273ff8fd758310f8dcd96e99a43","1","7","247000","https://p.scdn.co/mp3-preview/a976b10c455d628d3f962c0724e33cbad26ca867?cid=9950ac751e34487dbbe027c4fd7f8e99","true","64","GBUM70909097","spotify:user:bradnumber1","2021-08-08T09:26:31Z","modern folk rock,modern rock,neo mellow,stomp and holler,uk americana","0.525","0.503","5","-7.974","1","0.0272","0.0211","0.0000247","0.091","0.453","138.856","4","","Universal-Island Records Ltd.","C © 2009 Universal Island Records Ltd. A Universal Music Company., P ℗ 2009 Mumford & Sons, Under exclusive license to Universal Island Records Ltd. A Universal Music Company"
"spotify:track:5MWKU5MnIuv5uQez4n0byz","Cream - Without Rap Monologue","spotify:artist:5a2EaR3hamoenG9rDuVn8j","Prince","spotify:album:6dRctIZQKuZCSSoR6QBBv9","Diamonds and Pearls","spotify:artist:5a2EaR3hamoenG9rDuVn8j","Prince","1991-10-01","https://i.scdn.co/image/ab67616d0000b27399e49fe1e935d3d724627211","1","4","253373","https://p.scdn.co/mp3-preview/816cd14d151cc5d97772d0e1c4abc9e85f306fee?cid=9950ac751e34487dbbe027c4fd7f8e99","false","50","USWB19900665","spotify:user:bradnumber1","2021-08-08T09:26:31Z","funk,funk rock,minneapolis sound,rock,synth funk","0.852","0.591","5","-8.668","0","0.0675","0.103","0.421","0.0468","0.826","115.592","4","","Warner Records","C © 1991 Warner Records Inc., P ℗ 1991 Warner Records Inc."
"spotify:track:23ptCokVUhZvYYidENipbj","Touch The Sky - Radio Edit","spotify:artist:5K4W6rqBFWDnAN6FQUkS6x, spotify:artist:01QTIT5P1pFP3QnnFSdsJf","Kanye West, Lupe Fiasco","spotify:album:5xLxlrkwSh0gMp6LhpvzsC","Touch The Sky","spotify:artist:5K4W6rqBFWDnAN6FQUkS6x","Kanye West","2006-01-01","https://i.scdn.co/image/ab67616d0000b27341324b28296150c4a81e5363","1","1","236760","https://p.scdn.co/mp3-preview/e85f4ddd0ad0aec50f4e0f2a4493b3d249f8a4a3?cid=9950ac751e34487dbbe027c4fd7f8e99","false","34","USUM70504749","spotify:user:bradnumber1","2021-08-08T09:26:31Z","chicago rap,hip hop,rap,chicago rap,conscious hip hop,hip hop,political hip hop,pop rap,rap,southern hip hop","0.614","0.829","9","-5.042","1","0.339","0.0122","0","0.325","0.608","106.297","4","","Roc-A-Fella","C © 2006 UMG Recordings, Inc., P ℗ 2006 UMG Recordings, Inc."
"spotify:track:1c7MunM8WUiqhV56aDyBXs","Do You Want to Dance - 2008 Remaster","spotify:artist:13y0kncDD4J9wxCyfKr10W","Bette Midler","spotify:album:2aBNewGpx5XIAdSFKvEKGw","The Best Bette","spotify:artist:13y0kncDD4J9wxCyfKr10W","Bette Midler","2008-09-22","https://i.scdn.co/image/ab67616d0000b27315133de91124398b0b7489e9","1","13","164493","https://p.scdn.co/mp3-preview/0d7225de47cd343a38f19f96435a113603f4ee2e?cid=9950ac751e34487dbbe027c4fd7f8e99","false","10","USAT20706104","spotify:user:bradnumber1","2021-08-08T09:26:31Z","adult standards,new wave pop,soft rock","0.396","0.416","7","-8.134","0","0.0332","0.531","0.0000122","0.0694","0.554","158.832","4","","Rhino","C © 2009 Rhino Entertainment Company, a Warner Music Group Company. All Rights Reserved. Manufactured & Marketed by Rhino Entertainment Company., P ℗ 2009 Rhino Entertainment Company, a Warner Music Group Company."
"spotify:track:2VvrHkjxwsLvouNMsUHykT","Hold On","spotify:artist:5zzrJD2jXrE9dZ1AklRFcL","KT Tunstall","spotify:album:4XpXkww6Q6KLFOaFmZ6IxX","Drastic Fantastic","spotify:artist:5zzrJD2jXrE9dZ1AklRFcL","KT Tunstall","2007-01-01","https://i.scdn.co/image/ab67616d0000b2738cbde90d6b5153d4e8e2079c","1","5","177613","https://p.scdn.co/mp3-preview/1b5af0c539ce578f16efd3f478e96527d91e3f96?cid=9950ac751e34487dbbe027c4fd7f8e99","false","35","GBGLM0700045","spotify:user:bradnumber1","2021-08-08T09:26:31Z","ectofolk,lilith,neo mellow,pop rock,scottish singer-songwriter","0.664","0.936","4","-5.158","0","0.094","0.322","0.00000104","0.19","0.803","105.569","4","","Relentless/Virgin","C © 2007 Universal Music Operations Limited, P ℗ 2007 Universal Music Operations Limited"
"spotify:track:6nHqns54LRqDNjeqKDF3v8","Glad You Came","spotify:artist:2NhdGz9EDv2FeUw6udu2g1","The Wanted","spotify:album:1ZdpJmpbaY2tMseayf4tVL","Battleground","spotify:artist:2NhdGz9EDv2FeUw6udu2g1","The Wanted","2011-01-01","https://i.scdn.co/image/ab67616d0000b273b49216c081b8de8f0b5a78d4","1","1","197935","https://p.scdn.co/mp3-preview/cf4bff1624c8c72cb9f5e18bb240f6ac2491b464?cid=9950ac751e34487dbbe027c4fd7f8e99","false","0","GBUM71104495","spotify:user:bradnumber1","2021-08-08T09:26:31Z","boy band,dance pop,pop,post-teen pop","0.562","0.857","7","-3.926","0","0.0801","0.0383","0","0.11","0.539","126.883","4","","Universal Music Group","C © 2011 Global Talent Records Limited, under exclusive licence to Universal Island Records, a division of Universal Music Operations Limited, P ℗ 2011 Global Talent Records Limited, under exclusive licence to Universal Island Records, a division of Universal Music Operations Limited"
"spotify:track:1zSsGyYIwmuNyocvrHdt9r","Talk Like That","spotify:artist:1zTAQ6zkGz2L2i6lfR30EX","The Presets","spotify:album:5ramB76eNmvFlL1cJ8mw2s","Apocalypso","spotify:artist:1zTAQ6zkGz2L2i6lfR30EX","The Presets","2009-01-01","https://i.scdn.co/image/ab67616d0000b2733318282bfa1b2c5c7ed36274","1","6","221066","https://p.scdn.co/mp3-preview/6cbfad2f14ce1da85fe7c4c7446c5aaecf8a0024?cid=9950ac751e34487dbbe027c4fd7f8e99","false","0","AUUM70800157","spotify:user:bradnumber1","2021-08-08T09:26:31Z","alternative dance,australian dance,australian indie","0.573","0.941","6","-3.46","0","0.0315","0.0013","0.0000406","0.18","0.864","135.017","4","","Modular","C © 2009 Modular Recordings, P ℗ 2009 Modular Recordings"
"spotify:track:4dASQiO1Eoo3RJvt74FtXB","Sucker for Pain (with Wiz Khalifa, Imagine Dragons, Logic & Ty Dolla $ign feat. X Ambassadors)","spotify:artist:55Aa2cqylxrFIXC767Z865, spotify:artist:137W8MRPWKqSmrBGDBFSop, spotify:artist:53XhwfbYqKCa1cC15pYq2q, spotify:artist:3NPpFNZtSTHheNBaWC82rB, spotify:artist:4xRYI6VqpkE3UwrDrAZL8L, spotify:artist:7c0XG5cIJTrrAgEC3ULPiq","Lil Wayne, Wiz Khalifa, Imagine Dragons, X Ambassadors, Logic, Ty Dolla $ign","spotify:album:704GHNtZhEe9TBgleCNNGv","Sucker for Pain (with Logic & Ty Dolla $ign feat. X Ambassadors)","spotify:artist:55Aa2cqylxrFIXC767Z865, spotify:artist:137W8MRPWKqSmrBGDBFSop, spotify:artist:53XhwfbYqKCa1cC15pYq2q","Lil Wayne, Wiz Khalifa, Imagine Dragons","2016-06-24","https://i.scdn.co/image/ab67616d0000b2737d8dfcfd507069d7f2062caf","1","1","243490","https://p.scdn.co/mp3-preview/b606811412cc3e1a52fc34c44d7bebe633efc1b9?cid=9950ac751e34487dbbe027c4fd7f8e99","true","74","USAT21601893","spotify:user:bradnumber1","2021-08-08T09:26:31Z","hip hop,new orleans rap,pop rap,rap,trap,hip hop,pittsburgh rap,pop rap,rap,southern hip hop,trap,modern rock,pop,rock,modern alternative rock,modern rock,stomp pop,conscious hip hop,hip hop,pop rap,rap,hip hop,pop rap,r&b,southern hip hop,trap,trap soul","0.502","0.786","9","-4.378","0","0.317","0.255","0","0.65","0.739","169.021","4","","Atlantic Records","C © 2016 Atlantic Recording Corporation & Warner Bros. Entertainment Inc., P ℗ 2016 Atlantic Recording Corporation & Warner Bros. Entertainment Inc."
"spotify:track:6trzHhvr6xqYJkNnbWwXz2","We're Going To Ibiza!","spotify:artist:0cwmNvclzPd8mQnoHuIksj","Vengaboys","spotify:album:2hy9sLDt7IVAvJRGVdzZnx","The Party Album!","spotify:artist:0cwmNvclzPd8mQnoHuIksj","Vengaboys","1999-06-04","https://i.scdn.co/image/ab67616d0000b27350fcab12b2e2e0ee0019ac53","1","5","217539","https://p.scdn.co/mp3-preview/6e365faabfceec5a9afc91f171092a2acbc268e0?cid=9950ac751e34487dbbe027c4fd7f8e99","false","61","NLC529811170","spotify:user:bradnumber1","2023-11-28T13:22:32Z","eurodance,europop","0.786","0.876","1","-4.899","1","0.0362","0.0114","0.000784","0.0796","0.966","103.983","4","","Universal Music, a division of Universal International Music BV","C © 1999 Violent Music B.V., licensed to Universal Music, a division of Universal International Music B.V., P ℗ 1999 Universal International Music B.V."
"spotify:track:4LddAerqROEdlx1GF1bcVd","The Hippy Hippy Shake","spotify:artist:5gNduPlUGHsgy1w7f71obH","The Swinging Blue Jeans","spotify:album:3gcGSUiJx8zOB57o5IwGmj","The EMI Years: Best of the Swinging Blue Jeans","spotify:artist:5gNduPlUGHsgy1w7f71obH","The Swinging Blue Jeans","1992-05-18","https://i.scdn.co/image/ab67616d0000b273721b795fe613b36b18d1c90e","1","3","106066","https://p.scdn.co/mp3-preview/1128a42f089a4dabd45f1466cccc4fcd2943f35f?cid=9950ac751e34487dbbe027c4fd7f8e99","false","0","GBAYE6300043","spotify:user:bradnumber1","2021-08-08T09:26:31Z","british invasion,merseybeat","0.551","0.686","4","-11.969","1","0.0536","0.346","0","0.33","0.982","70.959","4","","Chrysalis Records","C 1992 Chrysalis Records Limited, P 1992 Chrysalis Records Limited"
"spotify:track:2OkTun2CrfoG8NX7aUJ6fR","Mama Didn't Lie","spotify:artist:4tPAbp9qF8nR9becfJGQCZ","Jan Bradley","spotify:album:56MGjaJPQjHkQiLgIkrj2s","Mama Didn't Lie","spotify:artist:4tPAbp9qF8nR9becfJGQCZ","Jan Bradley","2014-03-12","https://i.scdn.co/image/ab67616d0000b273ef6de1c14aee9cdc19318584","1","1","121312","https://p.scdn.co/mp3-preview/0a25a8c24359699ddfd20a16290e115b5c2d0b33?cid=9950ac751e34487dbbe027c4fd7f8e99","false","15","QMFME1412409","spotify:user:bradnumber1","2021-08-08T09:26:31Z","chicago soul","0.741","0.595","11","-7.24","1","0.0517","0.794","0.00000139","0.221","0.931","124.675","4","","Redwood Records","C (C) 2014 Entertain Me Europe LTD"
"spotify:track:0Gi17qCJh9e9RJxLaYkm9l","Dark Times","spotify:artist:1Xyo4u8uXC1ZmMpatF05PJ, spotify:artist:6eUKZXaKkcviH0Ku9w2n3V","The Weeknd, Ed Sheeran","spotify:album:28ZKQMoNBB0etKXZ97G2SN","Beauty Behind The Madness","spotify:artist:1Xyo4u8uXC1ZmMpatF05PJ","The Weeknd","2015-08-28","https://i.scdn.co/image/ab67616d0000b273aac98daa18e4edf54d7a0a70","1","12","260640","https://p.scdn.co/mp3-preview/d88d30260e39718b7904ea7adbdbefa3b4d28b81?cid=9950ac751e34487dbbe027c4fd7f8e99","true","0","USUG11500929","spotify:user:bradnumber1","2021-08-08T09:26:31Z","canadian contemporary r&b,canadian pop,pop,pop,singer-songwriter pop,uk pop","0.585","0.421","7","-9.593","1","0.0707","0.106","0.00000954","0.14","0.24","132.986","3","","Universal Music Group","C © 2015 The Weeknd XO, Inc., Manufactured and Marketed by Republic Records, a Division of UMG Recordings, Inc., P ℗ 2015 The Weeknd XO, Inc., Manufactured and Marketed by Republic Records, a Division of UMG Recordings, Inc."
"spotify:track:64ZMsONgsN2YTF3OaCqbt9","Rocksteady","spotify:artist:32okPFmVcEJ9DiKLRqFVMr","Slip-On Stereo","spotify:album:2ou3Nau5RxsJ4N8rOedDdb","Rocksteady","spotify:artist:32okPFmVcEJ9DiKLRqFVMr","Slip-On Stereo","2015-01-27","https://i.scdn.co/image/ab67616d0000b2735de1e721ff06b876d9dfa084","1","1","204478","https://p.scdn.co/mp3-preview/256693a02add7ff490de3fd884c79f04cec7d77e?cid=9950ac751e34487dbbe027c4fd7f8e99","false","1","uscgh1516674","spotify:user:bradnumber1","2021-08-08T09:26:31Z","australian indigenous music","0.806","0.717","6","-5.089","1","0.0498","0.00319","0","0.107","0.892","100.03","4","","Slip On Stereo","C 2015 Slip On Stereo, P 2015 Slip On Stereo"
"spotify:track:6gVcCug2JayEzj2FvGTTch","The Animal Song","spotify:artist:3NRFinRTEqUCfaTTZmk8ek","Savage Garden","spotify:album:3gMHTmJc4Wk3OhDDjNiDWF","The Singles","spotify:artist:3NRFinRTEqUCfaTTZmk8ek","Savage Garden","2015-06-12","https://i.scdn.co/image/ab67616d0000b2738b4de2671f8629427712ccdc","1","9","280947","https://p.scdn.co/mp3-preview/1f8dfea7df0dcb8d27ea554250fb8857e1f5780b?cid=9950ac751e34487dbbe027c4fd7f8e99","false","0","AURQ09900171","spotify:user:bradnumber1","2021-08-08T09:26:31Z","boy band,dance pop,pop rock","0.656","0.637","6","-8.728","1","0.0372","0.0757","0.00000174","0.0778","0.839","116.08","4","","Universal Music Australia Pty. Ltd.","C © 2015 JWM Pty Ltd, P ℗ 2015 JWM Pty Ltd, Manufactured and distributed by Universal Music Australia Pty Ltd."
"spotify:track:1viauTfFqDTTRTRv8QBbeh","Think About Tomorrow Today","spotify:artist:0Yk7KdGevnSCqZgg9K8n6b","The Master's Apprentices","spotify:album:7mBGrObxUKfcqjU9aClgZa","Greatest Hits","spotify:artist:0Yk7KdGevnSCqZgg9K8n6b","The Master's Apprentices","1995-01-01","https://i.scdn.co/image/ab67616d0000b273c27ad1915dbdc4ceb06aa42a","1","11","202840","https://p.scdn.co/mp3-preview/3b4c5093befafb5cdc9b26c049e7f384ce3d8419?cid=9950ac751e34487dbbe027c4fd7f8e99","false","6","AUEM00700081","spotify:user:bradnumber1","2021-08-08T09:26:31Z","australian rock","0.346","0.828","9","-4.514","1","0.0617","0.682","0.0259","0.324","0.597","135.836","4","","EMI Music Australia","C © 1995 EMI Recorded Music Australia Pty Ltd., P ℗ 1995 EMI Recorded Music Australia Pty Ltd."
"spotify:track:3eRsSIhorhBnLrsy2uhM8r","Whatta Man","spotify:artist:7wqtxqI3eo7Gn1P7SpP6cQ, spotify:artist:5fikk4h5qbEebqK2Fc6e48","Salt-N-Pepa, En Vogue","spotify:album:5NcKbAFzrAJ71Pq2y4QGNC","Very Necessary","spotify:artist:7wqtxqI3eo7Gn1P7SpP6cQ","Salt-N-Pepa","1993-10-12","https://i.scdn.co/image/ab67616d0000b2730cd991c8eb380b58a5b19341","1","4","308360","https://p.scdn.co/mp3-preview/818f31f22df61703d4798e9cd9a29933ef29cdbd?cid=9950ac751e34487dbbe027c4fd7f8e99","false","0","USIR20300399","spotify:user:bradnumber1","2021-08-08T09:26:31Z","girl group,golden age hip hop,hip hop,hip pop,old school hip hop,queens hip hop,contemporary r&b,girl group,hip pop,new jack swing,r&b,urban contemporary","0.753","0.545","2","-10.685","0","0.21","0.162","0.000047","0.241","0.917","173.227","4","","Universal Music Group","C © 1993 The Island Def Jam Music Group, P ℗ 1993 The Island Def Jam Music Group"
"spotify:track:2VpdG2QLhVv6qAPdDt9Ipr","Lambada - Original Radio Edit","spotify:artist:1LsXqDdYVyONhrjAORENbu","Kaoma","spotify:album:3RWIENzO8frYhajwCHl7SL","World Beat","spotify:artist:1LsXqDdYVyONhrjAORENbu","Kaoma","1989","https://i.scdn.co/image/ab67616d0000b2736369dbebc592ecad70b7f7d5","1","1","208840","https://p.scdn.co/mp3-preview/b67caf049ad3f0470d6b7a84b273d1fa33f3661f?cid=9950ac751e34487dbbe027c4fd7f8e99","false","54","FR6V80939969","spotify:user:bradnumber1","2021-08-08T09:26:31Z","zouk","0.753","0.588","5","-12.454","1","0.0331","0.228","0.00103","0.0449","0.97","118.915","4","","Lambada","C 1989 KP&P – Lambada, P 1989 KP&P – Lambada"
"spotify:track:4DHcnVTT87F0zZhRPYmZ3B","Flowers","spotify:artist:5YGY8feqx7naU7z4HrwZM6","Miley Cyrus","spotify:album:0HiZ8fNXwJOQcrf5iflrdz","Endless Summer Vacation","spotify:artist:5YGY8feqx7naU7z4HrwZM6","Miley Cyrus","2023-03-10","https://i.scdn.co/image/ab67616d0000b27358039b5147731b6e52202e46","1","1","200600","https://p.scdn.co/mp3-preview/5184d19d1b7fcc3e7c067e38af45a7cc80851440?cid=9950ac751e34487dbbe027c4fd7f8e99","false","12","USSM12209777","spotify:user:bradnumber1","2023-05-07T12:01:13Z","pop","0.706","0.691","0","-4.775","1","0.0633","0.0584","0.0000699","0.0232","0.632","118.048","4","","Columbia","P (P) 2023 Smiley Miley, Inc. under exclusive license to Columbia Records, a Division of Sony Music Entertainment"
"spotify:track:2QVHmiFTjFsHyxONRdbkcq","How Do You Talk To An Angel?","spotify:artist:3VvCoGaJ64OBTnhiqta7XL","The Heights","spotify:album:1aF9JPXdMLYIBOSDbPYdBD","The Heights","spotify:artist:3VvCoGaJ64OBTnhiqta7XL","The Heights","1992-01-01","https://i.scdn.co/image/ab67616d0000b2738c0c73bc9a116afeed80d3ed","1","4","227266","https://p.scdn.co/mp3-preview/35db2fea52c1dc99e59086eb1077c4b73b0211e4?cid=9950ac751e34487dbbe027c4fd7f8e99","false","46","USCA29200234","spotify:user:bradnumber1","2021-08-08T09:26:31Z","","0.404","0.51","9","-11.353","1","0.0321","0.281","0.00000632","0.0789","0.526","80.643","4","","Capitol Records","C © 1992 Capitol Records Inc., P ℗ 1992 Capitol Records Inc."
"spotify:track:0XSqEI5S1PGOiDWkr2mGbl","Child's Play","spotify:artist:45NevEaV0GyRopWoADDPr2","Sherbet","spotify:album:2jmqR9W54z9VIZN4qAQv1Y","Anthology","spotify:artist:45NevEaV0GyRopWoADDPr2","Sherbet","2008-10-11","https://i.scdn.co/image/ab67616d0000b273d3f56b11a56d0b0f192da1a7","1","16","198613","https://p.scdn.co/mp3-preview/4b2edb34896a39ab490d196f130af9e44396a2ac?cid=9950ac751e34487dbbe027c4fd7f8e99","false","0","AULI00621370","spotify:user:bradnumber1","2021-08-08T09:26:31Z","australian rock","0.608","0.751","7","-7.832","1","0.0408","0.0779","0.00143","0.321","0.59","124.028","4","","Bloodlines","C 2008 Bloodlines, P 2008 Bloodlines"
"spotify:track:5DDpX8eMjCCvVGu5sboZs1","Uptight Downtown","spotify:artist:3K2zB87GZv1krx031en5VA","La Roux","spotify:album:5iLwH8imGCQvvGQuAvp0vr","Trouble In Paradise","spotify:artist:3K2zB87GZv1krx031en5VA","La Roux","2014-01-01","https://i.scdn.co/image/ab67616d0000b2737407960dce25dbbe8b40d1e9","1","1","262000","https://p.scdn.co/mp3-preview/6383ddbd9ec2960e8086a6b4f3cfae79a47a8cba?cid=9950ac751e34487dbbe027c4fd7f8e99","false","0","GBUM71402150","spotify:user:bradnumber1","2021-08-08T09:26:31Z","alternative dance,electropop,indietronica,neo-synthpop","0.752","0.731","0","-7.884","1","0.028","0.00138","0.00851","0.208","0.961","123.217","4","","Universal Music Group","C © 2014 Polydor Ltd. (UK), P ℗ 2014 Polydor Ltd. (UK)"
"spotify:track:3ICdPHubhqTJ4Lm9NEb2W3","She","spotify:artist:6eUKZXaKkcviH0Ku9w2n3V","Ed Sheeran","spotify:album:2hyDesSAYNefikDJXlqhPE","5","spotify:artist:6eUKZXaKkcviH0Ku9w2n3V","Ed Sheeran","2014-06-20","https://i.scdn.co/image/ab67616d0000b2732fec3ad10ab2f3a637e7a127","3","5","244653","https://p.scdn.co/mp3-preview/97c9405ff306d4f75b3702a5a1f5fd13ec2bfa7b?cid=9950ac751e34487dbbe027c4fd7f8e99","false","40","GB6S41000012","spotify:user:bradnumber1","2021-08-08T09:26:31Z","pop,singer-songwriter pop,uk pop","0.573","0.344","9","-10.91","1","0.0361","0.811","0","0.13","0.377","157.783","3","","Gingerbread Man Records","C © 2014 Warner Music UK LImited, P ℗ 2014 Warner Music UK LImited"
"spotify:track:3hQ9KSM719y8RnkXpUius8","Would You Lay With Me (In A Field Of Stone)","spotify:artist:2mHjbkUsmvclGtpjr5t00u","Judy Stone","spotify:album:0HohjkVPFOOuys8JoKGE9q","Aussie Country","spotify:artist:0LyfQWJT6nXafLPZqxe9Of","Various Artists","2016-11-01","https://i.scdn.co/image/ab67616d0000b27314097743377735e9f3739dc4","1","6","216333","https://p.scdn.co/mp3-preview/3487bd3cd9dd8c66bdfb3fa500844a055f90e5b2?cid=9950ac751e34487dbbe027c4fd7f8e99","false","0","AUV401434349","spotify:user:bradnumber1","2021-08-08T09:26:31Z","classic australian country","0.367","0.674","10","-9.252","1","0.043","0.385","0.00063","0.104","0.73","168.021","4","","The Music Factory","P 2016 V&H Holdings Pty Ltd"
"spotify:track:6RJK553YhstRzyKA4mug09","The Letter","spotify:artist:3KGQvnOoqUHi3KxKQMZtXr","The Box Tops","spotify:album:08mPxuP35Db56jUUgRvGFs","The Letter/Neon Rainbow","spotify:artist:3KGQvnOoqUHi3KxKQMZtXr","The Box Tops","1967","https://i.scdn.co/image/ab67616d0000b2735f4604aff952dc7b0a8e511e","1","1","112800","https://p.scdn.co/mp3-preview/44939f2cbd7bd56f11ab82d22ec6cf560654e28d?cid=9950ac751e34487dbbe027c4fd7f8e99","false","72","USAR17200009","spotify:user:bradnumber1","2021-08-08T09:26:31Z","bubblegum pop,classic garage rock,folk rock,merseybeat,psychedelic rock,rock-and-roll","0.638","0.428","9","-12.156","0","0.0687","0.252","0","0.132","0.901","139.434","4","","Arista/Legacy","P (P) 2000 Sundazed Music Inc."
"spotify:track:2AceGjiX9isUbXmMZa0Dl1","Floating Through Space","spotify:artist:5WUlDfRSoLAfcVSX1WnrxN, spotify:artist:1Cs0zKBU1kc0i8ypK3B9ai","Sia, David Guetta","spotify:album:0BE9HxEf6RRDyni3SSvM6t","Floating Through Space","spotify:artist:5WUlDfRSoLAfcVSX1WnrxN, spotify:artist:1Cs0zKBU1kc0i8ypK3B9ai","Sia, David Guetta","2021-02-04","https://i.scdn.co/image/ab67616d0000b2739ad7b6d6069896719edfbf58","1","1","177800","https://p.scdn.co/mp3-preview/31957e13c9e7b33cc12b9c30bef0c8e8d5d1e40a?cid=9950ac751e34487dbbe027c4fd7f8e99","false","54","USAT22007180","spotify:user:bradnumber1","2021-08-08T09:26:31Z","pop,big room,dance pop,edm,pop,pop dance","0.575","0.844","6","-4.89","0","0.072","0.00172","0","0.114","0.277","104.914","4","","Monkey Puzzle/Atlantic","C under exclusive license to Atlantic Recording Corporation for the United States and WEA International for the world outside of the United States., © 2021 Monkey Puzzle Music, Inc., P under exclusive license to Atlantic Recording Corporation for the United States and WEA International for the world outside of the United States., ℗ 2021 Monkey Puzzle Music, Inc."
"spotify:track:0SxFyA4FqmEQqZVuAlg8lf","The First Time Ever I Saw Your Face","spotify:artist:0W498bDDNlJIrYMKXdpLHA","Roberta Flack","spotify:album:2ARWEOvaUgm4FSj25MpY6F","First Take","spotify:artist:0W498bDDNlJIrYMKXdpLHA","Roberta Flack","1969","https://i.scdn.co/image/ab67616d0000b273685f8851f3be611c386c7cc0","1","6","260666","https://p.scdn.co/mp3-preview/8bf2a77413b80565b79b10d1f212e434cfd2af1f?cid=9950ac751e34487dbbe027c4fd7f8e99","false","58","USAT20107944","spotify:user:bradnumber1","2021-08-08T09:26:31Z","adult standards,classic soul,disco,quiet storm,soft rock,soul,vocal jazz","0.311","0.0264","0","-21.644","1","0.037","0.731","0.00205","0.156","0.139","120.653","4","","Atlantic Records","C © 1995 Atlantic Record Corporation for the United States and WEA International Inc. for the world outside of the United States, P ℗ 1995 Atlantic Recording Corporation for the United States and WEA International Inc. for the world outside of the United States."
"spotify:track:53haw5BnbMjfQ7zLXK8OSN","Sarah","spotify:artist:3yW6jTzGjHUUkLvLkjLOVn","Eskimo Joe","spotify:album:4PXy3cBCNeY0ZVKTOGi9Cw","Black Fingernails, Red Wine","spotify:artist:3yW6jTzGjHUUkLvLkjLOVn","Eskimo Joe","2006-06-10","https://i.scdn.co/image/ab67616d0000b27394e91cb353f83a901f97c6d6","1","7","209413","https://p.scdn.co/mp3-preview/de7dffa643f9b99f107de84917896ae23accf069?cid=9950ac751e34487dbbe027c4fd7f8e99","false","37","AUWA00601150","spotify:user:bradnumber1","2021-08-08T09:26:31Z","australian alternative rock,australian rock,perth indie","0.632","0.846","8","-4.03","0","0.0498","0.0337","0.00000861","0.153","0.502","130.044","4","","WM Australia","C © 2006 Mushroom Records Pty Limited, P ℗ 2006 Mushroom Records Pty Limited"
"spotify:track:2ONRkpOJ6X91GMXMthtT0M","Ride It - Jonas Blue Remix","spotify:artist:4ofCBoyEiGSePFAG500xev, spotify:artist:1HBjj22wzbscIZ9sEb5dyf","Regard, Jonas Blue","spotify:album:6DPGJNJf9crOOe2pyRjF6S","Ride It (Jonas Blue Remix)","spotify:artist:4ofCBoyEiGSePFAG500xev, spotify:artist:1HBjj22wzbscIZ9sEb5dyf","Regard, Jonas Blue","2019-11-01","https://i.scdn.co/image/ab67616d0000b2731c9a96f6bcd340434a77f61c","1","1","182400","https://p.scdn.co/mp3-preview/9ca080d50c84816dc3350351b4fe06b763dfab25?cid=9950ac751e34487dbbe027c4fd7f8e99","false","57","GBCEN1900080","spotify:user:bradnumber1","2021-08-08T09:26:31Z","pop dance,pop edm,slap house,uk dance,pop,pop dance,tropical house,uk dance","0.689","0.946","7","-3.814","0","0.0397","0.00658","0.00189","0.262","0.392","125.037","4","","Ministry of Sound Recordings","P (P) 2019 Ministry of Sound Recordings Limited"
"spotify:track:6OEolOOk9Gh9bqkdpfIOl0","Ridin' Solo","spotify:artist:07YZf4WDAMNwqr4jfgOZ8y","Jason Derulo","spotify:album:0DEsmIQ5ir7tz52Nkf4i1K","Jason Derulo (International)","spotify:artist:07YZf4WDAMNwqr4jfgOZ8y","Jason Derulo","2010-02-26","https://i.scdn.co/image/ab67616d0000b273293e8055dd8814fcdf4742f7","1","2","215746","https://p.scdn.co/mp3-preview/11c9df3536cef3c826b018fdf1025d0d5bf2b7fd?cid=9950ac751e34487dbbe027c4fd7f8e99","false","63","USWB10905329","spotify:user:bradnumber1","2021-08-08T09:26:31Z","dance pop,pop","0.442","0.83","9","-4.02","1","0.146","0.128","0","0.129","0.578","89.338","4","","Beluga Heights/Warner Records","C © 2010 Warner Records Inc., P ℗ 2010 Warner Records Inc."
"spotify:track:1DFD5Fotzgn6yYXkYsKiGs","Piece Of Your Heart","spotify:artist:0xRXCcSX89eobfrshSVdyu, spotify:artist:2nm38smINjms1LtczR0Cei","MEDUZA, Goodboys","spotify:album:0cqRGWD3uc5Lggpducn5nD","Piece Of Your Heart","spotify:artist:0xRXCcSX89eobfrshSVdyu, spotify:artist:2nm38smINjms1LtczR0Cei","MEDUZA, Goodboys","2019-02-01","https://i.scdn.co/image/ab67616d0000b273ead13021d0f2957958081f28","1","1","152913","https://p.scdn.co/mp3-preview/2fdaf3e3a10c4e2afe40928fbf27f6c207736636?cid=9950ac751e34487dbbe027c4fd7f8e99","false","67","DEUM71807719","spotify:user:bradnumber1","2021-08-08T09:26:31Z","edm,pop dance,pop house,uk dance,pop dance,uk dance","0.677","0.744","10","-6.806","0","0.0295","0.0404","0.00016","0.074","0.631","124.08","4","","Virgin","C © 2019 Meduza, under exclusive license to Universal Music GmbH, P ℗ 2019 Meduza, under exclusive license to Universal Music GmbH"
"spotify:track:1yyvZbzPQzRx8OqEuUsRin","I'm The Leader Of The Gang (I Am)","spotify:artist:61zv3hX7l838ZyhaDyAx8S","Gary Glitter","spotify:album:6Ck7kqCXreu6gH9CgdsFLO","Glitter","spotify:artist:61zv3hX7l838ZyhaDyAx8S","Gary Glitter","1973","https://i.scdn.co/image/ab67616d0000b27320a1f5b13c13e633c1b4f37e","1","13","208626","https://p.scdn.co/mp3-preview/c71e49b3ace58174855122feaa20a082edd83778?cid=9950ac751e34487dbbe027c4fd7f8e99","false","33","GBCQV7200003","spotify:user:bradnumber1","2021-08-08T09:26:31Z","","0.249","0.939","2","-9.152","1","0.259","0.000123","0.00000424","0.214","0.233","156.994","4","","Snapper Music","C (C) 2009 Snapper Music, P (P) 1973 Snapper Music"
"spotify:track:08fMRujpKhEDTanKN9l2ud","Another Chance","spotify:artist:1HT9k1ZSUL9IczSstOAgWJ","Roger Sanchez","spotify:album:6qu9ns8pdYAWJphzLszkny","First Contact","spotify:artist:1HT9k1ZSUL9IczSstOAgWJ","Roger Sanchez","2000-07-23","https://i.scdn.co/image/ab67616d0000b273b986d179cf5150857a2fdef5","1","3","452906","https://p.scdn.co/mp3-preview/9f9088285fd17d941a04e9a69bea84551e22bbd3?cid=9950ac751e34487dbbe027c4fd7f8e99","false","46","GBCPZ0100350","spotify:user:bradnumber1","2021-08-08T09:26:31Z","disco house,diva house,tribal house","0.61","0.82","3","-10.029","1","0.0312","0.000211","0.146","0.138","0.45","127.993","4","","Sine Direct Signings","C (P) 2001 Sony Music Entertainment (UK) Ltd."
"spotify:track:3RsDFwMBisZYziyJS9s6pc","Daylight (feat. Travis McCoy)","spotify:artist:3AuMNF8rQAKOzjYppFNAoB, spotify:artist:46voK5iyMXDdkDpxDgfj2B","Kelly Rowland, Travis McCoy","spotify:album:6mwFFBME5LCvDKyD9B0jZt","Ms. Kelly: Deluxe Edition","spotify:artist:3AuMNF8rQAKOzjYppFNAoB","Kelly Rowland","2007","https://i.scdn.co/image/ab67616d0000b273d843f1649dbd644a5610f722","1","2","209760","https://p.scdn.co/mp3-preview/ee617b51f5c11d32c046fd76bd3c82acfdcfbaeb?cid=9950ac751e34487dbbe027c4fd7f8e99","false","18","USSM10705163","spotify:user:bradnumber1","2021-08-08T09:26:31Z","atl hip hop,dance pop,hip pop,r&b,urban contemporary","0.697","0.926","11","-4.16","0","0.0991","0.036","0","0.0971","0.879","102.988","4","","Music World Music/Columbia","P (P) 2006, 2007, 2008 Sony Music Entertainment"
"spotify:track:2p6zmKJRv7dXShA1Sq4rqF","20 Miles","spotify:artist:0lmRxVVpx9hSmeQv9jGYYR","Ray Brown And The Whispers","spotify:album:7eZzdwhXvWOmGGe3C2SpPF","Miles Of Hits","spotify:artist:0lmRxVVpx9hSmeQv9jGYYR","Ray Brown And The Whispers","1988","https://i.scdn.co/image/ab67616d0000b27321c645d42f6e5681a523a966","1","1","137560","https://p.scdn.co/mp3-preview/e67a587063dea6f81b7be498e5571610912f63d5?cid=9950ac751e34487dbbe027c4fd7f8e99","false","21","AUFE06500002","spotify:user:bradnumber1","2021-08-08T09:26:31Z","","0.6","0.637","8","-11.011","1","0.0302","0.202","0","0.025","0.974","129.699","4","","WM Australia","C © 1988 Festival Records, P ℗ 1988 Festival Records"
"spotify:track:6rPO02ozF3bM7NnOV4h6s2","Despacito - Remix","spotify:artist:4V8Sr092TqfHkfAA5fXXqG, spotify:artist:4VMYDCV2IEDYJArk749S6m, spotify:artist:1uNFoZAHBGtllmzznpCI3s","Luis Fonsi, Daddy Yankee, Justin Bieber","spotify:album:3Gq2Dme9nesdgoqNNlcN8O","Despacito Feat. Justin Bieber (Remix)","spotify:artist:4V8Sr092TqfHkfAA5fXXqG, spotify:artist:4VMYDCV2IEDYJArk749S6m","Luis Fonsi, Daddy Yankee","2017-04-17","https://i.scdn.co/image/ab67616d0000b273a6a335d613d151c626895a83","1","1","228826","https://p.scdn.co/mp3-preview/c590292029e985515f7063e8d5d291d677694eb9?cid=9950ac751e34487dbbe027c4fd7f8e99","false","69","USUM71703825","spotify:user:bradnumber1","2021-08-08T09:26:31Z","latin pop,puerto rican pop,latin hip hop,reggaeton,trap latino,urbano latino,canadian pop,pop","0.653","0.816","2","-4.353","1","0.167","0.228","0","0.0967","0.816","178.085","4","","Republic/UMLE","C © 2017 Universal Music Latin Entertainment, under exclusive license to Republic Records (RBMG/Def Jam Recordings), P ℗ 2017 Universal Music Latin Entertainment, under exclusive license to Republic Records (RBMG/Def Jam Recordings)"
"spotify:track:4OwJLlshqNeVMp4AHESHkO","Looking Through the Eyes of a Beautiful Girl","spotify:artist:7nb3bQbrTAzmdR2NUKRVZ0","Autumn","spotify:album:0bXEnjUQjdusL60V3hy8VR","Song to Raymondo","spotify:artist:7nb3bQbrTAzmdR2NUKRVZ0","Autumn","1971","https://i.scdn.co/image/ab67616d0000b273696380b413d8af19bd7c46e7","1","4","198533","https://p.scdn.co/mp3-preview/c539cdf411fb1fce0ca4050f885776759a5eaef5?cid=9950ac751e34487dbbe027c4fd7f8e99","false","0","AULB41300006","spotify:user:bradnumber1","2021-08-08T09:26:31Z","","0.675","0.92","0","-7.076","1","0.0315","0.436","0.00000325","0.347","0.967","121.116","4","","Southern Cross Music Pty Limited","C 1971 Chart Records, P 1971 Chart Records"
"spotify:track:6NPVjNh8Jhru9xOmyQigds","Happy","spotify:artist:2RdwBSPQiwcmiDo9kixcl8","Pharrell Williams","spotify:album:5l3zEmMrOhOzG8d8s83GOL","Despicable Me 2 (Original Motion Picture Soundtrack)","spotify:artist:0LyfQWJT6nXafLPZqxe9Of","Various Artists","2013-06-18","https://i.scdn.co/image/ab67616d0000b27399140a62d43aec760f6172a2","1","4","233305","https://p.scdn.co/mp3-preview/5e0c8e5d899dea532d697fb20a851450e9614cfc?cid=9950ac751e34487dbbe027c4fd7f8e99","false","2","USQ4E1300686","spotify:user:bradnumber1","2021-08-08T09:26:31Z","dance pop,pop","0.652","0.757","1","-6.819","1","0.153","0.286","0","0.0886","0.962","159.911","4","","Back Lot Music","C 2013 Back Lot Music, P 2013 Back Lot Music"
"spotify:track:4IyDlKobNAzDkl6USG7rO2","Drive","spotify:artist:3YcBF2ttyueytpXtEzn1Za","Incubus","spotify:album:2Khc1QMbYbStcXLlHZ6gMz","Monuments And Melodies","spotify:artist:3YcBF2ttyueytpXtEzn1Za","Incubus","2009-06-11","https://i.scdn.co/image/ab67616d0000b273fa96578dd1caff14e356ba69","1","2","232760","https://p.scdn.co/mp3-preview/7948a397a8d6e2e9d37ea4827235fbe254463b66?cid=9950ac751e34487dbbe027c4fd7f8e99","false","0","USSM19911007","spotify:user:bradnumber1","2021-08-08T09:26:31Z","alternative metal,alternative rock,funk metal,funk rock,modern rock,nu metal,post-grunge,rock","0.645","0.835","4","-5.975","0","0.0372","0.0597","0.0139","0.158","0.661","90.56","4","","Epic/Immortal","C (P) 2009 Sony Music Entertainment"
"spotify:track:6mFkJmJqdDVQ1REhVfGgd1","Wish You Were Here","spotify:artist:0k17h0D3J5VfsdmQ1iZtE9","Pink Floyd","spotify:album:0bCAjiUamIFqKJsekOYuRw","Wish You Were Here","spotify:artist:0k17h0D3J5VfsdmQ1iZtE9","Pink Floyd","1975-09-12","https://i.scdn.co/image/ab67616d0000b2731a84d71391df7469c5ab8539","1","4","334743","https://p.scdn.co/mp3-preview/e3d046771206da9115d0a619ede2210b610dc9f0?cid=9950ac751e34487dbbe027c4fd7f8e99","false","73","GBN9Y1100088","spotify:user:bradnumber1","2021-08-08T09:26:31Z","album rock,art rock,classic rock,progressive rock,psychedelic rock,rock,symphonic rock","0.481","0.262","7","-15.73","1","0.0414","0.735","0.0114","0.832","0.375","122.861","4","","Pink Floyd Records","P (P) 2016 The copyright in this sound recording is owned by Pink Floyd Music Ltd., marketed and distributed by Sony Music Entertainment"
"spotify:track:5YuXb6weZi7qAaylFiiSpI","Zorba's Dance - Radio Edit","spotify:artist:4lt3B5bsS8d1cfk49gkn9r","LCD","spotify:album:7DsOKkcNUQBdiP0HaV2PxN","Zorba's Dance","spotify:artist:4lt3B5bsS8d1cfk49gkn9r","LCD","2008-10-06","https://i.scdn.co/image/ab67616d0000b273cf0d4c0b62307087756ac907","1","1","179666","https://p.scdn.co/mp3-preview/976d4297a14dc7e13afb3601f52ee8e8e5583906?cid=9950ac751e34487dbbe027c4fd7f8e99","false","28","GBEXG0810002","spotify:user:bradnumber1","2021-08-08T09:26:31Z","","0.674","0.9","5","-6.701","1","0.0612","0.0595","0.874","0.0965","0.673","165.903","4","","Square Biz Records Ltd","C (C) 2008 Sujiro Productions Ltd, P (P) 2008 Square Biz Records Ltd"
"spotify:track:0NSeXLBOh16zjbENkAu0P6","Black Dog - 1990 Remaster","spotify:artist:36QJpDe2go2KgaRleHCDTp","Led Zeppelin","spotify:album:1Ugdi2OTxKopVVqsprp5pb","Led Zeppelin IV","spotify:artist:36QJpDe2go2KgaRleHCDTp","Led Zeppelin","1971-11-08","https://i.scdn.co/image/ab67616d0000b273cd25ce73e3eddeedb995fcee","1","1","294000","https://p.scdn.co/mp3-preview/78dd352fdbe8d2a867b72c5a71ac44ef6a462ab4?cid=9950ac751e34487dbbe027c4fd7f8e99","false","0","USAT29900608","spotify:user:bradnumber1","2021-08-08T09:26:31Z","album rock,classic rock,hard rock,rock","0.432","0.848","4","-8.095","0","0.0878","0.274","0.0344","0.233","0.743","81.201","4","","Rhino Atlantic","C © 1971 Swan Song Inc., P ℗ 1971 Atlantic Recording Corp., a Warner Music Group company"
"spotify:track:4IDfVjI1TlB1UwlC01T4Bm","Decode - Twilight Soundtrack Version","spotify:artist:74XFHRwlV6OrjEM0A2NCMF","Paramore","spotify:album:3CaQTJU2Cpx7GXTgenmb2r","Brand New Eyes","spotify:artist:74XFHRwlV6OrjEM0A2NCMF","Paramore","2009-09-22","https://i.scdn.co/image/ab67616d0000b273b9abbedc516dd297039977bd","1","12","261959","https://p.scdn.co/mp3-preview/da276bb82ad6800f85b825b6f901b29d340f3cdc?cid=9950ac751e34487dbbe027c4fd7f8e99","false","60","USAT20804057","spotify:user:bradnumber1","2021-08-08T09:26:31Z","candy pop,modern rock,pixie,pop,pop emo,pop punk,rock","0.282","0.866","10","-4.223","0","0.0588","0.000705","0.0055","0.101","0.277","163.987","4","","Fueled By Ramen/Atlantic","C © 2009 Atlantic Recording Corporation for the United States and WEA International Inc. for the world outside of the United States., P ℗ 2009 Atlantic Recording Corporation for the United States and WEA International Inc. for the world outside of the United States."
"spotify:track:5E5S9we7D25v9Viz6fvBZL","Go Away Little Girl","spotify:artist:271pvVqDFiREx6PqzwOX8p","Steve Lawrence","spotify:album:0mMWnpu6exWueTy3vmvQtl","Go Away Little Girl","spotify:artist:271pvVqDFiREx6PqzwOX8p","Steve Lawrence","2014-03-12","https://i.scdn.co/image/ab67616d0000b273d661de031e8438ce563c7e32","1","1","136124","https://p.scdn.co/mp3-preview/18a72f8b41de07cb18fb05a4cc2737860969503c?cid=9950ac751e34487dbbe027c4fd7f8e99","false","1","QMFME1412441","spotify:user:bradnumber1","2021-08-08T09:26:31Z","adult standards,easy listening","0.399","0.307","0","-15.324","1","0.0347","0.733","0","0.118","0.67","108.028","4","","Redwood Records","C (C) 2014 Entertain Me Europe LTD"
"spotify:track:2uTGX4wxnRGS3i0FSOMGCQ","Three Times A Lady","spotify:artist:6twIAGnYuIT1pncMAsXnEm","Commodores","spotify:album:01xiIydpf1MyOg7DWDRF2N","Natural High","spotify:artist:6twIAGnYuIT1pncMAsXnEm","Commodores","1978-01-01","https://i.scdn.co/image/ab67616d0000b2731d1869ab51e0d5fb38efb83c","1","4","398506","https://p.scdn.co/mp3-preview/c24f1989ff8ff25e0eccf07cda3886a366f2da8a?cid=9950ac751e34487dbbe027c4fd7f8e99","false","52","USMO17800286","spotify:user:bradnumber1","2021-08-08T09:26:31Z","adult standards,disco,funk,mellow gold,motown,quiet storm,soft rock,soul","0.487","0.094","8","-19.555","1","0.0274","0.834","0.000224","0.172","0.0788","74.857","3","","Motown","C © 1978 Motown Records, a Division of UMG Recordings, Inc., P ℗ 1978 Motown Records, a Division of UMG Recordings, Inc."
"spotify:track:4vnYwFOZCVl0bmerWyuzRw","Country House","spotify:artist:7MhMgCo0Bl0Kukl93PZbYS","Blur","spotify:album:1bgkxe4t0HNeLn9rhrx79x","Blur: The Best Of","spotify:artist:7MhMgCo0Bl0Kukl93PZbYS","Blur","2000-10-23","https://i.scdn.co/image/ab67616d0000b27334cbf7013afccc7df67fa43f","1","13","237733","https://p.scdn.co/mp3-preview/3c0279fbcb88c9a43ab1bb9c939631b47bb15202?cid=9950ac751e34487dbbe027c4fd7f8e99","false","51","GBAYE9500168","spotify:user:bradnumber1","2021-08-08T09:26:31Z","alternative rock,britpop,madchester,permanent wave,rock","0.341","0.895","9","-6.66","1","0.076","0.147","0","0.0741","0.677","174.987","4","","Parlophone UK","C © 2000 Parlophone Records Ltd. This label copy information is the subject of copyright protection. All rights reserved. (C) 2000 Parlophone Records Ltd, P ℗ 2000 The copyright in this compilation is owned by Parlophone Records Ltd"
"spotify:track:4hTZNimQzSOpFI1NljSFEA","Ms. Jackson - Radio Mix","spotify:artist:1G9G7WwrXka3Z1r7aIDjI7","Outkast","spotify:album:0QhwxYDUougJiVDtyN4Lhm","R&B - 100 Hits - The Greatest R n B album - 100 R & B Classics featuring Usher, Pitbull and Justin Timberlake","spotify:artist:0LyfQWJT6nXafLPZqxe9Of","Various Artists","2013-06-24","https://i.scdn.co/image/ab67616d0000b2731c3fd856b637a87c675d2f29","1","50","238826","https://p.scdn.co/mp3-preview/3c729580d64b6d8b1ddfbfe1894a0ca9f7dc552a?cid=9950ac751e34487dbbe027c4fd7f8e99","false","33","USLF20000517","spotify:user:bradnumber1","2021-08-08T09:26:31Z","atl hip hop,dirty south rap,hip hop,old school atlanta hip hop,rap,southern hip hop","0.831","0.827","11","-4.008","0","0.274","0.194","0","0.0886","0.678","95.039","4","","Sony Music Entertainment","P (P) 2013 Sony Music Entertainment"
"spotify:track:6hmhG1b4LEyNuashVvuIAo","Never Forget You","spotify:artist:1Xylc3o4UrD53lo9CvFvVg, spotify:artist:7uMh23xWiuR7zsNkuNcm2G","Zara Larsson, MNEK","spotify:album:5YLRVHDVRw3QqWbeTGpC5B","So Good","spotify:artist:1Xylc3o4UrD53lo9CvFvVg","Zara Larsson","2017-03-17","https://i.scdn.co/image/ab67616d0000b2739e1683774b22648f4f178ed3","1","7","213427","https://p.scdn.co/mp3-preview/ee5474924adea2b97280f2000afdf50eda3f6e4d?cid=9950ac751e34487dbbe027c4fd7f8e99","false","70","SEWEE1500801","spotify:user:bradnumber1","2021-08-08T09:26:31Z","pop,scandipop,swedish electropop,swedish pop,house,pop dance,uk contemporary r&b,uk dance,uk pop","0.583","0.732","11","-5.729","0","0.0459","0.00315","0.00000957","0.269","0.277","146.005","4","","Epic/Record Company TEN","P (P) 2017 Record Company TEN, exclusively licensed by Epic Records, a division of Sony Music Entertainment"
"spotify:track:51AjDFaNRMWIOkn9PNCcpQ","Highway to Hell","spotify:artist:7D7R9UL0A4ngSASP5yW9ZQ","Back In Black","spotify:album:76VDwh1H6aDqirqL4y1ABx","Back in Black","spotify:artist:7D7R9UL0A4ngSASP5yW9ZQ","Back In Black","2012-06-14","https://i.scdn.co/image/ab67616d0000b2733ad5858333ae0ddaae61e5df","1","2","207797","https://p.scdn.co/mp3-preview/cd272e3c18cac4d81e702100dc9303db130cfa5b?cid=9950ac751e34487dbbe027c4fd7f8e99","false","32","AUUS00606437","spotify:user:bradnumber1","2021-08-08T09:26:31Z","britcore","0.463","0.874","4","-1.72","0","0.0923","0.00745","0.00000265","0.076","0.603","115.706","4","","Rachelle Productions","C 2012 Rachelle Productions"
"spotify:track:5QWQ9ChSbNDTSx1iZp961C","Wooden Heart","spotify:artist:43ZHCT0cAZBISjO8DG9PnE","Elvis Presley","spotify:album:0QVoYzGd1p8Z3ohEaM0lsc","Elvis 30 #1 Hits","spotify:artist:43ZHCT0cAZBISjO8DG9PnE","Elvis Presley","2002-09-24","https://i.scdn.co/image/ab67616d0000b273a0b8a1ce10fddbba6879262e","1","17","121600","https://p.scdn.co/mp3-preview/406f21825d9439d5e61eced616be2d5a46e783ad?cid=9950ac751e34487dbbe027c4fd7f8e99","false","42","USRC10200083","spotify:user:bradnumber1","2022-01-12T23:14:35Z","rock-and-roll,rockabilly","0.647","0.336","3","-8.517","1","0.0645","0.8","0","0.0719","0.905","164.249","4","","RCA Records Label","P This Compilation (P) 2002 Sony Music Entertainment"
"spotify:track:4QjrLPqpSYSlLV6mqELvVg","On the Rebound","spotify:artist:6DQ6mdEhxCgHPqfX1niZZK","Floyd Cramer","spotify:album:1P4nnFm1S5OqHSfXlggBEV","The Essential Floyd Cramer","spotify:artist:6DQ6mdEhxCgHPqfX1niZZK","Floyd Cramer","1995","https://i.scdn.co/image/ab67616d0000b2730bb20cdc414670f85b75f850","1","10","127400","https://p.scdn.co/mp3-preview/6e4eaf854466a1b2896a9c70c86bc3c3d6843e35?cid=9950ac751e34487dbbe027c4fd7f8e99","false","16","USRN19400115","spotify:user:bradnumber1","2021-08-08T09:26:31Z","easy listening,honky-tonk piano,nashville sound","0.573","0.687","9","-11.829","1","0.034","0.29","0.00385","0.122","0.962","151.025","4","","RCA Records Label Nashville","P (P) 1995 BMG Entertainment"
"spotify:track:3629vOzMNZRvR4pr0Hr59R","Coalman","spotify:artist:3tsvlpzINrKBjitq8YDz0D","Ronnie Burns","spotify:album:2z9yGKAr797mK8fe21MuOO","This Is","spotify:artist:3tsvlpzINrKBjitq8YDz0D","Ronnie Burns","2019-09-20","https://i.scdn.co/image/ab67616d0000b273ce3cec5f386d1342341bda16","1","1","172384","https://p.scdn.co/mp3-preview/12da4bb560ac5426392eab46e1543360f25b983a?cid=9950ac751e34487dbbe027c4fd7f8e99","false","10","GBBLY1903429","spotify:user:bradnumber1","2021-08-08T09:26:31Z","beatlesque","0.488","0.908","7","-2.882","1","0.0533","0.0206","0.0000126","0.377","0.761","135.305","4","","WM Australia","C © 2019 Warner Music Australia Pty. Ltd., P ℗ 2019 The Compilation Warner Music Australia Pty. Ltd."
"spotify:track:2Mpj1Ul5OFPyyP4wB62Rvi","Survivor","spotify:artist:1Y8cdNmUJH7yBTd9yOvr5i","Destiny's Child","spotify:album:2HcjLD0ButtKsQYqzoyOx9","Survivor","spotify:artist:1Y8cdNmUJH7yBTd9yOvr5i","Destiny's Child","2001-05-01","https://i.scdn.co/image/ab67616d0000b273163cdae7f1e2c82786a84e3e","1","2","254026","https://p.scdn.co/mp3-preview/a0cbac2664d8cc005454d3a5b2e27878a62e1edd?cid=9950ac751e34487dbbe027c4fd7f8e99","false","68","USSM10019326","spotify:user:bradnumber1","2021-08-08T09:26:31Z","dance pop,girl group,pop,r&b,urban contemporary","0.514","0.911","1","-2.027","0","0.41","0.0559","0","0.775","0.619","161.109","4","","Columbia","P (P) 2000, 2001 Sony Music Entertainment Inc."
"spotify:track:064SVQsmWl5EF0zahmzkQk","Let Your Love Flow","spotify:artist:5iB5AWIa7qreioi0AF3Bxa","The Bellamy Brothers","spotify:album:77EM0wkGevYQcBo1AJt7B0","Bellamy Brothers","spotify:artist:5iB5AWIa7qreioi0AF3Bxa","The Bellamy Brothers","1976-07-01","https://i.scdn.co/image/ab67616d0000b273dc0b5f94d9ee21d0eb209d81","1","6","196826","https://p.scdn.co/mp3-preview/5b748fccc2bf6ae74f992c3a19273eae7c37f5cd?cid=9950ac751e34487dbbe027c4fd7f8e99","false","72","USCRB0101211","spotify:user:bradnumber1","2021-08-08T09:26:31Z","classic country pop,country,country rock","0.596","0.897","3","-5.224","1","0.0402","0.0367","0","0.151","0.853","108.194","4","","Curb Records","C 1976 Curb Records, Inc., P 1976 Curb Records, Inc."
"spotify:track:5itOtNx0WxtJmi1TQ3RuRd","Giant (with Rag'n'Bone Man)","spotify:artist:7CajNmpbOovFoOoasH2HaY, spotify:artist:4f9iBmdUOhQWeP7dcAn1pf","Calvin Harris, Rag'n'Bone Man","spotify:album:4PwXTHenZZx7ebgsnTM65K","Giant (with Rag'n'Bone Man)","spotify:artist:7CajNmpbOovFoOoasH2HaY, spotify:artist:4f9iBmdUOhQWeP7dcAn1pf","Calvin Harris, Rag'n'Bone Man","2019-01-11","https://i.scdn.co/image/ab67616d0000b273a9a9d8a16c0b4146fb707c02","1","1","229184","https://p.scdn.co/mp3-preview/5b1a4dd1d2707b17c9115dcb62ed4a4525e69d9c?cid=9950ac751e34487dbbe027c4fd7f8e99","false","65","GBARL1801703","spotify:user:bradnumber1","2021-08-08T09:26:31Z","dance pop,edm,electro house,house,pop,progressive house,uk dance,neo soul","0.807","0.887","1","-4.311","0","0.0361","0.016","0.000503","0.0811","0.606","122.015","4","","Columbia","P (P) 2019 Sony Music Entertainment UK Limited"
"spotify:track:27vTihlWXiz9f9lJM3XGVU","Slow Hands","spotify:artist:1Hsdzj7Dlq2I7tHP7501T4","Niall Horan","spotify:album:6nkXOiymyczxK1XCZW5HEk","Slow Hands","spotify:artist:1Hsdzj7Dlq2I7tHP7501T4","Niall Horan","2017-05-04","https://i.scdn.co/image/ab67616d0000b2730451d291f083ee7c166bea17","1","1","188174","https://p.scdn.co/mp3-preview/118b1c6fa70f8ef37db58d0c026dbe744df3afd0?cid=9950ac751e34487dbbe027c4fd7f8e99","false","51","USUG11700631","spotify:user:bradnumber1","2021-08-08T09:26:31Z","pop","0.735","0.423","0","-6.652","1","0.0459","0.011","0","0.0553","0.851","85.899","4","","Capitol Records (US1A)","C © 2017 Neon Haze Music Ltd, under exclusive license to Capitol Records, P ℗ 2017 Neon Haze Music Ltd, under exclusive license to Capitol Records"
"spotify:track:3DUcaEvPO72PijivCjtZcU","Candle In The Wind 1997","spotify:artist:3PhoLpVuITZKcymswpck5b","Elton John","spotify:album:3g61rwvRs1NPeVBxuAMmHZ","Candle In The Wind 1997 / Something About ...","spotify:artist:3PhoLpVuITZKcymswpck5b","Elton John","1997-01-01","https://i.scdn.co/image/ab67616d0000b27352a56df14c3a5e318925787c","1","2","250106","https://p.scdn.co/mp3-preview/90ce5b4405d94ec5bb6cad78150967888b77bc5f?cid=9950ac751e34487dbbe027c4fd7f8e99","false","54","GBAMS9700016","spotify:user:bradnumber1","2022-01-13T01:15:46Z","glam rock,mellow gold,piano rock,rock","0.45","0.311","4","-8.175","1","0.0314","0.977","0.00713","0.167","0.367","125.648","4","","EMI","C © 1997 Mercury Records Limited, P This Compilation ℗ 1997 Mercury Records Limited"
"spotify:track:1uC9wG8ii0S4lK21TWUUAP","I'm A Boy - Mono Version","spotify:artist:67ea9eGLXYMsO2eYQRui3w","The Who","spotify:album:6Evh8ovUQhDp6qoOmeqozb","Maximum As & Bs","spotify:artist:67ea9eGLXYMsO2eYQRui3w","The Who","2017-10-27","https://i.scdn.co/image/ab67616d0000b27318a44a0cf0cfed69d7992c72","2","4","161440","https://p.scdn.co/mp3-preview/86ee79d525393baf26f8567aed844a444dc2ffaf?cid=9950ac751e34487dbbe027c4fd7f8e99","false","8","GBUM71406119","spotify:user:bradnumber1","2021-08-08T09:26:31Z","album rock,british invasion,classic rock,hard rock,rock","0.469","0.78","9","-6.704","1","0.037","0.0163","0.0124","0.0657","0.501","131.899","4","","UMC (Universal Music Catalogue)","C © 2017 Polydor Ltd. (UK), P This Compilation ℗ 2017 Polydor Ltd. (UK)"
"spotify:track:6QicTxeiSaRkPnkGDUvYOs","Pretty Girls","spotify:artist:26dSoYclwsYLMAKD3tpOr4, spotify:artist:5yG7ZAZafVaAlMTeBybKAL","Britney Spears, Iggy Azalea","spotify:album:76LmTxakuFgfAmvUvEXz5S","Pretty Girls","spotify:artist:26dSoYclwsYLMAKD3tpOr4, spotify:artist:5yG7ZAZafVaAlMTeBybKAL","Britney Spears, Iggy Azalea","2015-05-04","https://i.scdn.co/image/ab67616d0000b273f28d6d9035fae9d4c93f0e6a","1","1","163960","https://p.scdn.co/mp3-preview/2c80228d5a3e849aed27c539186a9d755b357fc6?cid=9950ac751e34487dbbe027c4fd7f8e99","false","54","USRC11500679","spotify:user:bradnumber1","2021-08-08T09:26:31Z","dance pop,pop,australian hip hop,dance pop,pop","0.834","0.831","7","-6.061","0","0.0745","0.00799","0","0.217","0.788","103.009","4","","RCA Records Label","P (P) 2015 RCA Records, a division of Sony Music Entertainment"
"spotify:track:5932kbyNt445gDTT2chRUS","One More Try - Remastered","spotify:artist:19ra5tSw0tWufvUp8GotLo","George Michael","spotify:album:34K1Kvskt9arWy8E1Gz3Lw","Faith","spotify:artist:19ra5tSw0tWufvUp8GotLo","George Michael","1987-10-30","https://i.scdn.co/image/ab67616d0000b273b7a9a6a2bf311630d3fc6956","1","4","350666","https://p.scdn.co/mp3-preview/2217e2ae73ab3569c1aa3c61034171f4c8073b6b?cid=9950ac751e34487dbbe027c4fd7f8e99","false","58","GBARL1000858","spotify:user:bradnumber1","2021-08-08T09:26:31Z","new wave pop,soft rock","0.551","0.291","5","-12.544","1","0.0283","0.434","0.0000378","0.11","0.0823","119.005","3","","Epic","P (P) 2010 Sony Music Entertainment UK Limited"
"spotify:track:2ihCaVdNZmnHZWt0fvAM7B","Little Talks","spotify:artist:4dwdTW1Lfiq0cM8nBAqIIz","Of Monsters and Men","spotify:album:4p9dVvZDaZliSjTCbFRhJy","My Head Is An Animal","spotify:artist:4dwdTW1Lfiq0cM8nBAqIIz","Of Monsters and Men","2012-01-01","https://i.scdn.co/image/ab67616d0000b273cb3f67e8026e2e493a1e8262","1","6","266600","https://p.scdn.co/mp3-preview/a5dad05d521739606a83da0f00d3dc48344c6d77?cid=9950ac751e34487dbbe027c4fd7f8e99","false","78","USUM71119106","spotify:user:bradnumber1","2021-08-08T09:26:31Z","folk-pop,metropopolis,modern rock,stomp and holler","0.457","0.757","1","-5.177","1","0.032","0.0206","0","0.146","0.417","102.961","4","","Universal Records","C © 2012 SKRIMSL ehf, nder exclusive license to Universal Republic Records, a Division of UMG Recordings, Inc., P ℗ 2012 SKRIMSL ehf, nder exclusive license to Universal Republic Records, a Division of UMG Recordings, Inc."
"spotify:track:39DpseSbLd1y7kKY9IiJNj","Casanova","spotify:artist:1xu0cZR2dde8ZY9mztZ6Eq","Ultimate Kaos","spotify:album:4fBkQZNw215NjxBKmK4P4j","Urban R&B Party - 20 R&B/Soul Grooves","spotify:artist:0LyfQWJT6nXafLPZqxe9Of","Various Artists","2016-01-22","https://i.scdn.co/image/ab67616d0000b27310e6535d71c7cb7d2970c580","1","9","261040","https://p.scdn.co/mp3-preview/c08d3f3bade078dc369bda4d09bb3ad8697dccb5?cid=9950ac751e34487dbbe027c4fd7f8e99","false","0","GBDNT0200002","spotify:user:bradnumber1","2021-08-08T09:26:31Z","new jack swing","0.716","0.727","4","-5.801","0","0.0764","0.0363","0.0000334","0.0593","0.802","106.024","4","","Dome","C 2009 Dome Records Ltd, P 2009 Dome Records Ltd"
"spotify:track:16Cs9KsHzgunxaEfGrXysG","Play Hard (feat. Ne-Yo & Akon) - New Edit","spotify:artist:1Cs0zKBU1kc0i8ypK3B9ai, spotify:artist:0z4gvV4rjIZ9wHck67ucSV, spotify:artist:21E3waRsmPlU7jZsS13rcj","David Guetta, Akon, Ne-Yo","spotify:album:2RjYiccB99aFRJ8C0QxDf7","Play Hard (feat. Ne-Yo & Akon) [New Edit]","spotify:artist:1Cs0zKBU1kc0i8ypK3B9ai","David Guetta","2013-03-15","https://i.scdn.co/image/ab67616d0000b2737f9e5fda879c2f5c95a4f771","1","1","208845","https://p.scdn.co/mp3-preview/95fc31febcb4489cfd3586c38016c8e8a2fd8c90?cid=9950ac751e34487dbbe027c4fd7f8e99","false","61","GB28K1300010","spotify:user:bradnumber1","2021-08-08T09:26:31Z","big room,dance pop,edm,pop,pop dance,dance pop,dance pop,pop,r&b,urban contemporary","0.723","0.87","8","-3.013","0","0.0435","0.035","0","0.656","0.678","129.952","4","","Parlophone (France)","C © 2013 What A Music Ltd, Licence exclusive Parlophone Music France, P ℗ 2013 What A Music Ltd, Licence exclusive Parlophone Music France"
"spotify:track:31vF1iGX0S3Dtv0rQfEksJ","Wings of a Dove","spotify:artist:0szj7Sxtyluyjc2Arj0njB, spotify:artist:46Unp6DY3Zmy7QS1Fx47yq","Ferlin Husky, Hank Locklin","spotify:album:2c86eWBIqma55IMkTPAKZM","Country Greats","spotify:artist:0szj7Sxtyluyjc2Arj0njB, spotify:artist:46Unp6DY3Zmy7QS1Fx47yq","Ferlin Husky, Hank Locklin","2013-08-13","https://i.scdn.co/image/ab67616d0000b273c19b3d4d432262b7e9ec97be","1","1","142906","https://p.scdn.co/mp3-preview/3a52b809717225e727cd6e7873d33bc2927b8048?cid=9950ac751e34487dbbe027c4fd7f8e99","false","27","US6X81300120","spotify:user:bradnumber1","2021-08-08T09:26:31Z","nashville sound,nashville sound","0.5","0.319","4","-15.735","1","0.039","0.497","0","0.101","0.646","177.489","3","","Jerden","C (C) 2013 SoundWorks USA"
"spotify:track:2Y7TfYvqdCjWxpPytltqaR","Baby Don't Hurt Me","spotify:artist:1Cs0zKBU1kc0i8ypK3B9ai, spotify:artist:1zNqDE7qDGCsyzJwohVaoX, spotify:artist:6AMd49uBDJfhf30Ak2QR5s","David Guetta, Anne-Marie, Coi Leray","spotify:album:3otXcI1sFgHLjoDLhMCvlT","Best Night of Your Life","spotify:artist:1Cs0zKBU1kc0i8ypK3B9ai","David Guetta","2023-05-31","https://i.scdn.co/image/ab67616d0000b273ccca7fdee5215e6ad8146f00","1","2","140017","https://p.scdn.co/mp3-preview/a8f2e176e17e0f6298b42ef8e96118318fdd2b89?cid=9950ac751e34487dbbe027c4fd7f8e99","false","31","UKWLG2300016","spotify:user:bradnumber1","2023-07-05T22:55:55Z","big room,dance pop,edm,pop,pop dance,pop,new jersey underground rap,trap queen","0.602","0.91","7","-3.404","1","0.0308","0.00126","0.000174","0.12","0.228","127.944","4","","Copyright in this compilation EP is Warner Music UK Limited","C 2023 Copyright in this compilation EP is Warner Music UK Limited, P 2023 Copyright in this compilation EP is Warner Music UK Limited"
"spotify:track:4nGHNki2prAaoPWnKKNMpl","Ready 2 Go","spotify:artist:1bj5GrcLom5gZFF5t949Xl, spotify:artist:0LsO2x5E0KNdMxkWh0EmE0","Martin Solveig, Kele","spotify:album:4HRpy93zKbFppMl79lfFS1","Smash","spotify:artist:1bj5GrcLom5gZFF5t949Xl","Martin Solveig","2011-01-01","https://i.scdn.co/image/ab67616d0000b273a991b1e9a11bafa3dd4c56f1","1","2","264932","https://p.scdn.co/mp3-preview/65b11b5599be40a45f2d6a75771aedb2ad4e5497?cid=9950ac751e34487dbbe027c4fd7f8e99","false","17","FR2PA1100020","spotify:user:bradnumber1","2021-08-08T09:26:31Z","disco house,edm,electro house,filter house,house,pop dance,vocal house,new rave","0.545","0.866","8","-4.515","1","0.044","0.013","0","0.044","0.288","128.062","4","","Ministry Of Sound","C © 2011 Temps D'Avance, P ℗ 2011 Temps D'Avance, under exclusive license to Hussle Recordings, a division of Ministry of Sound Australia Pty Ltd"
"spotify:track:2hkFpRMz0t9oYjDgtm4VuT","Passengers","spotify:artist:3PhoLpVuITZKcymswpck5b","Elton John","spotify:album:7jKGIW8OzSkaHUuEINdGE3","Breaking Hearts (Remastered)","spotify:artist:3PhoLpVuITZKcymswpck5b","Elton John","1984-07-09","https://i.scdn.co/image/ab67616d0000b2737844a9fc2426c608db2ff03f","1","6","203253","https://p.scdn.co/mp3-preview/4d2f185d538d216b7a4498ecc9b869005b5dd413?cid=9950ac751e34487dbbe027c4fd7f8e99","false","0","GBALX0080005","spotify:user:bradnumber1","2021-08-08T09:26:31Z","glam rock,mellow gold,piano rock,rock","0.703","0.5","0","-12.776","1","0.0456","0.334","0.0000489","0.112","0.935","121.205","4","","Universal Music Group","C © 2003 Mercury Records Limited, P ℗ 1984 Mercury Records Limited"
"spotify:track:4eTIe5eqds88bA9ua6p5p6","Fine Again","spotify:artist:6B5c4sch27tWHAGdarpPaW","Seether","spotify:album:5u0UdiircjbveLg8cs39iw","Disclaimer","spotify:artist:6B5c4sch27tWHAGdarpPaW","Seether","2002-01-01","https://i.scdn.co/image/ab67616d0000b2731085abdeea4d93b7c1d39554","1","3","243640","https://p.scdn.co/mp3-preview/88c943a91feee6e0775948fa376cc6bbe956287d?cid=9950ac751e34487dbbe027c4fd7f8e99","false","66","USWU30200015","spotify:user:bradnumber1","2023-01-31T06:41:13Z","alternative metal,nu metal,post-grunge,south african rock","0.442","0.855","6","-2.985","0","0.0288","0.00049","0.0137","0.273","0.363","175.543","4","","Fantasy Records","C © 2002 The Bicycle Music Company, P ℗ 2002 The Bicycle Music Company"
"spotify:track:0nJW01T7XtvILxQgC5J7Wh","When I Was Your Man","spotify:artist:0du5cEVh5yTK9QJze8zA0C","Bruno Mars","spotify:album:58ufpQsJ1DS5kq4hhzQDiI","Unorthodox Jukebox","spotify:artist:0du5cEVh5yTK9QJze8zA0C","Bruno Mars","2012-12-07","https://i.scdn.co/image/ab67616d0000b273926f43e7cce571e62720fd46","1","6","213826","https://p.scdn.co/mp3-preview/159fc05584217baa99581c4821f52d04670db6b2?cid=9950ac751e34487dbbe027c4fd7f8e99","false","88","USAT21206701","spotify:user:bradnumber1","2021-08-08T09:26:31Z","dance pop,pop","0.612","0.28","0","-8.648","1","0.0434","0.932","0","0.088","0.387","72.795","4","","Atlantic Records","C © 2012 Atlantic Recording Corporation for the United States and WEA International Inc. for the world outside of the United States, P ℗ 2012 Atlantic Recording Corporation for the United States and WEA International Inc. for the world outside of the United States"
"spotify:track:45s88Xopo6KvHc0PQ05aGg","My Generation - Mono Version","spotify:artist:67ea9eGLXYMsO2eYQRui3w","The Who","spotify:album:4upv5ZjkKMIUBjFNthFQih","The Who Sings My Generation - U.S. Version","spotify:artist:67ea9eGLXYMsO2eYQRui3w","The Who","1966-04-01","https://i.scdn.co/image/ab67616d0000b273cbee7274742b0471f39bb8c8","1","6","198866","https://p.scdn.co/mp3-preview/4af9d31844d993ba290f1f755b1b56d880cbf2a1?cid=9950ac751e34487dbbe027c4fd7f8e99","false","47","GBAKW6500004","spotify:user:bradnumber1","2021-08-08T09:26:31Z","album rock,british invasion,classic rock,hard rock,rock","0.299","0.787","0","-7.93","0","0.069","0.14","0","0.292","0.716","94.798","4","","Geffen*","C © 1965 Geffen Records, P ℗ 1965 Geffen Records"
"spotify:track:2BFVqNyOjCNfPcUbtjXHLQ","Dreams - 2004 Remaster","spotify:artist:2cnMpRsOVqtPMfq7YiFE6K","Van Halen","spotify:album:4RJcoQhc3aupccH9YnZ69o","The Very Best of Van Halen (UK Release)","spotify:artist:2cnMpRsOVqtPMfq7YiFE6K","Van Halen","2007-05-14","https://i.scdn.co/image/ab67616d0000b273c55701722ddba5ee3663ab3d","1","8","292333","https://p.scdn.co/mp3-preview/11d5e2e54f9d604f41a3a701a166f2ed62e2adb1?cid=9950ac751e34487dbbe027c4fd7f8e99","false","34","USWB10401736","spotify:user:bradnumber1","2021-08-08T09:26:31Z","album rock,classic rock,hard rock,rock","0.418","0.939","0","-3.061","1","0.0638","0.203","0","0.0991","0.363","141.14","4","","Rhino/Warner Records","C © 2004 Rhino Entertainment Company, a Warner Music Group company, P ℗ 2004 Warner Music Inc., manufactured and marketed by Rhino Entertainment Company, a Warner Music Group company, for the US and WEA International for outside the United States"
"spotify:track:3wjamuSoK5AwJUU2VIpx0L","Burn For You","spotify:artist:1eClJfHLoDI4rZe5HxzBFv","INXS","spotify:album:5iRDO2cnFmb95rjzpiVJrT","The Very Best","spotify:artist:1eClJfHLoDI4rZe5HxzBFv","INXS","2011-01-01","https://i.scdn.co/image/ab67616d0000b27361720ec9790c8d7a64698ac7","2","6","297733","https://p.scdn.co/mp3-preview/e77de426320936196cd61fb0c2d69b4dfad1b58b?cid=9950ac751e34487dbbe027c4fd7f8e99","false","0","NLF050190182","spotify:user:bradnumber1","2021-08-08T09:26:31Z","album rock,australian rock,dance rock,funk rock,new romantic,new wave,new wave pop,rock","0.796","0.746","7","-8.182","1","0.0397","0.23","0.126","0.0826","0.346","115.733","4","","Universal Music Group","C © 2011 MPL Communications Inc/Ltd, under exclusive license to Universal Music Enterprises, a Division of UMG Recordings, Inc., P ℗ 2011 MPL Communications Inc/Ltd, under exclusive license to Universal Music Enterprises, a Division of UMG Recordings, Inc."
"spotify:track:4cqYUqmKMcb3q1tdImVpGW","Weightless","spotify:artist:46gyXjRIvN1NL1eCB8GBxo","All Time Low","spotify:album:5WoRLOCwzWVCGqFXLBghGx","Nothing Personal (Deluxe Version)","spotify:artist:46gyXjRIvN1NL1eCB8GBxo","All Time Low","2009-07-07","https://i.scdn.co/image/ab67616d0000b273bd7374cabcaa20422ac046ad","1","1","198000","https://p.scdn.co/mp3-preview/aab5bfe6b71b19dfd9f2fe1b43fa33a95c444ac3?cid=9950ac751e34487dbbe027c4fd7f8e99","false","0","USHR20947001","spotify:user:bradnumber1","2021-08-08T09:26:31Z","modern rock,neon pop punk,pop punk","0.497","0.923","2","-4.512","1","0.137","0.00282","0","0.158","0.667","181.075","4","","Hopeless Records","C 2009 Hopeless Records, Inc., P 2009 Hopeless Records, Inc."
"spotify:track:6PuaQbH3oPmj9XojS0SRaO","The Hardest Thing","spotify:artist:6V03b3Y36lolYP2orXn8mV","98º","spotify:album:16oW7he0sWe3dBxV2XaQx6","98 Degrees And Rising","spotify:artist:6V03b3Y36lolYP2orXn8mV","98º","1998-01-01","https://i.scdn.co/image/ab67616d0000b2738096e88dab9ff1a66541eb0f","1","12","274600","https://p.scdn.co/mp3-preview/be3882fc3d702b32d6a1fa2db073e4c61925b9d7?cid=9950ac751e34487dbbe027c4fd7f8e99","false","51","USMO19883537","spotify:user:bradnumber1","2023-07-26T09:07:18Z","boy band","0.721","0.498","10","-7.43","1","0.0274","0.182","0","0.0769","0.558","88.007","4","","Motown","C © 1998 Motown Records, a Division of UMG Recordings, Inc., P ℗ 1998 Motown Records, a Division of UMG Recordings, Inc."
"spotify:track:2J3TcdKkdU42R9zWqWi6LJ","Dreams","spotify:artist:00Ja3YjvU4DYCHWt6cPs42, spotify:artist:1LLc1LysYwIKPmcDVfrdMn","Jolyon Petch, Reigan","spotify:album:2wvHFdSUM3Q6Dtu7dowYpf","Dreams","spotify:artist:00Ja3YjvU4DYCHWt6cPs42, spotify:artist:1LLc1LysYwIKPmcDVfrdMn","Jolyon Petch, Reigan","2021-04-16","https://i.scdn.co/image/ab67616d0000b27314c59f9b948853ee13b33260","1","1","198629","https://p.scdn.co/mp3-preview/d5eca7c86a3d69d2dd6b73f5a5877068909d8a0c?cid=9950ac751e34487dbbe027c4fd7f8e99","false","49","AUNV02100085","spotify:user:bradnumber1","2021-08-08T09:26:31Z","australian house,deep tropical house,australian pop","0.781","0.672","0","-5.913","1","0.0337","0.151","0.0155","0.165","0.961","123.982","4","","Hussle Recordings AU","C (C) 2021 Hussle Recordings a division of TMRW Music Pty Ltd, P (P) 2021 Hussle Recordings a division of TMRW Music Pty Ltd"
"spotify:track:2a8JZE48aoLlL2BbWLDZQI","N Dey Say - Album Version / Explicit","spotify:artist:2gBjLmx6zQnFGQJCAQpRgw","Nelly","spotify:album:2OngzqI3AHJL8k3XlTWEam","Suit","spotify:artist:2gBjLmx6zQnFGQJCAQpRgw","Nelly","2004-09-14","https://i.scdn.co/image/ab67616d0000b27348b2f89ee6cbefd0f889da25","1","6","217080","https://p.scdn.co/mp3-preview/55210e6ee086f85229651b9800bf55febc885549?cid=9950ac751e34487dbbe027c4fd7f8e99","true","0","USUR10400786","spotify:user:bradnumber1","2021-08-08T09:26:31Z","dance pop,gangster rap,hip hop,pop rap,rap,st louis rap,urban contemporary","0.866","0.771","0","-4.032","1","0.0385","0.232","0","0.182","0.719","97.656","4","","Universal Music Group","C © 2004 Universal Records, a Division of UMG Recordings, Inc., P ℗ 2004 Universal Records, a Division of UMG Recordings, Inc."
"spotify:track:5acSb48zFAcXTdL5Wsk8xx","Lean On Me","spotify:artist:7DMveApC7UnC2NPfPvlHSU, spotify:artist:0NIIxcxNHmOoyBx03SfTCD","Cheat Codes, Tinashe","spotify:album:5NXJVouKAFjwszJA8FxUY7","HELLRAISERS, Part 1","spotify:artist:7DMveApC7UnC2NPfPvlHSU","Cheat Codes","2021-05-07","https://i.scdn.co/image/ab67616d0000b2737e38b56a37ff4ef73ab562b6","1","2","149856","https://p.scdn.co/mp3-preview/421b4b88d2c08a722f9d9d4cab17b4caddbe5da6?cid=9950ac751e34487dbbe027c4fd7f8e99","false","50","US3DF2110919","spotify:user:bradnumber1","2021-08-08T09:26:31Z","edm,pop,pop dance,alternative r&b,dance pop,metropopolis,pop,r&b","0.686","0.738","9","-5.802","1","0.287","0.0703","0","0.0505","0.45","101.829","4","","Cheat Codes LLC","C 2021 Cheat Codes LLC under exclusive license to DashGo, P 2021 Cheat Codes LLC under exclusive license to DashGo"
"spotify:track:1UQUJlTPbdufUmBU3RQ83q","Hook Me Up","spotify:artist:1dIdBZaaHRW2bDTkHNfWln","The Veronicas","spotify:album:6aL2SwYj5kSEvIcYORHP37","Hook Me Up","spotify:artist:1dIdBZaaHRW2bDTkHNfWln","The Veronicas","2007-10-30","https://i.scdn.co/image/ab67616d0000b2730f3819fd1601ca0421194d32","1","2","175906","https://p.scdn.co/mp3-preview/ab083a105289959bccbef813031725a3dc459bf6?cid=9950ac751e34487dbbe027c4fd7f8e99","false","40","USWB10703749","spotify:user:bradnumber1","2021-08-08T09:26:31Z","australian pop,candy pop,dance pop,girl group,post-teen pop","0.755","0.937","8","-3.04","1","0.0719","0.0425","0.121","0.0561","0.776","133.972","4","","Sire/Warner Records","C © 2007 Sire Records for the U.S. Marketed by Warner Records Inc., A Warner Music Group Company., P ℗ 2007, 2008 Sire Records. Marketed by Warner Records Inc., A Warner Music Group Company"
"spotify:track:0vswnzoKvhNkT1ehc0Tt19","From This Moment On - Pop On-Tour Version","spotify:artist:5e4Dhzv426EvQe3aDb64jL","Shania Twain","spotify:album:02SQS3hERbgOjnZc0hmWKk","Greatest Hits","spotify:artist:5e4Dhzv426EvQe3aDb64jL","Shania Twain","2004-01-01","https://i.scdn.co/image/ab67616d0000b273e47667214dddedc5095afc11","1","7","235106","https://p.scdn.co/mp3-preview/86c204a40e4316f2910199d1d9c4f7e9f23c0e0f?cid=9950ac751e34487dbbe027c4fd7f8e99","false","2","USMR10400188","spotify:user:bradnumber1","2021-08-08T09:26:31Z","canadian country,canadian pop,contemporary country,country,country dawn","0.459","0.505","9","-5.487","1","0.0266","0.42","0","0.134","0.22","135.752","4","","Mercury Nashville","C © 2004 Mercury Records, a Division of UMG Recordings, Inc., P This Compilation ℗ 2004 Mercury Records, a Division of UMG Recordings, Inc."
"spotify:track:3R47BVunpwXhQbLWrClD94","Lights","spotify:artist:0rvjqX7ttXeg3mTy8Xscbt","Journey","spotify:album:5pfpXvoJtSIFrbPIoBEv3R","The Essential Journey","spotify:artist:0rvjqX7ttXeg3mTy8Xscbt","Journey","2001-10-16","https://i.scdn.co/image/ab67616d0000b2730f6ce5c138493ac768d9afc8","1","9","190666","https://p.scdn.co/mp3-preview/ff29338c2027f4bb5f35d9090d50a7940f56d330?cid=9950ac751e34487dbbe027c4fd7f8e99","false","38","USSM17800103","spotify:user:bradnumber1","2021-08-08T09:26:31Z","album rock,classic rock,hard rock,mellow gold,rock,soft rock","0.188","0.61","7","-7.665","1","0.0453","0.0985","0.00141","0.278","0.411","205.586","3","","Columbia","P This compilation (P) 2001 Sony Music Entertainment"
"spotify:track:2Uak7fGdGpwsgbIQWA8iCQ","Leave Me Alone (Ruby Red Dress)","spotify:artist:0Sq7oGrYEe0BDmb13wgjOO","Helen Reddy","spotify:album:2CGgJ9PpKXTDCEvJ6qS9AV","Helen Reddy's Greatest Hits (And More)","spotify:artist:0Sq7oGrYEe0BDmb13wgjOO","Helen Reddy","1987-01-01","https://i.scdn.co/image/ab67616d0000b273823351ac09824d25f3b09db8","1","3","207533","https://p.scdn.co/mp3-preview/f1620773b03975f64bfbdd1856206036c0ed5434?cid=9950ac751e34487dbbe027c4fd7f8e99","false","28","USCA28700186","spotify:user:bradnumber1","2021-08-08T09:26:31Z","adult standards,bubblegum pop,mellow gold,soft rock","0.655","0.626","7","-11.386","1","0.0467","0.134","0.000023","0.0586","0.874","134.071","4","","Capitol Records","C © 1987 Capitol Records, LLC, P This Compilation ℗ 1987 Capitol Records, LLC"
"spotify:track:1n8iXuVlwWZOG8qBITvhkV","All I Hear","spotify:artist:77TQ5Xo9760Kft1sIEPGPS","Kate Alexa","spotify:album:7u2F6RDoq5eoYHr14wokic","Broken & Beautiful","spotify:artist:77TQ5Xo9760Kft1sIEPGPS","Kate Alexa","2006-01-01","https://i.scdn.co/image/ab67616d0000b273183e1e206434a20dc6c662f2","1","2","207720","https://p.scdn.co/mp3-preview/445a9fc55c72f3f25913a8b442f20b3cac6e799e?cid=9950ac751e34487dbbe027c4fd7f8e99","false","0","AULI00625840","spotify:user:bradnumber1","2021-08-08T09:26:31Z","","0.597","0.811","1","-4.278","1","0.034","0.00754","0","0.22","0.897","128.536","4","","Bloodlines","C 2006 Bloodlines, P 2006 Bloodlines"
"spotify:track:4kSKacywUJHdhyst4PL6pl","Somethin' Stupid","spotify:artist:2HcwFjNelS49kFbfvMxQYw, spotify:artist:0ExYzTb7raTAfsXPtiI5vq","Robbie Williams, Nicole Kidman","spotify:album:3eWoVPAUtBO8JpwOkWpvnw","Swing When You're Winning","spotify:artist:2HcwFjNelS49kFbfvMxQYw","Robbie Williams","2001-11-19","https://i.scdn.co/image/ab67616d0000b273a1fec51b4d321f10723fa14a","1","3","170493","https://p.scdn.co/mp3-preview/a6970e8ce32e34093e58f36de1b3a7b24f9fd698?cid=9950ac751e34487dbbe027c4fd7f8e99","false","65","GBAYK0100176","spotify:user:bradnumber1","2021-08-08T09:26:31Z","dance rock,europop,hollywood","0.654","0.515","0","-12.185","1","0.0261","0.429","0.00000562","0.174","0.677","106.191","4","","Chrysalis UK","C © 2013 Universal Island Records, a division of Universal Music Operations Limited, P ℗ 2013 Universal Island Records, a division of Universal Music Operations Limited"
"spotify:track:11Y3qwzKxzyOrKZx3BgnWD","The World I Used to Know","spotify:artist:7bKOOOKEkE918wKOQEhYnp","Jimmie Rodgers","spotify:album:2mNxmv5IcoHvwkU7TIAcSI","Kisses Sweeter Than Wine","spotify:artist:7bKOOOKEkE918wKOQEhYnp","Jimmie Rodgers","2017-03-16","https://i.scdn.co/image/ab67616d0000b273a0832ff85ddd8618cd776560","1","9","150080","https://p.scdn.co/mp3-preview/72301b0d5d5e89ec564bad8eb27e46e1fc63f714?cid=9950ac751e34487dbbe027c4fd7f8e99","false","3","UKDNQ1520820","spotify:user:bradnumber1","2021-08-08T09:26:31Z","yodeling","0.388","0.277","5","-14.011","0","0.0464","0.978","0.0007","0.169","0.355","80.824","4","","Westmill","C 2017 Westside, P 2017 Westside"
"spotify:track:6l8EbYRtQMgKOyc1gcDHF9","Bridge Over Troubled Water","spotify:artist:70cRZdQywnSFp9pnc2WTCE","Simon & Garfunkel","spotify:album:0JwHz5SSvpYWuuCNbtYZoV","Bridge Over Troubled Water","spotify:artist:70cRZdQywnSFp9pnc2WTCE","Simon & Garfunkel","1970-01-26","https://i.scdn.co/image/ab67616d0000b273ba7fe7dd76cd4307e57dd75f","1","1","293120","https://p.scdn.co/mp3-preview/e80a149b25c33d4e44579f7096b509fe379b0bc7?cid=9950ac751e34487dbbe027c4fd7f8e99","false","67","USSM16900808","spotify:user:bradnumber1","2021-08-08T09:26:31Z","classic rock,folk,folk rock,melancholia,mellow gold,rock,soft rock","0.149","0.206","3","-13.888","1","0.0323","0.822","0.000649","0.115","0.264","79.764","4","","Columbia","P (P) Originally released 1970. All rights reserved by Columbia Records, a division of Sony Music Entertainment"
"spotify:track:3Aimpqxpvmz7jhJlNnEd5c","Swing The Mood","spotify:artist:4GzIiGnHYrOnq2LUiD6zdo","Jive Bunny and the Mastermixers","spotify:album:0ZtoKNv75D3PvB2i0vPrIP","Jive Bunny And The Mastermixers The Biggest Party On The Planet","spotify:artist:4GzIiGnHYrOnq2LUiD6zdo","Jive Bunny and the Mastermixers","2009-10-19","https://i.scdn.co/image/ab67616d0000b273ef5f2fdfe8678924e35acad4","3","11","259573","https://p.scdn.co/mp3-preview/25f27c56054f889e5bb61f36f4a369a777104c72?cid=9950ac751e34487dbbe027c4fd7f8e99","false","49","GBCMJ9905669","spotify:user:bradnumber1","2021-08-08T09:26:31Z","novelty","0.865","0.512","8","-13.376","1","0.0521","0.049","0.0173","0.201","0.879","92.512","4","","Box Tree Music","C 2009 Music Factory Entertainment Group"
"spotify:track:3u1S1OmAUhx5DRlLrXqyp3","Rise","spotify:artist:1HBjj22wzbscIZ9sEb5dyf, spotify:artist:1INuLZXjjVbcJRyWvD1iSq","Jonas Blue, Jack & Jack","spotify:album:3KjCdhPbjbLptyJzviKu4P","Rise","spotify:artist:1HBjj22wzbscIZ9sEb5dyf, spotify:artist:1INuLZXjjVbcJRyWvD1iSq","Jonas Blue, Jack & Jack","2018-05-25","https://i.scdn.co/image/ab67616d0000b273ffe7d26c10ff0a32aeea2dc3","1","1","194407","https://p.scdn.co/mp3-preview/091e564ad1cc6ee5b08bac2c9e88d3002be0485e?cid=9950ac751e34487dbbe027c4fd7f8e99","false","59","GBUM71802109","spotify:user:bradnumber1","2021-08-08T09:26:31Z","pop,pop dance,tropical house,uk dance,pop,teen pop","0.69","0.784","1","-4.653","1","0.032","0.323","0","0.203","0.669","106.066","4","","Positiva","C © 2018 Universal Music Operations Limited, P ℗ 2018 Universal Music Operations Limited"
"spotify:track:5T0VoskNbpJIqm2RSPU2Xt","Think Twice","spotify:artist:4S9EykWXhStSc15wEx8QFK","Céline Dion","spotify:album:6Po5zdKMIH5Xk99vjXyQpC","The Colour Of My Love","spotify:artist:4S9EykWXhStSc15wEx8QFK","Céline Dion","1993-11-09","https://i.scdn.co/image/ab67616d0000b27363e07c2dbc7450974a146e96","1","3","288000","https://p.scdn.co/mp3-preview/f90b2cef1708eee39eefe1a561eeae0b57dd428d?cid=9950ac751e34487dbbe027c4fd7f8e99","false","60","CAC229900138","spotify:user:bradnumber1","2021-08-08T09:26:31Z","canadian pop","0.547","0.397","2","-10.463","0","0.0271","0.387","0","0.14","0.277","134.346","4","","Columbia","P (P) 1993 Sony Music Entertainment (Canada) Inc."
"spotify:track:5Rx7IkXVP4Z1AoOgPACGKj","Why Does It Always Rain on Me?","spotify:artist:3bUwxJgNakzYKkqAVgZLlh","Travis","spotify:album:18NWKHHNIupWIvXxsG9vHh","Singles","spotify:artist:3bUwxJgNakzYKkqAVgZLlh","Travis","2004-11-01","https://i.scdn.co/image/ab67616d0000b273fd8b0984f3f6aa56a0be7614","1","4","264826","https://p.scdn.co/mp3-preview/83a9cd942e9b42eb7a662a2cc025e04f7ee19f67?cid=9950ac751e34487dbbe027c4fd7f8e99","false","0","GBBPF9900287","spotify:user:bradnumber1","2021-08-08T09:26:31Z","britpop","0.453","0.559","4","-8.121","1","0.0283","0.0877","0.000323","0.0788","0.448","108.408","4","","Independiente","C 2016 Independiente Limited, P 2004 Independiente Limited"
"spotify:track:5wJ0BL1beppAHQO3DtlEqh","Sex On The Radio","spotify:artist:5aYyPjAsLj7UzANzdupwnS","Good Charlotte","spotify:album:08utRHYjRSDcceEsjFRFX0","Cardiology","spotify:artist:5aYyPjAsLj7UzANzdupwnS","Good Charlotte","2010-01-01","https://i.scdn.co/image/ab67616d0000b273fab23a7730496d05987df477","1","7","196586","https://p.scdn.co/mp3-preview/91e00c58f5040f766649494c8059675c9f0e63a1?cid=9950ac751e34487dbbe027c4fd7f8e99","false","41","USCA21002628","spotify:user:bradnumber1","2021-08-08T09:26:31Z","alternative metal,modern rock,neon pop punk,pop punk,pop rock,post-grunge","0.548","0.815","9","-4.555","1","0.0662","0.0985","0","0.0175","0.867","151.97","4","","Capitol Records","C © 2010 Capitol Records, LLC, P ℗ 2010 Capitol Records, LLC"
"spotify:track:0WYsybfHELTUWBH0zb0ADF","When the War Is Over","spotify:artist:0pcFlG7v2bPuExwKqTYSPu","Cosima De Vito","spotify:album:6UfJgMH4OIg7ANc1azFZYG","When the War Is Over","spotify:artist:0pcFlG7v2bPuExwKqTYSPu","Cosima De Vito","2012-06-17","https://i.scdn.co/image/ab67616d0000b2735f99d3530a73179eaf4b38f0","1","1","228560","https://p.scdn.co/mp3-preview/787d4c7f08373178e4dd90fe2ca02e868a8938cb?cid=9950ac751e34487dbbe027c4fd7f8e99","false","6","AUQOZ2000002","spotify:user:bradnumber1","2021-08-08T09:26:31Z","australian pop","0.564","0.435","11","-5.549","1","0.0245","0.458","0.0000101","0.16","0.132","86.946","4","","independent","C 2012 independent, P 2012 independent"
"spotify:track:23M7cQkNJLiddeubvVgaQl","The Wild Boys","spotify:artist:0lZoBs4Pzo7R89JM9lxwoT","Duran Duran","spotify:album:7xbWtTByfdMWFfxXmeFFl0","Greatest","spotify:artist:0lZoBs4Pzo7R89JM9lxwoT","Duran Duran","1998-11-09","https://i.scdn.co/image/ab67616d0000b2738fb8aca87001515a6945b9b7","1","12","257600","https://p.scdn.co/mp3-preview/743477853ac06a55c6e1063cf9548eb0235e7c45?cid=9950ac751e34487dbbe027c4fd7f8e99","false","55","GBAYE8400060","spotify:user:bradnumber1","2021-08-08T09:26:31Z","album rock,dance rock,new romantic,new wave,new wave pop,rock,soft rock,synthpop","0.741","0.837","11","-7.622","0","0.0638","0.404","0","0.138","0.583","115.69","4","","Parlophone UK","C © 1998 Parlophone Records Ltd, a Warner Music Group Company, P ℗ 1998 Parlophone Records Ltd, a Warner Music Group Company"
"spotify:track:7xT0GApaXGNVMUdRx2taZv","Hide Away","spotify:artist:6Dd3NScHWwnW6obMFbl1BH","Daya","spotify:album:1txlKAEVt0FL3dLOAX6pZj","Daya","spotify:artist:6Dd3NScHWwnW6obMFbl1BH","Daya","2015-11-27","https://i.scdn.co/image/ab67616d0000b273981e46bcaafccaa551ec5013","1","5","192381","https://p.scdn.co/mp3-preview/75db3fa8425153819a2f46794a403854f9a45dce?cid=9950ac751e34487dbbe027c4fd7f8e99","false","0","QM4ZV1500057","spotify:user:bradnumber1","2021-08-08T09:26:31Z","alt z,pop","0.884","0.826","11","-3.672","0","0.0854","0.222","0.00000229","0.0719","0.466","94.997","4","","Z-Entertainment","C (C) 2015 ARTBEATZ. Distributed by Sony Music Entertainment, P (P) 2015 ARTBEATZ. Distributed by Sony Music Entertainment"
"spotify:track:3a0Qs1ZqkjTVne2XJuSGQw","Been Waiting","spotify:artist:6rHWAH6F4mr2AViSxMV673","Jessica Mauboy","spotify:album:2PzvfJGK74FgwPrvMB0qOh","Been Waiting","spotify:artist:6rHWAH6F4mr2AViSxMV673","Jessica Mauboy","2008-11-17","https://i.scdn.co/image/ab67616d0000b2732e14e3c145c0cac92a12feac","1","2","228786","https://p.scdn.co/mp3-preview/98f9e1dd28db31360716b0419ee860bff938ff44?cid=9950ac751e34487dbbe027c4fd7f8e99","false","42","AUBM00800490","spotify:user:bradnumber1","2021-08-08T09:26:31Z","australian indigenous music,australian pop,australian talent show","0.677","0.684","9","-4.377","0","0.0428","0.149","0","0.0451","0.783","113.996","4","","Sony BMG Music Entertainment","P (P) 2008 SONY BMG Music Entertainment (Australia) Pty Limited"
"spotify:track:6Ac4NVYYl2U73QiTt11ZKd","Hooked On A Feeling","spotify:artist:0UpuH5U4nZ3UGGUJi0Zfbp, spotify:artist:1Ek3VdZ8EPmcvgRIqnHlrF","Blue Swede, Björn Skifs","spotify:album:6fBMaH0IiymemwFKmn18Ze","Hooked On A Feeling","spotify:artist:0UpuH5U4nZ3UGGUJi0Zfbp, spotify:artist:1Ek3VdZ8EPmcvgRIqnHlrF","Blue Swede, Björn Skifs","1973-04-01","https://i.scdn.co/image/ab67616d0000b273b2439940aedd2801c9ae2e5b","1","1","172866","https://p.scdn.co/mp3-preview/349b959f3339c75b269ab47a0f576c5f39ba46cd?cid=9950ac751e34487dbbe027c4fd7f8e99","false","73","SEAMA7343050","spotify:user:bradnumber1","2021-08-08T09:26:31Z","classic swedish pop,classic swedish pop","0.547","0.82","8","-6.728","1","0.0805","0.261","0","0.3","0.933","118.208","4","","Parlophone Sweden","C © 1973 Parlophone Music Sweden, a division of Warner Music Sweden AB, P ℗ 1973 Parlophone Music Sweden, a division of Warner Music Sweden AB"
"spotify:track:2rJojRundKuKFgbvmCAYva","Me And My Broken Heart","spotify:artist:0kkxsdcaWmWU2yWAqclDh4","Rixton","spotify:album:7aC4UlUmofbGlAX7j9X79V","Me And My Broken Heart","spotify:artist:0kkxsdcaWmWU2yWAqclDh4","Rixton","2014-01-01","https://i.scdn.co/image/ab67616d0000b273bd2a1ebe3961801fd678cefa","1","1","193826","https://p.scdn.co/mp3-preview/92a1dd5814d88c95933f7170200e6dbaf9c3b7b7?cid=9950ac751e34487dbbe027c4fd7f8e99","false","0","USUM71401800","spotify:user:bradnumber1","2021-08-08T09:26:31Z","post-teen pop,talent show,teen pop,viral pop","0.545","0.775","5","-4.325","0","0.0349","0.00636","0","0.192","0.516","174.086","4","","Universal Music Group","C © 2014 School Boy/Giant Little Man/Mad Love/Interscope Records, P ℗ 2014 School Boy/Giant Little Man/Mad Love/Interscope Records"
"spotify:track:0Jy2S50dmRT3te5OeCEARx","The Beautiful People","spotify:artist:2VYQTNDsvvKN9wmU5W7xpj","Marilyn Manson","spotify:album:6R5TqxpmUg1KhHORpsp9Ho","Lest We Forget (The Best Of) [International Version (Explicit)]","spotify:artist:2VYQTNDsvvKN9wmU5W7xpj","Marilyn Manson","2004-01-01","https://i.scdn.co/image/ab67616d0000b273307693f81df21543fcbb0437","1","16","222773","https://p.scdn.co/mp3-preview/83ea8b4bb1e933b883b42c768916a04c477ce757?cid=9950ac751e34487dbbe027c4fd7f8e99","true","0","USIR19601008","spotify:user:bradnumber1","2021-08-08T09:26:31Z","alternative metal,hard rock,industrial,industrial metal,industrial rock,nu metal,post-grunge,rock","0.61","0.948","9","-4.938","1","0.113","0.00404","0.0978","0.042","0.786","144.036","4","","Universal Music Group","C © 2004 Interscope Records, P ℗ 2004 Interscope Records"
"spotify:track:3towKHKVOXCCcL1fHv6xFO","Capital Letters","spotify:artist:5p7f24Rk5HkUZsaS3BLG5F, spotify:artist:1okJ4NC308qbtY9LyHn6DO","Hailee Steinfeld, BloodPop®","spotify:album:2nmhzJgbpV1eJ5lvtZ7Z1c","Capital Letters [From ""Fifty Shades Freed (Original Motion Picture Soundtrack)""]","spotify:artist:5p7f24Rk5HkUZsaS3BLG5F, spotify:artist:1okJ4NC308qbtY9LyHn6DO","Hailee Steinfeld, BloodPop®","2018-01-12","https://i.scdn.co/image/ab67616d0000b273f6630162a999e1cf78afbbae","1","1","219386","https://p.scdn.co/mp3-preview/411ad87495ab0cd6b1d6eaa1df9e73cc4c1c2423?cid=9950ac751e34487dbbe027c4fd7f8e99","false","0","USQ4E1703340","spotify:user:bradnumber1","2021-08-08T09:26:31Z","pop,electropop","0.672","0.82","0","-5.473","1","0.0767","0.0342","0.00000667","0.0921","0.463","100.069","4","","Universal Music Group","C © 2018 Universal Studios, P ℗ 2018 Universal Studios"
"spotify:track:18CODOzJ5DWzWh6kAeKiSC","Let's Get Married (feat. Run) - ReMarqable Remix","spotify:artist:7Aq8lpLMSt1Zxu56pe9bmp, spotify:artist:2qFXvV0t7QXlF7Tdc9YTie, spotify:artist:6eZD2i7kAelKt5z1ytH0Me","Jagged Edge, RUN, Lamarquis Jefferson","spotify:album:72phYQZz7SLAT9xwK6LMO6","The Hits","spotify:artist:7Aq8lpLMSt1Zxu56pe9bmp","Jagged Edge","2006-11-21","https://i.scdn.co/image/ab67616d0000b2731577830e09fc0acee2e43793","1","9","249040","https://p.scdn.co/mp3-preview/14249d1478a3764839bbe13a128993279810c8cf?cid=9950ac751e34487dbbe027c4fd7f8e99","false","55","USSM10009558","spotify:user:bradnumber1","2021-08-08T09:26:31Z","atl hip hop,contemporary r&b,r&b,urban contemporary","0.852","0.694","1","-6.765","1","0.0653","0.0121","0","0.126","0.789","109.906","4","","Sony Urban Music/Columbia","P This compilation (P) 2006 Columbia Records, a division of Sony Music Entertainment"
"spotify:track:62BxlOvQCjLNQA5ARA4Dug","Runaways","spotify:artist:0C0XlULifJtAgn6ZNCW2eu","The Killers","spotify:album:3bvS3DlTwV35j2qwFhDvxx","Battle Born","spotify:artist:0C0XlULifJtAgn6ZNCW2eu","The Killers","2012-09-17","https://i.scdn.co/image/ab67616d0000b273f555f994cd61c8d017f53a27","1","2","243786","https://p.scdn.co/mp3-preview/bbe22c953fac556f6b5b0871332fa4f9255570f6?cid=9950ac751e34487dbbe027c4fd7f8e99","false","58","USUM71206893","spotify:user:bradnumber1","2021-08-08T09:26:31Z","alternative rock,dance rock,modern rock,permanent wave,rock","0.409","0.837","1","-4.043","1","0.0406","0.00116","0.00651","0.0855","0.199","121.757","4","","Island Records","C © 2012 The Island Def Jam Music Group, P ℗ 2012 The Island Def Jam Music Group"
"spotify:track:0eH2eHURaXUP15D8gQlfjx","LoveGame","spotify:artist:1HY2Jd0NmPuamShAr6KMms","Lady Gaga","spotify:album:1qwlxZTNLe1jq3b0iidlue","The Fame","spotify:artist:1HY2Jd0NmPuamShAr6KMms","Lady Gaga","2008-01-01","https://i.scdn.co/image/ab67616d0000b273e691217483df8798445c82e2","1","2","216333","https://p.scdn.co/mp3-preview/c20e999d7df1103e0a9a047b088b40cdff5943d8?cid=9950ac751e34487dbbe027c4fd7f8e99","false","71","USUM70824404","spotify:user:bradnumber1","2021-08-08T09:26:31Z","art pop,dance pop,pop","0.894","0.678","6","-5.611","0","0.0523","0.00569","0.00000243","0.317","0.844","105.029","4","","Streamline/Interscope","C © 2008 Interscope Records, P ℗ 2008 Interscope Records"
"spotify:track:1NrbnHlR2BFREcyWXHIHip","When I'm Sixty Four - Remastered 2009","spotify:artist:3WrFJ7ztbogyGnTHbHJFl2","The Beatles","spotify:album:6QaVfG1pHYl1z15ZxkvVDW","Sgt. Pepper's Lonely Hearts Club Band (Remastered)","spotify:artist:3WrFJ7ztbogyGnTHbHJFl2","The Beatles","1967-06-01","https://i.scdn.co/image/ab67616d0000b27334ef8f7d06cf2fc2146f420a","1","9","157666","https://p.scdn.co/mp3-preview/50d2ef3eab081ff7f73d41068ae0fe15567bbbee?cid=9950ac751e34487dbbe027c4fd7f8e99","false","61","GBAYE0601515","spotify:user:bradnumber1","2021-08-08T09:26:31Z","british invasion,classic rock,merseybeat,psychedelic rock,rock","0.704","0.241","1","-13.258","1","0.0476","0.625","0.000028","0.0868","0.661","140.411","4","","EMI Catalogue","C © 2015 Apple Corps Ltd, P ℗ 2015 Calderstone Productions Limited (a division of Universal Music Group)"
"spotify:track:2AQjnvUZetDyd7YRB7QQQL","YOU'RE GONNA LOVE THIS","spotify:artist:0FWzNDaEu9jdgcYTbcOa4F","3OH!3","spotify:album:5KImn49DLeciedq247qZ50","OMENS","spotify:artist:0FWzNDaEu9jdgcYTbcOa4F","3OH!3","2013-06-14","https://i.scdn.co/image/ab67616d0000b27381ff424a9efaf8be00d94e14","1","3","211700","https://p.scdn.co/mp3-preview/a1f56d3b78fbfb2e4d8c7b60c967aa706dd8c9bf?cid=9950ac751e34487dbbe027c4fd7f8e99","false","24","USAT21202845","spotify:user:bradnumber1","2021-08-08T09:26:31Z","dance pop,electropowerpop,pop punk,pop rap,post-teen pop","0.664","0.876","0","-4.179","1","0.185","0.122","0.00000105","0.133","0.55","130.06","4","","Photo Finish","C © 2012 Photo Finish Records, LLC. All Rights Reserved. Manufactured and Distributed by Atlantic Recording Corporation, a Warner Music Group Company, P ℗ 2012 Photo Finish Records, LLC. All Rights Reserved. Manufactured and Distributed by Atlantic Recording Corporation, a Warner Music Group Company"
"spotify:track:6kBU9uWqar0Fw2Ws0he11A","You Were Meant For Me","spotify:artist:6FbDoZnMBTdhhhLuJBOOqP","Jewel","spotify:album:6t0qVXx77kMCVyxHejzJsP","Pieces Of You","spotify:artist:6FbDoZnMBTdhhhLuJBOOqP","Jewel","1995","https://i.scdn.co/image/ab67616d0000b2733ee723db532524d6a22d26af","1","10","254480","https://p.scdn.co/mp3-preview/1391f657536744de665e3ff060edde0c5f651c44?cid=9950ac751e34487dbbe027c4fd7f8e99","false","0","USAT20100948","spotify:user:bradnumber1","2021-08-08T09:26:31Z","alaska indie,ectofolk,lilith,permanent wave,pop rock,singer-songwriter","0.582","0.33","6","-7.928","1","0.0347","0.791","0.00000148","0.105","0.407","111.873","4","","Concord Music Group","C 1994 Concord Music Group, Inc., P 1994 Concord Music Group, Inc."
"spotify:track:6bOTe8T116DNpwp2H6Hxgh","Money For Nothing","spotify:artist:0WwSkZ7LtFUFjGjMZBMt6T","Dire Straits","spotify:album:0eB4vHv83yYk1pMim2NIar","The Best of Dire Straits & Mark Knopfler - Private Investigations (Limited Edition)","spotify:artist:0FI0kxP0BWurTz8cB8BBug, spotify:artist:0WwSkZ7LtFUFjGjMZBMt6T","Mark Knopfler, Dire Straits","2005-11-07","https://i.scdn.co/image/ab67616d0000b27311cd3607f236dd71b56b1029","1","8","504200","https://p.scdn.co/mp3-preview/4802f596f787c2fd99f7614083092993b66c7327?cid=9950ac751e34487dbbe027c4fd7f8e99","false","0","GBF088500674","spotify:user:bradnumber1","2021-08-08T09:26:31Z","album rock,classic rock,mellow gold,rock","0.644","0.776","7","-6.803","0","0.0376","0.037","0.000107","0.0591","0.604","134.199","4","","Mercury Records Limited","C (C) 2005 Mercury Records Limited, P (P) 2005 Mercury Records Limited"
"spotify:track:7gozgbG5EBTukCFWToTRA5","I Still Haven't Found What I'm Looking For - Remastered 2007","spotify:artist:51Blml2LZPmy7TTiAg47vQ","U2","spotify:album:2qKmY7yt0kXdzSQxYAu9eZ","The Joshua Tree (Deluxe Edition Remastered)","spotify:artist:51Blml2LZPmy7TTiAg47vQ","U2","1987-03-10","https://i.scdn.co/image/ab67616d0000b2732e5cea3a0e09cccb3d1568e8","1","2","277480","https://p.scdn.co/mp3-preview/977c8d1d535253a9a4e1061cf4585b624dd205c4?cid=9950ac751e34487dbbe027c4fd7f8e99","false","0","GBUM70709783","spotify:user:bradnumber1","2021-08-08T09:26:31Z","irish rock,permanent wave,rock","0.565","0.764","1","-9.43","1","0.0351","0.0139","0.00488","0.079","0.686","100.891","4","","Universal Music Group","C © 2007 Universal-Island Records Ltd., P ℗ 2007 Universal-Island Records Ltd."
"spotify:track:1aKsg5b9sOngINaQXbB0P7","Love Me Harder","spotify:artist:66CXWjxzNUsdJxJ2JdwvnR, spotify:artist:1Xyo4u8uXC1ZmMpatF05PJ","Ariana Grande, The Weeknd","spotify:album:5AMOKSM1ftb3opIbGT2d4q","My Everything (Deluxe)","spotify:artist:66CXWjxzNUsdJxJ2JdwvnR","Ariana Grande","2014-08-22","https://i.scdn.co/image/ab67616d0000b273be58cd5a2dbe92c2b43cc713","1","9","236133","https://p.scdn.co/mp3-preview/16f1d643c2378d5f2911042bacb5bb00aba766e7?cid=9950ac751e34487dbbe027c4fd7f8e99","false","0","USUM71409728","spotify:user:bradnumber1","2021-08-08T09:26:31Z","pop,canadian contemporary r&b,canadian pop,pop","0.472","0.714","1","-4.389","0","0.0334","0.00937","0","0.0764","0.24","98.992","4","","Universal Music Group","C © 2014 Republic Records, a division of UMG Recordings, Inc., P ℗ 2014 Republic Records, a division of UMG Recordings, Inc."
"spotify:track:39NlYZyFXdYF4V4BVoOfNd","NYC Beat","spotify:artist:3cQA9WH8liZfeja1DxcDYE","Armand Van Helden","spotify:album:7y6AaxphLkaL6BoAVJtIyS","NYC Beat","spotify:artist:3cQA9WH8liZfeja1DxcDYE","Armand Van Helden","2007-05-27","https://i.scdn.co/image/ab67616d0000b27385027eefb81d259e6bcb101c","1","1","197373","https://p.scdn.co/mp3-preview/357511e6615168b1f16345af2705b0f4178bf02f?cid=9950ac751e34487dbbe027c4fd7f8e99","false","32","GBEFR0701015","spotify:user:bradnumber1","2023-11-28T13:16:55Z","big beat,classic house,deep house,disco house,filter house,house,speed garage,uk dance,vocal house","0.74","0.915","8","-4.838","1","0.0526","0.000462","0.0000684","0.454","0.539","129.99","5","","Southern Fried Records","C 2007 - Southern Fried Records, P 2007 - Southern Fried Records"
"spotify:track:1CnN9udhDokm7lARZjMji2","Killer Queen - Remastered 2011","spotify:artist:1dfeR4HaWDbWqFHLkxsg1d","Queen","spotify:album:2mEAmmRoZrvhBh1Vic03fZ","Sheer Heart Attack (2011 Remaster)","spotify:artist:1dfeR4HaWDbWqFHLkxsg1d","Queen","1974-11-08","https://i.scdn.co/image/ab67616d0000b27354454f6a276d3494b7450674","1","2","179600","https://p.scdn.co/mp3-preview/dc1934095edc10c4cb96f84bf74af82bc8abe62f?cid=9950ac751e34487dbbe027c4fd7f8e99","false","0","GBUM71029606","spotify:user:bradnumber1","2021-08-08T09:26:31Z","classic rock,glam rock,rock","0.535","0.651","10","-6.326","1","0.0544","0.391","0","0.133","0.612","117.218","4","","Universal Music Group","C © 2011 Queen Productions Ltd. under exclusive licence to Universal International Music BV, P ℗ 2011 Queen Productions Ltd. under exclusive licence to Universal International Music BV"
"spotify:track:38Q8bp8VfCzCWWa0lPzCnB","Down With The Trumpets","spotify:artist:2ajhZ7EA6Dec0kaWiKCApF","Rizzle Kicks","spotify:album:6AAvPJl1CCwaRog3GoLBr0","Stereo Typical","spotify:artist:2ajhZ7EA6Dec0kaWiKCApF","Rizzle Kicks","2011-01-01","https://i.scdn.co/image/ab67616d0000b2732cbcb97c690cdbbaa2d71551","1","4","186851","https://p.scdn.co/mp3-preview/a82fd5749c42616ec5024e89c38bd4960b29d435?cid=9950ac751e34487dbbe027c4fd7f8e99","false","0","GBUM71103914","spotify:user:bradnumber1","2021-08-08T09:26:31Z","uk hip hop","0.754","0.877","4","-4.59","0","0.079","0.0876","0","0.219","0.771","115.021","4","","Universal Music Group","C © 2011 Universal Island Records, a division of Universal Music Operations Limited, P ℗ 2011 Universal Island Records, a division of Universal Music Operations Limited"
"spotify:track:7mtxlSJQej3cCBXySgEjlY","Boyfriend","spotify:artist:1MIVXf74SZHmTIp4V4paH4","Mabel","spotify:album:1lf8oA3lANa6trf3iPho22","Boyfriend","spotify:artist:1MIVXf74SZHmTIp4V4paH4","Mabel","2020-02-26","https://i.scdn.co/image/ab67616d0000b2739a0fd838ca0d5f0ee7ddfd8f","1","1","225266","https://p.scdn.co/mp3-preview/c30bab81f449351f455276393ff3a23f2be77552?cid=9950ac751e34487dbbe027c4fd7f8e99","false","43","GBUM72000031","spotify:user:bradnumber1","2021-08-08T09:26:31Z","pop,uk pop","0.799","0.847","11","-3.022","0","0.0541","0.0597","0","0.044","0.67","99.991","4","","Polydor Records","C © 2020 Mabel McVey, under exclusive licence to Universal Music Operations Limited, P ℗ 2020 Mabel McVey, under exclusive licence to Universal Music Operations Limited"
"spotify:track:6wn61Fzx9XMxQmieLpoIhW","White Horse","spotify:artist:06HL4z0CvFAxyc27GXpf02","Taylor Swift","spotify:album:2dqn5yOQWdyGwOpOIi9O4x","Fearless","spotify:artist:06HL4z0CvFAxyc27GXpf02","Taylor Swift","2008-11-11","https://i.scdn.co/image/ab67616d0000b2737b25c072237f29ee50025fdc","1","5","234426","https://p.scdn.co/mp3-preview/530a6659bb8c0628fb7f11c97ad0eafe20980786?cid=9950ac751e34487dbbe027c4fd7f8e99","false","47","USCJY0803264","spotify:user:bradnumber1","2021-08-08T09:26:31Z","pop","0.578","0.34","0","-8.027","1","0.0264","0.305","0","0.104","0.223","92.702","4","","Big Machine Records, LLC","C © 2008 Apollo A-1 LLC, P ℗ 2008 Apollo A-1 LLC"
"spotify:track:4rJTwIvqbJLhvO5sKGOpgJ","Sunday Morning","spotify:artist:04gDigrS5kc9YWfZHwBETP","Maroon 5","spotify:album:7ERPhrxdBWkGo4HN1SuJSr","Songs About Jane: 10th Anniversary Edition","spotify:artist:04gDigrS5kc9YWfZHwBETP","Maroon 5","2012-06-05","https://i.scdn.co/image/ab67616d0000b273d5056d7ed504d47262e8bfe6","1","8","244880","https://p.scdn.co/mp3-preview/41f14a5612da8fdf53a11d03fb2e705ef3ba2084?cid=9950ac751e34487dbbe027c4fd7f8e99","false","0","USJAY0300086","spotify:user:bradnumber1","2021-08-08T09:26:31Z","pop","0.609","0.779","0","-5.213","1","0.0519","0.0748","0","0.0702","0.786","88.036","4","","Universal Music Group","C © 2012 A&M/Octone Records, P ℗ 2012 A&M/Octone Records"
"spotify:track:3LlAyCYU26dvFZBDUIMb7a","Demons","spotify:artist:53XhwfbYqKCa1cC15pYq2q","Imagine Dragons","spotify:album:6htgf3qv7vGcsdxLCDxKp8","Night Visions","spotify:artist:53XhwfbYqKCa1cC15pYq2q","Imagine Dragons","2012-09-04","https://i.scdn.co/image/ab67616d0000b273b2b2747c89d2157b0b29fb6a","1","4","175200","https://p.scdn.co/mp3-preview/dffa47dbbfe06cff32e8b676e66e7d50ad358ca7?cid=9950ac751e34487dbbe027c4fd7f8e99","false","73","USUM71201071","spotify:user:bradnumber1","2021-08-08T09:26:31Z","modern rock,pop,rock","0.5","0.71","3","-3.015","1","0.0339","0.19","0.00025","0.329","0.419","89.929","4","","Kid Ina Korner / Interscope","C © 2012 KIDinaKORNER/Interscope Records, P ℗ 2012 KIDinaKORNER/Interscope Records"
"spotify:track:78oVENjkS4tIEnmdmK0lhT","If I Were a Carpenter","spotify:artist:5IukvMjujEz3crLaC6SW1T","Swanee","spotify:album:4VBGwrvT60WaYRadVwMG65","Heart & Soul","spotify:artist:5IukvMjujEz3crLaC6SW1T","Swanee","1983-10-18","https://i.scdn.co/image/ab67616d0000b2739fd894a8c15b5685bfae39f1","1","12","213906","https://p.scdn.co/mp3-preview/6e92649ae5d4facaa239dbdba53327a809b4400c?cid=9950ac751e34487dbbe027c4fd7f8e99","false","0","AUGZD1300052","spotify:user:bradnumber1","2020-03-05T09:20:32Z","australian rock","0.516","0.792","7","-5.388","1","0.0339","0.0906","0.0000427","0.27","0.496","106.939","4","","John Swan Music","C 1983 John Swan Music, P 1983 John Swan Music"
"spotify:track:1QBbha91z5mL9lesOCjHG6","Percolator (Twist)","spotify:artist:7oiJO2QWnUdEyZdkYmIu3z","Billy Joe & The Checkmates","spotify:album:72sfuuKyPPD0oeSk5ABC1L","Lights Out The Dore Records Story 1958-1962","spotify:artist:0LyfQWJT6nXafLPZqxe9Of","Various Artists","2015-07-01","https://i.scdn.co/image/ab67616d0000b273ae49e3ad3fa4e2e113908e79","1","18","133041","https://p.scdn.co/mp3-preview/e08fa5507d422513ac3b3d49272dd5a153d9d97d?cid=9950ac751e34487dbbe027c4fd7f8e99","false","1","BEDO61516969","spotify:user:bradnumber1","2021-08-08T09:26:31Z","","0.701","0.53","6","-10.681","1","0.0976","0.729","0.0362","0.084","0.801","150.464","4","","Crazy Warthog Media","C 2015 Crazy Warthog Media, P 2015 Crazy Warthog Media"
"spotify:track:7DFawVSjI88xR9mjnWwURg","If You Don't Know Me by Now - 2008 Remaster","spotify:artist:1fa0cOhromAZdq2xRA4vv8","Simply Red","spotify:album:0R8Pl54TXSwXWtAEVaP7ew","A New Flame (Expanded Version)","spotify:artist:1fa0cOhromAZdq2xRA4vv8","Simply Red","1989","https://i.scdn.co/image/ab67616d0000b2738f8dc242b396ddc31c01d36c","1","9","204000","https://p.scdn.co/mp3-preview/0c6cd273031aef9c142b6eaeb56ea470ceb7e1a8?cid=9950ac751e34487dbbe027c4fd7f8e99","false","70","GBCRL0800110","spotify:user:bradnumber1","2021-08-08T09:26:31Z","british soul,new romantic,new wave,new wave pop,soft rock,sophisti-pop","0.638","0.352","10","-9.266","1","0.0268","0.492","0","0.105","0.204","94.173","3","","Rhino/Elektra","C © 2008 Warner Music UK Ltd. / Simplyred.com Ltd., P ℗ 2008 Warner Music UK Ltd. / Simplyred.com Ltd. Marketed by Rhino Entertainment Company, a Warner Music Group Company"
"spotify:track:5yMZU1xolje7E1xGmezcuj","Cleanin' Out My Closet","spotify:artist:7dGJo4pcD2V6oG8kP0tJRR","Eminem","spotify:album:1ftvBBcu7jYIvXyt3JWB8S","The Eminem Show","spotify:artist:7dGJo4pcD2V6oG8kP0tJRR","Eminem","2002-05-26","https://i.scdn.co/image/ab67616d0000b273ccdb1982626f299b3b1d3efd","1","4","297933","https://p.scdn.co/mp3-preview/ccfd4b1431ecb301db1ba7f51f47c52c200c391e?cid=9950ac751e34487dbbe027c4fd7f8e99","true","0","USIR10211054","spotify:user:bradnumber1","2021-08-08T09:26:31Z","detroit hip hop,hip hop,rap","0.908","0.762","9","-4.773","0","0.153","0.0658","0","0.104","0.869","148.016","4","","Universal Music Group","C © 2002 Aftermath Records, P ℗ 2002 Aftermath Records"
"spotify:track:2Inz7gGPGgieN0CTw9TOOs","September Song","spotify:artist:4kYGAK2zu9EAomwj3hXkXy","JP Cooper","spotify:album:1aTPXL4h5bDOBlPR9xbETc","Raised Under Grey Skies (Deluxe)","spotify:artist:4kYGAK2zu9EAomwj3hXkXy","JP Cooper","2017-10-06","https://i.scdn.co/image/ab67616d0000b273ae6146395e4628a4b31b537a","1","2","220290","https://p.scdn.co/mp3-preview/b8e8c410338c32877548c196d484ffddf3774a28?cid=9950ac751e34487dbbe027c4fd7f8e99","false","0","GBUM71604513","spotify:user:bradnumber1","2021-08-08T09:26:31Z","uk pop","0.622","0.609","0","-6.702","0","0.038","0.0455","0","0.0903","0.398","95.955","4","","Universal Music Group","C © 2017 Island Records, a division of Universal Music Operations Limited, P ℗ 2017 Island Records, a division of Universal Music Operations Limited"
"spotify:track:41gi9iAWpFW3ps8Tvii6z0","Not Fair","spotify:artist:13saZpZnCDWOI9D4IJhp1f","Lily Allen","spotify:album:4zZKTqu7DkowQnO9Bcx4KX","It's Not Me, It's You (Special Edition)","spotify:artist:13saZpZnCDWOI9D4IJhp1f","Lily Allen","2008-12-02","https://i.scdn.co/image/ab67616d0000b27340c8d7aaf779b7a715dba250","1","3","202546","https://p.scdn.co/mp3-preview/035fb6f3e1540c8b40af4a6fd1218c750e54216a?cid=9950ac751e34487dbbe027c4fd7f8e99","true","58","GBAYE0802261","spotify:user:bradnumber1","2021-08-08T09:26:31Z","dance pop,electropop,neo mellow","0.718","0.806","5","-9.191","1","0.0376","0.052","0.0137","0.0932","0.929","121.488","4","","Parlophone UK","C © 2009 Parlophone Records Ltd, a Warner Music Group Company, P ℗ 2009 Parlophone Records Ltd, a Warner Music Group Company"
"spotify:track:5d81CyB1uGBwEw98fhBazI","Can You Feel","spotify:artist:1nCht41FuMcmG1FIoyjWCH","Taxiride","spotify:album:6FLX6wPZ49m4mLfX9sYRse","Imaginate","spotify:artist:1nCht41FuMcmG1FIoyjWCH","Taxiride","1999-10-18","https://i.scdn.co/image/ab67616d0000b273629d9b0ec5d43b4167128da5","1","1","197626","https://p.scdn.co/mp3-preview/1b8498fb6539b6a7f5548528784b533191895814?cid=9950ac751e34487dbbe027c4fd7f8e99","false","19","AUWA09900340","spotify:user:bradnumber1","2022-04-20T22:23:09Z","australian pop,australian rock","0.608","0.727","8","-7.164","1","0.03","0.0017","0.0000735","0.172","0.389","113.973","4","","WM Australia","C © 1999 WARNER MUSIC AUSTRALIA PTY LIMITED, P ℗ 1999 WARNER MUSIC AUSTRALIA PTY LIMITED"
"spotify:track:06iMqWThw4w8fTFyccvOwr","Ride Wit Me","spotify:artist:2gBjLmx6zQnFGQJCAQpRgw, spotify:artist:3L2SIGZah4QZSvN4wC8rHl","Nelly, City Spud","spotify:album:2HWBPvQoaMFBF6krXyzpOv","Country Grammar","spotify:artist:2gBjLmx6zQnFGQJCAQpRgw","Nelly","2000-06-27","https://i.scdn.co/image/ab67616d0000b273dcbcf12cbd20a8b5bd3b5d8b","1","7","291781","https://p.scdn.co/mp3-preview/b7babc9e267faa4bc66b9c479bbf96595bf4c33d?cid=9950ac751e34487dbbe027c4fd7f8e99","true","0","USUR10000183","spotify:user:bradnumber1","2021-08-08T09:26:31Z","dance pop,gangster rap,hip hop,pop rap,rap,st louis rap,urban contemporary","0.854","0.692","7","-6.625","1","0.0479","0.0668","0","0.247","0.753","101.865","4","","Universal/Island Def Jam","C © 2000 Universal Records Inc., P ℗ 2000 Universal Motown Records, a division of UMG Recordings, Inc."
"spotify:track:73XQBWHSVLL1939hb8cQTm","Georgy Girl","spotify:artist:7dedWAqd0IKTdCiqiadUrV","The Seekers","spotify:album:3vMmPXoijRRhpE9lPpUyq4","The Seekers","spotify:artist:7dedWAqd0IKTdCiqiadUrV","The Seekers","1989-01-30","https://i.scdn.co/image/ab67616d0000b273e517ee64fd625057c25108fc","1","13","140440","https://p.scdn.co/mp3-preview/45e02f0978aa396678202eee6e3075b69d91bfa3?cid=9950ac751e34487dbbe027c4fd7f8e99","false","51","GBAYE6600112","spotify:user:bradnumber1","2021-08-08T09:26:31Z","british invasion","0.515","0.496","4","-7.446","1","0.0324","0.265","0","0.182","0.651","153.582","4","","Parlophone UK","C © 1990 Parlophone Records Ltd, a Warner Music Group Company, P ℗ 1990 Parlophone Records Ltd, a Warner Music Group Company"
"spotify:track:5BedTJm2867aDyCXCZGbfm","The Pushbike Song","spotify:artist:3uPSzsWGSzQZfihkPkAvfN","The Mixtures","spotify:album:21gWnRaQDXFufaTuhv2PUJ","In the Summertime","spotify:artist:3uPSzsWGSzQZfihkPkAvfN","The Mixtures","1970","https://i.scdn.co/image/ab67616d0000b2730828aef993b282a5e6c1d585","1","7","150933","https://p.scdn.co/mp3-preview/a0a53004582085258c5da9f2cfd7911cee98e255?cid=9950ac751e34487dbbe027c4fd7f8e99","false","0","AULB41700124","spotify:user:bradnumber1","2021-08-08T09:26:31Z","","0.622","0.498","2","-12.957","1","0.15","0.272","0.00000294","0.05","0.969","169.314","4","","Fable Records","C 1970 Southern Cross Music Pty Limited, P 1970 Fable Records. Under exclusive license to Southern Cross Music Pty Limited."
"spotify:track:7jw0hu5zFqCTCznb01TpBU","Closer - Original Song from the TV Series ""The Secret Daughter""","spotify:artist:6rHWAH6F4mr2AViSxMV673","Jessica Mauboy","spotify:album:26qCxSTqoqXXXQ5qvrECi8","The Secret Daughter (Songs from the Original TV Series)","spotify:artist:6rHWAH6F4mr2AViSxMV673","Jessica Mauboy","2016","https://i.scdn.co/image/ab67616d0000b27364f72dc41389e464da4dbfe3","1","13","215667","https://p.scdn.co/mp3-preview/239b1ae9c840fa4001dfffb266f081e4569b81d4?cid=9950ac751e34487dbbe027c4fd7f8e99","false","0","AUBM01600284","spotify:user:bradnumber1","2021-08-08T09:26:31Z","australian indigenous music,australian pop,australian talent show","0.549","0.654","1","-5.542","0","0.0359","0.107","0","0.316","0.3","77.457","4","","Sony Music Entertainment","P (P) 2016 Sony Music Entertainment Australia Pty Ltd / Screentime Pty Limited / Seven Network (Operations) Limited"
"spotify:track:1UxisKljksGRNwJBPp4Tri","Valerie (feat. Amy Winehouse) - Version Revisited","spotify:artist:3hv9jJF3adDNsBSIQDqcjp, spotify:artist:6Q192DXotxtaysaqNPy5yR","Mark Ronson, Amy Winehouse","spotify:album:1nojrwBYMmq5jY1gJYtywa","Version Digital Edition","spotify:artist:3hv9jJF3adDNsBSIQDqcjp","Mark Ronson","2007-06-22","https://i.scdn.co/image/ab67616d0000b273c8bf8ee51d2b007ae80749c0","1","5","219413","https://p.scdn.co/mp3-preview/7c1f773fee487c3fdc15fd8b0ee6a3a388b341d3?cid=9950ac751e34487dbbe027c4fd7f8e99","false","45","GBARL0700173","spotify:user:bradnumber1","2021-08-08T09:26:31Z","pop soul,british soul,neo soul","0.699","0.83","1","-4.898","1","0.0633","0.00243","0.00024","0.0995","0.889","105.809","4","","Columbia","P (P) 2007 Mark Ronson under exclusive license to SONY BMG MUSIC ENTERTAINMENT (UK) Limited except Track 9 (P) 2006 Rapster Records / BBE Records"
"spotify:track:6LaBWjwBedgvm4dBnxqs3X","True Tears Of Joy","spotify:artist:7udwYystFcvYziV36ZIwuh","Hunters & Collectors","spotify:album:7n0fvADfxHxfAcovh4EC8t","Cut","spotify:artist:7udwYystFcvYziV36ZIwuh","Hunters & Collectors","1992","https://i.scdn.co/image/ab67616d0000b2734c75574b3f389b1d7d4de7ac","1","4","273480","https://p.scdn.co/mp3-preview/cdeff12e7b0b60e52d559656399516849d724ad5?cid=9950ac751e34487dbbe027c4fd7f8e99","false","0","AULI00508740","spotify:user:bradnumber1","2021-08-08T09:26:31Z","australian rock","0.643","0.771","11","-5.652","0","0.0351","0.0979","0.0000822","0.0611","0.807","101.756","4","","Bloodlines","C 1992 C 1992 Human Frailty Pty Ltd, P 1992 P 1992 Human Frailty Pty Ltd"
"spotify:track:3ciED4jwJzGzGeCxgxQSkK","Love and Kisses","spotify:artist:2CiKl2xJiNEEUbUO5FpeDI","Dannii","spotify:album:6UVHPqgR2xaiHhi6dfu2Wm","The Singles","spotify:artist:2CiKl2xJiNEEUbUO5FpeDI","Dannii","1998","https://i.scdn.co/image/ab67616d0000b273bed20ae0a546c9173358836f","1","1","224506","https://p.scdn.co/mp3-preview/951a03c093b70adbd00806cd0117df93c5e5d4b8?cid=9950ac751e34487dbbe027c4fd7f8e99","false","0","AUMU09000166","spotify:user:bradnumber1","2021-08-08T09:26:31Z","","0.785","0.644","1","-15.407","1","0.0457","0.00772","0.0115","0.176","0.721","112.675","4","","WM Australia","C © 1998 Mushroom Records, P ℗ 1998 Mushroom Records"
"spotify:track:1we6fKUZmxDbVxqs2n2qjw","Blue Eyes","spotify:artist:21R50WhyQI5HxWOTr6MyY1","Cary Brothers","spotify:album:6jJ3eH077keCTpesV4WWlj","Who You Are","spotify:artist:21R50WhyQI5HxWOTr6MyY1","Cary Brothers","2007-05-29","https://i.scdn.co/image/ab67616d0000b2730974037629defcc6a2dca1ba","1","12","259306","https://p.scdn.co/mp3-preview/f356044fc1f84c5498cfbc20bb24da8b8d4d1004?cid=9950ac751e34487dbbe027c4fd7f8e99","false","0","US3k20600102","spotify:user:bradnumber1","2021-08-08T09:26:31Z","acoustic pop,la indie","0.635","0.398","4","-7.893","1","0.0262","0.282","0.00000271","0.086","0.398","112.329","3","","Procrastination Music","C 2007 Procrastination Music, P 2007 Procrastination Music"
"spotify:track:7y2YUIyCuVhBidENVT0068","Love Me Like You Do - From ""Fifty Shades Of Grey""","spotify:artist:0X2BH1fck6amBIoJhDVmmJ","Ellie Goulding","spotify:album:2YLHkrwyRBsjBgSAySg0es","Love Me Like You Do (From ""Fifty Shades Of Grey"")","spotify:artist:0X2BH1fck6amBIoJhDVmmJ","Ellie Goulding","2015-01-07","https://i.scdn.co/image/ab67616d0000b2737e3e34dcefc6f62b01b7d3f0","1","1","252538","https://p.scdn.co/mp3-preview/af7a33094ec0c2743a50e007c66acb07ded6b3ca?cid=9950ac751e34487dbbe027c4fd7f8e99","false","0","GBUM71406823","spotify:user:bradnumber1","2021-08-08T09:26:31Z","indietronica,metropopolis,pop,uk pop","0.258","0.631","5","-6.617","0","0.0541","0.281","0","0.127","0.266","189.583","4","","Universal Music Group","C © 2015 Polydor Ltd. (UK), P ℗ 2015 Polydor Ltd. (UK)"
"spotify:track:2YlZnw2ikdb837oKMKjBkW","Like I'm Gonna Lose You (feat. John Legend)","spotify:artist:6JL8zeS1NmiOftqZTRgdTz, spotify:artist:5y2Xq6xcjJb2jVM54GHK3t","Meghan Trainor, John Legend","spotify:album:5W98Ab4VvQEuFEE4TIe5fE","Title (Deluxe)","spotify:artist:6JL8zeS1NmiOftqZTRgdTz","Meghan Trainor","2015-01-09","https://i.scdn.co/image/ab67616d0000b2733b11178cccd78ec77fc12dbc","1","6","225053","https://p.scdn.co/mp3-preview/c8c3a28c1a4c578714b1e56f83c70461e9243838?cid=9950ac751e34487dbbe027c4fd7f8e99","false","79","USSM11408374","spotify:user:bradnumber1","2021-08-08T09:26:31Z","hip pop,pop,neo soul,pop,pop soul,urban contemporary","0.63","0.53","0","-7.259","1","0.0434","0.4","0","0.177","0.417","108.038","3","","Epic","P (P) 2014, 2015 Epic Records, a division of Sony Music Entertainment"
"spotify:track:7j7tJanUWBzqBcRrGta92C","It's Not Easy - 2015 Remaster","spotify:artist:5c9HsNOWkLSqCduVHX8iyO","Normie Rowe","spotify:album:3a7JXyIuAl4LZ4niKhEf2W","Frenzy! The 50th Anniversary Collection","spotify:artist:5c9HsNOWkLSqCduVHX8iyO","Normie Rowe","2015-06-05","https://i.scdn.co/image/ab67616d0000b273221b1558078e41a184f29a9e","1","24","189120","https://p.scdn.co/mp3-preview/489ff3616f4b914f0233397763e216196068eef9?cid=9950ac751e34487dbbe027c4fd7f8e99","false","9","AUWA01500187","spotify:user:bradnumber1","2021-08-08T09:26:31Z","","0.328","0.595","3","-7.417","1","0.0309","0.487","0.00000127","0.106","0.348","93.325","4","","WM Australia","C © 2015 Warner Music Australia Pty Ltd, P ℗ 2015 Warner Music Australia Pty Ltd"
"spotify:track:4JehYebiI9JE8sR8MisGVb","Halo","spotify:artist:6vWDO969PvNqNYHIOW5v0m","Beyoncé","spotify:album:39P7VD7qlg3Z0ltq60eHp7","I AM...SASHA FIERCE","spotify:artist:6vWDO969PvNqNYHIOW5v0m","Beyoncé","2008-11-17","https://i.scdn.co/image/ab67616d0000b273801c4d205accdba0a468a10b","1","2","261640","https://p.scdn.co/mp3-preview/6fd951cef00937cd2b7165a14f10d5e69239e5f7?cid=9950ac751e34487dbbe027c4fd7f8e99","false","71","USSM10804556","spotify:user:bradnumber1","2021-08-08T09:26:31Z","pop,r&b","0.508","0.72","11","-5.908","0","0.0628","0.272","0","0.0563","0.472","79.983","4","","Music World Music/Columbia","P (P) 2008 Sony Music Entertainment"
"spotify:track:0ikz6tENMONtK6qGkOrU3c","Wake Me Up Before You Go-Go","spotify:artist:5lpH0xAS4fVfLkACg9DAuM","Wham!","spotify:album:02f3y3NTsddjdUMoNiBppI","Make It Big","spotify:artist:5lpH0xAS4fVfLkACg9DAuM","Wham!","1984-10-23","https://i.scdn.co/image/ab67616d0000b273a2fc41b0dd6ce4f0d16a4c46","1","1","231333","https://p.scdn.co/mp3-preview/48ce25ff385552880371a3c460f0b90ecbcfceea?cid=9950ac751e34487dbbe027c4fd7f8e99","false","80","GBBBN0009712","spotify:user:bradnumber1","2021-08-08T09:26:31Z","new romantic,new wave,new wave pop,soft rock","0.62","0.573","0","-11.893","1","0.0423","0.271","0","0.0607","0.897","81.548","4","","Columbia","P (P) 1984 Sony Music Entertainment (UK) Limited"
"spotify:track:3M7Ab3IGSb7vNoLWqDbXVF","Goodbye My Lover","spotify:artist:7KMqksf0UMdyA0UCf4R3ux","James Blunt","spotify:album:1wklsLLbGIZg1RDpoJovrb","Back to Bedlam","spotify:artist:7KMqksf0UMdyA0UCf4R3ux","James Blunt","2005-10-04","https://i.scdn.co/image/ab67616d0000b2739489b7675f782feada134658","1","4","258653","https://p.scdn.co/mp3-preview/1c0e9e04da74c069fb87ab15d25356e35dbf84e7?cid=9950ac751e34487dbbe027c4fd7f8e99","false","54","USAT20401590","spotify:user:bradnumber1","2021-08-08T09:26:31Z","neo mellow","0.432","0.261","4","-12.591","1","0.0512","0.953","0.00342","0.0903","0.273","89.567","4","","Atlantic Records","C An Atlantic Records Release, © 2005 Warner Music UK Limited, P An Atlantic Records Release, ℗ 2005 Warner Music UK Limited"
"spotify:track:5nCthAh3jt4xKuLJAifAaR","Harleys In Hawaii","spotify:artist:6jJ0s89eD6GaHleKKya26X","Katy Perry","spotify:album:30UjBkRwwBeCdspCGPBB8V","Harleys In Hawaii","spotify:artist:6jJ0s89eD6GaHleKKya26X","Katy Perry","2019-10-16","https://i.scdn.co/image/ab67616d0000b273f36563773a882c66e3fca58e","1","1","185815","https://p.scdn.co/mp3-preview/b5ee6f9b55ab5daaa020b50d84b416506725bde2?cid=9950ac751e34487dbbe027c4fd7f8e99","false","67","USUM71919682","spotify:user:bradnumber1","2021-08-08T09:26:31Z","pop","0.722","0.756","10","-6.207","0","0.132","0.183","0.00000678","0.126","0.725","140.092","4","","Capitol Records","C © 2019 Capitol Records, LLC, P ℗ 2019 Capitol Records, LLC"
"spotify:track:5qGwqO0lkbBXw4xNfzT7SF","Spice Up Your Life","spotify:artist:0uq5PttqEjj3IH1bzwcrXF","Spice Girls","spotify:album:3sr6lAuO3nmB1u8ZuQgpiX","Spiceworld","spotify:artist:0uq5PttqEjj3IH1bzwcrXF","Spice Girls","1997-01-01","https://i.scdn.co/image/ab67616d0000b273f660420bcef3b16b4c7e5f2b","1","1","173666","https://p.scdn.co/mp3-preview/2f6ebdd76c0d1d2c11c65a240133170df782ef58?cid=9950ac751e34487dbbe027c4fd7f8e99","false","64","GBAAA9710052","spotify:user:bradnumber1","2021-08-08T09:26:31Z","dance pop,girl group,pop","0.555","0.993","1","-5.067","1","0.0462","0.0106","0.0318","0.403","0.683","124.018","4","","Virgin Records","C © 1997 Virgin Records Limited, P ℗ 1997 Virgin Records Limited"
"spotify:track:5fqcIHU6DhQtFKVO5XSdQs","Roam","spotify:artist:3gdbcIdNypBsYNu3iiCjtN","The B-52's","spotify:album:5BAzAODqIwttjj7wxmlNMS","Cosmic Thing","spotify:artist:3gdbcIdNypBsYNu3iiCjtN","The B-52's","1989-06-23","https://i.scdn.co/image/ab67616d0000b27393bf4c5e67f6a72149d94c94","1","6","295133","https://p.scdn.co/mp3-preview/e0b1bd7144bd7756998bb96d159d546af6488b40?cid=9950ac751e34487dbbe027c4fd7f8e99","false","56","USRE18900031","spotify:user:bradnumber1","2021-08-08T09:26:31Z","album rock,classic rock,dance rock,new romantic,new wave,new wave pop,permanent wave,post-punk,rock,zolo","0.636","0.939","9","-5.551","1","0.0837","0.0485","0.00000669","0.271","0.694","134.937","4","","Warner Records","C © 1989 Reprise Records, P ℗ 1989 Reprise Records"
"spotify:track:3Zwu2K0Qa5sT6teCCHPShP","Thnks fr th Mmrs","spotify:artist:4UXqAaa6dQYAk18Lv7PEgX","Fall Out Boy","spotify:album:0hHopYqXhuvYSHtVyrcb1g","Infinity On High","spotify:artist:4UXqAaa6dQYAk18Lv7PEgX","Fall Out Boy","2007-01-01","https://i.scdn.co/image/ab67616d0000b273da071ae7564949fbbfc6904d","1","7","203506","https://p.scdn.co/mp3-preview/efc79db86b5ce942f8cb8f693a42bf1da6a5bf30?cid=9950ac751e34487dbbe027c4fd7f8e99","false","78","USUM70700326","spotify:user:bradnumber1","2021-08-08T09:26:31Z","emo,modern rock,pop,rock","0.46","0.892","10","-5.046","0","0.0619","0.0051","0","0.106","0.59","154.844","4","","Island Records","C © 2007 The Island Def Jam Music Group, P ℗ 2007 The Island Def Jam Music Group"
"spotify:track:6vrUTGn5p8IrfTZ0J6sIVM","Iris","spotify:artist:2sil8z5kiy4r76CRTXxBCA","The Goo Goo Dolls","spotify:album:0UccZZgelTAbbk3OSPZymO","Greatest Hits Volume One - The Singles","spotify:artist:2sil8z5kiy4r76CRTXxBCA","The Goo Goo Dolls","2007-11-06","https://i.scdn.co/image/ab67616d0000b273d54c4b12c9242bda37f4bb25","1","14","289906","https://p.scdn.co/mp3-preview/4ddebcc2b833ae58999b4dfbef76a97a0a1db2e5?cid=9950ac751e34487dbbe027c4fd7f8e99","false","71","USWB10704707","spotify:user:bradnumber1","2021-08-08T09:26:31Z","neo mellow,permanent wave,pop rock,post-grunge","0.291","0.79","11","-5.683","0","0.0363","0.00133","0.00000561","0.0811","0.513","155.667","3","","Warner Records","C © 2007 Warner Records Inc., P ℗ 2007 Warner Records Inc."
"spotify:track:3SdTKo2uVsxFblQjpScoHy","Stand By Me","spotify:artist:3plJVWt88EqjvtuB4ZDRV3","Ben E. King","spotify:album:18Fj7coTfyMi7mEPXIweN7","Don't Play That Song (Mono)","spotify:artist:3plJVWt88EqjvtuB4ZDRV3","Ben E. King","1962-08-20","https://i.scdn.co/image/ab67616d0000b2731813ea8f590a0aab2820f922","1","7","180055","https://p.scdn.co/mp3-preview/88493701fe90b75e7e559ee5eefd9d7d0c272467?cid=9950ac751e34487dbbe027c4fd7f8e99","false","75","USAT21402270","spotify:user:bradnumber1","2021-08-08T09:26:31Z","rock-and-roll,soul","0.65","0.306","9","-9.443","1","0.0393","0.57","0.00000707","0.0707","0.605","118.068","4","","Rhino Atlantic","C © 1962 Atco Records, P ℗ 1962 Atco Records. Marketed by Rhino Entertainment Company, a Warner Music Group Company."
"spotify:track:2Rb4Dey8TXM6A2R3QQaJPn","I Love Me","spotify:artist:6S2OmqARrzebs0tKUEyXyp","Demi Lovato","spotify:album:61xfoPf6PkIv1sQRv559ma","I Love Me","spotify:artist:6S2OmqARrzebs0tKUEyXyp","Demi Lovato","2020-03-06","https://i.scdn.co/image/ab67616d0000b27375abd42139a0a97907145712","1","1","203672","https://p.scdn.co/mp3-preview/6077c65f7ffcf755fad0fc1e557bf9b79711b276?cid=9950ac751e34487dbbe027c4fd7f8e99","false","35","USUM72003025","spotify:user:bradnumber1","2021-08-08T09:26:31Z","pop,post-teen pop","0.661","0.554","11","-7.032","1","0.0543","0.00242","0","0.0698","0.686","150.033","4","","Island Records","C © 2020 Island Records, a division of UMG Recordings, Inc., P ℗ 2020 Island Records, a division of UMG Recordings, Inc."
"spotify:track:40XXjm2pU6LGZkLq5VmkaQ","Everlasting Love","spotify:artist:7aXDGr3cUBmH2Kx1yBC7Ux","Love Affair","spotify:album:2BX02XIupm6Sw7cdaT7gVX","The Everlasting Love Affair","spotify:artist:7aXDGr3cUBmH2Kx1yBC7Ux","Love Affair","1968-03-04","https://i.scdn.co/image/ab67616d0000b273d4218ae9ecae02a4f8fbd9d0","1","1","182666","https://p.scdn.co/mp3-preview/5f86f0b5bfe85b355f740bc73cad3e889e4f9c89?cid=9950ac751e34487dbbe027c4fd7f8e99","false","55","GBBBN6700001","spotify:user:bradnumber1","2023-02-14T22:24:06Z","classic uk pop,merseybeat,rock-and-roll","0.497","0.569","9","-10.632","1","0.0386","0.266","0","0.336","0.811","120.531","4","","Columbia","P (P) 1968 Sony Music Entertainment (UK) Ltd."
"spotify:track:2gpWyfu7eZ01zzncHpxOtA","Moth To A Flame (with The Weeknd)","spotify:artist:1h6Cn3P4NGzXbaXidqURXs, spotify:artist:1Xyo4u8uXC1ZmMpatF05PJ","Swedish House Mafia, The Weeknd","spotify:album:3udIvIqyBG1RrHxXrUZDoK","Moth To A Flame","spotify:artist:1h6Cn3P4NGzXbaXidqURXs, spotify:artist:1Xyo4u8uXC1ZmMpatF05PJ","Swedish House Mafia, The Weeknd","2021-10-22","https://i.scdn.co/image/ab67616d0000b2732751f15ff6c8174e540b6fb4","1","1","234000","https://p.scdn.co/mp3-preview/1115f3c666a5ec714e6c3a29121c863720c4059c?cid=9950ac751e34487dbbe027c4fd7f8e99","false","14","USUG12105524","spotify:user:bradnumber1","2021-11-20T11:36:22Z","edm,pop dance,progressive electro house,canadian contemporary r&b,canadian pop,pop","0.542","0.659","8","-7.289","1","0.0389","0.00279","0","0.105","0.109","120.122","4","","Republic Records","C © 2021 SSA Recording, LLP, under exclusive license to Republic Records, a division of UMG Recordings, Inc., P ℗ 2021 SSA Recording, LLP, under exclusive license to Republic Records, a division of UMG Recordings, Inc."
"spotify:track:2JIEe9P3bFoI6yQz0CfeG4","French Kissin In The U.S.A.","spotify:artist:7FxMjqH6DH056sdsstGeVl","Debbie Harry","spotify:album:3KqhlIxtnXfWJfi445kI8X","Once More Into The Bleach","spotify:artist:4tpUmLEVLCGFr93o8hFFIB, spotify:artist:7FxMjqH6DH056sdsstGeVl","Blondie, Debbie Harry","1988","https://i.scdn.co/image/ab67616d0000b27356909c25577a5c5fcfbf7d1d","1","10","314133","https://p.scdn.co/mp3-preview/6dfe474ef6e4cb56d52c9a13e01cb75570151355?cid=9950ac751e34487dbbe027c4fd7f8e99","false","0","GBAYK8600008","spotify:user:bradnumber1","2021-08-08T09:26:31Z","new wave pop","0.63","0.612","0","-12.3","1","0.0306","0.281","0.0000278","0.0713","0.769","97.374","4","","Chrysalis\EMI Records (USA)","C © 2003 Capitol Records, LLC, P This Compilation ℗ 2003 Capitol Records, LLC"
"spotify:track:0osvOdeD3YXZiWkT8MKolJ","Lifestyle (feat. Adam Levine)","spotify:artist:07YZf4WDAMNwqr4jfgOZ8y, spotify:artist:4bYPcJP5jwMhSivRcqie2n","Jason Derulo, Adam Levine","spotify:album:0SNj1uja6FAoffAMOTdlLy","Lifestyle (feat. Adam Levine)","spotify:artist:07YZf4WDAMNwqr4jfgOZ8y, spotify:artist:4bYPcJP5jwMhSivRcqie2n","Jason Derulo, Adam Levine","2021-01-21","https://i.scdn.co/image/ab67616d0000b273faffb078d11eaf63de4d2b6e","1","1","153865","https://p.scdn.co/mp3-preview/64f142f238ad531763e4a70b34eddea3d7ec2558?cid=9950ac751e34487dbbe027c4fd7f8e99","true","54","USAT22100064","spotify:user:bradnumber1","2021-08-08T09:26:31Z","dance pop,pop,deep talent show","0.749","0.674","10","-5.128","0","0.0366","0.0209","0","0.169","0.711","123.055","4","","Future History/Artist Partner Group, Inc.","C © 2021 Future History/Artist Partner Group, Inc. for the world, under exclusive license to Atlantic Recording Corporation for the United States, Germany, Austria, Switzerland, the United Kingdom, and Norway., P ℗ 2021 Future History/Artist Partner Group, Inc. for the world, under exclusive license to Atlantic Recording Corporation for the United States, Germany, Austria, Switzerland, the United Kingdom, and Norway."
"spotify:track:5zx2S6qPUMoJuwjffjd9En","Midnight Run","spotify:artist:6Vh6UDWfu9PUSXSzAaB3CW","Example","spotify:album:4BH8GVrYe0h7oiGWkDq3yq","#hits","spotify:artist:6Vh6UDWfu9PUSXSzAaB3CW","Example","2012-01-01","https://i.scdn.co/image/ab67616d0000b2736243967eb3178b8ccd9332ab","1","9","240627","https://p.scdn.co/mp3-preview/918f7f5fc98c2dbd2691bc9b85dcc4421e00050c?cid=9950ac751e34487dbbe027c4fd7f8e99","false","15","GBCEN1101224","spotify:user:bradnumber1","2021-08-08T09:26:31Z","hip house,uk dance","0.536","0.863","5","-3.607","0","0.0982","0.156","0","0.0695","0.464","134.868","4","","Hussle","C © 2012 Ministry of Sound Ltd, under exclusive license to Hussle Recordings, a division of Ministry of Sound Australia Pty Ltd., P This Compilation ℗ 2012 Ministry of Sound Ltd, under exclusive license to Hussle Recordings, a division of Ministry of Sound Australia Pty Ltd."
"spotify:track:7rPNyuPXnhKUF1t7d4nZkQ","Obsession","spotify:artist:6eQHjJJa52LUGjBKP5UPos","Animotion","spotify:album:3WUxg12FX0gnWPob8NTwmX","True 80's Love","spotify:artist:0LyfQWJT6nXafLPZqxe9Of","Various Artists","2008-01-01","https://i.scdn.co/image/ab67616d0000b273b042024486ac026dfa56b636","1","13","234506","","false","0","USPR38530022","spotify:user:bradnumber1","2021-08-08T09:26:31Z","new romantic,new wave pop,synthpop","0.724","0.66","7","-9.228","1","0.138","0.00459","0.478","0.0809","0.422","114.808","4","","Universal Music","C © 2008 Spectrum Music, P ℗ 2008 Spectrum Music"
"spotify:track:6C5IC9bZ0q6mI16Hay23gB","I'm Gonna Knock on Your Door","spotify:artist:3JJYPOCM13Id9iZHtkwkI5","Eddie Hodges","spotify:album:7frXOPUyftNx3e0GJLeh6n","Hit Singles - EP","spotify:artist:3JJYPOCM13Id9iZHtkwkI5","Eddie Hodges","2010-04-20","https://i.scdn.co/image/ab67616d0000b273bf10bfee0221bc249f0d14f5","1","1","126266","https://p.scdn.co/mp3-preview/721a0e5e08cfaa630c245c10bb68da5061637925?cid=9950ac751e34487dbbe027c4fd7f8e99","false","0","USZZM1010529","spotify:user:bradnumber1","2021-08-08T09:26:31Z","deep adult standards","0.767","0.87","2","-6.756","1","0.034","0.814","0.0037","0.0641","0.991","126.293","4","","Cadence Records","C (C) 2010 Cadence Records, P (P) 2010 Cadence Records"
"spotify:track:0w1cshxOoZvM0ZembJEEca","Shine","spotify:artist:5M0fvL9GMc2zTuIIQwresj","Vanessa Amorosi","spotify:album:2PYf4m3Bgu4ljRACdnfMCZ","The Power (15 Year Anniversary Re-Issue)","spotify:artist:5M0fvL9GMc2zTuIIQwresj","Vanessa Amorosi","2004-04-03","https://i.scdn.co/image/ab67616d0000b2736d3e26f9fff8d30245519b11","1","3","234733","https://p.scdn.co/mp3-preview/d76672a4dafdb50d5a86f70d1f794d402a26f4ab?cid=9950ac751e34487dbbe027c4fd7f8e99","false","31","AUV401421329","spotify:user:bradnumber1","2021-08-08T09:26:31Z","australian dance,australian pop,australian rock","0.488","0.721","4","-6.62","1","0.036","0.63","0.0000287","0.333","0.715","181.844","4","","CBK Productions","C 1915 CBK Productions, P 2015 CBK Productions"
"spotify:track:4o7ZPI2fmEi3piRe0Hrfpy","Hey Jealousy","spotify:artist:6kXp61QMZFPcKMcRPqoiVj","Gin Blossoms","spotify:album:484pzryEPqn6KSMLtP2c4f","New Miserable Experience","spotify:artist:6kXp61QMZFPcKMcRPqoiVj","Gin Blossoms","1992-01-01","https://i.scdn.co/image/ab67616d0000b273e3100bdcdc758b5fab7e4894","1","2","236626","https://p.scdn.co/mp3-preview/3281918fd8d95aa0c077054e83006f82899ce63f?cid=9950ac751e34487dbbe027c4fd7f8e99","false","62","USAM19201246","spotify:user:bradnumber1","2021-11-11T04:15:14Z","permanent wave,pop rock,post-grunge,tempe indie","0.471","0.797","6","-8.407","0","0.0389","0.000179","0.00000649","0.299","0.497","152.903","4","","A&M","C © 1992 A&M Records Inc., P ℗ 1992 UMG Recordings, Inc."
"spotify:track:6onLnWywmbSnXDFPVY1mM6","Genie in a Bottle","spotify:artist:1l7ZsJRRS8wlW3WfJfPfNS","Christina Aguilera","spotify:album:0VtMlmn7rAcWwxS3QOJo2h","Christina Aguilera","spotify:artist:1l7ZsJRRS8wlW3WfJfPfNS","Christina Aguilera","1999-07-15","https://i.scdn.co/image/ab67616d0000b273b05da72c2d1ba1ef79cf5931","1","1","217133","https://p.scdn.co/mp3-preview/06d1b4ae1b631b29bbfd8b9a66a37f18dd73713a?cid=9950ac751e34487dbbe027c4fd7f8e99","false","0","USRC19900032","spotify:user:bradnumber1","2021-08-08T09:26:31Z","dance pop,pop","0.633","0.792","1","-6.968","1","0.149","0.185","0.000185","0.152","0.918","175.795","4","","RCA Records Label","P (P) 2000 BMG Entertainment"
"spotify:track:19CLG4DCbRTIRCoNyn1teP","We Can Get Together","spotify:artist:1Ic7597AdNZRVWP8Lwoa36","Flowers","spotify:album:6EeThAxf8vbW0GiXpyyQBU","Icehouse (30th Anniversary Edition)","spotify:artist:1Ic7597AdNZRVWP8Lwoa36","Flowers","1982-09-06","https://i.scdn.co/image/ab67616d0000b2733551712979f1043329b41c3e","1","2","226973","https://p.scdn.co/mp3-preview/f3b051f812eb245281f446fa3b592b0d13b7236b?cid=9950ac751e34487dbbe027c4fd7f8e99","false","44","AUWA00207221","spotify:user:bradnumber1","2021-08-08T09:26:31Z","australian rock","0.656","0.843","7","-6.594","1","0.113","0.000264","0.000357","0.111","0.647","145.039","4","","Universal Music Australia Pty. Ltd.","C © 2011 Diva Records, Manufactured and distributed by Universal Music Australia Pty Ltd, P ℗ 2011 Diva Records, Manufactured and distributed by Universal Music Australia Pty Ltd"
"spotify:track:18W92Zm1KjLCbUIszOhpkD","I Wanna Know (feat. Bea Miller)","spotify:artist:5jAMCwdNHWr7JThxtMuEyy, spotify:artist:1o2NpYGqHiCq7FoiYdyd1x","NOTD, Bea Miller","spotify:album:2xqSl9X8ulJayI0KxABaLV","I Wanna Know (feat. Bea Miller)","spotify:artist:5jAMCwdNHWr7JThxtMuEyy, spotify:artist:1o2NpYGqHiCq7FoiYdyd1x","NOTD, Bea Miller","2018-03-16","https://i.scdn.co/image/ab67616d0000b273aba940d3db8ff59443876bc4","1","1","197938","https://p.scdn.co/mp3-preview/353af4532eba19c91b37fd53efa9f786fdc84225?cid=9950ac751e34487dbbe027c4fd7f8e99","false","61","SEUM71800123","spotify:user:bradnumber1","2021-08-08T09:26:31Z","alt z,electropop,pop dance,pop edm,alt z,pop,talent show","0.661","0.725","6","-4.859","1","0.0563","0.0253","0","0.123","0.605","119.927","4","","Universal Music AB","C © 2018 NOTD AB, Under exclusive license to Universal Music AB, P ℗ 2018 NOTD AB, Under exclusive license to Universal Music AB"
"spotify:track:6CGf2aPvKj7497cZ6JMmGT","Remedy","spotify:artist:4dpARuHxo51G3z768sgnrY","Adele","spotify:album:7uwTHXmFa1Ebi5flqBosig","25","spotify:artist:4dpARuHxo51G3z768sgnrY","Adele","2015-11-20","https://i.scdn.co/image/ab67616d0000b2735ffbbc3dca25d5c81491af1f","1","5","245426","https://p.scdn.co/mp3-preview/7e821552ce5f5c448058c55a5a2ce647d6269e20?cid=9950ac751e34487dbbe027c4fd7f8e99","false","0","GBBKS1500218","spotify:user:bradnumber1","2021-08-08T09:26:31Z","british soul,pop,pop soul,uk pop","0.403","0.3","2","-6.475","1","0.0427","0.894","0","0.154","0.234","162.874","3","","XL Recordings","C 2015 XL Recordings Limited., P 2015 XL Recordings Limited."
"spotify:track:7hVhRCDV100Jq26NGR7adw","Good Times Roll","spotify:artist:6DCIj8jNaNpBz8e5oKFPtp","The Cars","spotify:album:4tJPWT4r4FSKwy784Qs1Fq","The Cars","spotify:artist:6DCIj8jNaNpBz8e5oKFPtp","The Cars","1978-06-06","https://i.scdn.co/image/ab67616d0000b273f725bc7907dcf15aa2c6e7b7","1","1","225853","https://p.scdn.co/mp3-preview/722456cfb08dea0cccafa7ce3bdc09641b61ee55?cid=9950ac751e34487dbbe027c4fd7f8e99","false","62","USEE10170463","spotify:user:bradnumber1","2021-08-08T09:26:31Z","album rock,classic rock,hard rock,mellow gold,new romantic,new wave,new wave pop,permanent wave,power pop,rock,singer-songwriter,soft rock,synthpop","0.607","0.662","4","-9.456","1","0.0278","0.0951","0.0000822","0.125","0.629","107.646","4","","Elektra Records","C © 1978 Elektra Records for the United States and WEA International for the world outside of the United States., P ℗ 1978 Elektra Entertainment, a division of Warner Communications, Inc. for the United States and WEA International Inc. for the world outside of the United States."
"spotify:track:4D40ZlFAWsvX7lua1Kablh","Jet - 2010 Remaster","spotify:artist:4STHEaNw4mPZ2tzheohgXB, spotify:artist:3sFhA6G1N0gG1pszb6kk1m","Paul McCartney, Wings","spotify:album:257oomaawruFknt5wYCPDh","Band On The Run (Standard)","spotify:artist:4STHEaNw4mPZ2tzheohgXB, spotify:artist:3sFhA6G1N0gG1pszb6kk1m","Paul McCartney, Wings","1973-12-05","https://i.scdn.co/image/ab67616d0000b273be7a3a1e2d663eea2918e5a3","1","2","248360","https://p.scdn.co/mp3-preview/2711d794b28f6b120c5c0d70a56516a1f0e6a927?cid=9950ac751e34487dbbe027c4fd7f8e99","false","57","GBCCS1000005","spotify:user:bradnumber1","2021-08-08T09:26:31Z","classic rock,mellow gold,rock,soft rock,album rock,art rock,classic rock,folk rock,mellow gold,rock,singer-songwriter,soft rock","0.503","0.739","9","-7.265","1","0.0316","0.018","0.0798","0.0949","0.414","128.917","4","","Paul McCartney Catalog","C © 2010 MPL Communications Inc/Ltd, P ℗ 1973 MPL Communications Inc/Ltd"
"spotify:track:0b7ilDLShQaEBvTeoVVyS8","BIG LOVE","spotify:artist:1yxSLGMDHlW21z4YXirZDS","Black Eyed Peas","spotify:album:6CAEwxPrcGI50ZcIyOQbEC","BIG LOVE","spotify:artist:1yxSLGMDHlW21z4YXirZDS","Black Eyed Peas","2018-09-12","https://i.scdn.co/image/ab67616d0000b273de81bb08b2bc6fd21d79580a","1","1","277173","https://p.scdn.co/mp3-preview/b1ff6671d92401e742294c85d886980274a18b82?cid=9950ac751e34487dbbe027c4fd7f8e99","false","0","USUM71812570","spotify:user:bradnumber1","2021-08-08T09:26:31Z","dance pop,pop,pop rap","0.759","0.455","7","-10.319","1","0.0457","0.0488","0.0134","0.25","0.134","92.02","4","","UMGRI Interscope","C © 2018 Interscope Records, P ℗ 2018 Interscope Records"
"spotify:track:6OylYIXrIH2E3hgg7Dqz5M","You'll Never Find Another Love Like Mine","spotify:artist:1zJBFCev9UwOMcrZsLi2od","Lou Rawls","spotify:album:3JWeH3xgkigYvXdNQCFx1m","All Things In Time","spotify:artist:1zJBFCev9UwOMcrZsLi2od","Lou Rawls","1976","https://i.scdn.co/image/ab67616d0000b273994c7fa375ca7606a6538cfd","1","2","266200","https://p.scdn.co/mp3-preview/21f5682d94e6b10574d141a96b16ccf8b8785085?cid=9950ac751e34487dbbe027c4fd7f8e99","false","61","USSM17601189","spotify:user:bradnumber1","2021-08-08T09:26:31Z","classic soul,disco,motown,philly soul,quiet storm,soul,soul blues","0.691","0.718","2","-8.457","1","0.0317","0.148","0.0000481","0.108","0.934","110.623","4","","Legacy Recordings","P (P) 1976 Sony Music Entertainment"
"spotify:track:0GO8y8jQk1PkHzS31d699N","Tongue Tied","spotify:artist:3kVUvbeRdcrqQ3oHk5hPdx","GROUPLOVE","spotify:album:3oylWMc9TTC6Nx4I6U3axc","Never Trust a Happy Song","spotify:artist:3kVUvbeRdcrqQ3oHk5hPdx","GROUPLOVE","2011-09-02","https://i.scdn.co/image/ab67616d0000b273d84a9bbcba91cb6a4a212b1b","1","2","218013","https://p.scdn.co/mp3-preview/6082516f3c05520cc2cf8cecd17e4ce8667c459e?cid=9950ac751e34487dbbe027c4fd7f8e99","false","76","USAT21101334","spotify:user:bradnumber1","2021-08-08T09:26:31Z","indie rock,la indie,modern alternative rock,modern rock,pov: indie","0.56","0.936","3","-5.835","1","0.0439","0.00847","0","0.161","0.371","112.96","4","","Canvasback/ATL","C © 2011 Atlantic Recording Corporation for the United States and WEA International Inc. for the world outside of the United States., P ℗ 2011 Atlantic Recording Corporation for the United States and WEA International Inc. for the world outside of the United States."
"spotify:track:6miUySWi347iIJyz7ETo6m","Got My Mind Set On You - Extended Version","spotify:artist:7FIoB5PHdrMZVC3q2HE5MS","George Harrison","spotify:album:1nbq8GgaVdINI3PulXvPUq","Cloud Nine","spotify:artist:7FIoB5PHdrMZVC3q2HE5MS","George Harrison","1987-11-02","https://i.scdn.co/image/ab67616d0000b2737b13e5323813ed4c441100ff","1","14","317289","https://p.scdn.co/mp3-preview/aa52ecafd019ef3df58628f02485d1ff09e97cb4?cid=9950ac751e34487dbbe027c4fd7f8e99","false","0","GBEXP0700004","spotify:user:bradnumber1","2021-08-08T09:26:31Z","album rock,classic rock,folk rock,mellow gold,rock,singer-songwriter,soft rock","0.797","0.814","11","-7.229","1","0.0382","0.426","0.0000394","0.581","0.874","149.42","4","","Parlophone","C © 2007 Umlaut Corp, P ℗ 2007 Umlaut Corp"
"spotify:track:226EXK5tPVsqaZ2y9RACR0","Elusive Butterfly","spotify:artist:5W6gs1V54kOPUgBxBLkY1z","Bob Lind","spotify:album:55vRv2NsC7lwxF1IWJzBSO","Best Of","spotify:artist:5W6gs1V54kOPUgBxBLkY1z","Bob Lind","1993-01-01","https://i.scdn.co/image/ab67616d0000b273dfd117aa3b7e5a1729fdcc47","1","1","168533","https://p.scdn.co/mp3-preview/fef1d5a1f6fe5a99e855d25403c973952b9a730b?cid=9950ac751e34487dbbe027c4fd7f8e99","false","38","USEM39000493","spotify:user:bradnumber1","2021-08-08T09:26:31Z","psychedelic folk rock","0.577","0.621","3","-8.217","1","0.0262","0.099","0","0.0945","0.78","94.982","4","","Blue Note Records","C © 2006 EMI Catalog, P ℗ 1993 Capitol Records, LLC"
"spotify:track:7IjdIp3WlQtEnN2BXjr7ov","The Kids Aren't Alright","spotify:artist:5LfGQac0EIXyAN8aUwmNAQ","The Offspring","spotify:album:4R2blKzIP9cEhgz7bMsRSt","Americana","spotify:artist:5LfGQac0EIXyAN8aUwmNAQ","The Offspring","1998-11-16","https://i.scdn.co/image/ab67616d0000b27340185614b0846b156d253f43","1","5","179600","https://p.scdn.co/mp3-preview/cba307a1db5d09d3c95b58b4a8b44a207d3486e9?cid=9950ac751e34487dbbe027c4fd7f8e99","false","0","USSM19804363","spotify:user:bradnumber1","2021-08-08T09:26:31Z","alternative metal,permanent wave,post-grunge,punk,rock,skate punk,socal pop punk","0.522","0.945","1","-4.196","1","0.0337","0.00599","0.0000497","0.0495","0.808","99.603","4","","Columbia","P (P) 1998 Sony Music Entertainment Inc."
"spotify:track:2doTn2LWTKN1Z0lZJG2WQw","UNHEALTHY (feat. Shania Twain)","spotify:artist:1zNqDE7qDGCsyzJwohVaoX, spotify:artist:5e4Dhzv426EvQe3aDb64jL","Anne-Marie, Shania Twain","spotify:album:6QEbEpz7fWR5N3HoIiSHFo","UNHEALTHY (feat. Shania Twain)","spotify:artist:1zNqDE7qDGCsyzJwohVaoX, spotify:artist:5e4Dhzv426EvQe3aDb64jL","Anne-Marie, Shania Twain","2023-05-18","https://i.scdn.co/image/ab67616d0000b273953c933cfb1b66b4dd1577d0","1","1","149653","https://p.scdn.co/mp3-preview/6eefd709a67b55b828467a607c8a28b764ea1f44?cid=9950ac751e34487dbbe027c4fd7f8e99","false","62","GBAHS2300345","spotify:user:bradnumber1","2023-07-28T05:59:32Z","pop,canadian country,canadian pop,contemporary country,country,country dawn","0.621","0.66","11","-6.208","0","0.0366","0.00526","0","0.072","0.407","119.937","4","","Atlantic Records UK","C A Major Toms / Asylum Records release, © 2023 Warner Music UK Limited., P A Major Toms / Asylum Records release, ℗ 2023 Warner Music UK Limited."
"spotify:track:0Q91cgw4SYxKrXvTh6FRxc","Set It Off","spotify:artist:3jEg5HvT2cuJQDjwjZxTb0","Timomatic","spotify:album:2tbVb2SlU8ovbP2sx7CsSF","Timomatic","spotify:artist:3jEg5HvT2cuJQDjwjZxTb0","Timomatic","2012-08-24","https://i.scdn.co/image/ab67616d0000b2732f6060ca84e503e4e06d6284","1","6","198733","https://p.scdn.co/mp3-preview/bcdc23aebbc66944ca8b634c100b1c2a229d1b3d?cid=9950ac751e34487dbbe027c4fd7f8e99","false","39","AUBM01100618","spotify:user:bradnumber1","2021-08-08T09:26:31Z","australian pop,australian talent show","0.691","0.889","0","-2.25","1","0.0558","0.0012","0","0.166","0.868","123.972","4","","Sony Music Entertainment","P All tracks (P) 2012 Sony Music Entertainment Australia Pty Ltd except track 6. (P) 2011 Sony Music Entertainment Australia Pty Ltd."
"spotify:track:3fUO5xaBs4B0tfepi7fh7p","Stuck on You","spotify:artist:43ZHCT0cAZBISjO8DG9PnE","Elvis Presley","spotify:album:23pRNErmpV3y4RDwmTbasL","The 50 Greatest Hits","spotify:artist:43ZHCT0cAZBISjO8DG9PnE","Elvis Presley","2000-11-18","https://i.scdn.co/image/ab67616d0000b273db83602b37005e262d9b4f1f","1","23","139666","https://p.scdn.co/mp3-preview/7cf39281a0b522f20831ad5f0f6ccaa04ce62edb?cid=9950ac751e34487dbbe027c4fd7f8e99","false","0","USRC16005826","spotify:user:bradnumber1","2021-08-08T09:26:31Z","rock-and-roll,rockabilly","0.669","0.528","7","-11.462","1","0.0381","0.786","0.00034","0.123","0.942","131.897","4","","RCA Records Label","P (P) 2000 Sony Music Entertainment"
"spotify:track:3NLnwwAQbbFKcEcV8hDItk","Perfect","spotify:artist:4AK6F7OLvEQ5QYCBNiQWHq","One Direction","spotify:album:1gMxiQQSg5zeu4htBosASY","Made In The A.M. - Deluxe Edition","spotify:artist:4AK6F7OLvEQ5QYCBNiQWHq","One Direction","2015-11-13","https://i.scdn.co/image/ab67616d0000b273241e4fe75732c9c4b49b94c3","1","3","230333","https://p.scdn.co/mp3-preview/ba309a7db943a8cc2445d1f744685d1d30bb47ca?cid=9950ac751e34487dbbe027c4fd7f8e99","false","79","GBHMU1500104","spotify:user:bradnumber1","2021-08-08T09:26:31Z","boy band,pop,post-teen pop,talent show","0.648","0.822","11","-5.231","0","0.0749","0.0598","0","0.119","0.397","99.933","4","","Syco Music","P (P) 2015 Simco Limited under exclusive licence to Sony Music Entertainment UK Limited"
"spotify:track:5DydMbw2U5Oh1OckJIsniN","All We Ever Do Is Say Goodbye","spotify:artist:0hEurMDQu99nJRq8pTxO14","John Mayer","spotify:album:1V5vQRMWTNGmqwxY8jMVou","Battle Studies","spotify:artist:0hEurMDQu99nJRq8pTxO14","John Mayer","2009-11-13","https://i.scdn.co/image/ab67616d0000b2731e3dbe4453ed61633c472fbe","1","2","275266","https://p.scdn.co/mp3-preview/63d7960914d1a5c887363da40a3be6f65c8ce1ad?cid=9950ac751e34487dbbe027c4fd7f8e99","false","47","USSM10905700","spotify:user:bradnumber1","2021-08-08T09:26:31Z","neo mellow,singer-songwriter","0.559","0.51","5","-8.294","0","0.0247","0.288","0.0000531","0.242","0.327","129.881","4","","Columbia","P (P) 2009 Sony Music Entertainment"
"spotify:track:4dim8F8t01qimHOmr6S3Gd","Hello Walls","spotify:artist:6uvq6FeVsmhOWfJHxVNeBL","Faron Young","spotify:album:26KWAh3Wvw9LjeyxjTEZqa","The Complete Capitol Hits Of Faron Young","spotify:artist:6uvq6FeVsmhOWfJHxVNeBL","Faron Young","2000-01-01","https://i.scdn.co/image/ab67616d0000b27331ad98dc9bfa9bed6bda112a","2","15","146840","https://p.scdn.co/mp3-preview/eb2c97cd286efddbae193fcc473bc70c021a37cb?cid=9950ac751e34487dbbe027c4fd7f8e99","false","52","USCA29500514","spotify:user:bradnumber1","2021-08-08T09:26:31Z","classic country pop,honky tonk,traditional country,western swing","0.62","0.406","0","-10.421","1","0.0281","0.722","0.00000673","0.114","0.695","101.489","4","","Capitol Nashville","C © 2000 Capitol Records Nashville, P This Compilation ℗ 2000 Capitol Records Nashville"
"spotify:track:5IVuqXILoxVWvWEPm82Jxr","Crazy In Love (feat. Jay-Z)","spotify:artist:6vWDO969PvNqNYHIOW5v0m, spotify:artist:3nFkdlSjzX9mRTtwJOzDYB","Beyoncé, JAY-Z","spotify:album:6oxVabMIqCMJRYN1GqR3Vf","Dangerously In Love","spotify:artist:6vWDO969PvNqNYHIOW5v0m","Beyoncé","2003-06-24","https://i.scdn.co/image/ab67616d0000b27345680a4a57c97894490a01c1","1","1","236133","https://p.scdn.co/mp3-preview/023ccc9c406cafc5a3e3b4dd524b9092b45dacbf?cid=9950ac751e34487dbbe027c4fd7f8e99","false","77","USSM10305425","spotify:user:bradnumber1","2021-08-08T09:26:31Z","pop,r&b,east coast hip hop,gangster rap,hip hop,pop rap,rap","0.646","0.77","2","-6.596","0","0.226","0.00249","0","0.0715","0.681","99.165","4","","Columbia","P (P) 2003 J Records, 2003 Sony Music Entertainment Inc."
"spotify:track:4LHfbj11Teq1fK57UUAsCT","Bony Moronie","spotify:artist:7o0zXmlrHW4OT3AZCUHMaW","Hush","spotify:album:1J35cqfY6NGaHIfyLXMR3o","The Best of","spotify:artist:7o0zXmlrHW4OT3AZCUHMaW","Hush","1974","https://i.scdn.co/image/ab67616d0000b273737e26826392eda0b19729e7","1","1","191293","https://p.scdn.co/mp3-preview/ce7fb9606270b35e820bf7489503830eee727112?cid=9950ac751e34487dbbe027c4fd7f8e99","false","26","AUBM07560204","spotify:user:bradnumber1","2021-08-08T09:26:31Z","","0.258","0.899","6","-5.91","1","0.0615","0.0109","0","0.104","0.946","168.598","4","","RCA Camden","P (P) 1974, 1975, 1976, 1977 Sony Music Entertainment Australia Pty Ltd"
"spotify:track:12q3V8ShACq2PSWINMc2rC","It's Too Late","spotify:artist:319yZVtYM9MBGqmSQnMyY6","Carole King","spotify:album:12n11cgnpjXKLeqrnIERoS","Tapestry","spotify:artist:319yZVtYM9MBGqmSQnMyY6","Carole King","1971","https://i.scdn.co/image/ab67616d0000b27323350feac07f56d8b96f33d5","1","3","233173","https://p.scdn.co/mp3-preview/65a393c68256deeac86336dbba44691fee268702?cid=9950ac751e34487dbbe027c4fd7f8e99","false","70","USSM17100509","spotify:user:bradnumber1","2021-08-08T09:26:31Z","brill building pop,classic rock,folk,folk rock,mellow gold,singer-songwriter,soft rock","0.45","0.442","9","-12.718","0","0.0353","0.493","0.00564","0.134","0.812","208.282","4","","Ode/Epic/Legacy","P Originally released 1971. All rights reserved by Ode Records. Originally released 1961, 1971. All rights reserved by Sony Music Entertainment. (P) 2007, 2008 Sony Music Entertainment."
"spotify:track:0t1kP63rueHleOhQkYSXFY","Dynamite","spotify:artist:3Nrfpe0tUJi4K4DXYWgMUX","BTS","spotify:album:6K4chJALBBMYmXjwgvqahx","Dynamite (DayTime Version)","spotify:artist:3Nrfpe0tUJi4K4DXYWgMUX","BTS","2020-08-28","https://i.scdn.co/image/ab67616d0000b273755995e9ff2b1b0c753f5eb8","1","1","199053","https://p.scdn.co/mp3-preview/98e266fea9df84fa3e5ca84934c513211e89489b?cid=9950ac751e34487dbbe027c4fd7f8e99","false","2","QM7282022872","spotify:user:bradnumber1","2021-08-08T09:26:31Z","k-pop,k-pop boy group,pop","0.746","0.765","6","-4.41","0","0.0993","0.0112","0","0.0936","0.737","114.044","4","","BIGHIT MUSIC / HYBE","C (C) 2020 BIGHIT MUSIC / HYBE, P (P) 2020 BIGHIT MUSIC / HYBE"
"spotify:track:2DWO9x9rhszjJsabuPqp8P","Happy","spotify:artist:5lKZWd6HiSCLfnDGrq9RAm","Leona Lewis","spotify:album:2zL05F00c8OnJuAd765hEQ","Echo","spotify:artist:5lKZWd6HiSCLfnDGrq9RAm","Leona Lewis","2009-11-16","https://i.scdn.co/image/ab67616d0000b27337b275c061b61657a619edfd","1","1","242093","https://p.scdn.co/mp3-preview/2eb1c05952b96bde6a6c0877ff9c191a5b05a35c?cid=9950ac751e34487dbbe027c4fd7f8e99","false","43","GBHMU0900046","spotify:user:bradnumber1","2021-08-08T09:26:31Z","british soul,dance pop,pop,talent show","0.492","0.641","0","-5.296","1","0.0448","0.459","0","0.0809","0.235","76.07","4","","Syco Music UK","P (P) 2009 Simco Limited Under Exclusive License To Sony Music Entertainment UK Limited"
"spotify:track:3BUdRr4VGmNajx2wLWlGzl","What About Me","spotify:artist:2JQme5IJ3U7SRVQqHGN2fG","Shannon Noll","spotify:album:5wAoxrSVetP84EXgr4Tp3z","That's What I'm Talking About","spotify:artist:2JQme5IJ3U7SRVQqHGN2fG","Shannon Noll","2004-02-02","https://i.scdn.co/image/ab67616d0000b273b924aec7c8f9c0a6a7dc7a06","1","3","201773","https://p.scdn.co/mp3-preview/cd97ea72da62c443c7ffc6e502638cec7f9641a3?cid=9950ac751e34487dbbe027c4fd7f8e99","false","48","AUBM00447806","spotify:user:bradnumber1","2021-08-08T09:26:31Z","australian country,australian pop,australian rock","0.611","0.438","4","-6.046","1","0.0295","0.675","0","0.114","0.264","128.097","4","","BMG Music","P (P) 2004 BMG Australia Limited"
"spotify:track:0cnHixDlrP7fk0smV0wOtC","Cheap Wine","spotify:artist:1VcbchGlIfo3Gylxc3F076","Cold Chisel","spotify:album:1Htwv3I81HU6YUWWs0ommZ","The Best of Cold Chisel - All for You","spotify:artist:1VcbchGlIfo3Gylxc3F076","Cold Chisel","2011-10-31","https://i.scdn.co/image/ab67616d0000b27306dc40069e45da5e5d9f90e6","1","5","205480","https://p.scdn.co/mp3-preview/f559cc359ba8e315006a8d07f3c8c76c06ac18e8?cid=9950ac751e34487dbbe027c4fd7f8e99","false","0","TCABB1158217","spotify:user:bradnumber1","2021-08-08T09:26:31Z","australian rock","0.679","0.891","0","-3.565","1","0.036","0.185","0","0.243","0.846","123.66","4","","Cold Chisel Pty Ltd","C 2011 Cold Chisel Pty Ltd, P 2011 Cold Chisel Pty Ltd"
"spotify:track:34SVMYbQAA41ddkcGPJUvy","Living Doll - 2000 Remastered Version","spotify:artist:1yAdL4L8voXQspjN6rdj4b","Cliff Richard & The Drifters","spotify:album:5w17pj3zlrjJ96g64lChMG","Frankie & Benny's The Classic Years - Classic Number 1s","spotify:artist:0LyfQWJT6nXafLPZqxe9Of","Various Artists","2011-07-08","https://i.scdn.co/image/ab67616d0000b2730afff4ee83e124e1376cd4cf","1","3","161093","https://p.scdn.co/mp3-preview/6c12bd4cf5dfed5901b1ae3ce73b7239387b7fab?cid=9950ac751e34487dbbe027c4fd7f8e99","false","0","GBAYE0001115","spotify:user:bradnumber1","2021-08-08T09:26:31Z","rock-and-roll","0.552","0.322","9","-13.527","1","0.0597","0.491","0","0.0915","0.778","62.693","4","","Parlophone UK","C 2011 Parlophone Records Ltd, a Warner Music Group Company, P 2011 Parlophone Records Ltd, a Warner Music Group Company"
"spotify:track:4jyVtsexyS1kY6X3X3gmAw","Written in the Scars","spotify:artist:3AQRLZ9PuTAozP28Skbq8V","The Script","spotify:album:3W9NClLDhTHyRmy8ZLfoJf","Freedom Child","spotify:artist:3AQRLZ9PuTAozP28Skbq8V","The Script","2017-09-01","https://i.scdn.co/image/ab67616d0000b2735409d6da4f0a9aa86edd4ef4","1","12","227173","https://p.scdn.co/mp3-preview/3e8123a482a453af4c54869f961a4338f97da5b0?cid=9950ac751e34487dbbe027c4fd7f8e99","false","40","GBARL1701340","spotify:user:bradnumber1","2021-08-08T09:26:31Z","celtic rock,pop","0.597","0.624","10","-9.018","0","0.128","0.0198","0","0.0893","0.631","166.201","4","","Columbia","P (P) 2017 Sony Music Entertainment UK Limited"
"spotify:track:6xBUWSz8INNHO6wFYuPtQl","Queen Of Hearts","spotify:artist:4L1z1IcfK7lbqx8izGHaw5","Juice Newton","spotify:album:0fSvQOkU8rRgcsW6MerdVw","Juice Newton's Greatest Hits","spotify:artist:4L1z1IcfK7lbqx8izGHaw5","Juice Newton","1988-10-19","https://i.scdn.co/image/ab67616d0000b27399a6a7a4b4fe71d5362d16b7","1","8","206866","https://p.scdn.co/mp3-preview/708d36dd60622263a76e7f36b9b495b5c4cb1941?cid=9950ac751e34487dbbe027c4fd7f8e99","false","45","USCN18100033","spotify:user:bradnumber1","2021-08-08T09:26:31Z","classic country pop,country dawn,soft rock","0.669","0.779","2","-11.522","1","0.0533","0.211","0.0000898","0.132","0.975","169.478","4","","Capitol Nashville","C © 1998 Capitol Records Nashville, P This Compilation ℗ 1998 Capitol Records Nashville"
"spotify:track:6smYfKpqsvpmqBXkLjYGJo","Power","spotify:artist:0X2BH1fck6amBIoJhDVmmJ","Ellie Goulding","spotify:album:1X6by3LWYlECdYOiyk3S3j","Power","spotify:artist:0X2BH1fck6amBIoJhDVmmJ","Ellie Goulding","2020-05-21","https://i.scdn.co/image/ab67616d0000b273174fbf520362d9228577a05d","1","1","191333","https://p.scdn.co/mp3-preview/4eecc0cdf867d6e5ddf9070b06b59b67ac498643?cid=9950ac751e34487dbbe027c4fd7f8e99","false","38","GBUM72000889","spotify:user:bradnumber1","2021-08-08T09:26:31Z","indietronica,metropopolis,pop,uk pop","0.535","0.648","10","-4.479","1","0.159","0.0962","0","0.118","0.511","162.084","4","","Polydor Records","C © 2020 Polydor Limited, P ℗ 2020 Polydor Limited"
"spotify:track:2xCOfyky8TlzvuU1UdmqHl","Keep The Faith","spotify:artist:58lV9VcRSjABbAbfWS6skp","Bon Jovi","spotify:album:0Bkb9wdEeOPBJnLYmQqVR2","Bon Jovi Greatest Hits - The Ultimate Collection (Int'l Deluxe Package)","spotify:artist:58lV9VcRSjABbAbfWS6skp","Bon Jovi","2010-01-01","https://i.scdn.co/image/ab67616d0000b273dccc2df90ecd877a3bb7c999","2","6","343493","https://p.scdn.co/mp3-preview/a750abadcf4066416da4f58af110f34b4693051d?cid=9950ac751e34487dbbe027c4fd7f8e99","false","0","USPG19290090","spotify:user:bradnumber1","2021-08-08T09:26:31Z","glam metal,rock","0.58","0.968","5","-3.606","0","0.05","0.0015","0.00152","0.202","0.593","117.784","4","","Universal Music Group","C © 2010 The Island Def Jam Music Group, P ℗ 2010 The Island Def Jam Music Group"
"spotify:track:0LVghzBGRulc2TX9HFLYBl","Kiss Me Thru The Phone","spotify:artist:6GMYJwaziB4ekv1Y6wCDWS, spotify:artist:4p07QU02SrLsaORo25h2Lg","Soulja Boy, Sammie","spotify:album:0QvBnezKARnv2SzgW5Le1t","iSouljaBoyTellem","spotify:artist:6GMYJwaziB4ekv1Y6wCDWS","Soulja Boy","2008-01-01","https://i.scdn.co/image/ab67616d0000b2732ce32f0eb5168aa10fe39c26","1","6","193386","https://p.scdn.co/mp3-preview/d34545f442d5a3861c61afd164d7927b00c06531?cid=9950ac751e34487dbbe027c4fd7f8e99","true","0","USUM70848200","spotify:user:bradnumber1","2021-08-08T09:26:31Z","atl hip hop,chicago bop,dance pop,pop rap,rap,southern hip hop,trap,contemporary r&b,hip pop,r&b,urban contemporary","0.757","0.719","7","-3.797","1","0.108","0.0192","0","0.084","0.814","150.011","4","","Universal Music Group","C © 2008 ColliPark Music/Interscope Records, P ℗ 2008 ColliPark Music/Interscope Records"
"spotify:track:3zxklD2EGecZre9MjEEvIU","Blue Bayou","spotify:artist:1sXbwvCQLGZnaH0Jp2HTVc","Linda Ronstadt","spotify:album:15lJi5fAnWPltCKBTUbTry","Simple Dreams","spotify:artist:1sXbwvCQLGZnaH0Jp2HTVc","Linda Ronstadt","1977","https://i.scdn.co/image/ab67616d0000b27331acb630eebcccc76943237f","1","6","239399","https://p.scdn.co/mp3-preview/770acce4f374d75b8462602ae70e268338090ba5?cid=9950ac751e34487dbbe027c4fd7f8e99","false","61","USEA20100040","spotify:user:bradnumber1","2021-08-08T09:26:31Z","country rock,folk,folk rock,heartland rock,mellow gold,singer-songwriter,soft rock","0.732","0.161","11","-12.817","1","0.0306","0.739","0.000379","0.105","0.5","95.21","4","","Rhino/Elektra","C © 2006 Rhino Entertaiment Company, a Warner Music Group company, P ℗ 2006 Rhino Entertaiment Company, a Warner Music Group company"
"spotify:track:3aphZHgE73kSPFKiPJRNpk","Cherish","spotify:artist:3VNITwohbvU5Wuy5PC6dsI","Kool & The Gang","spotify:album:52ZOtET6twyVA0ZBlDG2RP","The Very Best Of Kool & The Gang","spotify:artist:3VNITwohbvU5Wuy5PC6dsI","Kool & The Gang","1999-01-01","https://i.scdn.co/image/ab67616d0000b27344111e317a882e00b730dcf4","1","9","238933","https://p.scdn.co/mp3-preview/749fa23bd2f30ae5b0473904911421fe4c6e69e7?cid=9950ac751e34487dbbe027c4fd7f8e99","false","0","USPR39402110","spotify:user:bradnumber1","2021-08-08T09:26:31Z","disco,funk,motown,soft rock,soul","0.639","0.596","10","-8.145","0","0.0225","0.331","0","0.296","0.427","95.186","4","","Universal Music Group","C © 1999 The Island Def Jam Music Group, P ℗ 1999 The Island Def Jam Music Group"
"spotify:track:7ojYFwgT2X4wITo4D9E58Q","Megamix - Radio Version","spotify:artist:2Cd98zHVdZeOCisc6Gi2sB","Technotronic","spotify:album:6nqizbBgkRug5YRnP1YWiO","Best Of","spotify:artist:2Cd98zHVdZeOCisc6Gi2sB","Technotronic","2011-01-01","https://i.scdn.co/image/ab67616d0000b2738be38136da239f2300038b3a","1","14","255493","https://p.scdn.co/mp3-preview/1cd05fc74cbe70b69970c2b74356e3c807b3aae9?cid=9950ac751e34487dbbe027c4fd7f8e99","false","0","BED019000494","spotify:user:bradnumber1","2021-08-08T09:26:31Z","eurodance,hip house,new beat,synthpop","0.798","0.963","1","-7.451","1","0.0517","0.00106","0.000672","0.14","0.714","123.349","4","","Universal Music Group","C © 2011 ARS Entertainment Belgium (A Division Of Universal Music Belgium), P ℗ 2011 ARS Entertainment Belgium (A Division Of Universal Music Belgium)"
"spotify:track:1hQFF33xi8ruavZNyovtUN","December, 1963 (Oh What a Night!)","spotify:artist:6mcrZQmgzFGRWf7C0SObou","Frankie Valli & The Four Seasons","spotify:album:7fbHVufa1ZvEWWpDppEXHU","Who Loves You","spotify:artist:6mcrZQmgzFGRWf7C0SObou","Frankie Valli & The Four Seasons","1975","https://i.scdn.co/image/ab67616d0000b273206e2e76c3a706e4734d18ab","1","6","197146","https://p.scdn.co/mp3-preview/a92fa5140f2248a7f8669ab6620ca901528c6231?cid=9950ac751e34487dbbe027c4fd7f8e99","false","74","USRH10175221","spotify:user:bradnumber1","2021-08-08T09:26:31Z","adult standards,bubblegum pop,doo-wop,lounge,northern soul,rock-and-roll,rockabilly","0.737","0.495","1","-13.489","1","0.027","0.0588","0.00000912","0.0542","0.967","104.409","4","","Rhino","C © 1965 Bob Gaudio & Frankie Valli d/b/a The 4 Seasons Partnership, by arrangement with Rhino Entertainment Company. All Rights Reserved., P ℗ 1965 Bob Gaudio & Frankie Valli d/b/a The 4 Seasons Partnership, by arrangement with Rhino Entertainment Company. All Rights Reserved. Marketed by Rhino Entertainment Company, a Warner Music Group Company."
"spotify:track:36CKza28wMxYdjdzji7ine","I Started A Joke","spotify:artist:1LZEQNv7sE11VDY3SdxQeN","Bee Gees","spotify:album:3LcOOTBvHj22Nl90AuRsro","Idea (Deluxe Edition)","spotify:artist:1LZEQNv7sE11VDY3SdxQeN","Bee Gees","1968-08-11","https://i.scdn.co/image/ab67616d0000b273d40610074e9816f2a2004336","1","11","188306","https://p.scdn.co/mp3-preview/ef5193fd3e79731043a405a4b5eb369105fb118f?cid=9950ac751e34487dbbe027c4fd7f8e99","false","65","GBAKW6801012","spotify:user:bradnumber1","2021-08-08T09:26:31Z","disco,mellow gold,soft rock","0.31","0.464","7","-8.755","1","0.0275","0.156","0.00000817","0.132","0.431","144.775","4","","Bee Gees Catalog","C © 1968 Barry Gibb, The Estate of Robin Gibb and Yvonne Gibb, under exclusive license to Capitol Music Group, P ℗ 2008 Barry Gibb, The Estate of Robin Gibb and Yvonne Gibb, under exclusive license to Capitol Music Group"
"spotify:track:7dS5EaCoMnN7DzlpT6aRn2","Take Me To Church","spotify:artist:2FXC3k01G6Gw61bmprjgqS","Hozier","spotify:album:7HW03Zew4rnOhy5uwskRSz","Hozier (Deluxe)","spotify:artist:2FXC3k01G6Gw61bmprjgqS","Hozier","2014-05-20","https://i.scdn.co/image/ab67616d0000b2736a452516b66b53f65a3e4b33","1","1","241688","https://p.scdn.co/mp3-preview/d6170162e349338277c97d2fab42c386701a4089?cid=9950ac751e34487dbbe027c4fd7f8e99","false","0","IEACJ1300031","spotify:user:bradnumber1","2021-08-08T09:26:31Z","irish singer-songwriter,modern rock,pop,pov: indie","0.566","0.664","4","-5.303","0","0.0464","0.634","0","0.116","0.437","128.945","4","","Universal Music Ltd.","C (C) 2014 Rubyworks Limited, under assignment to Island Records, a division of Universal Music Operations Limited, P (P) 2014 Rubyworks Limited, under assignment to Island Records, a division of Universal Music Operations Limited"
"spotify:track:7F1MfYFvrXgywSQdmxCkZR","Lightning's Girl","spotify:artist:3IZrrNonYELubLPJmqOci2","Nancy Sinatra","spotify:album:7dC9EutCtygeEpefdcjWTL","How Does That Grab You?","spotify:artist:3IZrrNonYELubLPJmqOci2","Nancy Sinatra","1966-01-01","https://i.scdn.co/image/ab67616d0000b273e4f002bc0e64b7a5e6591caf","1","14","176053","https://p.scdn.co/mp3-preview/f192d831142ea560974aec68599059095f535d21?cid=9950ac751e34487dbbe027c4fd7f8e99","false","26","USASE0500029","spotify:user:bradnumber1","2021-08-08T09:26:31Z","lounge,sunshine pop","0.56","0.647","9","-3.862","1","0.0287","0.647","0","0.127","0.54","92.194","4","","Boots Enterprises, Inc.","C (C) 1966 Boots Enterprises, Inc."
"spotify:track:4k0bXm9Q4RaTuYi09i4lKK","Jump (For My Love)","spotify:artist:2kreKea2n96dXjcyAU9j5N","The Pointer Sisters","spotify:album:091NaILFpszQchbFnIFiIX","Fire! The Very Best of The Pointer Sisters","spotify:artist:2kreKea2n96dXjcyAU9j5N","The Pointer Sisters","1989-09-21","https://i.scdn.co/image/ab67616d0000b273c9190bba22c5eb5767cc2b88","2","6","263440","https://p.scdn.co/mp3-preview/280bb4dcd634b1fdef04c0768e586d9c0deeb1b9?cid=9950ac751e34487dbbe027c4fd7f8e99","false","46","USRC18303288","spotify:user:bradnumber1","2021-08-08T09:26:31Z","disco,girl group,hi-nrg,motown,new wave pop,soft rock","0.86","0.705","10","-12.514","0","0.0894","0.107","0.00000887","0.149","0.854","134.395","4","","RCA Records Label","P (P)1996 BMG Entertainment/This Compilation (P)1996 BMG Entertainment"
"spotify:track:7pLPpTvMosiIheeOOr13TZ","Little Green Bag - Single Edit","spotify:artist:2MGJBRRGEj9m6MxJIq7fLn","George Baker Selection","spotify:album:5YKFdp4rB34KOsF8RlvhaI","Golden Years Of Dutch Pop Music","spotify:artist:2MGJBRRGEj9m6MxJIq7fLn","George Baker Selection","2016-04-08","https://i.scdn.co/image/ab67616d0000b27306bf4da537909ace8e5fdeb8","1","1","201640","https://p.scdn.co/mp3-preview/0e66f56a5b492017f39b5acc033464d96144eeaa?cid=9950ac751e34487dbbe027c4fd7f8e99","false","55","NLA279400901","spotify:user:bradnumber1","2021-08-08T09:26:31Z","nederpop","0.698","0.701","7","-7.629","1","0.0288","0.173","0.00000916","0.0768","0.899","103.026","4","","Universal Music, a division of Universal International Music BV","C © 2016 Universal International Music B.V., P This Compilation ℗ 2016 Universal International Music B.V."
"spotify:track:45Eu7eyjDICs8qRlMgWOMi","One In A Million","spotify:artist:6zQ7KnAtU38PVWG4aqTAhM","Bosson","spotify:album:394cToWPKrTPRxDXRTpv1C","One in a million","spotify:artist:6zQ7KnAtU38PVWG4aqTAhM","Bosson","2001-01-01","https://i.scdn.co/image/ab67616d0000b2735ec894dce7e70b5147589123","1","1","214720","https://p.scdn.co/mp3-preview/36ac707491467122fc5c1916b8858154e0c5d454?cid=9950ac751e34487dbbe027c4fd7f8e99","false","50","SELAA0008020","spotify:user:bradnumber1","2024-06-11T07:12:03Z","","0.646","0.83","2","-5.724","0","0.0319","0.0341","0.00000205","0.169","0.714","99.985","4","","MNW Music AB","C © 2001 MNW Music AB, P ℗ 2001 MNW Music AB"
"spotify:track:1C4yOUEjCUyPkxRDwwFksG","Forever Young - Fast Version","spotify:artist:74ASZWbe4lXaubB36ztrGX","Bob Dylan","spotify:album:3gYbjd76d8T5Ct5WxCxX5R","Planet Waves","spotify:artist:74ASZWbe4lXaubB36ztrGX","Bob Dylan","1974-01-17","https://i.scdn.co/image/ab67616d0000b2734042ca1eaf2d769794da7930","1","7","168733","https://p.scdn.co/mp3-preview/15d435fa39bef012a82e07a2f212350377940efb?cid=9950ac751e34487dbbe027c4fd7f8e99","false","36","USSM10015197","spotify:user:bradnumber1","2021-08-08T09:26:31Z","classic rock,country rock,folk,folk rock,rock,roots rock,singer-songwriter","0.637","0.763","8","-7.572","1","0.11","0.66","0.00286","0.181","0.9","95.999","4","","Columbia","P (P) 1974 Sony Music Entertainment Inc."
"spotify:track:3FYDkfPfPwFREohfO9uUel","Home Among the Gumtrees","spotify:artist:5kPsbSWuadXAb2wheoVRkf","John Williamson","spotify:album:2N3uKW1fQpsk7R33wHXsaC","J.W.'s Family Album","spotify:artist:5kPsbSWuadXAb2wheoVRkf","John Williamson","1990","https://i.scdn.co/image/ab67616d0000b273c008ef85518923c2c3b3b1be","1","16","170213","https://p.scdn.co/mp3-preview/f2f1ebffa79bf986b552eff1c79480b9de326e12?cid=9950ac751e34487dbbe027c4fd7f8e99","false","47","AUEQ09000012","spotify:user:bradnumber1","2021-08-08T09:26:31Z","australian children's music,australian country,australian rock,bush ballad","0.831","0.38","0","-12.83","1","0.347","0.565","0","0.346","0.867","117.683","4","","WM Australia","C © 1990 Emusic Pty. Ltd., P ℗ 1990 Emusic Pty. Ltd."
"spotify:track:1tjY4H0X706ZH03SXa1DFh","Where Have You Been","spotify:artist:5pKCCKE2ajJHZ9KAiaK11H","Rihanna","spotify:album:0MYABBSxz6JqujXq2JBvsF","Talk That Talk (Deluxe)","spotify:artist:5pKCCKE2ajJHZ9KAiaK11H","Rihanna","2012-07-18","https://i.scdn.co/image/ab67616d0000b273d2a528faf70452ecff59db4c","1","2","242680","https://p.scdn.co/mp3-preview/71c35cb0c63e46f1a8c62135283cb2723c675ecf?cid=9950ac751e34487dbbe027c4fd7f8e99","false","0","USUM71118074","spotify:user:bradnumber1","2021-08-08T09:26:31Z","barbadian pop,pop,urban contemporary","0.719","0.847","0","-6.34","0","0.0916","0.00201","0.0204","0.223","0.444","127.963","4","","Universal Music Group","C © 2011 The Island Def Jam Music Group, P ℗ 2011 The Island Def Jam Music Group"
"spotify:track:1MQWtVcs0PKsY4PA6ZvLiy","Dance to the Music","spotify:artist:5m8H6zSadhu1j9Yi04VLqD","Sly & The Family Stone","spotify:album:2j9rvROPPJGn3xaRztD1rX","Dance To The Music","spotify:artist:5m8H6zSadhu1j9Yi04VLqD","Sly & The Family Stone","1968-04-27","https://i.scdn.co/image/ab67616d0000b27357b9caec6f92ab2e42816a68","1","1","179426","https://p.scdn.co/mp3-preview/dfe24ea42446836ec2314112e635202af42c150d?cid=9950ac751e34487dbbe027c4fd7f8e99","false","54","USSM19602683","spotify:user:bradnumber1","2021-08-08T09:26:31Z","classic soul,funk,funk rock,p funk,psychedelic soul,soul,southern soul","0.703","0.529","7","-11.112","1","0.1","0.0168","0.00057","0.911","0.772","128.059","4","","Epic/Legacy","P Originally released 1968. All rights reserved Sony Music Entertainment"
"spotify:track:4eLSCSELtKxZwXnFbNLXT5","On Top Of The World","spotify:artist:53XhwfbYqKCa1cC15pYq2q","Imagine Dragons","spotify:album:1vAEF8F0HoRFGiYOEeJXHW","Night Visions (Deluxe)","spotify:artist:53XhwfbYqKCa1cC15pYq2q","Imagine Dragons","2012-09-04","https://i.scdn.co/image/ab67616d0000b273dee648abe19dd6e10902c4ae","1","5","189840","https://p.scdn.co/mp3-preview/63c233fd86794fed3c0b3a3ba5e1e4916e1a23bc?cid=9950ac751e34487dbbe027c4fd7f8e99","false","0","USUM71201073","spotify:user:bradnumber1","2021-08-08T09:26:31Z","modern rock,pop,rock","0.507","0.923","0","-5.581","1","0.173","0.0818","0.00000463","0.0951","0.768","99.252","4","","Universal Music Group","C © 2013 KIDinaKORNER/Interscope Records, P ℗ 2013 KIDinaKORNER/Interscope Records"
"spotify:track:7pmadO2gKHQTKU2jKhjXyK","Blame It on the Bossa Nova","spotify:artist:6HnHBbeScFiQKXt3sUQA3Z","Eydie Gormé","spotify:album:7lSNJl7pdny22tU7AAe4l8","Blame It on the Bossa Nova","spotify:artist:6HnHBbeScFiQKXt3sUQA3Z","Eydie Gormé","2006-01-20","https://i.scdn.co/image/ab67616d0000b273b7f1ee4ed6298054b87f5791","1","6","148023","https://p.scdn.co/mp3-preview/62f21dfe97b8d2a07f4e0938902b3f576b4fac68?cid=9950ac751e34487dbbe027c4fd7f8e99","false","1","ZA42A1714818","spotify:user:bradnumber1","2021-08-08T09:26:31Z","","0.681","0.442","1","-10.199","1","0.0365","0.56","0.0000213","0.278","0.848","80.171","4","","TP4 Music","C 2017 TP4 Music, P 2017 TP4 Music"
"spotify:track:39shmbIHICJ2Wxnk1fPSdz","Should I Stay or Should I Go - Remastered","spotify:artist:3RGLhK1IP9jnYFH4BRFJBS","The Clash","spotify:album:1ZH5g1RDq3GY1OvyD0w0s2","Combat Rock (Remastered)","spotify:artist:3RGLhK1IP9jnYFH4BRFJBS","The Clash","1982","https://i.scdn.co/image/ab67616d0000b27325a4df452a3c42ccc2e9288b","1","3","188986","https://p.scdn.co/mp3-preview/30dfcd239fdb4a9ee277ff3a214a4f6771bd8cb3?cid=9950ac751e34487dbbe027c4fd7f8e99","false","80","GBARL1200670","spotify:user:bradnumber1","2021-08-08T09:26:31Z","alternative rock,permanent wave,punk,rock","0.743","0.836","2","-6.465","1","0.116","0.0804","0","0.384","0.82","113.375","4","","Sony Music UK","P (P) 2013 Sony Music Entertainment UK Limited"
"spotify:track:4IWLawtdMznqdOnbOR9cWW","Legacy - Radio Edit","spotify:artist:5ChF3i92IPZHduM7jN3dpg, spotify:artist:0Cd6nHYwecCNM1sVEXKlYr","Nicky Romero, Krewella","spotify:album:1HbbLX5HgVZS3l3JADKBg7","Legacy","spotify:artist:5ChF3i92IPZHduM7jN3dpg, spotify:artist:0Cd6nHYwecCNM1sVEXKlYr","Nicky Romero, Krewella","2013-09-12","https://i.scdn.co/image/ab67616d0000b273907d7ef5f29a8b7a5cd8a7ff","1","1","195706","https://p.scdn.co/mp3-preview/ca7a72be4896fd9f4a92e41109e740b346fff9d7?cid=9950ac751e34487dbbe027c4fd7f8e99","false","40","NLUW21300051","spotify:user:bradnumber1","2021-08-08T09:26:31Z","big room,dutch edm,dutch house,edm,electro house,pop dance,progressive electro house,edm,electra,electro house,pop dance","0.586","0.707","0","-3.671","0","0.0456","0.0605","0","0.12","0.187","127.961","4","","Ultra Records, LLC","P (P) 2013 Protocol Recordings & Ultra Records"
"spotify:track:1Fb0tZ4jWZC9qCnJtVBxgO","Candy Shop","spotify:artist:3q7HBObVc0L8jNeTe5Gofh, spotify:artist:5YBSzuCs7WaFKNr7Bky0Uf","50 Cent, Olivia","spotify:album:2eVeRZTU84r5D7m3uIczxe","The Massacre","spotify:artist:3q7HBObVc0L8jNeTe5Gofh","50 Cent","2005-03-03","https://i.scdn.co/image/ab67616d0000b2738f2de9b0aa16fce1776d9085","1","7","208973","https://p.scdn.co/mp3-preview/c344639e444c4ba68ac6b29c585a1af14743397f?cid=9950ac751e34487dbbe027c4fd7f8e99","false","39","USIR10500071","spotify:user:bradnumber1","2021-08-08T09:26:31Z","east coast hip hop,gangster rap,hip hop,pop rap,queens hip hop,rap","0.615","0.568","11","-8.026","1","0.465","0.0284","0.0000492","0.387","0.753","127.11","5","","Aftermath/Shady","C © 2005 Shady Records/Aftermath Records/Interscope Records, P ℗ 2005 Shady Records/Aftermath Records/Interscope Records"
"spotify:track:7b7VFaKRzHCQ3weeSmrTI8","Love Hurts","spotify:artist:1XIbUq7y7kiMUhmp5dywGx","Jim Capaldi","spotify:album:01KB6ccwWZ1iVufgXMoOuX","True Power-Ballads / 3CD set","spotify:artist:0LyfQWJT6nXafLPZqxe9Of","Various Artists","2007-01-01","https://i.scdn.co/image/ab67616d0000b273d55b1200685266bb972c1596","2","8","206413","https://p.scdn.co/mp3-preview/1f03b203c3dec0b2df5ba3187d93b5f85f195422?cid=9950ac751e34487dbbe027c4fd7f8e99","false","0","GBAAN7500043","spotify:user:bradnumber1","2021-08-08T09:26:31Z","british blues","0.457","0.685","10","-6.988","1","0.0521","0.274","0","0.233","0.507","111.949","4","","Universal Music","C © 2007 Spectrum Music, P ℗ 2007 Spectrum Music"
"spotify:track:7aJZxI6TVdIvQSuWxQ4rqp","I Can See Clearly Now","spotify:artist:3rJ3m1tM6vUgiWLjfV8sRf","Jimmy Cliff","spotify:album:0g0F1l0hQ1nZTelBbmlmB5","We All Are One: The Best Of Jimmy Cliff","spotify:artist:3rJ3m1tM6vUgiWLjfV8sRf","Jimmy Cliff","2002-06-11","https://i.scdn.co/image/ab67616d0000b27301676d2605aa96da23c059b4","1","5","196000","https://p.scdn.co/mp3-preview/3f5fdf6e888883f0e35ce6f3744d7ca46a15cdd3?cid=9950ac751e34487dbbe027c4fd7f8e99","false","60","USSM19303258","spotify:user:bradnumber1","2021-08-08T09:26:31Z","reggae,roots reggae","0.799","0.662","7","-8.585","1","0.0347","0.00482","0.000505","0.0484","0.717","120.082","4","","Columbia/Legacy","P Originally Released 1969, 1970, 1971 Island Records Inc., (P) 1982,1983,1985,1986,1988,1993,2002 Sony Music Entertainment Inc."
"spotify:track:0cfn5OBGafl32fEsc3z4GE","Gett Off","spotify:artist:5a2EaR3hamoenG9rDuVn8j","Prince","spotify:album:6dRctIZQKuZCSSoR6QBBv9","Diamonds and Pearls","spotify:artist:5a2EaR3hamoenG9rDuVn8j","Prince","1991-10-01","https://i.scdn.co/image/ab67616d0000b27399e49fe1e935d3d724627211","1","7","272640","https://p.scdn.co/mp3-preview/0055867f9174d341ea414992dfcac5c559297413?cid=9950ac751e34487dbbe027c4fd7f8e99","true","41","USWB19900677","spotify:user:bradnumber1","2021-08-08T09:26:31Z","funk,funk rock,minneapolis sound,rock,synth funk","0.677","0.76","10","-7.659","0","0.0962","0.00257","0.000766","0.303","0.57","99.795","4","","Warner Records","C © 1991 Warner Records Inc., P ℗ 1991 Warner Records Inc."
"spotify:track:0YVlMTY2kaQc2fxu2ezlI6","The Mountain's High","spotify:artist:6TLwl6BCLZ5D1jwn4l2KGh","Dick & Dee Dee","spotify:album:5n3yhXw0DNTRIpSfRE98tT","Lost Hits Of The 60's (All Original Artists & Versions)","spotify:artist:0LyfQWJT6nXafLPZqxe9Of","Various Artists","2010-01-01","https://i.scdn.co/image/ab67616d0000b273f8c554e3aabe57f9d5cba30e","1","2","135706","https://p.scdn.co/mp3-preview/931d1cba12120b7d4da3a55b1c22c30515e902b8?cid=9950ac751e34487dbbe027c4fd7f8e99","false","27","USEM39100242","spotify:user:bradnumber1","2021-08-08T09:26:31Z","deep adult standards,doo-wop,rhythm and blues","0.686","0.771","1","-8.764","1","0.0594","0.683","0.137","0.333","0.94","118.176","4","","Capitol Records","C © 2010 Capitol Records, LLC, P This Compilation ℗ 2010 Capitol Records, LLC"
"spotify:track:0V1mggDCn07qTgF1g5ETXH","Popsicles And Icicles","spotify:artist:0ZVvRLbxQEcphvO7G8x3c8","The Murmaids","spotify:album:3esoavM0NsTLjJah4yQgOs","Popsicles and Icicles: the Best of the Murmaids","spotify:artist:0ZVvRLbxQEcphvO7G8x3c8","The Murmaids","2011-01-04","https://i.scdn.co/image/ab67616d0000b273db00ab512754156104ce6054","1","13","155400","https://p.scdn.co/mp3-preview/92dcb60c15b4e6965219402ed64778e7214e0029?cid=9950ac751e34487dbbe027c4fd7f8e99","false","2","USXTN1038610","spotify:user:bradnumber1","2021-08-08T09:26:31Z","classic girl group","0.641","0.209","3","-15.404","1","0.0354","0.597","0","0.127","0.666","124.013","4","","Classic Music International","C 2011 Classic Music International, P 2011 Classic Music International"
"spotify:track:0Kqm6ILdnk7oyoV9k2vW1m","Single","spotify:artist:21E3waRsmPlU7jZsS13rcj","Ne-Yo","spotify:album:1nv3KEXZPmcwOXMoLTs1vn","Year Of The Gentleman","spotify:artist:21E3waRsmPlU7jZsS13rcj","Ne-Yo","2008-01-01","https://i.scdn.co/image/ab67616d0000b273959de80fd6bb69f3609fa31a","1","3","257933","https://p.scdn.co/mp3-preview/a317c172369dbd604d5e44ee42d66479f1df3d8d?cid=9950ac751e34487dbbe027c4fd7f8e99","false","0","USUM70833541","spotify:user:bradnumber1","2021-08-08T09:26:31Z","dance pop,pop,r&b,urban contemporary","0.701","0.908","0","-5.67","1","0.0713","0.0617","0.00000135","0.108","0.236","134.019","4","","Universal Music Group","C © 2008 The Island Def Jam Music Group, P ℗ 2008 The Island Def Jam Music Group"
"spotify:track:5bhvrqUcsa3SnxhgLNxybU","Night","spotify:artist:4VnomLtKTm9Ahe1tZfmZju","Jackie Wilson","spotify:album:26a7VabhR3ztDKPA77soyR","A Woman, A Lover, A Friend","spotify:artist:4VnomLtKTm9Ahe1tZfmZju","Jackie Wilson","1960","https://i.scdn.co/image/ab67616d0000b273aae1119b2f41ea8bb75ff3ec","1","7","174720","https://p.scdn.co/mp3-preview/3a74beda3cc7b48c977e60c54cd991238bae661c?cid=9950ac751e34487dbbe027c4fd7f8e99","false","6","USBWC0110038","spotify:user:bradnumber1","2021-08-08T09:26:31Z","chicago soul,classic soul,quiet storm,rock-and-roll,soul","0.222","0.383","3","-9.673","1","0.0326","0.851","0.00295","0.135","0.325","101.473","4","","Brunswick Records","C 1960 Brunswick Record Corp., P 1960 Brunswick Record Corp."
"spotify:track:1ixphys4A3NEXp6MDScfih","Be the One","spotify:artist:6M2wZ9GZgrQXHCFfjv46we","Dua Lipa","spotify:album:27BxsWgarjLePdql0KzOLP","Be the One","spotify:artist:6M2wZ9GZgrQXHCFfjv46we","Dua Lipa","2015-10-30","https://i.scdn.co/image/ab67616d0000b273e314ae1248044b8b84842c3c","1","1","202914","https://p.scdn.co/mp3-preview/63f74b93242c7a4f1794f387413742ac5532ce38?cid=9950ac751e34487dbbe027c4fd7f8e99","false","65","GBAHT1500573","spotify:user:bradnumber1","2021-08-08T09:26:31Z","dance pop,pop,uk pop","0.661","0.651","7","-3.771","0","0.0499","0.117","0.0000132","0.056","0.368","87.46","4","","Dua Lipa Limited","C © 2015 Dua Lipa Limited, P ℗ 2015 Dua Lipa Limited"
"spotify:track:1q8yOvrVNiZtMuEujDuSPP","Respectable","spotify:artist:4k7b3DWqBnYpobDWbNWLdM","Mel & Kim","spotify:album:6mrIxuwdKXXao4SOgte0Lv","F.L.M. (Deluxe Edition)","spotify:artist:4k7b3DWqBnYpobDWbNWLdM","Mel & Kim","1987","https://i.scdn.co/image/ab67616d0000b273d4d964b7969f4a8f236a9fe1","1","3","202640","https://p.scdn.co/mp3-preview/7261b4d1eb47d4018e4753d8399bd1ed30d761bb?cid=9950ac751e34487dbbe027c4fd7f8e99","false","49","GBAYE8700095","spotify:user:bradnumber1","2021-08-08T09:26:31Z","new romantic,new wave pop","0.697","0.971","0","-5.093","1","0.0428","0.00377","0.0000279","0.138","0.89","122.274","4","","Cherry Red Records","C (C) 2011 Cherry Red Records Ltd, P (P) 2011 Cherry Red Records Ltd"
"spotify:track:2kyVQg00pphEufGT59M2XH","(They Long To Be) Close To You","spotify:artist:1eEfMU2AhEo7XnKgL7c304","Carpenters","spotify:album:5z8MFnoVUIfVo6MQW0uIul","Close To You","spotify:artist:1eEfMU2AhEo7XnKgL7c304","Carpenters","1970-01-01","https://i.scdn.co/image/ab67616d0000b273f33f1738a2764489750e3535","1","6","273933","https://p.scdn.co/mp3-preview/4d4e5b3219e81e16f5e9e624ae1037f69711ab65?cid=9950ac751e34487dbbe027c4fd7f8e99","false","67","USAM17000373","spotify:user:bradnumber1","2021-08-08T09:26:31Z","adult standards,mellow gold,soft rock","0.528","0.233","8","-15.362","1","0.0346","0.726","0.000108","0.122","0.208","89.044","4","","UMC (Universal Music Catalogue)","C © 1970 A&M Records, P ℗ 1970 UMG Recordings, Inc."
"spotify:track:6cj8s9tWTahcd0XmnM2tVj","Right Now (Na Na Na)","spotify:artist:0z4gvV4rjIZ9wHck67ucSV","Akon","spotify:album:2EPsQyatLP7uIoT7sOEaWm","Freedom (Int'l Version)","spotify:artist:0z4gvV4rjIZ9wHck67ucSV","Akon","2008-01-01","https://i.scdn.co/image/ab67616d0000b273716b780c63154a82498d1c46","1","1","240746","https://p.scdn.co/mp3-preview/9afbca2abc9ae3b395de39d11635d975af9093a2?cid=9950ac751e34487dbbe027c4fd7f8e99","false","0","USUM70837868","spotify:user:bradnumber1","2021-08-08T09:26:31Z","dance pop","0.832","0.87","8","-4.2","0","0.166","0.269","0","0.415","0.577","137.998","4","","Universal Music Ltd.","C © 2008 Universal Records, a Division of UMG Recordings, Inc., P ℗ 2008 Universal Records & SRC Records Inc., a division of UMG Recordings"
"spotify:track:2Ywft2Thbf7mPyoD2ntadi","Suspicious Minds","spotify:artist:20p5D2KrE8CGuOjHtxsyTp","Fine Young Cannibals","spotify:album:7KQgihtbLnpyr3KVk9OqYB","Fine Young Cannibals","spotify:artist:20p5D2KrE8CGuOjHtxsyTp","Fine Young Cannibals","1985-01-01","https://i.scdn.co/image/ab67616d0000b273ece7b2be744039740c1fcb5c","1","5","237466","https://p.scdn.co/mp3-preview/e8170fd1c1376a7a4c082ee01e3463a77dfaf2bd?cid=9950ac751e34487dbbe027c4fd7f8e99","false","56","GBAMY8500224","spotify:user:bradnumber1","2021-08-08T09:26:31Z","dance rock,new romantic,new wave,new wave pop,synthpop","0.397","0.949","7","-4.741","1","0.12","0.0575","0.000388","0.215","0.589","129.368","4","","London Music Stream","C © 1985 London Records Ltd, P ℗ 1985 London Records Ltd"
"spotify:track:67RGlVKzHjkY1InvIFiqYV","Love And Other Bruises","spotify:artist:4xXCRXOfQKQ2gjWxNhNzYW","Air Supply","spotify:album:4XQBtVjam1VjPqDysAn6kZ","The Ultimate Collection","spotify:artist:4xXCRXOfQKQ2gjWxNhNzYW","Air Supply","2012-01-01","https://i.scdn.co/image/ab67616d0000b27371826e198db6e5192202c153","1","1","223866","https://p.scdn.co/mp3-preview/b73b8967f320d6ee8d42d14263526768a6fd68d3?cid=9950ac751e34487dbbe027c4fd7f8e99","false","2","AUSM00000414","spotify:user:bradnumber1","2021-08-08T09:26:31Z","soft rock","0.447","0.765","9","-4.305","1","0.0307","0.341","0","0.0779","0.129","115.509","4","","EMI Music Australia","C © 2012 EMI Recorded Music Australia Pty Ltd., P ℗ 2012 EMI Recorded Music Australia Pty Ltd."
"spotify:track:1ulXmqjktxSdrdT1bzc69H","Hot N Cold","spotify:artist:6jJ0s89eD6GaHleKKya26X","Katy Perry","spotify:album:1vFFZPioAu0vrJRcGoyGX8","One Of The Boys","spotify:artist:6jJ0s89eD6GaHleKKya26X","Katy Perry","2008","https://i.scdn.co/image/ab67616d0000b27331cc26681b0164332fa26634","1","7","220226","https://p.scdn.co/mp3-preview/d351664a0032b1a966fda7beb8bcfd9eed299430?cid=9950ac751e34487dbbe027c4fd7f8e99","false","61","USCA20802544","spotify:user:bradnumber1","2021-08-08T09:26:31Z","pop","0.706","0.842","7","-3.956","1","0.0417","0.0000773","0","0.0688","0.861","132.032","4","","Capitol Records","C © 2009 Capitol Records, LLC, P ℗ 2009 Capitol Records, LLC"
"spotify:track:2oq7025OFUrarY3WyQ9XmM","Like It Loud","spotify:artist:0Ota2YaOfxcUqhWjnEBcOG","Cassie Davis","spotify:album:50ohLcH9K98ZMfMDif7HIp","Differently","spotify:artist:0Ota2YaOfxcUqhWjnEBcOG","Cassie Davis","2009-08-14","https://i.scdn.co/image/ab67616d0000b2739702f3b08025fc437dd56829","1","2","186320","https://p.scdn.co/mp3-preview/316f4a504b060819e4d14a1707e9451ea8317d77?cid=9950ac751e34487dbbe027c4fd7f8e99","false","0","AUBM00800673","spotify:user:bradnumber1","2021-08-08T09:26:31Z","australian pop","0.609","0.781","10","-4.651","0","0.0415","0.000209","0.165","0.11","0.671","149.98","4","","Sony Music Entertainment","P (P) 2009 Sony Music Entertainment Australia Pty Ltd."
"spotify:track:1CUVN2kn7mW5FjkqXTR2W1","Perfect Strangers","spotify:artist:1HBjj22wzbscIZ9sEb5dyf, spotify:artist:4kYGAK2zu9EAomwj3hXkXy","Jonas Blue, JP Cooper","spotify:album:163nFrWkhj8FwiwJ11Gu93","Perfect Strangers","spotify:artist:1HBjj22wzbscIZ9sEb5dyf","Jonas Blue","2016-06-03","https://i.scdn.co/image/ab67616d0000b27379882e87678a76bc1d895e94","1","1","196613","https://p.scdn.co/mp3-preview/99b97634d18a161489f2a8a4d5efe5399dc3774c?cid=9950ac751e34487dbbe027c4fd7f8e99","false","0","GBUM71602437","spotify:user:bradnumber1","2021-08-08T09:26:31Z","pop,pop dance,tropical house,uk dance,uk pop","0.742","0.819","1","-5.307","1","0.0487","0.372","0","0.277","0.709","117.986","4","","Universal Music Group","C © 2016 Jonas Blue Music, under exclusive license to Virgin EMI Records, a division of Universal Music Operations Ltd, P ℗ 2016 Jonas Blue Music, under exclusive license to Virgin EMI Records, a division of Universal Music Operations Ltd"
"spotify:track:2fykwqa2RQzI6nBCwhTfqD","Love Me Like You","spotify:artist:3e7awlrlDSwF3iM0WBjGMp","Little Mix","spotify:album:2BTYDZEWcHgCxCnDM4ribC","Love Me Like You","spotify:artist:3e7awlrlDSwF3iM0WBjGMp","Little Mix","2015-09-25","https://i.scdn.co/image/ab67616d0000b273a076b4e4c1653eddd26eedfc","1","1","197800","https://p.scdn.co/mp3-preview/2cc18c0196d3775e80d46828b7575e26a4eafffb?cid=9950ac751e34487dbbe027c4fd7f8e99","false","0","GBHMU1500047","spotify:user:bradnumber1","2021-08-08T09:26:31Z","girl group,pop,talent show,uk pop","0.783","0.67","7","-3.935","1","0.0432","0.199","0","0.274","0.842","106.05","4","","Syco Music","P (P) 2015 Simco Limited under exclusive license to Sony Music Entertainment UK Limited"
"spotify:track:44Btht5msS0IQ7o2DZuFdu","If I Had a Hammer","spotify:artist:5FlTKgucbhHvlJVf0pnvOv","Trini Lopez","spotify:album:0njpKtai2m3jKLzsiLSGWI","Rhino Hi-Five: Trini Lopez","spotify:artist:5FlTKgucbhHvlJVf0pnvOv","Trini Lopez","2005-12-20","https://i.scdn.co/image/ab67616d0000b27315db2ff6d45cc0ccfac9ecdc","1","1","179400","https://p.scdn.co/mp3-preview/3cdf633ed103699b05976c1d3702cca7d367c108?cid=9950ac751e34487dbbe027c4fd7f8e99","false","0","USRE10101217","spotify:user:bradnumber1","2021-08-08T09:26:31Z","","0.468","0.933","11","-8.937","0","0.0852","0.623","0","0.952","0.867","85.505","4","","Rhino/Warner Records","C © 2005 Rhino Entertainment, P ℗ 2005 Rhino Entertainment"
"spotify:track:3TsyC7TEuzHH8D7k0snkcU","I Should've Never Let You Go","spotify:artist:6jaSo7MeMbXQCUOrNCF8tj","Bardot","spotify:album:3lBBB7gJFwcxn6EKQpB4A3","Bardot","spotify:artist:6jaSo7MeMbXQCUOrNCF8tj","Bardot","2000-05-01","https://i.scdn.co/image/ab67616d0000b273f5fc7efa0a85a9e2db49b4bc","1","2","267066","https://p.scdn.co/mp3-preview/a1598ebb014423ec97e78d305aff7ba2413efbc8?cid=9950ac751e34487dbbe027c4fd7f8e99","false","0","AUNHG1900057","spotify:user:bradnumber1","2021-08-08T09:26:31Z","australian pop","0.755","0.572","4","-5.508","0","0.0267","0.499","0.0000573","0.195","0.889","95.983","4","","LilliPilli IP","C 2000 LilliPilli IP, P 2000 LilliPilli IP"
"spotify:track:6UUzt6LPtVNwy8l6jqu9C9","You're The One That I Want - From “Grease”","spotify:artist:4hKkEHkaqCsyxNxXEsszVH, spotify:artist:4BoRxUdrcgbbq1rxJvvhg9","John Travolta, Olivia Newton-John","spotify:album:24xwaPVl6xkUunl6lEWwje","Gold","spotify:artist:4BoRxUdrcgbbq1rxJvvhg9","Olivia Newton-John","2005-01-01","https://i.scdn.co/image/ab67616d0000b273f24a708b3a02f314c0e4b46d","1","17","167613","https://p.scdn.co/mp3-preview/e40c2ef7fd8bb3ba548682058005672f8ee91184?cid=9950ac751e34487dbbe027c4fd7f8e99","false","0","NLF057890004","spotify:user:bradnumber1","2021-08-08T09:26:31Z","hollywood,adult standards,australian dance,disco,mellow gold,soft rock","0.743","0.774","0","-5.916","1","0.0941","0.256","0.0000503","0.155","0.833","106.564","4","","Universal Strategic Marketing","C © 2005 Universal Music Enterprises, a Division of UMG Recordings, Inc., P ℗ 2005 Universal Music Enterprises, a Division of UMG Recordings, Inc."
"spotify:track:6S3JlDAGk3uu3NtZbPnuhS","Baby Blue - Remastered 2010","spotify:artist:4pJCawaKSZ40EnxN0YEYw3","Badfinger","spotify:album:0BWOueFZKxQrQWNRt20Lvc","Straight Up (Remastered 2010 / Deluxe Edition)","spotify:artist:4pJCawaKSZ40EnxN0YEYw3","Badfinger","1971-12-13","https://i.scdn.co/image/ab67616d0000b273e2dd29cdaa3fadbdc26d59c4","1","2","217346","https://p.scdn.co/mp3-preview/d7e2ae28bafe7cba2626d7717932773e6dc0d4b8?cid=9950ac751e34487dbbe027c4fd7f8e99","false","59","GBDCE1000031","spotify:user:bradnumber1","2021-08-08T09:26:31Z","album rock,beatlesque,classic rock,country rock,folk rock,jangle pop,mellow gold,power pop,singer-songwriter,soft rock","0.623","0.876","11","-7.788","1","0.066","0.0189","0.0134","0.0728","0.515","124.431","4","","EMI Catalogue","C © 2010 Apple Corps Ltd, P ℗ 2010 Apple Corps Ltd"
"spotify:track:2BO8KWwoED1420THvmk3ZH","Art of Love (feat. Jordin Sparks)","spotify:artist:5PjekOABtfU2Kwo0AHVmci, spotify:artist:2AQjGvtT0pFYfxR3neFcvz","Guy Sebastian, Jordin Sparks","spotify:album:5mrXvDnW1MK275vDsplMIF","Like It Like That","spotify:artist:5PjekOABtfU2Kwo0AHVmci","Guy Sebastian","2009-10-23","https://i.scdn.co/image/ab67616d0000b273b156fa49f0e23495db026fc9","1","3","238786","https://p.scdn.co/mp3-preview/b04bf161118453e361f97d67feccf718295becf2?cid=9950ac751e34487dbbe027c4fd7f8e99","false","43","AUBM00900390","spotify:user:bradnumber1","2021-08-08T09:26:31Z","australian pop,dance pop,pop,post-teen pop,urban contemporary","0.541","0.724","4","-3.966","1","0.0402","0.024","0","0.133","0.532","137.971","4","","Sony Music Entertainment","P (P) 2009 Sony Music Entertainment Australia Pty Ltd."
"spotify:track:22HYEJveCvykVDHDiEEmjZ","Tubthumping","spotify:artist:0TcYeHEK9sBtv7xPbKhzHz","Chumbawamba","spotify:album:5yaumQgV6xGqCy014aOREt","Tubthumper","spotify:artist:0TcYeHEK9sBtv7xPbKhzHz","Chumbawamba","1997-09-01","https://i.scdn.co/image/ab67616d0000b2736cfc470251e23a7bb6a38d66","1","1","278778","https://p.scdn.co/mp3-preview/135ed2e5aff4240f7a3ee668a303eb87c2c01898?cid=9950ac751e34487dbbe027c4fd7f8e99","false","68","DEA349700542","spotify:user:bradnumber1","2021-08-08T09:26:31Z","anarcho-punk","0.348","0.88","2","-7.366","1","0.0978","0.128","0","0.357","0.606","101.185","4","","EMI","C © 2006 EMI GERMANY, P ℗ 2006 EMI GERMANY"
"spotify:track:0FcWutmFaffgmSchemHj4h","All I Want","spotify:artist:75jU2q0uEWzSIlqRJtedJV","Sarah Blasko","spotify:album:2irmzJu4CDZifv7NquPDGM","As Day Follows Night","spotify:artist:75jU2q0uEWzSIlqRJtedJV","Sarah Blasko","2009-07-10","https://i.scdn.co/image/ab67616d0000b2739a1c2b0f4f9b6040eaa19a3e","1","2","233960","https://p.scdn.co/mp3-preview/1ae7312f2811be03237bab148e839372bd2c65fd?cid=9950ac751e34487dbbe027c4fd7f8e99","false","42","AUUM70900346","spotify:user:bradnumber1","2022-11-09T06:56:29Z","australian alternative rock,australian indie,australian singer-songwriter","0.604","0.622","7","-7.782","1","0.0469","0.0943","0.00577","0.204","0.424","126.238","4","","Dew Process","C © 2020 Dew Process/Universal Music Australia, P ℗ 2020 Dew Process/Universal Music Australia"
"spotify:track:2U2aFdIusTy3JetFPjHZkx","Whatever Will Be","spotify:artist:2ACthmbrw4aqsQ4qUvTo8k, spotify:artist:1PMhT7Dp8ZvHbucEoh9xwO","Tammin Sursok, Ray Hedges","spotify:album:09g8M43qxbSxiLopHCrRLJ","Whatever Will Be","spotify:artist:2ACthmbrw4aqsQ4qUvTo8k","Tammin Sursok","2005-05-20","https://i.scdn.co/image/ab67616d0000b27393d52cfa4613fd04387939a5","1","3","227413","https://p.scdn.co/mp3-preview/32f831e9dad5f841c4abc75e672f64f50de0063a?cid=9950ac751e34487dbbe027c4fd7f8e99","false","15","AUSM00500003","spotify:user:bradnumber1","2021-08-08T09:26:31Z","australian pop","0.51","0.709","11","-5.22","0","0.0286","0.00729","0","0.129","0.243","135.993","4","","Columbia","P (P) 2005 Sony Music Entertainment Australia Pty Ltd"
"spotify:track:1I7zHEdDx8Ny5RxzYPqsU2","Reelin' In The Years","spotify:artist:6P7H3ai06vU1sGvdpBwDmE","Steely Dan","spotify:album:4Gh6pRaXqXTtJx4plAJbBw","Can't Buy A Thrill","spotify:artist:6P7H3ai06vU1sGvdpBwDmE","Steely Dan","1972-01-01","https://i.scdn.co/image/ab67616d0000b2735a9b9e265814a9c9636a71a4","1","6","275466","https://p.scdn.co/mp3-preview/08fcfd47f12bef5b57ec18eb4a9e4b11481392c3?cid=9950ac751e34487dbbe027c4fd7f8e99","false","2","USMC17347184","spotify:user:bradnumber1","2021-08-08T09:26:31Z","album rock,classic rock,country rock,folk rock,mellow gold,rock,soft rock,yacht rock","0.523","0.758","2","-9.81","1","0.0403","0.133","0","0.0952","0.766","135.437","4","","Geffen*","C © 1998 MCA Records Inc., P ℗ 1972 UMG Recordings, Inc."
"spotify:track:5RBx3tM9hmVJAOnSUHIWkn","Rock & Roll","spotify:artist:39x8gyJjTHiBQklFgVJSV4","Eric Hutchinson","spotify:album:5XEF3r3rrj8lxoEWKSBnke","Sounds Like This","spotify:artist:39x8gyJjTHiBQklFgVJSV4","Eric Hutchinson","2008","https://i.scdn.co/image/ab67616d0000b27302c7226597f9e4da440764cf","1","5","240320","https://p.scdn.co/mp3-preview/b5e376a7e683d002c41eb5c455023a7f27b90cd9?cid=9950ac751e34487dbbe027c4fd7f8e99","false","49","USWB10800447","spotify:user:bradnumber1","2021-08-08T09:26:31Z","acoustic pop,neo mellow","0.462","0.767","10","-5.038","1","0.0686","0.0395","0","0.728","0.901","201.064","4","","Warner Records","C © 2008 Warner Records Inc., P ℗ 2008 Warner Records Inc."
"spotify:track:1z7FW0nlEBGtQWQ19kz7qp","I Got It From My Mama","spotify:artist:085pc2PYOi8bGKj0PNjekA","will.i.am","spotify:album:54QnPX7chtQZtmtTYH5oq1","Songs About Girls","spotify:artist:085pc2PYOi8bGKj0PNjekA","will.i.am","2007-01-01","https://i.scdn.co/image/ab67616d0000b273f0a6041d3ab38beba5aa9f70","1","3","241520","https://p.scdn.co/mp3-preview/a69230ada197cc2927533d44ccc7bccc1ce51468?cid=9950ac751e34487dbbe027c4fd7f8e99","false","47","USUM70745336","spotify:user:bradnumber1","2021-08-08T09:26:31Z","dance pop,pop","0.888","0.777","6","-6.262","1","0.0505","0.0961","0.0000314","0.0514","0.876","118.998","4","","Interscope","C © 2007 Interscope Records, P ℗ 2007 Interscope Records"
"spotify:track:41ajhawyqdwhewwhk7bqxd","Your Time Will Come - Remastered Version","spotify:artist:0NKDgy9j66h3DLnN8qu1bB, spotify:artist:5MspMQqdVbdwP6ax3GXqum, spotify:artist:7gcCQIlkkfbul5Mt0jBQkg","Eurythmics, Annie Lennox, Dave Stewart","spotify:album:1tpBcNFC8Wxy4Ci3woWwTx","In The Garden","spotify:artist:0NKDgy9j66h3DLnN8qu1bB, spotify:artist:5MspMQqdVbdwP6ax3GXqum, spotify:artist:7gcCQIlkkfbul5Mt0jBQkg","Eurythmics, Annie Lennox, Dave Stewart","1981-10-16","https://i.scdn.co/image/ab67616d0000b273087cb0ddd6be76929baa941f","1","5","271813","https://p.scdn.co/mp3-preview/c0482f7e1d0b1152034d31da65621db6b1a09229?cid=9950ac751e34487dbbe027c4fd7f8e99","false","9","GBARL0300573","spotify:user:bradnumber1","2022-01-12T23:06:41Z","dance rock,new romantic,new wave,new wave pop,soft rock,sophisti-pop,synthpop,new romantic,new wave,new wave pop,singer-songwriter,soft rock,synthpop,new wave pop,rock keyboard","0.305","0.681","7","-5.737","0","0.0287","0.000735","0.000197","0.374","0.178","177.136","4","","RCA Records Label","P (P) 2005 SONY BMG MUSIC ENTERTAINMENT (GERMANY) GmbH"
"spotify:track:4sjOSErZILpIu0cOlCFOIg","Stop Crying Your Heart Out","spotify:artist:2DaxqgrOhkeH0fpeiQq2f4","Oasis","spotify:album:6XhC5jFMDxZFSAlSGxTEpY","Heathen Chemistry","spotify:artist:2DaxqgrOhkeH0fpeiQq2f4","Oasis","2002-06-20","https://i.scdn.co/image/ab67616d0000b27349b6d51648f7f82f54865ffc","1","4","303133","https://p.scdn.co/mp3-preview/b329fbcd52d68d8ea532d0b36c07e1e4c86a8ce2?cid=9950ac751e34487dbbe027c4fd7f8e99","false","49","GBBQY0202057","spotify:user:bradnumber1","2021-08-08T09:26:31Z","beatlesque,britpop,madchester,permanent wave,rock","0.38","0.572","2","-5.334","1","0.03","0.0768","0.0000024","0.0776","0.0878","74.987","4","","Epic","P (P) 2002 Sony Music Entertainment (UK) Ltd."
"spotify:track:2LAtELE0xGyMKcvNlxiyF3","1 Day 2 Nights","spotify:artist:28y6CyJNkGNjJQKrlx4AmN","HRVY","spotify:album:4QKRzndxnaFsUKGLAQb4Ou","1 Day 2 Nights","spotify:artist:28y6CyJNkGNjJQKrlx4AmN","HRVY","2021-06-11","https://i.scdn.co/image/ab67616d0000b273e96aa4078a6a5f6fc46977b4","1","1","138200","https://p.scdn.co/mp3-preview/c351cbb145a0a7e1f5cfdae44de2593347e36f02?cid=9950ac751e34487dbbe027c4fd7f8e99","false","0","GB5KW2101382","spotify:user:bradnumber1","2021-08-08T09:26:31Z","pop","0.747","0.749","0","-6.337","1","0.0558","0.0798","0.00000179","0.318","0.914","121.964","4","","BMG Rights Management (UK) Ltd","C © 2021 BMG Rights Management (UK) Limited, P ℗ 2021 BMG Rights Management (UK) Limited"
"spotify:track:44V6EzbUSYgyfsNiP0FrlA","Visiting Hours","spotify:artist:6eUKZXaKkcviH0Ku9w2n3V","Ed Sheeran","spotify:album:3Pl0yCO51uGkr5tFlD6bWN","Visiting Hours","spotify:artist:6eUKZXaKkcviH0Ku9w2n3V","Ed Sheeran","2021-08-19","https://i.scdn.co/image/ab67616d0000b273b775d9e0b2d6d2279a0a7373","1","1","215506","https://p.scdn.co/mp3-preview/548b143d7735d44ad093cb5ad26d62330cc2a93e?cid=9950ac751e34487dbbe027c4fd7f8e99","false","1","GBAHS2100680","spotify:user:bradnumber1","2021-11-19T23:19:24Z","pop,singer-songwriter pop,uk pop","0.471","0.396","8","-6.654","1","0.0336","0.77","0","0.0729","0.263","149.609","4","","Atlantic Records/Asylum","C An Asylum Records UK release, a division of Atlantic Records UK, © 2021 Warner Music UK Limited, P An Asylum Records UK release, a division of Atlantic Records UK, ℗ 2021 Warner Music UK Limited"
"spotify:track:3r2EtAEybamz9jJm8W47lA","S Club Party","spotify:artist:0HNGrIbq1ZNO2mTp3tMW4L","S Club","spotify:album:6QanSklvTjKC0M7CTQb3t6","S Club","spotify:artist:0HNGrIbq1ZNO2mTp3tMW4L","S Club","1999-01-01","https://i.scdn.co/image/ab67616d0000b2737f3e01076cca00e318afec5c","1","4","210400","https://p.scdn.co/mp3-preview/198d81aaa0159be7f4ca52b1236feae5ff9838f7?cid=9950ac751e34487dbbe027c4fd7f8e99","false","0","GBCVL9900006","spotify:user:bradnumber1","2021-08-08T09:26:31Z","australian pop,dance pop,europop,talent show","0.643","0.879","6","-6.579","0","0.0435","0.0681","0","0.313","0.774","101.984","4","","Polydor","C © 1999 Polydor Ltd. (UK), P ℗ 1999 S Club Ltd."
"spotify:track:3J90DxBYXJR2G60Hlro76Q","Butterfly","spotify:artist:66i0Q1q4YuRe6N0jnYi5BR","Matt Flinders","spotify:album:3AWhIpddYaPjzRPniXfi5F","The Best of Matt Flinders","spotify:artist:66i0Q1q4YuRe6N0jnYi5BR","Matt Flinders","1974","https://i.scdn.co/image/ab67616d0000b2739ea8820ac0387457a634bbd2","1","9","175813","https://p.scdn.co/mp3-preview/1cf21bba0da0448d27a4f4ee1cf84abfd7cd19a2?cid=9950ac751e34487dbbe027c4fd7f8e99","false","0","AULB41700381","spotify:user:bradnumber1","2021-08-08T09:26:31Z","","0.219","0.239","7","-14.215","1","0.0297","0.854","0.596","0.0742","0.446","76.682","4","","Fable Records","C 1974 Fable records, P 2017 Southern Cross Music Pty Limited"
"spotify:track:2Yd464ldxdOVmjiRFC1sbh","Hella Good","spotify:artist:0cQbJU1aAzvbEmTuljWLlF","No Doubt","spotify:album:5WlbY14UMg8LXybSB1q57G","Rock Steady [UK Version (Ltd.)]","spotify:artist:0cQbJU1aAzvbEmTuljWLlF","No Doubt","2001-12-11","https://i.scdn.co/image/ab67616d0000b273f7813a0b5b427af37ce884d3","1","2","242586","https://p.scdn.co/mp3-preview/8b7fd190e2319bf05d70bd26ee5fca5922b9fc02?cid=9950ac751e34487dbbe027c4fd7f8e99","false","0","USIR10120439","spotify:user:bradnumber1","2021-08-08T09:26:31Z","dance pop,dance rock,permanent wave,pop rock,rock","0.776","0.671","8","-3.966","1","0.0352","0.017","0.0123","0.0824","0.824","115.138","4","","Universal Music Group","C © 2002 Interscope Records, P ℗ 2002 Interscope Records"
"spotify:track:56wziL2jbJ7rmb9MWycZ2G","You're Not Sorry (Originally Performed By Taylor Swift) [Full Vocal Version]","spotify:artist:0BpBoQZruEAcRfpqym754s","Chart Collective","spotify:album:2dZBMXqe5jLqjGkG5B8VOh","Karaoke Taylor Swift, Vol. 1","spotify:artist:0BpBoQZruEAcRfpqym754s","Chart Collective","2014-07-01","https://i.scdn.co/image/ab67616d0000b273a966baf3ca281db9756afcd9","1","9","262112","https://p.scdn.co/mp3-preview/aa652a9b30469185a89020b4249fb1d86bc59511?cid=9950ac751e34487dbbe027c4fd7f8e99","false","1","GBJSS1413177","spotify:user:bradnumber1","2021-08-08T09:26:31Z","","0.627","0.4","6","-6.024","1","0.0273","0.35","0","0.048","0.22","134.189","4","","Switch Records","C 2014 Switch Records Ltd, P 2014 Switch Records Ltd"
"spotify:track:7jDe24vXWUNX8Jl2hZHrIS","High Hopes","spotify:artist:4BxCuXFJrSWGi1KHcVqaU4","Kodaline","spotify:album:3YHf7ooFmrTOsp4jPM3aFj","In A Perfect World (Deluxe)","spotify:artist:4BxCuXFJrSWGi1KHcVqaU4","Kodaline","2013-06-14","https://i.scdn.co/image/ab67616d0000b27374b1285d420d4d8494c72df5","1","4","230266","https://p.scdn.co/mp3-preview/a5dd20f0ba725852659f05d83b98a489ba18e611?cid=9950ac751e34487dbbe027c4fd7f8e99","false","0","GBDVX1200014","spotify:user:bradnumber1","2021-08-08T09:26:31Z","irish pop,modern rock,neo mellow","0.488","0.487","4","-6.371","1","0.0305","0.577","0","0.193","0.219","77.278","4","","B-Unique/RCA","P (P) 2013 B-Unique records (UK) Limited under exclusive License to Sony Music Entertainment UK limited; Tracks 2 & 10 (P) 2012;"
"spotify:track:4DWFSrNnZXow1aB96gByho","Elenore","spotify:artist:2VIoWte1HPDbZ2WqHd2La7","The Turtles","spotify:album:155OAoTAYR4Uu0LpSMvy5W","The Turtles Present The Battle of the Bands","spotify:artist:2VIoWte1HPDbZ2WqHd2La7","The Turtles","1968","https://i.scdn.co/image/ab67616d0000b273f3126c1147d95ab91a85bbc3","1","3","151306","https://p.scdn.co/mp3-preview/cf2bb3a9ad1faed6ab0265f4b7f9ab0b054483ad?cid=9950ac751e34487dbbe027c4fd7f8e99","false","57","USA560587951","spotify:user:bradnumber1","2021-08-08T09:26:31Z","bubblegum pop,classic rock,folk rock,merseybeat,psychedelic rock,rock-and-roll,rockabilly","0.63","0.625","4","-8.407","1","0.0375","0.6","0.0000152","0.24","0.887","122.504","4","","Flo & Eddie, Inc.","C 1968 Flo & Eddie, Inc."
"spotify:track:0wsXdby1T3PWLauIkGUZzg","Hula Hoop","spotify:artist:5MouCg6ta7zAxsfMEbc1uh","OMI","spotify:album:7cVXH4slEYzGjDh498OFyL","Me 4 U","spotify:artist:5MouCg6ta7zAxsfMEbc1uh","OMI","2015-10-16","https://i.scdn.co/image/ab67616d0000b27385ca00029c70d6b5b8372e96","1","5","205474","https://p.scdn.co/mp3-preview/a68da5a2468a120b489aad5f55c750a5793bc85f?cid=9950ac751e34487dbbe027c4fd7f8e99","false","56","USUS11500000","spotify:user:bradnumber1","2021-08-08T09:26:31Z","reggae fusion","0.673","0.842","10","-4.666","0","0.039","0.0248","0","0.294","0.508","121.986","4","","Ultra Records, LLC","P (P) 2015 Ultra Records, LLC"
"spotify:track:5NIPsWpDjJTFBoPxCUUeXp","Welcome To The Jungle","spotify:artist:3qm84nBOXUEQ2vnTfUTTFC","Guns N' Roses","spotify:album:5JKFiC2WVi9HtvJEm8CUB8","Appetite For Destruction","spotify:artist:3qm84nBOXUEQ2vnTfUTTFC","Guns N' Roses","1987-07-21","https://i.scdn.co/image/ab67616d0000b273c8e5391a619e9e8ea2162073","1","1","273600","https://p.scdn.co/mp3-preview/4625797f3517e8945e9b191119bcc0b67491cfd1?cid=9950ac751e34487dbbe027c4fd7f8e99","false","1","USGF18714801","spotify:user:bradnumber1","2021-08-08T09:26:31Z","glam metal,hard rock,rock","0.445","0.955","8","-8.027","1","0.0856","0.0326","0.284","0.317","0.336","123.343","4","","Interscope","C © 1987 Geffen Records, P ℗ 1987 Geffen Records"
"spotify:track:0PBPO8rmYjmehH4j4ymOxl","How Deep Is Your Love","spotify:artist:1255GTUKNCLCTvH9ctD4cT","Dru Hill","spotify:album:1kbWhB5qEyUDaHPtXYiA2m","Enter The Dru","spotify:artist:1255GTUKNCLCTvH9ctD4cT","Dru Hill","1998-10-27","https://i.scdn.co/image/ab67616d0000b2736d8f41c56578cdf8f800a6bc","1","3","243360","https://p.scdn.co/mp3-preview/88ac9cbaf64cc5aaebf14f794dd9816d9742ad6d?cid=9950ac751e34487dbbe027c4fd7f8e99","true","0","USIR29800354","spotify:user:bradnumber1","2021-08-08T09:26:31Z","contemporary r&b,r&b,urban contemporary","0.725","0.446","3","-9.097","0","0.077","0.0354","0.0000151","0.312","0.774","94.403","4","","Island Records","C © 1998 Island Records Inc., P ℗ 1998 UMG Recordings, Inc."
"spotify:track:6rT0BKAbg4y35tukHcfk4N","Untitled (How Could This Happen to Me?)","spotify:artist:2p4FqHnazRucYQHyDCdBrJ","Simple Plan","spotify:album:6RSpKXfvVzCqtLi6VySxsU","Still Not Getting Any","spotify:artist:2p4FqHnazRucYQHyDCdBrJ","Simple Plan","2004-10-25","https://i.scdn.co/image/ab67616d0000b2736cb8cbc645eebdfc0ebffa72","1","11","239813","https://p.scdn.co/mp3-preview/1b8ce727349286d672b9895bf74f253189d1bf97?cid=9950ac751e34487dbbe027c4fd7f8e99","false","57","USAT20402500","spotify:user:bradnumber1","2021-08-08T09:26:31Z","canadian pop punk,canadian punk,canadian rock,modern rock,neon pop punk,pop punk,pop rock","0.208","0.342","6","-8.702","1","0.0327","0.875","0.000003","0.0908","0.135","186.162","4","","143/Atlantic Entertainment","C © 2005 Atlantic Recording Corporation for the United States and WEA International Inc. for the world outside of the United States excluding Australia and New Zealand., P ℗ 2004 Lava Records LLC for the United States and WEA International Inc. for the world outside of the United States"
"spotify:track:1AJ5F0FMTC3yFU3ocjy1gE","Surfer Girl - Remastered 2001","spotify:artist:3oDbviiivRWhXwIE8hxkVV","The Beach Boys","spotify:album:1AhsZr98dNCfhO1XC4Ht7C","Surfer Girl (Remastered)","spotify:artist:3oDbviiivRWhXwIE8hxkVV","The Beach Boys","1963-09-16","https://i.scdn.co/image/ab67616d0000b2733149dcf7671f99b4b52f8b91","1","1","148533","https://p.scdn.co/mp3-preview/8a7fecba9558ff539cb167ac36e87a5714ed1204?cid=9950ac751e34487dbbe027c4fd7f8e99","false","51","USCA20001588","spotify:user:bradnumber1","2021-08-08T09:26:31Z","baroque pop,classic rock,folk rock,mellow gold,psychedelic rock,rock,singer-songwriter,sunshine pop","0.522","0.372","2","-8.364","1","0.0253","0.659","0","0.142","0.652","105.826","3","","Capitol Records","C © 1963 Capitol Records, LLC, P ℗ 2012 Capitol Records, LLC"
"spotify:track:11qRXl8wHp2oRk4nK9e3xk","Spin","spotify:artist:3gqd8JFMvQdzK2o9h1944d","Cassette Kids","spotify:album:23clvopWJ328MFDdELfz4m","Nothing On TV","spotify:artist:3gqd8JFMvQdzK2o9h1944d","Cassette Kids","2010-04-19","https://i.scdn.co/image/ab67616d0000b2734aad02652fe72097910b396a","1","2","217013","https://p.scdn.co/mp3-preview/817a59bc4034657af5420424a9b061a4acf37545?cid=9950ac751e34487dbbe027c4fd7f8e99","false","0","AUBM01000016","spotify:user:bradnumber1","2021-08-08T09:26:31Z","","0.566","0.853","9","-3.46","1","0.0366","0.000335","0.000166","0.409","0.691","135.005","4","","Sony Music Entertainment","P (P) 2010 Sony Music Entertainment Australia Pty Ltd."
"spotify:track:5psEZhQu6lukjhavJo4AbC","SO DONE","spotify:artist:2tIP7SsRs7vjIcLrU85W8J","The Kid LAROI","spotify:album:5fyH2H1o23bLNIxGu9JcMq","SO DONE","spotify:artist:2tIP7SsRs7vjIcLrU85W8J","The Kid LAROI","2020-10-23","https://i.scdn.co/image/ab67616d0000b273e59aad3262c3ca9107ca5c2f","1","1","126521","https://p.scdn.co/mp3-preview/3e676279d46de5354ffc51b2b4f956893fa38d87?cid=9950ac751e34487dbbe027c4fd7f8e99","false","0","USSM12005922","spotify:user:bradnumber1","2021-08-08T09:26:31Z","australian hip hop","0.719","0.598","9","-6.254","1","0.077","0.232","0","0.115","0.303","142.592","4","","Columbia","P (P) 2020 Columbia Records, a Division of Sony Music Entertainment"
"spotify:track:3iKuIfvoU50eww6EVzNqHo","Padam Padam","spotify:artist:4RVnAU35WRWra6OZ3CbbMA","Kylie Minogue","spotify:album:0OHc8STurn45gpk3dyIiw5","Padam Padam","spotify:artist:4RVnAU35WRWra6OZ3CbbMA","Kylie Minogue","2023-05-19","https://i.scdn.co/image/ab67616d0000b2730536a87c690530562f30d493","1","1","166266","https://p.scdn.co/mp3-preview/da6d6574b173df077e03eacb5249fa49d94d4d88?cid=9950ac751e34487dbbe027c4fd7f8e99","false","45","GB5KW2301017","spotify:user:bradnumber1","2023-07-25T11:57:02Z","australian dance,australian pop,dance pop,eurodance,new wave pop","0.744","0.62","5","-7.93","1","0.246","0.214","0.00116","0.103","0.711","128.103","4","","Liberator Music","C 2023 Kylie Minogue/Darenote under exclusive license to BMG Rights Management (UK) Limited, P 2023 Kylie Minogue/Darenote under exclusive license to BMG Rights Management (UK) Limited"
"spotify:track:0XQ9Dc7uHYoalDtpnuQw6G","Crimson and Clover","spotify:artist:1Fmb52lZ6Jv7FMWXXTPO3K","Joan Jett & the Blackhearts","spotify:album:5H2zpf9FVjTuFp5jJKvV1G","I Love Rock 'N Roll","spotify:artist:1Fmb52lZ6Jv7FMWXXTPO3K","Joan Jett & the Blackhearts","2013-02-05","https://i.scdn.co/image/ab67616d0000b2734114ce0bd9713b931c13857e","1","5","197426","https://p.scdn.co/mp3-preview/02df570a4f7f9df90a7b5bbf0df7e5bba406a94f?cid=9950ac751e34487dbbe027c4fd7f8e99","false","0","USBH18100122","spotify:user:bradnumber1","2021-08-08T09:26:31Z","glam punk,rock","0.181","0.745","0","-5.241","1","0.0359","0.0483","0.000571","0.113","0.656","166.232","4","","Liberator Music","C 2013 Blackheart Records, P 2013 Blackheart Records"
"spotify:track:11ZnVkr0UJiTM14qAa8MW1","Grease","spotify:artist:3CDKmzJu6uwEGnPLLZffpD","Frankie Valli","spotify:album:0NUEQILaBzavnzcMEs4buZ","The Very Best of Frankie Valli & The 4 Seasons","spotify:artist:6mcrZQmgzFGRWf7C0SObou","Frankie Valli & The Four Seasons","2003-01-14","https://i.scdn.co/image/ab67616d0000b273b96c21e15c091eb98a6c88a4","1","20","201866","https://p.scdn.co/mp3-preview/d9ca396315f6cc4b206004207d97ab27e38474f5?cid=9950ac751e34487dbbe027c4fd7f8e99","false","53","USRH10450941","spotify:user:bradnumber1","2021-08-08T09:26:31Z","adult standards,bubblegum pop,lounge","0.81","0.474","11","-8.697","1","0.0467","0.218","0","0.083","0.87","109.335","4","","Rhino","C © 2004 Bob Gaudio & Frankie Valli d/b/a The 4 Seasons Partnership, by arrangement with Warner Special Products, P ℗ 2004 Bob Gaudio & Frankie Valli d/b/a The 4 Seasons Partnership, by arrangement with Warner Special Products"
"spotify:track:3iU9nRZHD5tLx2As8aiUQN","Can't Get Used to Losing You","spotify:artist:4sj6D0zlMOl25nprDJBiU9","Andy Williams","spotify:album:21n0NU4iyxyiTvtKSpa9x8","The Essential Andy Williams","spotify:artist:4sj6D0zlMOl25nprDJBiU9","Andy Williams","2013-05-13","https://i.scdn.co/image/ab67616d0000b273ff31aec892b192b2032ebaf2","1","6","141786","https://p.scdn.co/mp3-preview/03ed92e8109bf951f7d426e98a42ddac65802bd0?cid=9950ac751e34487dbbe027c4fd7f8e99","false","29","USSM10212749","spotify:user:bradnumber1","2021-08-08T09:26:31Z","adult standards,easy listening","0.435","0.256","0","-9.473","1","0.0385","0.897","0.0000486","0.0707","0.821","180.205","4","","Columbia/Legacy","P This Compilation (P) 2013 Columbia Records, a division of Sony Music Entertainment"
"spotify:track:4Kjssb0NSAWhcikMCYyV4e","Hey Baby","spotify:artist:0cQbJU1aAzvbEmTuljWLlF, spotify:artist:6UuT0BJZ9vF8Y1sxXnJl2s","No Doubt, Bounty Killer","spotify:album:5UboUMYc2I41ROlQrY1Qcb","The Singles Collection","spotify:artist:0cQbJU1aAzvbEmTuljWLlF","No Doubt","2003-01-01","https://i.scdn.co/image/ab67616d0000b2738ad024d639850a10776a1a61","1","3","206760","https://p.scdn.co/mp3-preview/fcda4453320e91971a98a388c039cd2157739e6f?cid=9950ac751e34487dbbe027c4fd7f8e99","false","0","USIR10120513","spotify:user:bradnumber1","2021-08-08T09:26:31Z","dance pop,dance rock,permanent wave,pop rock,rock,dancehall,jamaican hip hop,reggae fusion","0.597","0.86","11","-3.959","0","0.205","0.0588","0","0.266","0.759","187.338","4","","Interscope","C © 2003 Interscope Records, P ℗ 2003 Interscope Records"
"spotify:track:4rr67zXmEYf9ykLigeEsbv","Don't Dream It's Over","spotify:artist:7ohlPA8dRBtCf92zaZCaaB","Crowded House","spotify:album:0Vw2BOifLhBx5mvnepOGVf","Crowded House","spotify:artist:7ohlPA8dRBtCf92zaZCaaB","Crowded House","1986","https://i.scdn.co/image/ab67616d0000b27376177060a17476581dbe276e","1","4","236933","https://p.scdn.co/mp3-preview/79d24cbed581bdbb12b224e95cfd473947924739?cid=9950ac751e34487dbbe027c4fd7f8e99","false","0","USCA28600048","spotify:user:bradnumber1","2021-08-08T09:26:31Z","australian rock,permanent wave","0.439","0.422","8","-17.227","1","0.0409","0.0148","0.0000484","0.0697","0.551","81.833","4","","Capitol Records","C (C) 1986 Capitol Records, Inc.. All rights reserved. Unauthorized reproduction is a violation of applicable laws. Manufactured by Capitol Records, Inc., 1750 North Vine Street, Hollywood, CA 90028., P (P) 2005 Capitol Records, Inc.. All rights reserved."
"spotify:track:4C76SOnBa9eQDwOwe11hPz","Walk Like a Man","spotify:artist:6mcrZQmgzFGRWf7C0SObou","Frankie Valli & The Four Seasons","spotify:album:21nYbsqCxRcKE1gOB9f98a","Big Girls Don't Cry and 12 Other Hits","spotify:artist:6mcrZQmgzFGRWf7C0SObou","Frankie Valli & The Four Seasons","1963-02-01","https://i.scdn.co/image/ab67616d0000b27378b61a8ac95e0f48922b6990","1","1","137933","https://p.scdn.co/mp3-preview/040694dde5ccd079f96be6ecc644b26cfc3ad07a?cid=9950ac751e34487dbbe027c4fd7f8e99","false","56","USRH10175200","spotify:user:bradnumber1","2021-08-08T09:26:31Z","adult standards,bubblegum pop,doo-wop,lounge,northern soul,rock-and-roll,rockabilly","0.681","0.64","3","-10.364","1","0.0346","0.605","0","0.0641","0.966","117.884","4","","Rhino","C © 1963 Bob Gaudio & Frankie Valli d/b/a The 4 Seasons Partnership, by arrangement with Rhino Entertainment Company. All Rights Reserved., P ℗ 1963 Bob Gaudio & Frankie Valli d/b/a The 4 Seasons Partnership, by arrangement with Rhino Entertainment Company. All Rights Reserved. Marketed by Rhino Entertainment Company, a Warner Music Group Company."
"spotify:track:15f8Cv8RXUlOOCIf2oaceN","Underneath Your Clothes","spotify:artist:0EmeFodog0BfCgMzAIvKQp","Shakira","spotify:album:4DyMK9x2gnmRkRa16zHaEV","Laundry Service","spotify:artist:0EmeFodog0BfCgMzAIvKQp","Shakira","2001-11-13","https://i.scdn.co/image/ab67616d0000b2731f400a1f4d821b00824cf58f","1","2","224066","https://p.scdn.co/mp3-preview/2d69bcd2dee6fac93590ccb98ad9ce373f9f4ab8?cid=9950ac751e34487dbbe027c4fd7f8e99","false","59","NLB630100361","spotify:user:bradnumber1","2021-08-08T09:26:31Z","colombian pop,dance pop,latin pop,pop","0.616","0.597","8","-5.328","1","0.0415","0.691","0","0.104","0.362","165.508","4","","Epic","P (P) 2001 Sony Music Entertainment (Holland) B.V."
"spotify:track:5CdJveJgiGXoGwDFqF6afp","Freak Me","spotify:artist:3Z71jEhwoPE4xzzUNhKKGD","Silk","spotify:album:1ujRHjYVLKXK7do7CnahUQ","Lose Control","spotify:artist:3Z71jEhwoPE4xzzUNhKKGD","Silk","1992","https://i.scdn.co/image/ab67616d0000b273efd26d83666ecba2ca4fc1c5","1","5","274533","https://p.scdn.co/mp3-preview/803307a12f903566a9ead3652b8edfcf799e13ac?cid=9950ac751e34487dbbe027c4fd7f8e99","false","57","USEE10900542","spotify:user:bradnumber1","2021-08-08T09:26:31Z","","0.697","0.608","4","-10.976","0","0.0463","0.0295","0","0.276","0.725","133.879","4","","Rhino/Elektra","C © 1992 Elektra Entertainment Company., P ℗ 1992 Elektra Entertainment Company. Marketed by Rhino Entertainment Company, a Warner Music Group Company."
"spotify:track:5FmJaSEaRRj4F5yap1N7RH","Judy's Turn To Cry","spotify:artist:08b2PA6eFyugsWAk41eQKZ","Lesley Gore","spotify:album:3RalzESrvhANXmHJ1ge5Sr","I'll Cry If I Want To","spotify:artist:08b2PA6eFyugsWAk41eQKZ","Lesley Gore","1963-06-01","https://i.scdn.co/image/ab67616d0000b273f3d8a8133fb703d56b2753f5","1","7","131000","https://p.scdn.co/mp3-preview/6964586a9460cde094f259483a8ce271133ab627?cid=9950ac751e34487dbbe027c4fd7f8e99","false","0","USPR36309025","spotify:user:bradnumber1","2021-08-08T09:26:31Z","brill building pop,bubblegum pop,classic girl group","0.738","0.563","11","-12.406","0","0.0605","0.577","0","0.0713","0.967","129.089","4","","Universal Music Group","C © 1963 Mercury Records, a Division of UMG Recordings, Inc., P ℗ 1963 Mercury Records, a Division of UMG Recordings, Inc."
"spotify:track:4QCwoRBXJBX7H13StC3zFU","The Old Man Down The Road","spotify:artist:5ujCegv1BRbEPTCwQqFk6t","John Fogerty","spotify:album:34sjmOXwo0n4OcQMIpINlD","Centerfield - 25th Anniversary","spotify:artist:5ujCegv1BRbEPTCwQqFk6t","John Fogerty","1985","https://i.scdn.co/image/ab67616d0000b273db3d54779e6bc5faeaf16472","1","1","213750","https://p.scdn.co/mp3-preview/e9b9eb44d2ae35f8be098a5f9acebaaa45cee258?cid=9950ac751e34487dbbe027c4fd7f8e99","false","0","USDW10110136","spotify:user:bradnumber1","2021-08-08T09:26:31Z","album rock,blues rock,classic rock,country rock,folk rock,heartland rock,mellow gold,singer-songwriter,soft rock,southern rock,swamp rock","0.768","0.809","9","-5.816","1","0.0289","0.0271","0.000633","0.0608","0.737","133.838","4","","Universal Music Group","C © 2010 John Fogerty, P ℗ 2010 John Fogerty, Manufactured by Geffen Records"
"spotify:track:3zKST4nk4QJE77oLjUZ0Ng","Hey Brother","spotify:artist:1vCWHaC5f2uS3yhpwWbIA6","Avicii","spotify:album:02h9kO2oLKnLtycgbElKsw","True","spotify:artist:1vCWHaC5f2uS3yhpwWbIA6","Avicii","2013-01-01","https://i.scdn.co/image/ab67616d0000b273d20bacc84d203cc330a5df75","1","3","255093","https://p.scdn.co/mp3-preview/b0f7ab0efb90d7df8535784a2187034e70d0ab24?cid=9950ac751e34487dbbe027c4fd7f8e99","false","2","CH3131340084","spotify:user:bradnumber1","2021-08-08T09:26:31Z","dance pop,edm,pop,pop dance","0.545","0.78","7","-4.867","0","0.0436","0.0309","0.0000464","0.0828","0.458","125.014","4","","Universal Music Group","C © 2013 Avicii Music AB, under exclusive license to Universal Music AB, P ℗ 2013 Avicii Music AB, under exclusive license to Universal Music AB"
"spotify:track:4iEuVk3bKkZcu8vcv7gR4I","Little Sister","spotify:artist:43ZHCT0cAZBISjO8DG9PnE","Elvis Presley","spotify:album:34EYk8vvJHCUlNrpGxepea","Elvis 75 - Good Rockin' Tonight","spotify:artist:43ZHCT0cAZBISjO8DG9PnE","Elvis Presley","2009-12-28","https://i.scdn.co/image/ab67616d0000b273ce6894c3bddac8c5b6aff298","2","24","151586","https://p.scdn.co/mp3-preview/b0fedcac86ef28f35908cb84d9cf6ef79c45ddd3?cid=9950ac751e34487dbbe027c4fd7f8e99","false","0","USRC16105830","spotify:user:bradnumber1","2021-08-08T09:26:31Z","rock-and-roll,rockabilly","0.6","0.622","9","-11.936","1","0.0751","0.432","0","0.223","0.924","139.501","4","","RCA/Legacy","P (P) 2009 Sony Music Entertainment"
"spotify:track:1p80LdxRV74UKvL8gnD7ky","Blank Space","spotify:artist:06HL4z0CvFAxyc27GXpf02","Taylor Swift","spotify:album:2QJmrSgbdM35R67eoGQo4j","1989","spotify:artist:06HL4z0CvFAxyc27GXpf02","Taylor Swift","2014-10-27","https://i.scdn.co/image/ab67616d0000b2739abdf14e6058bd3903686148","1","2","231826","https://p.scdn.co/mp3-preview/a4930adb3f973bf4b162940844b8ccc46277dc16?cid=9950ac751e34487dbbe027c4fd7f8e99","false","69","USCJY1431309","spotify:user:bradnumber1","2021-08-08T09:26:31Z","pop","0.753","0.678","5","-5.421","1","0.0644","0.085","0.00000164","0.13","0.583","96.006","4","","Big Machine Records, LLC","C © 2014 Apollo A-1 LLC, P ℗ 2014 Apollo A-1 LLC"
"spotify:track:1r299qCKBLgUS9XJ9m1kEx","Moves Like Jagger","spotify:artist:04gDigrS5kc9YWfZHwBETP, spotify:artist:1l7ZsJRRS8wlW3WfJfPfNS","Maroon 5, Christina Aguilera","spotify:album:5NdkVAsSvgUfe3cD8LwSTD","Singles","spotify:artist:04gDigrS5kc9YWfZHwBETP","Maroon 5","2015-09-25","https://i.scdn.co/image/ab67616d0000b273c5e1cecaedcd413599e4e866","1","5","202640","https://p.scdn.co/mp3-preview/44d118a53add8cd2be19d510a601939c208a6be3?cid=9950ac751e34487dbbe027c4fd7f8e99","false","67","USUM71109132","spotify:user:bradnumber1","2021-08-08T09:26:31Z","pop,dance pop,pop","0.72","0.751","11","-4.485","0","0.0461","0.0113","0","0.353","0.599","128.017","4","","Interscope Records*","C © 2015 Interscope Records, P This Compilation ℗ 2015 Interscope Records"
"spotify:track:2PZqXcvQUhKxSvXgimwGrl","Futon Couch","spotify:artist:6aP8ry8w3bSNyfyqhE8rGf","Missy Higgins","spotify:album:1g09BbZFCIQTWUPt3vM4Oa","Futon Couch","spotify:artist:6aP8ry8w3bSNyfyqhE8rGf","Missy Higgins","2018-02-08","https://i.scdn.co/image/ab67616d0000b273884b77f858235affd0bd4ef1","1","1","205160","https://p.scdn.co/mp3-preview/a2a60463e6eafb85ab4db4b525cce3076284b9f9?cid=9950ac751e34487dbbe027c4fd7f8e99","false","28","AUEL01800003","spotify:user:bradnumber1","2021-08-08T09:26:31Z","australian indie,australian pop","0.711","0.525","7","-6.53","1","0.0589","0.207","0","0.314","0.517","93.923","4","","Universal Music Australia Pty. Ltd.","C © 2018 Missy Higgins Productions., under exclusive license to Eleven: A Music Company Pty Ltd Distributed in Australia by Universal Music Australia Pty Ltd under exclusive license, P ℗ 2018 Missy Higgins Productions., under exclusive license to Eleven: A Music Company Pty Ltd"
"spotify:track:3aGSPIajblPEakmYivNbSt","Bang-Shang-a-Lang","spotify:artist:33QmoCkSqADuQEtMCysYLh","The Archies","spotify:album:3tbhENR84ePnmNDUm9ynAF","The Archies","spotify:artist:33QmoCkSqADuQEtMCysYLh","The Archies","1968-02-16","https://i.scdn.co/image/ab67616d0000b2736c32f73552c750162d6622bd","1","12","152502","https://p.scdn.co/mp3-preview/ee25643127ce427460ffbc74a224baef679c6719?cid=9950ac751e34487dbbe027c4fd7f8e99","false","30","QMDA61874607","spotify:user:bradnumber1","2021-08-08T09:26:31Z","bubblegum pop,classic canadian rock,rock-and-roll","0.623","0.403","8","-10.238","1","0.0485","0.00449","0","0.0295","0.883","113.904","4","","Calendar Records","C (C) 1968 © Calendar Records™ a division of 43 North Broadway, LLC. WARNING: All Rights Reserved. Unauthorized duplication is a violation of applicable laws."
"spotify:track:4BWBbJ9MKpnt30SFYEomzJ","Lighters","spotify:artist:77IURH5NC56Jn09QHi76is, spotify:artist:0du5cEVh5yTK9QJze8zA0C","Bad Meets Evil, Bruno Mars","spotify:album:7CWSLPmiMIHXfETjpdOVT6","Hell: The Sequel (Deluxe)","spotify:artist:77IURH5NC56Jn09QHi76is","Bad Meets Evil","2011-01-01","https://i.scdn.co/image/ab67616d0000b273ae15e7cdf7ae858e4f90d9c2","1","7","303813","https://p.scdn.co/mp3-preview/d1fad81dabecaa24e69f8a2a11b74638f9aea82b?cid=9950ac751e34487dbbe027c4fd7f8e99","true","0","USUM71108179","spotify:user:bradnumber1","2021-08-08T09:26:31Z","detroit hip hop,dance pop,pop","0.643","0.663","0","-8.237","1","0.265","0.351","0","0.127","0.181","90.079","4","","Universal Music Group","C © 2011 Shady Records/Interscope Records, P ℗ 2011 Shady Records/Interscope Records"
"spotify:track:2cKJmkbLEg5zcar0QpioUw","Go Crazy","spotify:artist:7bXgB6jMjp9ATFy66eO08Z, spotify:artist:50co4Is1HCEo8bhOyUWKpn","Chris Brown, Young Thug","spotify:album:4ZfPehLCNr9bxpugRRiUyM","Slime & B","spotify:artist:7bXgB6jMjp9ATFy66eO08Z, spotify:artist:50co4Is1HCEo8bhOyUWKpn","Chris Brown, Young Thug","2020-05-05","https://i.scdn.co/image/ab67616d0000b2730788566129e42887b3baeb5f","1","2","176960","https://p.scdn.co/mp3-preview/229d2d550ab273f3c534ac2fdc1dabc4f2ae35b6?cid=9950ac751e34487dbbe027c4fd7f8e99","false","45","USRC12001480","spotify:user:bradnumber1","2021-08-08T09:26:31Z","r&b,rap,atl hip hop,atl trap,gangster rap,hip hop,melodic rap,rap,trap","0.766","0.572","0","-8.902","0","0.17","0.347","0","0.197","0.556","94.063","4","","Chris Brown Entertainment/300 Entertainment/RCA Records","P (P) 2020 Chris Brown Entertainment, LLC, under exclusive license to RCA Records"
"spotify:track:3neyGirQlZcdCdghb19rXw","If I Know You","spotify:artist:1zTAQ6zkGz2L2i6lfR30EX","The Presets","spotify:album:5ramB76eNmvFlL1cJ8mw2s","Apocalypso","spotify:artist:1zTAQ6zkGz2L2i6lfR30EX","The Presets","2009-01-01","https://i.scdn.co/image/ab67616d0000b2733318282bfa1b2c5c7ed36274","1","8","268426","https://p.scdn.co/mp3-preview/0f9f1c9cc2abd8571f80c55b8ce4b18e2d8d73e3?cid=9950ac751e34487dbbe027c4fd7f8e99","false","0","AUUM70800166","spotify:user:bradnumber1","2021-08-08T09:26:31Z","alternative dance,australian dance,australian indie","0.679","0.672","9","-4.742","0","0.0417","0.263","0.0000012","0.0828","0.335","129","4","","Modular","C © 2009 Modular Recordings, P ℗ 2009 Modular Recordings"
"spotify:track:7ElF5zxOwYP4qVSWVvse3W","Break Your Heart","spotify:artist:6MF9fzBmfXghAz953czmBC","Taio Cruz","spotify:album:0eGvq1J5Ke7VlLLOYIlY4k","The Rokstarr Hits Collection","spotify:artist:6MF9fzBmfXghAz953czmBC","Taio Cruz","2010-01-01","https://i.scdn.co/image/ab67616d0000b27366c3eb32692a0ae487079cf1","1","2","201546","https://p.scdn.co/mp3-preview/c6363106816b05ddd83a0467c0e17591ecafcadd?cid=9950ac751e34487dbbe027c4fd7f8e99","false","67","GBUM70908662","spotify:user:bradnumber1","2021-08-08T09:26:31Z","dance pop,pop,pop rap","0.607","0.934","3","-4.217","1","0.0314","0.0328","0","0.0906","0.568","122.003","4","","Universal-Island Records Ltd.","C © 2010 Universal Island Records Ltd. A Universal Music Company., P ℗ 2010 Universal Island Records Ltd. A Universal Music Company."
"spotify:track:5FOAptZGxeMAO0BJSQh2fc","Blended Family (What You Do For Love) (feat. A$AP Rocky)","spotify:artist:3DiDSECUqqY1AuBP8qtaIa, spotify:artist:13ubrt8QOOCPljQ2FL1Kca","Alicia Keys, A$AP Rocky","spotify:album:5M31iLPzYuYxkpSO5tBOMN","HERE","spotify:artist:3DiDSECUqqY1AuBP8qtaIa","Alicia Keys","2016-11-04","https://i.scdn.co/image/ab67616d0000b273c2b8088bf48953a269f7a1fd","1","9","211546","https://p.scdn.co/mp3-preview/d166b6231887ee04e42c33add8044a02d1d29218?cid=9950ac751e34487dbbe027c4fd7f8e99","false","35","USRC11602268","spotify:user:bradnumber1","2021-08-08T09:26:31Z","neo soul,pop,r&b,east coast hip hop,hip hop,rap","0.722","0.52","9","-7.618","1","0.0748","0.065","0.000107","0.069","0.218","96.988","4","","RCA Records Label","P (P) 2016 RCA Records, a divsion of Sony Music Entertainment"
"spotify:track:7990Xs9HQx7FXVIDVPEwj9","Rock And Roll All Nite","spotify:artist:07XSN3sPlIlB2L2XNcTwJw","KISS","spotify:album:2hMjDSywkwY2HxjmWObpoI","Dressed To Kill (Remastered Version)","spotify:artist:07XSN3sPlIlB2L2XNcTwJw","KISS","1975-03-19","https://i.scdn.co/image/ab67616d0000b273f33dfb2da14d313d36ecdaa5","1","10","168733","https://p.scdn.co/mp3-preview/e9bee4e5f3f3073b17b5b691ff82b4c2b0cb98d3?cid=9950ac751e34487dbbe027c4fd7f8e99","false","0","USPR37509157","spotify:user:bradnumber1","2021-08-08T09:26:31Z","glam rock,hard rock,rock","0.656","0.931","1","-5.827","1","0.0976","0.046","0","0.0543","0.909","144.747","4","","Universal Music Group","C © 1997 Kiss Catalog, Ltd., P ℗ 1975 The Island Def Jam Music Group"
"spotify:track:6GDsiYn5LvddnJjkJ2H0p5","I Got You","spotify:artist:0Upmz8QvuLAkKAfRlJYWTL","Split Enz","spotify:album:4PV25yINyoxdyK8GIJNZoh","True Colours","spotify:artist:0Upmz8QvuLAkKAfRlJYWTL","Split Enz","1980","https://i.scdn.co/image/ab67616d0000b27303ca850b7b784c38aaa3a836","1","2","209440","https://p.scdn.co/mp3-preview/9407fe9a4f0bb8f7ad8be48af328f1c2ecfe300c?cid=9950ac751e34487dbbe027c4fd7f8e99","false","51","AUWA00602220","spotify:user:bradnumber1","2021-08-08T09:26:31Z","classic nz pop,kiwi rock,zolo","0.676","0.581","2","-9.289","1","0.0373","0.0687","0.000904","0.152","0.827","126.298","4","","WM Australia","C © 2006 Warner Music Australia Pty Limited, P ℗ 2006 Warner Music Australia"
"spotify:track:11IIIe2IeEKR3IdV4s84Nm","Jungle Love","spotify:artist:6QtGlUje9TIkLrgPZrESuk","Steve Miller Band","spotify:album:5hLazW5a3Ysgy3dncwGgUn","Greatest Hits 1974-78","spotify:artist:6QtGlUje9TIkLrgPZrESuk","Steve Miller Band","1978-01-01","https://i.scdn.co/image/ab67616d0000b273632b907273dba6a6062fb780","1","2","189293","https://p.scdn.co/mp3-preview/f5c0a06d2fcf457e2b3fa1098730efbf26b451ae?cid=9950ac751e34487dbbe027c4fd7f8e99","false","42","USCA28700783","spotify:user:bradnumber1","2021-08-08T09:26:31Z","album rock,classic rock,hard rock,heartland rock,mellow gold,rock,singer-songwriter,soft rock","0.481","0.689","5","-11.629","1","0.214","0.167","0.00153","0.739","0.782","144.851","4","","CAPITOL CATALOG MKT (C92)","C © 1978 Capitol Records, LLC, P ℗ 1978 Capitol Records, LLC"
"spotify:track:1D3ODoXHBLpdxolZRHWV1j","By Your Side","spotify:artist:1HBjj22wzbscIZ9sEb5dyf, spotify:artist:5KKpBU5eC2tJDzf0wmlRp2","Jonas Blue, RAYE","spotify:album:6IJVWErYhvWqG41NnLSGMM","By Your Side","spotify:artist:1HBjj22wzbscIZ9sEb5dyf","Jonas Blue","2016-10-28","https://i.scdn.co/image/ab67616d0000b273bd4b658f3aead04637924c28","1","1","201254","https://p.scdn.co/mp3-preview/e5c014daeff6c5093276ac6fd6140597cf4f0fa0?cid=9950ac751e34487dbbe027c4fd7f8e99","false","0","GBUM71605281","spotify:user:bradnumber1","2021-08-08T09:26:31Z","pop,pop dance,tropical house,uk dance,uk contemporary r&b,uk pop","0.696","0.743","6","-3.838","1","0.0331","0.0778","0","0.0581","0.644","122.978","4","","Universal Music Group","C © 2016 Jonas Blue Music, under exclusive license to Virgin EMI Records, a division of Universal Music Operations Ltd, P ℗ 2016 Jonas Blue Music, under exclusive license to Virgin EMI Records, a division of Universal Music Operations Ltd"
"spotify:track:7r2eD36gY52DRiVECunCmN","Romeo And Juliet","spotify:artist:0WwSkZ7LtFUFjGjMZBMt6T","Dire Straits","spotify:album:0eB4vHv83yYk1pMim2NIar","The Best of Dire Straits & Mark Knopfler - Private Investigations (Limited Edition)","spotify:artist:0FI0kxP0BWurTz8cB8BBug, spotify:artist:0WwSkZ7LtFUFjGjMZBMt6T","Mark Knopfler, Dire Straits","2005-11-07","https://i.scdn.co/image/ab67616d0000b27311cd3607f236dd71b56b1029","1","4","360000","https://p.scdn.co/mp3-preview/3dbadc92542ce3bb1caf0436078ccc175a7a12dc?cid=9950ac751e34487dbbe027c4fd7f8e99","false","0","GBF088000675","spotify:user:bradnumber1","2021-08-08T09:26:31Z","album rock,classic rock,mellow gold,rock","0.605","0.455","5","-10.571","1","0.0284","0.497","0.00533","0.141","0.422","87.469","4","","Mercury Records Limited","C (C) 2005 Mercury Records Limited, P (P) 2005 Mercury Records Limited"
"spotify:track:5ydeCNaWDmFbu4zl0roPAH","Groovejet (If This Ain't Love) [feat. Sophie Ellis-Bextor]","spotify:artist:4bmymFwDu9zLCiTRUmrewb, spotify:artist:2cBh5lVMg222FFuRU7EfDE","Spiller, Sophie Ellis-Bextor","spotify:album:20Q3pGpYiyicF32x5L8ppH","Groovejet (If This Ain't Love) [feat. Sophie Ellis-Bextor]","spotify:artist:4bmymFwDu9zLCiTRUmrewb","Spiller","2000-08-14","https://i.scdn.co/image/ab67616d0000b27342781a91264b1d60b43b754c","1","1","227619","https://p.scdn.co/mp3-preview/4240667eea46663f08d8754bc37bd86c06ba4474?cid=9950ac751e34487dbbe027c4fd7f8e99","false","58","GBCPZ0019728","spotify:user:bradnumber1","2023-07-16T09:39:17Z","disco house,vocal house,dance pop,europop,new wave pop","0.719","0.806","9","-6.802","0","0.0389","0.000132","0.0889","0.361","0.626","123.037","4","","Defected Records","C © 2021 Defected Records Limited, P ℗ 2021 Defected Records Limited"
"spotify:track:4ReVjXSiFM92lmjAncPtZW","Physical","spotify:artist:4BoRxUdrcgbbq1rxJvvhg9","Olivia Newton-John","spotify:album:4LZhAy9UsJ0EiqqeKyrlts","Hopelessly Devoted: The Hits","spotify:artist:4BoRxUdrcgbbq1rxJvvhg9","Olivia Newton-John","2018-06-08","https://i.scdn.co/image/ab67616d0000b273ea73235699dcf414d1e1adae","1","1","220942","https://p.scdn.co/mp3-preview/722620d23644b145a23831a4725fe61fc210edc8?cid=9950ac751e34487dbbe027c4fd7f8e99","false","43","USONJ0200112","spotify:user:bradnumber1","2021-08-08T09:26:31Z","adult standards,australian dance,disco,mellow gold,soft rock","0.831","0.744","4","-8.232","0","0.0403","0.0994","0.000151","0.173","0.885","123.876","4","","Sony Music Entertainment","P (P) 2018 ONJ Productions, Ltd. under exclusive licence to Sony Music Entertainment Australia Pty Ltd"
"spotify:track:5RBPXlIiZVrr8hab7LpRJB","Love Action (I Believe In Love)","spotify:artist:1aX2dmV8XoHYCOQRxjPESG","The Human League","spotify:album:3ls7tE9D2SIvjTmRuEtsQY","Dare!","spotify:artist:1aX2dmV8XoHYCOQRxjPESG","The Human League","1981","https://i.scdn.co/image/ab67616d0000b2735579d8a505c727349a203074","1","9","301826","https://p.scdn.co/mp3-preview/80ddf9b86a77f2a9e9bc62aaf71c40b83baae9d3?cid=9950ac751e34487dbbe027c4fd7f8e99","false","49","GBAAA0200923","spotify:user:bradnumber1","2021-08-08T09:26:31Z","new romantic,new wave,new wave pop,permanent wave,sophisti-pop,synthpop","0.702","0.588","0","-9.739","1","0.0321","0.0805","0.0193","0.184","0.728","121.738","4","","Virgin Records","C © 2003 Virgin Records Limited, P ℗ 2003 Virgin Records Limited"
"spotify:track:3iD2CCv5bsJRIaqJRYD0uJ","Yesterday - Remastered 2009","spotify:artist:3WrFJ7ztbogyGnTHbHJFl2","The Beatles","spotify:album:6126O4XLYAfzU3961ziahP","The Beatles 1962 - 1966 (Remastered)","spotify:artist:3WrFJ7ztbogyGnTHbHJFl2","The Beatles","1973-04-01","https://i.scdn.co/image/ab67616d0000b2735ef4660298ae29ee18799fc2","1","13","125533","https://p.scdn.co/mp3-preview/b944a4331b5bba613ebbc81c063b5de81d649762?cid=9950ac751e34487dbbe027c4fd7f8e99","false","39","GBAYE0601477","spotify:user:bradnumber1","2021-08-08T09:26:31Z","british invasion,classic rock,merseybeat,psychedelic rock,rock","0.399","0.162","5","-12.44","1","0.0292","0.879","0","0.0882","0.343","96.272","4","","EMI Catalogue","C © 2015 Apple Corps Ltd, P This Compilation ℗ 2015 Calderstone Productions Limited (a division of Universal Music Group)"
"spotify:track:3L9Zhb5aHwj4f5A0BwLPTI","Cruel - Remastered","spotify:artist:72BTmmAO3QfETWlFjwjfJ1","Human Nature","spotify:album:1xN9jGFs73atuQ02PrazLf","Here And Now - The Best Of Human Nature","spotify:artist:72BTmmAO3QfETWlFjwjfJ1","Human Nature","2001-10-30","https://i.scdn.co/image/ab67616d0000b273c26c16c6b599a919c482d01d","1","9","317426","https://p.scdn.co/mp3-preview/96cc0b54b616b959ee1f5fca9d3ac61c172f27d3?cid=9950ac751e34487dbbe027c4fd7f8e99","false","8","AUSM00100177","spotify:user:bradnumber1","2021-08-08T09:26:31Z","australian pop,australian rock,boy band","0.527","0.566","2","-4.623","1","0.0272","0.0516","0","0.0711","0.13","145.646","4","","Sony Music Entertainment","P (P) 2001 Sony Music Entertainment Australia Pty Ltd"
"spotify:track:6sEYUXCqNNZUxAxFxXZCjc","Losing You","spotify:artist:4cPHsZM98sKzmV26wlwD2W","Brenda Lee","spotify:album:2osc6a2FfmXGPcsr1ptY7b","Classic Brenda Lee - The Universal Masters Collection","spotify:artist:4cPHsZM98sKzmV26wlwD2W","Brenda Lee","2000-01-01","https://i.scdn.co/image/ab67616d0000b27306a3b68a8db6eedc8d10c3ae","1","11","152706","https://p.scdn.co/mp3-preview/a2074f84461142dba81ae2c3a7cf7ad41921af93?cid=9950ac751e34487dbbe027c4fd7f8e99","false","0","USMC16313199","spotify:user:bradnumber1","2021-08-08T09:26:31Z","adult standards,easy listening,lounge,rockabilly","0.308","0.198","4","-13.791","1","0.031","0.786","0","0.404","0.363","77.777","4","","Geffen","C © 2000 MCA Nashville, P ℗ 2000 MCA Nashville"
"spotify:track:0DnGfA1r8pAssJCuq4ojla","Still Got The Blues","spotify:artist:23wr9RJZg0PmYvVFyNkQ4j","Gary Moore","spotify:album:5yrouz3mmUWSsCufl1tLUJ","Still Got The Blues","spotify:artist:23wr9RJZg0PmYvVFyNkQ4j","Gary Moore","1990-01-01","https://i.scdn.co/image/ab67616d0000b273b586fc87d8bde3ba953f233a","1","4","370866","https://p.scdn.co/mp3-preview/37671e4a4721c71c476c2dc9c25b8ff990848ad7?cid=9950ac751e34487dbbe027c4fd7f8e99","false","63","GBAAA9000090","spotify:user:bradnumber1","2021-08-08T09:26:31Z","blues rock,british blues,electric blues","0.189","0.39","9","-14.497","0","0.0353","0.257","0.000152","0.122","0.32","169.563","3","","Virgin Records","C © 1990 Virgin Records Limited, P ℗ 1990 Virgin Records Limited"
"spotify:track:5A0FYOZ5mFvHzXLoc8SR9B","Call Me","spotify:artist:7bKupnlF7XOfR1En3K8oAL","Go West","spotify:album:3Xobf92h7QUoTyN8eVwLt9","Aces and Kings: The Best Of","spotify:artist:7bKupnlF7XOfR1En3K8oAL","Go West","1993-10-04","https://i.scdn.co/image/ab67616d0000b27338452b87c568dd0642aa89c3","1","4","252973","https://p.scdn.co/mp3-preview/041e0bb1f07d4656377ad5739401710c8eb63e31?cid=9950ac751e34487dbbe027c4fd7f8e99","false","0","GBAYK8500071","spotify:user:bradnumber1","2021-08-08T09:26:31Z","new romantic,new wave,new wave pop","0.559","0.865","8","-8.871","1","0.0365","0.398","0.00000709","0.0388","0.925","162.736","4","","Chrysalis Records","C 2016 Chrysalis Records Limited, P 1993 Chrysalis Records Limited"
"spotify:track:1DOWiYTT3pJD9mRRjx8BO0","Neutron Dance","spotify:artist:2kreKea2n96dXjcyAU9j5N","The Pointer Sisters","spotify:album:3Zd4MI3Ja55JvK4Obzl6lV","Beverly Hills Cop - Music From The Motion Picture Soundtrack","spotify:artist:0LyfQWJT6nXafLPZqxe9Of","Various Artists","1984-01-01","https://i.scdn.co/image/ab67616d0000b273592aac5c14972ae94013746a","1","5","254026","https://p.scdn.co/mp3-preview/ecc90dc9ab3dcba08a429a5a2127ee36fa1f0cb5?cid=9950ac751e34487dbbe027c4fd7f8e99","false","22","USRC18303292","spotify:user:bradnumber1","2021-08-08T09:26:31Z","disco,girl group,hi-nrg,motown,new wave pop,soft rock","0.724","0.684","9","-12.361","1","0.0532","0.0234","0.000599","0.153","0.812","104.318","4","","Geffen","C © 1984 Geffen Records, P This Compilation ℗ 1984 Geffen Records"
"spotify:track:7HKez549fwJQDzx3zLjHKC","Start Me Up - Remastered 2009","spotify:artist:22bE4uQ6baNwSHPVcDxLCe","The Rolling Stones","spotify:album:15XNBzVWARPMlu0sEbfBjJ","Tattoo You (2009 Re-Mastered)","spotify:artist:22bE4uQ6baNwSHPVcDxLCe","The Rolling Stones","1981-08-24","https://i.scdn.co/image/ab67616d0000b27308fc42e575043a753f60d675","1","1","213066","https://p.scdn.co/mp3-preview/6b6f57d8c70b98d05ac1566144506874ef67ee6f?cid=9950ac751e34487dbbe027c4fd7f8e99","false","77","GBUM70909474","spotify:user:bradnumber1","2021-08-08T09:26:31Z","album rock,british invasion,classic rock,rock","0.631","0.932","5","-4.142","1","0.0354","0.0429","0.137","0.0918","0.971","122.431","4","","Polydor Records","C © 2009 Promotone B.V., under exclusive licence to Universal International Music B.V., P ℗ 2009 Promotone B.V., under exclusive licence to Universal International Music B.V."
"spotify:track:3Vo4wInECJQuz9BIBMOu8i","Finesse - Remix; feat. Cardi B","spotify:artist:0du5cEVh5yTK9QJze8zA0C, spotify:artist:4kYSro6naA4h99UJvo89HB","Bruno Mars, Cardi B","spotify:album:3mumK2ar9b4JPhVOZR0V2p","Finesse (Remix) [feat. Cardi B]","spotify:artist:0du5cEVh5yTK9QJze8zA0C, spotify:artist:4kYSro6naA4h99UJvo89HB","Bruno Mars, Cardi B","2017-12-20","https://i.scdn.co/image/ab67616d0000b27347e522adf030a78615cdea06","1","1","217288","https://p.scdn.co/mp3-preview/142595a5594e3ffec7c8a4ccd13bd1cb96fd9769?cid=9950ac751e34487dbbe027c4fd7f8e99","false","73","USAT21705441","spotify:user:bradnumber1","2021-08-08T09:26:31Z","dance pop,pop,pop,rap","0.704","0.859","5","-4.877","0","0.0996","0.0185","0","0.0215","0.926","105.115","4","","Atlantic Records","C © 2018 Atlantic Recording Corporation for the United States and WEA International Inc. for the world outside of the United States. A Warner Music Group Company, P ℗ 2018 Atlantic Recording Corporation for the United States and WEA International Inc. for the world outside of the United States. A Warner Music Group Company"
"spotify:track:6b062GcCjarzvOLKkCEoGB","Beautiful Lies","spotify:artist:2WX2uTcsvV5OnS0inACecP","Birdy","spotify:album:2uNFpEVey5RsxzTdoDmjiz","Beautiful Lies (Deluxe)","spotify:artist:2WX2uTcsvV5OnS0inACecP","Birdy","2016-03-25","https://i.scdn.co/image/ab67616d0000b273ceb1cccb864424fc5c2bc1e7","1","14","170720","https://p.scdn.co/mp3-preview/5ed43b5da01b68e04077f30bf018cadc6c68d412?cid=9950ac751e34487dbbe027c4fd7f8e99","false","25","GBAHS1600032","spotify:user:bradnumber1","2021-08-08T09:26:31Z","neo mellow,uk pop,viral pop","0.51","0.133","4","-12.726","0","0.0638","0.917","0","0.316","0.3","85.218","4","","Atlantic Records UK","C © 2016 Jasmine Van Den Bogaerde under exclusive licence to Atlantic Records UK, a Warner Music Group company, P ℗ 2016 Jasmine Van Den Bogaerde under exclusive licence to Atlantic Records UK, a Warner Music Group company"
"spotify:track:21Ed654mg06PW1w7xYvrXl","Tie a Yellow Ribbon Round the Ole Oak Tree (feat. Tony Orlando)","spotify:artist:1vjeJ712UQutRhn6WJI4sF, spotify:artist:6PNZ6ZfwWLiUA2BrranFl3","Dawn, Tony Orlando","spotify:album:1k7WkNHGPNPnri2tsowvtg","70s 100 Hits","spotify:artist:0LyfQWJT6nXafLPZqxe9Of","Various Artists","2010-03-01","https://i.scdn.co/image/ab67616d0000b273871ab8561721e8967eda8269","1","43","207600","https://p.scdn.co/mp3-preview/7d3172dddd2e5acffabf9656e1da476330577e49?cid=9950ac751e34487dbbe027c4fd7f8e99","false","34","USAR17500007","spotify:user:bradnumber1","2022-09-16T07:01:20Z","","0.558","0.646","5","-11.165","1","0.0497","0.239","0","0.0457","0.643","88.226","4","","Sony Music Entertainment","P (P) 2010 Sony Music Entertainment"
"spotify:track:4RepvCWqsP6zBuzvwYibAS","I Feel It Coming","spotify:artist:1Xyo4u8uXC1ZmMpatF05PJ, spotify:artist:4tZwfgrHOc3mvqYlEYSvVi","The Weeknd, Daft Punk","spotify:album:09fggMHib4YkOtwQNXEBII","Starboy","spotify:artist:1Xyo4u8uXC1ZmMpatF05PJ","The Weeknd","2016-11-25","https://i.scdn.co/image/ab67616d0000b2730c8599cbde51245c128bcea9","1","18","269186","https://p.scdn.co/mp3-preview/e6e4b349ff5605d875fb7aad3846f5fdfe6aa19c?cid=9950ac751e34487dbbe027c4fd7f8e99","false","1","USUG11601012","spotify:user:bradnumber1","2021-08-08T09:26:31Z","canadian contemporary r&b,canadian pop,pop,electro,filter house,rock","0.769","0.813","0","-5.9","0","0.143","0.429","0","0.0952","0.567","92.985","4","","Universal Music Group","C © 2016 The Weeknd XO, Inc., Manufactured and Marketed by Republic Records, a Division of UMG Recordings, Inc., P ℗ 2016 The Weeknd XO, Inc., Manufactured and Marketed by Republic Records, a Division of UMG Recordings, Inc."
"spotify:track:331yCUzz2vctjIEZQjPpRl","Asshole","spotify:artist:1dHjpeh9OKBf1Jfg8dmO1T","Denis Leary","spotify:album:0ZRKCObdKtmr8IZgDO5SSk","No Cure For Cancer","spotify:artist:1dHjpeh9OKBf1Jfg8dmO1T","Denis Leary","1993-01-01","https://i.scdn.co/image/ab67616d0000b2735827e234828dc29991fba81a","1","1","266173","https://p.scdn.co/mp3-preview/9bc41afc042e6165b8f1c641e69483c61c6342e6?cid=9950ac751e34487dbbe027c4fd7f8e99","false","0","USAM19301223","spotify:user:bradnumber1","2021-08-08T09:26:31Z","comedy,comic","0.378","0.664","2","-10.652","1","0.249","0.554","0","0.154","0.649","172.866","3","","A&M","C © 1993 A&M Records, P ℗ 1993 A&M Records"
"spotify:track:5XYb6UnDIUvulbuiAKImNa","Better Than","spotify:artist:6fBF4MULW5yMzyGaon1kUt","John Butler Trio","spotify:album:4J3pXm5ARFn6qiUePyJsqw","Grand National","spotify:artist:6fBF4MULW5yMzyGaon1kUt","John Butler Trio","2007-03-24","https://i.scdn.co/image/ab67616d0000b2730dc4ad96d668d867f7ddc114","1","1","209333","https://p.scdn.co/mp3-preview/351a3c32ff20c5c357bd2e174bb2091c62d8ee6b?cid=9950ac751e34487dbbe027c4fd7f8e99","false","50","USAT20700498","spotify:user:bradnumber1","2021-08-08T09:26:31Z","banjo","0.627","0.801","7","-5.627","1","0.0253","0.0274","0.0000707","0.159","0.772","108.227","4","","Jarrah Records","C 2007 Jarrah Records, P 2007 Jarrah Records"
"spotify:track:2Ltm1hcqVSFt0Nh4dD7Z5R","And We Danced","spotify:artist:7uhvDINTTiD0XBrP9fquN1","The Hooters","spotify:album:7JzIXVgUC8W6dZVhqsmXBr","Nervous Night","spotify:artist:7uhvDINTTiD0XBrP9fquN1","The Hooters","1985-07-01","https://i.scdn.co/image/ab67616d0000b273e8924ee9fcbbdf8d48569944","1","1","228106","https://p.scdn.co/mp3-preview/305e10826bf5cff9ff65e43ce9dea735a61e4ab3?cid=9950ac751e34487dbbe027c4fd7f8e99","false","27","USSM10105640","spotify:user:bradnumber1","2021-08-08T09:26:31Z","philly indie","0.582","0.868","9","-11.566","1","0.0354","0.24","0","0.262","0.767","145.949","4","","Columbia","P (P) 1985 Sony Music Entertainment Inc."
"spotify:track:6P38u9UhJL9OJdeKuIpDvg","The Fixer","spotify:artist:1w5Kfo2jwwIPruYS2UWh56","Pearl Jam","spotify:album:2Z5fT2rNll9sW0PAYy9tWO","The Fixer","spotify:artist:1w5Kfo2jwwIPruYS2UWh56","Pearl Jam","2009-01-01","https://i.scdn.co/image/ab67616d0000b27309071e75928454060345a4d9","1","1","177960","https://p.scdn.co/mp3-preview/0edf08b54b6bcc63f262aa37ff859023a62eda13?cid=9950ac751e34487dbbe027c4fd7f8e99","false","0","USA320900003","spotify:user:bradnumber1","2021-08-08T09:26:31Z","alternative metal,alternative rock,classic rock,grunge,hard rock,permanent wave,rock","0.516","0.937","11","-5.085","0","0.0386","0.0000771","0.00319","0.313","0.909","152.267","3","","Universal Music","C © 2009 Monkeywrench, Inc., Under exclusive license to Universal international music BV, P ℗ 2009 Monkeywrench, Inc., Under exclusive license to Universal international music BV"
"spotify:track:2b9czDPSLTI88694CIqCy3","Sound of Silence","spotify:artist:2wSrZOe6YVo6XoKma22sdY","Dami Im","spotify:album:4v6nXxsfpkBpUA9PEAh7nj","Sound of Silence","spotify:artist:2wSrZOe6YVo6XoKma22sdY","Dami Im","2016-03-11","https://i.scdn.co/image/ab67616d0000b273b1565b4199851b396523f603","1","1","195479","https://p.scdn.co/mp3-preview/aa03bf8cc5b3f49d54de16e33c35e8de05cd57b6?cid=9950ac751e34487dbbe027c4fd7f8e99","false","43","AUBM01600056","spotify:user:bradnumber1","2021-08-08T09:26:31Z","australian pop,australian talent show,talent show","0.523","0.818","4","-4.062","0","0.071","0.344","0","0.098","0.32","135.56","4","","Sony Music Entertainment","P (P) 2015 Sony Music Entertainment Australia Pty Ltd."
"spotify:track:77TT8Xvx637TpzV8kKGkUw","Titanium (feat. Sia)","spotify:artist:1Cs0zKBU1kc0i8ypK3B9ai, spotify:artist:5WUlDfRSoLAfcVSX1WnrxN","David Guetta, Sia","spotify:album:08DAekBeqPRCsn3XHDwj6b","Nothing but the Beat","spotify:artist:1Cs0zKBU1kc0i8ypK3B9ai","David Guetta","2011-08-31","https://i.scdn.co/image/ab67616d0000b273b234aeff6eedc8276fe0333a","1","13","245040","https://p.scdn.co/mp3-preview/6c3e9bbcebdbfa7875c6a56c2bb4da2a870c250b?cid=9950ac751e34487dbbe027c4fd7f8e99","false","55","GB28K1100036","spotify:user:bradnumber1","2021-08-08T09:26:31Z","big room,dance pop,edm,pop,pop dance,pop","0.604","0.788","0","-3.673","0","0.103","0.0678","0.153","0.127","0.301","126.06","4","","Parlophone (France)","C © 2011 What A Music Ltd, Licence exclusive Parlophone Music France, P ℗ 2011 What A Music Ltd, Licence exclusive Parlophone Music France"
"spotify:track:2xEyclHzLJU0CwKiQ4DwJ4","VALENTINO - Imanbek Remix","spotify:artist:6fWVd57NKTalqvmjRd2t8Z, spotify:artist:5rGrDvrLOV2VV8SCFVGWlj","24kGoldn, Imanbek","spotify:album:7LeJArzmSx9V4ax6C0o2rF","VALENTINO (Imanbek Remix)","spotify:artist:6fWVd57NKTalqvmjRd2t8Z, spotify:artist:5rGrDvrLOV2VV8SCFVGWlj","24kGoldn, Imanbek","2020-06-10","https://i.scdn.co/image/ab67616d0000b273a7c7ebd9439bd2a801ce87bb","1","1","177975","https://p.scdn.co/mp3-preview/d783daab0957d84238b0b7e76073e7a3b827bf86?cid=9950ac751e34487dbbe027c4fd7f8e99","false","28","USQX92002467","spotify:user:bradnumber1","2021-08-08T09:26:31Z","cali rap,pop rap,electro house,pop dance,slap house","0.785","0.825","4","-4.78","1","0.037","0.0133","0","0.393","0.966","124.061","4","","Records/Columbia","P (P) 2020 Records Label, LLC / Columbia for US, under exclusive license to Effective Records/B1 Recordings for rest of world"
"spotify:track:6WrI0LAC5M1Rw2MnX2ZvEg","Don't Start Now","spotify:artist:6M2wZ9GZgrQXHCFfjv46we","Dua Lipa","spotify:album:0ix3XtPV1LwmZADsprKxcp","Don't Start Now","spotify:artist:6M2wZ9GZgrQXHCFfjv46we","Dua Lipa","2019-10-31","https://i.scdn.co/image/ab67616d0000b273c35ea649223a519a9ad51ccf","1","1","183290","https://p.scdn.co/mp3-preview/87258da8a9eb8d0a0d53071e06612955e6d3b28f?cid=9950ac751e34487dbbe027c4fd7f8e99","false","71","GBAHT1901121","spotify:user:bradnumber1","2021-08-08T09:26:31Z","dance pop,pop,uk pop","0.794","0.793","11","-4.521","0","0.0842","0.0125","0","0.0952","0.677","123.941","4","","Warner Records","C © 2019 Dua Lipa Limited under exclusive license to Warner Records UK, a division of Warner Music UK Limited, P ℗ 2019 Dua Lipa Limited under exclusive license to Warner Records UK, a division of Warner Music UK Limited"
"spotify:track:1Va4OMy6jEFNy5oFtmbNoa","Duke of Earl","spotify:artist:52uMkSFt2RVO6XxTEt5VeW","Gene Chandler","spotify:album:6reyriDMRqFX045ti8Ie6r","Classic and Collectable: Gene Chandler - Duke of Earl","spotify:artist:52uMkSFt2RVO6XxTEt5VeW","Gene Chandler","2015-04-25","https://i.scdn.co/image/ab67616d0000b2736fa1433f3c19371c4d03bf4c","1","1","147800","https://p.scdn.co/mp3-preview/1598a0ed90699d51d2fdf86338fd8b8c2ed9a246?cid=9950ac751e34487dbbe027c4fd7f8e99","false","29","QM4TX1564958","spotify:user:bradnumber1","2021-08-08T09:26:31Z","chicago soul,classic soul,northern soul,rhythm and blues,southern soul","0.565","0.334","5","-8.919","1","0.03","0.83","0","0.259","0.453","105.338","4","","Fidelity Masters","C (C) 2015 Fidelity Masters, P (P) 2015 Famous Flames Recording Company Limited"
"spotify:track:1lvpicn5ni5RLhJrPVunGm","I Don't Want To Be With Nobody But You (feat. Wendy Matthews)","spotify:artist:4TTQ0hJMOvs7I1zS9x4liI, spotify:artist:67PiUcvCvLFNUNBiKagzQm","Absent Friends, Wendy Matthews","spotify:album:4oMFuJ32wCKgSJNCExwXlP","Here's Looking Up Your Address","spotify:artist:4TTQ0hJMOvs7I1zS9x4liI","Absent Friends","1990-12-19","https://i.scdn.co/image/ab67616d0000b273c5d2b58c5b9b305fc665996c","1","6","286693","https://p.scdn.co/mp3-preview/8d948bd57705889ae8501ae3219a690dd6b22dcc?cid=9950ac751e34487dbbe027c4fd7f8e99","false","33","AUBM08923206","spotify:user:bradnumber1","2021-08-08T09:26:31Z","australian rock","0.539","0.502","4","-10.115","1","0.0316","0.0367","0","0.103","0.466","80.639","4","","rooArt","P (P) 1990 Sony Music Entertainment Australia Pty Ltd"
"spotify:track:12VzulX6U34ea0LXm6zGGf","Predictable","spotify:artist:2g6fa86fL6oLcoDqanBbuR","Delta Goodrem","spotify:album:26h1O5W89WLiEzxTztbGfu","Innocent Eyes","spotify:artist:2g6fa86fL6oLcoDqanBbuR","Delta Goodrem","2003-03-21","https://i.scdn.co/image/ab67616d0000b273da57f76f2fc20c1ed0bede9b","1","6","218933","https://p.scdn.co/mp3-preview/6b4830463bc5f168dc7c8e74601250208fd9aa57?cid=9950ac751e34487dbbe027c4fd7f8e99","false","33","AUSM00300028","spotify:user:bradnumber1","2021-08-08T09:26:31Z","australian pop","0.74","0.605","4","-5.987","0","0.0276","0.463","0","0.116","0.641","105.079","4","","Epic","P (P) 2002/2003 Sony Music Entertainment (Australia) Limited"
"spotify:track:4Ow5x7P5NAAR1jPoskudoA","OMG","spotify:artist:23zg3TcAtWQy7J6upgbUnj, spotify:artist:085pc2PYOi8bGKj0PNjekA","USHER, will.i.am","spotify:album:6VcmQHzfMZHopdJIDGDXi9","Raymond v Raymond","spotify:artist:23zg3TcAtWQy7J6upgbUnj","USHER","2010-03-29","https://i.scdn.co/image/ab67616d0000b273b9d589dcd719093d397ff728","1","6","269493","https://p.scdn.co/mp3-preview/774414157422bb8786dcdcafa86c74b2f65e630d?cid=9950ac751e34487dbbe027c4fd7f8e99","false","0","USLF20900103","spotify:user:bradnumber1","2021-08-08T09:26:31Z","atl hip hop,contemporary r&b,dance pop,pop,r&b,rap,south carolina hip hop,urban contemporary,dance pop,pop","0.781","0.745","4","-5.81","0","0.0332","0.198","0.0000114","0.36","0.326","129.998","4","","LaFace Records","P (P) 2010 LaFace Records, a unit of Sony Music Entertainment"
"spotify:track:2hdNya0b6Cc2YJ8IyaQIWp","Livin' Thing","spotify:artist:7jefIIksOi1EazgRTfW2Pk","Electric Light Orchestra","spotify:album:7a35UzxXYuKQGMGImyB0Un","A New World Record","spotify:artist:7jefIIksOi1EazgRTfW2Pk","Electric Light Orchestra","1976-09-01","https://i.scdn.co/image/ab67616d0000b273ee5b1065368b0981e3cb0a33","1","6","212306","https://p.scdn.co/mp3-preview/c64deb9aeb099b25204e70db5ea0f4f7657e8811?cid=9950ac751e34487dbbe027c4fd7f8e99","false","68","USSM17800853","spotify:user:bradnumber1","2021-08-08T09:26:31Z","album rock,art rock,beatlesque,classic rock,glam rock,mellow gold,rock,soft rock,symphonic rock","0.549","0.651","0","-7.097","1","0.0323","0.583","0","0.121","0.368","122.818","4","","Epic/Legacy","P (P) 1976 Epic Records, a division of Sony Music Entertainment"
"spotify:track:0dnZHqjtKEdxoOm1MjDUHK","Dirty Creature","spotify:artist:0Upmz8QvuLAkKAfRlJYWTL","Split Enz","spotify:album:0VzEBmxy3fwUztnKnwyGvk","Time And Tide","spotify:artist:0Upmz8QvuLAkKAfRlJYWTL","Split Enz","1982","https://i.scdn.co/image/ab67616d0000b27376f83b42683606166059828c","1","1","242173","https://p.scdn.co/mp3-preview/39bf3d55e1a64927bded2d8b5b65e90434eb55a4?cid=9950ac751e34487dbbe027c4fd7f8e99","false","34","AUWA00601460","spotify:user:bradnumber1","2021-08-08T09:26:31Z","classic nz pop,kiwi rock,zolo","0.608","0.851","4","-5.743","0","0.0465","0.0961","0.00201","0.326","0.892","108.192","4","","WM Australia","C © 2006 Warner Music Australia Pty Limited, P ℗ 2006 Warner Music Australia"
"spotify:track:7KokYm8cMIXCsGVmUvKtqf","Karma","spotify:artist:06HL4z0CvFAxyc27GXpf02","Taylor Swift","spotify:album:151w1FgRZfnKZA9FEcg9Z3","Midnights","spotify:artist:06HL4z0CvFAxyc27GXpf02","Taylor Swift","2022-10-21","https://i.scdn.co/image/ab67616d0000b273bb54dde68cd23e2a268ae0f5","1","11","204852","https://p.scdn.co/mp3-preview/31e410e6e408754b4f1fb190c72f559b8f636831?cid=9950ac751e34487dbbe027c4fd7f8e99","true","77","USUG12205717","spotify:user:bradnumber1","2023-07-28T04:35:42Z","pop","0.64","0.619","8","-7.108","1","0.065","0.062","0","0.475","0.121","90.008","4","","Taylor Swift","C © 2022 Taylor Swift, P ℗ 2022 Taylor Swift"
"spotify:track:5Vrczz39CvlD3OGCa6utoA","Grease - 2007 Remaster","spotify:artist:3CDKmzJu6uwEGnPLLZffpD","Frankie Valli","spotify:album:0o2oPAxKGui4tvrrNgDtkc","Frankie Valli...Is The Word","spotify:artist:3CDKmzJu6uwEGnPLLZffpD","Frankie Valli","1978","https://i.scdn.co/image/ab67616d0000b273a10a214d4d4935347e8079b4","1","1","207306","https://p.scdn.co/mp3-preview/da975747812078628a690188c6531723a7a6058a?cid=9950ac751e34487dbbe027c4fd7f8e99","false","65","USRH10720957","spotify:user:bradnumber1","2021-08-08T09:26:31Z","adult standards,bubblegum pop,lounge","0.82","0.464","11","-8.45","1","0.0481","0.156","0","0.101","0.872","109.374","4","","Rhino","C © 1978 Bob Gaudio & Frankie Valli d/b/a The 4 Seasons Partnership by arrangement with Rhino Entertainment Company, a Warner Music Group Company., P ℗ 1978 Bob Gaudio & Frankie Valli d/b/a The 4 Seasons Partnership by arrangement with Rhino Entertainment Company, a Warner Music Group Company."
"spotify:track:7efTNoBgYZ3IsB8wpP1f7R","Spectrum","spotify:artist:1moxjboGR7GNWYIMWsRjgG","Florence + The Machine","spotify:album:19J2iqK89BCrNG4El2FRi5","Ceremonials (Original Deluxe Version)","spotify:artist:1moxjboGR7GNWYIMWsRjgG","Florence + The Machine","2011-01-01","https://i.scdn.co/image/ab67616d0000b2736a8c1075f751a78e0b7799c7","1","10","311533","https://p.scdn.co/mp3-preview/e827381c0ff2a4288e301638d218ca349b8fc013?cid=9950ac751e34487dbbe027c4fd7f8e99","false","56","GBUM71107576","spotify:user:bradnumber1","2021-08-08T09:26:31Z","baroque pop,modern rock,neo mellow,uk alternative pop","0.57","0.879","11","-5.571","0","0.0511","0.0685","0.000522","0.101","0.119","123.079","4","","Universal-Island Records Ltd.","C © 2011 Universal Island Records, a division of Universal Music Operations Limited, P ℗ 2011 Universal Island Records, a division of Universal Music Operations Limited"
"spotify:track:0kN8xEmgMW9mh7UmDYHlJP","Versace on the Floor","spotify:artist:0du5cEVh5yTK9QJze8zA0C","Bruno Mars","spotify:album:4PgleR09JVnm3zY1fW3XBA","24K Magic","spotify:artist:0du5cEVh5yTK9QJze8zA0C","Bruno Mars","2016-11-17","https://i.scdn.co/image/ab67616d0000b273232711f7d66a1e19e89e28c5","1","5","261240","https://p.scdn.co/mp3-preview/6984bfcc42ba35e566625853e20d6fccf7b8348e?cid=9950ac751e34487dbbe027c4fd7f8e99","false","79","USAT21602949","spotify:user:bradnumber1","2021-08-08T09:26:31Z","dance pop,pop","0.578","0.574","2","-6.209","1","0.0454","0.196","0","0.083","0.301","174.152","4","","Atlantic Records","C © 2016 Atlantic Recording Corporation for the United States and WEA International Inc. for the world outside of the United States. A Warner Music Group Company, P ℗ 2016 Atlantic Recording Corporation for the United States and WEA International Inc. for the world outside of the United States. A Warner Music Group Company"
"spotify:track:2CtaTmkRB7csW9XAZbWHDq","If I Never See Your Face Again","spotify:artist:04gDigrS5kc9YWfZHwBETP, spotify:artist:5pKCCKE2ajJHZ9KAiaK11H","Maroon 5, Rihanna","spotify:album:3JSWZWeTHF4HDGt5Eozdy7","Good Girl Gone Bad: Reloaded","spotify:artist:5pKCCKE2ajJHZ9KAiaK11H","Rihanna","2008-06-02","https://i.scdn.co/image/ab67616d0000b273f9f27162ab1ed45b8d7a7e98","1","15","198240","https://p.scdn.co/mp3-preview/dde9d5ba8903f5ca4a54d5e864d875dc6ecbbe44?cid=9950ac751e34487dbbe027c4fd7f8e99","false","48","USUM70813040","spotify:user:bradnumber1","2021-08-08T09:26:31Z","pop,barbadian pop,pop,urban contemporary","0.763","0.78","6","-3.718","1","0.0357","0.00469","0.00000481","0.116","0.913","106.015","4","","Def Jam Recordings","C © 2008 The Island Def Jam Music Group, P ℗ 2008 The Island Def Jam Music Group"
"spotify:track:0W1uTK6I97CbjFKAVtRGfK","Too Much Love Will Kill You - Remastered 2011","spotify:artist:1dfeR4HaWDbWqFHLkxsg1d","Queen","spotify:album:391ScNR3xKywWSpfDwP3n0","Made In Heaven - 2011 Remaster","spotify:artist:1dfeR4HaWDbWqFHLkxsg1d","Queen","1995-11-06","https://i.scdn.co/image/ab67616d0000b2735f8c271d01157fdb59478f14","1","8","259213","https://p.scdn.co/mp3-preview/f6f29771aa65078ca909e69f8b7f2a139a525a00?cid=9950ac751e34487dbbe027c4fd7f8e99","false","60","GBUM71103755","spotify:user:bradnumber1","2021-08-08T09:26:31Z","classic rock,glam rock,rock","0.385","0.395","7","-7.602","1","0.0313","0.58","0.0000631","0.159","0.21","72.933","4","","EMI","C © 2011 Queen Productions Ltd. under exclusive licence to Universal International Music BV, P ℗ 2011 Queen Productions Ltd. under exclusive licence to Universal International Music BV"
"spotify:track:1QKLA8sbvHG4vr62HZ9OxC","When I Was Young","spotify:artist:70tMW5bZT3TJUa1CWtfVkq","Eric Burdon & the Animals","spotify:album:1cgByxzwepKYpKOx0BEOJ5","Songs of The Animals featuring Eric Burdon","spotify:artist:70tMW5bZT3TJUa1CWtfVkq","Eric Burdon & the Animals","2005-12-02","https://i.scdn.co/image/ab67616d0000b273e9f5ddbe5b4f22b676598d29","1","10","183760","https://p.scdn.co/mp3-preview/7d7a97a6036c545221c578d4cbe5e62346a89f39?cid=9950ac751e34487dbbe027c4fd7f8e99","false","13","DEA370504299","spotify:user:bradnumber1","2021-08-08T09:26:31Z","british invasion,classic rock,folk rock","0.651","0.72","5","-9.453","0","0.033","0.219","0.000114","0.151","0.522","128.079","4","","Baierle Records","C 2005 Baierle Records, P 2005 Baierle Records"
"spotify:track:6MceyyDH3TSSTS7dcQMlz9","Dizzy","spotify:artist:7t4XHvWfj0XtEB8SNFeALw","Tommy Roe","spotify:album:3WT6Pmpij6wE5mQX3oVdD6","Tommy Roe","spotify:artist:7t4XHvWfj0XtEB8SNFeALw","Tommy Roe","1977-01-01","https://i.scdn.co/image/ab67616d0000b27321d1b13d67bf7e8f942f1fed","1","3","170401","https://p.scdn.co/mp3-preview/0e100088aa4c3d505dff6d61d5c044f674c6d0ae?cid=9950ac751e34487dbbe027c4fd7f8e99","false","4","AUJYA1203188","spotify:user:bradnumber1","2021-08-08T09:26:31Z","bubblegum pop,classic garage rock,merseybeat,rock-and-roll","0.794","0.434","5","-10.112","1","0.0397","0.00763","0.24","0.127","0.67","101.703","4","","San Juan Music","C 2013 San Juan Music, P 1977 ABKCO Music Inc / Mother Bertha Music Inc / Trio Music Co Inc / Universal Songs Of Polygram International Inc"
"spotify:track:7p9dd71JR2ucoAuO1Sy0VZ","When You're Gone","spotify:artist:3Z02hBLubJxuFJfhacLSDc, spotify:artist:60vX3zLcdKRXvKLITVh5Df","Bryan Adams, Melanie C","spotify:album:1xF1nKu3UL84l7CofB4QBV","On A Day Like Today","spotify:artist:3Z02hBLubJxuFJfhacLSDc","Bryan Adams","1998-01-01","https://i.scdn.co/image/ab67616d0000b2735e9ba297f543a91ae5209ce8","1","8","204893","https://p.scdn.co/mp3-preview/712f2e3a3ec57f60feb8840a21595f394d70ff40?cid=9950ac751e34487dbbe027c4fd7f8e99","false","66","USAM19800328","spotify:user:bradnumber1","2021-08-08T09:26:31Z","canadian pop,canadian singer-songwriter,classic canadian rock,heartland rock,mellow gold,soft rock,dance pop,europop,talent show","0.546","0.931","0","-6.344","1","0.0341","0.000299","0.0000292","0.11","0.643","125.495","4","","A&M","C © 1998 Badman Ltd., P ℗ 1998 UMG Recordings, Inc."
"spotify:track:6jWkZvd1URGktyTTwcpPpB","My Girl","spotify:artist:3RwQ26hR2tJtA8F9p2n7jG","The Temptations","spotify:album:7C4vMPQR8KcbZv4e2ZI0lc","The Temptations Sing Smokey","spotify:artist:3RwQ26hR2tJtA8F9p2n7jG","The Temptations","1965-01-01","https://i.scdn.co/image/ab67616d0000b27329b5c592db812fb819f605a3","1","3","165000","https://p.scdn.co/mp3-preview/a38a2f0fc30ffe90ecae49b9789517338c5ea193?cid=9950ac751e34487dbbe027c4fd7f8e99","false","0","USMO16400263","spotify:user:bradnumber1","2021-08-08T09:26:31Z","classic soul,disco,memphis soul,motown,soul","0.579","0.419","0","-10.72","1","0.0346","0.625","0","0.0981","0.673","104.564","4","","Uni/Motown","C © 1965 Motown Records, a Division of UMG Recordings, Inc., P ℗ 1998 Motown Records, a Division of UMG Recordings, Inc."
"spotify:track:1DhWqmdt5dYKQqjngEAGKU","Eye Level (Original Theme from ""Van Der Valk"")","spotify:artist:3U1Gu3BvvE6jGyCH5XrAug, spotify:artist:2CIYXJTMc2WH7XVlqZ5IrC","The Simon Park Orchestra, De Wolfe Music","spotify:album:65qhrQ2itQXOdI7o4JUh55","Eye Level","spotify:artist:3U1Gu3BvvE6jGyCH5XrAug","The Simon Park Orchestra","1973-03-01","https://i.scdn.co/image/ab67616d0000b2737fc9beea2b8470b26cbd147e","1","1","140948","https://p.scdn.co/mp3-preview/d064262e2369f05f5118994f02e3b21907fbb3be?cid=9950ac751e34487dbbe027c4fd7f8e99","false","0","UKATG1501083","spotify:user:bradnumber1","2021-08-08T09:26:31Z","library music","0.576","0.262","3","-12.591","1","0.0345","0.819","0.26","0.103","0.408","116.48","4","","De Wolfe Ltd","C 1973 De Wolfe Ltd, P 1973 De Wolfe Ltd"
"spotify:track:6oamuJZeT7F13iLwACdQ4X","Misty - 1975 #3Country; #14Pop Billboard chart hit","spotify:artist:7MpUvihmfilIxyN20kXwQj","Ray Stevens","spotify:album:5jkht8yh5lhm0LYOtEHJun","Misty","spotify:artist:7MpUvihmfilIxyN20kXwQj","Ray Stevens","1975","https://i.scdn.co/image/ab67616d0000b273eac6cc1db593e6e037ee927f","1","1","175933","https://p.scdn.co/mp3-preview/5bdbb65bc326e355909a10b710af1fdd93a45379?cid=9950ac751e34487dbbe027c4fd7f8e99","false","0","USZZM0710262","spotify:user:bradnumber1","2021-08-08T09:26:31Z","classic country pop,novelty","0.591","0.551","2","-13.72","1","0.0286","0.187","0.000652","0.0749","0.877","100.326","4","","Barnaby Records","C (C) 1975 Barnaby Records, Inc., P (P) 1975 Barnaby Records, Inc."
"spotify:track:3JDrBrCEq9a1x6P7eXzeB6","Sunshine on a Rainy Day","spotify:artist:0VyhYyWWF5yYomHQR4hCMl","Christine Anu","spotify:album:7HNUG2wb8PPVdjyud73lvw","Come My Way","spotify:artist:0VyhYyWWF5yYomHQR4hCMl","Christine Anu","2000","https://i.scdn.co/image/ab67616d0000b2731630bce1df0887cce53997ba","1","3","226626","https://p.scdn.co/mp3-preview/ae5bdba97d27bf8668e49f9760ac3eef212bbacb?cid=9950ac751e34487dbbe027c4fd7f8e99","false","40","AUMU00000423","spotify:user:bradnumber1","2021-08-08T09:26:31Z","australian indigenous music,australian pop,australian rock","0.618","0.674","7","-8.823","1","0.0328","0.0548","0.0000311","0.151","0.52","96.994","4","","WM Australia","C © 2000 Mushroom Records, P ℗ 2000 Mushroom Records"
"spotify:track:5KVll4Si4pL02nmrUvAHrc","Voodoo Child","spotify:artist:3YUrEElXpqiPSbffh9XXZd","Rogue Traders","spotify:album:5o8IrQOjfnuWNpQtzvZEOP","The Sound Of Drums","spotify:artist:3YUrEElXpqiPSbffh9XXZd","Rogue Traders","2003","https://i.scdn.co/image/ab67616d0000b273ebec5ce374c862d77327d614","1","1","237720","https://p.scdn.co/mp3-preview/25fecedc647cdf2c431f759fb1fd563db334d121?cid=9950ac751e34487dbbe027c4fd7f8e99","false","48","AUBM00599402","spotify:user:bradnumber1","2021-08-08T09:26:31Z","australian dance,australian pop,australian rock,dance rock","0.652","0.959","4","-5.047","1","0.0375","0.00172","0.000325","0.115","0.803","132.453","4","","Sony Music Entertainment","P (P) 2011 Sony Music Entertainment Australia Pty Ltd. except tracks 2 & 9 (P) 2010 & (P) 2009, and tracks/(P) 2011 Sony Music Entertainment Australia Pty Ltd. except tracks 2 & 9 (P) 2010 & (P) 2009, and tracks 10, 13 & 14 (P) 2003 Vicious Recordings Pty Ltd Australia"
"spotify:track:43tXphvUlXym54Z0cg1rjd","Don't Let The Rain Come Down (Crooked Little Man)","spotify:artist:60mbIWU4hFqNwuTFE1jPku","The Serendipity Singers","spotify:album:5R21xIroitblcsnPKDbial","Don't Let The Rain Come Down: The Best Of The Serendipity Singers","spotify:artist:60mbIWU4hFqNwuTFE1jPku","The Serendipity Singers","1998-03-17","https://i.scdn.co/image/ab67616d0000b2730e883b742a2d1b3a1fe673c9","1","1","166360","https://p.scdn.co/mp3-preview/d26dbc0e98f5932daeede532a0284efbb5b924c9?cid=9950ac751e34487dbbe027c4fd7f8e99","false","27","USPR36407335","spotify:user:bradnumber1","2023-01-05T11:48:36Z","american folk revival","0.785","0.34","2","-15.593","1","0.192","0.752","0","0.107","0.652","129.007","4","","Mercury Records","C © 1998 The Island Def Jam Music Group, P This Compilation ℗ 2014 The Island Def Jam Music Group"
"spotify:track:07j5RLJHwsm4cUb3GGoW3w","9 to 5","spotify:artist:32vWCbZh0xZ4o9gkz4PsEU","Dolly Parton","spotify:album:2AxzB3w4ri21tjE7Xr9H1l","Dolly","spotify:artist:32vWCbZh0xZ4o9gkz4PsEU","Dolly Parton","2009-10-30","https://i.scdn.co/image/ab67616d0000b27303a7a35b83130bea20a62746","4","2","165653","https://p.scdn.co/mp3-preview/6384764199bf3d44f69085d62e10a076855ac8c8?cid=9950ac751e34487dbbe027c4fd7f8e99","false","0","USRN19600170","spotify:user:bradnumber1","2021-08-08T09:26:31Z","classic country pop,country,country dawn","0.557","0.615","6","-10.638","1","0.0418","0.5","0","0.487","0.82","104.475","4","","RLG/Legacy","P This Compilation (P) 2009 Sony Music Entertainment"
"spotify:track:29Ns3avs48iQhNQgrHMEkm","See You Again, Love Me Like You Do, Sugar - Acoustic Mashup","spotify:artist:09kCHZp9iFO2FJNb9lR6G5","Megan Davies","spotify:album:598yk60jws90rsCDHU4lkl","See You Again, Love Me Like You Do, Sugar (Acoustic Mashup)","spotify:artist:09kCHZp9iFO2FJNb9lR6G5","Megan Davies","2015-05-15","https://i.scdn.co/image/ab67616d0000b27376e05ea670eb1fd573f2b84a","1","1","231965","https://p.scdn.co/mp3-preview/460e65af52548552faf8d96ce4f13952bd4366b3?cid=9950ac751e34487dbbe027c4fd7f8e99","false","49","QM4DW1505881","spotify:user:bradnumber1","2021-08-08T09:26:31Z","acoustic cover,viral pop","0.393","0.207","10","-11.865","1","0.0392","0.877","0","0.104","0.262","163.99","4","","560877 Records DK","C 2015 560877 Records DK, P 2015 560877 Records DK"
"spotify:track:0Pbz3hrYfXNJsPKdHXhh0r","How Am I Supposed to Live without You","spotify:artist:4463nfFMmK1cwAWBQDwT5e","Laura Branigan","spotify:album:2bfvV9aRLN1BseXz4FbVnW","The Best of Branigan","spotify:artist:4463nfFMmK1cwAWBQDwT5e","Laura Branigan","1995-06-06","https://i.scdn.co/image/ab67616d0000b273f0f7c1d151ae7ad826643e2f","1","8","263320","https://p.scdn.co/mp3-preview/d8de4eddd199aaec117cfca5b3f5b1c53943cb91?cid=9950ac751e34487dbbe027c4fd7f8e99","false","28","USAT28300017","spotify:user:bradnumber1","2021-08-08T09:26:31Z","new romantic,new wave pop,soft rock,synthpop","0.546","0.469","10","-8.26","1","0.035","0.813","0.0000833","0.134","0.185","139.334","4","","Atlantic Records","C © 1995 Atlantic Record Corporation for the United States and WEA International Inc. for the world outside of the United States, P ℗ 1995 Atlantic Recording Corporation for the United States and WEA International Inc. for the world outside of the United States."
"spotify:track:5ZBeML7Lf3FMEVviTyvi8l","Twist And Shout - Remastered 2009","spotify:artist:3WrFJ7ztbogyGnTHbHJFl2","The Beatles","spotify:album:3KzAvEXcqJKBF97HrXwlgf","Please Please Me (Remastered)","spotify:artist:3WrFJ7ztbogyGnTHbHJFl2","The Beatles","1963-03-22","https://i.scdn.co/image/ab67616d0000b273dbeec63ad914c973e75c24df","1","14","155226","https://p.scdn.co/mp3-preview/9a1f08b072f0254df1968fafcaed7c8d60fa90f5?cid=9950ac751e34487dbbe027c4fd7f8e99","false","77","GBAYE0601423","spotify:user:bradnumber1","2021-08-08T09:26:31Z","british invasion,classic rock,merseybeat,psychedelic rock,rock","0.482","0.849","2","-9.198","1","0.0452","0.641","0.00000774","0.0414","0.937","124.631","4","","EMI Catalogue","C © 2015 Apple Corps Ltd, P ℗ 2015 Calderstone Productions Limited (a division of Universal Music Group)"
"spotify:track:2ORrgw8M0ZbrFlm5cpaKCv","True Colors","spotify:artist:6xfqnpe2HnLVUaYXs2F8YS, spotify:artist:31TPClRtHm23RisEBtV3X7","Anna Kendrick, Justin Timberlake","spotify:album:7M83W7iXqtZ2qjYCOXvgWj","True Colors","spotify:artist:6xfqnpe2HnLVUaYXs2F8YS, spotify:artist:31TPClRtHm23RisEBtV3X7","Anna Kendrick, Justin Timberlake","2016-09-16","https://i.scdn.co/image/ab67616d0000b2738f00f06afe95022f6266ba65","1","1","243720","https://p.scdn.co/mp3-preview/e7cae182f05b492a217685b8945fcbad0ad9bc89?cid=9950ac751e34487dbbe027c4fd7f8e99","false","60","USRC11601602","spotify:user:bradnumber1","2021-08-08T09:26:31Z","hollywood,movie tunes,dance pop,pop","0.29","0.261","4","-9.163","1","0.0277","0.66","0","0.155","0.0999","143.598","4","","Villa 40/RCA Records","P (P) 2016 DreamWorks Animation LLC"
"spotify:track:1xznGGDReH1oQq0xzbwXa3","One Dance","spotify:artist:3TVXtAsR1Inumwj472S9r4, spotify:artist:3tVQdUvClmAT7URs9V3rsp, spotify:artist:77DAFfvm3O9zT5dIoG0eIO","Drake, Wizkid, Kyla","spotify:album:3hARKC8cinq3mZLLAEaBh9","Views","spotify:artist:3TVXtAsR1Inumwj472S9r4","Drake","2016-05-06","https://i.scdn.co/image/ab67616d0000b273726abca207567d5e41cb9667","1","12","173986","https://p.scdn.co/mp3-preview/0ee5843f6060102ce4ac239c856c452439e3d9d2?cid=9950ac751e34487dbbe027c4fd7f8e99","false","2","USCM51600028","spotify:user:bradnumber1","2021-08-08T09:26:31Z","canadian hip hop,canadian pop,hip hop,pop rap,rap,afrobeats,afropop,azonto,nigerian hip hop,nigerian pop,uk funky","0.791","0.619","1","-5.886","1","0.0532","0.00784","0.00423","0.351","0.371","103.989","4","","Universal Music Group","C © 2016 Young Money Entertainment/Cash Money Records, P ℗ 2016 Young Money Entertainment/Cash Money Records"
"spotify:track:57trQKFZdJxHia4sMJioWk","Sister Christian","spotify:artist:1Ha0Fz4i0d4gu5fZbhBCtH","Night Ranger","spotify:album:0XSzjoQ6rMkWeoOQdQAWRs","Midnight Madness","spotify:artist:1Ha0Fz4i0d4gu5fZbhBCtH","Night Ranger","1983-01-01","https://i.scdn.co/image/ab67616d0000b27354aafca9cc0f52a7ea059fd2","1","4","302933","https://p.scdn.co/mp3-preview/020f9178489234da3d180fc852a5be4466f63731?cid=9950ac751e34487dbbe027c4fd7f8e99","false","59","USMC18314773","spotify:user:bradnumber1","2021-08-08T09:26:31Z","album rock,classic rock,glam metal,hard rock,soft rock","0.448","0.35","5","-16.239","1","0.0393","0.147","0.00000227","0.0842","0.234","177.279","4","","Geffen*","C © 1983 MCA Records Inc., P ℗ 1983 UMG Recordings, Inc."
"spotify:track:1gmdTQbEgRZoCbVqSLEJj5","I'll Be There for You (Friends Theme)","spotify:artist:7CQwac16i1W5ej8YpuL3dv","Boyce Avenue","spotify:album:6olVyDyIS9W67adbR23ypX","New Acoustic Sessions, Vol. 4","spotify:artist:7CQwac16i1W5ej8YpuL3dv","Boyce Avenue","2012-07-20","https://i.scdn.co/image/ab67616d0000b2739cc3f5c33c6b60f783fccff7","1","10","138201","https://p.scdn.co/mp3-preview/8535f82324cd05b6bf1ca2af1fbf365882fb0ac3?cid=9950ac751e34487dbbe027c4fd7f8e99","false","0","USM951200027","spotify:user:bradnumber1","2021-08-08T09:26:31Z","acoustic cover,neo mellow,viral pop","0.473","0.303","11","-8.48","0","0.031","0.835","0","0.109","0.536","81.153","4","","3 Peace Records","C 2013 3 Peace Records, P 2013 3 Peace Records"
"spotify:track:6iAQHemp1D2VSSPk74Dor3","Trouble","spotify:artist:5yG7ZAZafVaAlMTeBybKAL, spotify:artist:35GL8Cu2GKTcHzKGi75xl5","Iggy Azalea, Jennifer Hudson","spotify:album:4z4Pgh0fNUQkmGP4K1XxDb","Reclassified","spotify:artist:5yG7ZAZafVaAlMTeBybKAL","Iggy Azalea","2014-10-01","https://i.scdn.co/image/ab67616d0000b273addae77268e3b66b310c8296","1","6","166317","https://p.scdn.co/mp3-preview/4c1a8043693a2496bcd0f1f5d75586fda4c082ea?cid=9950ac751e34487dbbe027c4fd7f8e99","true","47","GBUM71405575","spotify:user:bradnumber1","2021-08-08T09:26:31Z","australian hip hop,dance pop,pop,dance pop,r&b,urban contemporary","0.96","0.699","7","-3.804","1","0.133","0.0931","0","0.0812","0.669","106.01","4","","EMI","C © 2014 Virgin EMI Records, a division of Universal Music Operations Limited, P ℗ 2014 Virgin EMI Records, a division of Universal Music Operations Limited"
"spotify:track:2ccUQnjjNWT0rsNnsBpsCA","Surrender","spotify:artist:1LB8qB5BPb3MHQrfkvifXU","Cheap Trick","spotify:album:5w20U3G3GyWiPvvDeVzkhN","Heaven Tonight","spotify:artist:1LB8qB5BPb3MHQrfkvifXU","Cheap Trick","1978-04","https://i.scdn.co/image/ab67616d0000b27361e605b2786f724b37f0176d","1","1","253733","https://p.scdn.co/mp3-preview/c5c316a4b47eacfa1e9a4fe34ca337d10ec435e8?cid=9950ac751e34487dbbe027c4fd7f8e99","false","65","USSM19802566","spotify:user:bradnumber1","2021-08-08T09:26:31Z","album rock,beatlesque,classic rock,glam metal,glam rock,hard rock,mellow gold,power pop,rock,singer-songwriter,soft rock","0.524","0.955","0","-7.081","1","0.0411","0.00717","0.00000877","0.659","0.869","133.849","4","","Epic/Legacy","P (P) 1978 Epic Records, a division of Sony Music Entertainment"
"spotify:track:2mdxJLJHzFmiiYdTZ8JcyH","I Fall Apart","spotify:artist:246dkjvS1zLTtiykXe5h60","Post Malone","spotify:album:7J0uECwRkAFLiZljgYFq1w","Stoney","spotify:artist:246dkjvS1zLTtiykXe5h60","Post Malone","2016-12-09","https://i.scdn.co/image/ab67616d0000b27309a51bd361845073cbd501b7","1","7","223346","https://p.scdn.co/mp3-preview/2add5c025df9c2208c4b2c3b0357661f2d95eda5?cid=9950ac751e34487dbbe027c4fd7f8e99","true","0","USUM71614475","spotify:user:bradnumber1","2021-08-08T09:26:31Z","dfw rap,melodic rap,pop,rap","0.565","0.55","8","-5.357","0","0.0397","0.0782","0","0.196","0.302","143.927","4","","Universal Music Group","C © 2016 Republic Records, a division of UMG Recordings, Inc., P ℗ 2016 Republic Records, a division of UMG Recordings, Inc."
"spotify:track:0r4SsYcwvd8URat6AS2m6f","Lush Life","spotify:artist:1Xylc3o4UrD53lo9CvFvVg","Zara Larsson","spotify:album:6x3lObhgC3H0KpOfePojFG","Lush Life","spotify:artist:1Xylc3o4UrD53lo9CvFvVg","Zara Larsson","2015-06-09","https://i.scdn.co/image/ab67616d0000b2736eaa0691ac9d790b41d21a91","1","1","201122","https://p.scdn.co/mp3-preview/2f14e67d9660815897317b300241b228e40bcd97?cid=9950ac751e34487dbbe027c4fd7f8e99","false","0","SEWEE1500509","spotify:user:bradnumber1","2021-08-08T09:26:31Z","pop,scandipop,swedish electropop,swedish pop","0.694","0.712","7","-3.923","0","0.046","0.133","0","0.211","0.799","98.022","4","","Epic/Record Company TEN","P (P) 2015 Record Company TEN, exclusively distributed by Epic Records, a division of Sony Music Entertainment"
"spotify:track:7rSn37L6jGaPnOOLBbEwXX","Happy Up Here","spotify:artist:5nPOO9iTcrs9k6yFffPxjH","Röyksopp","spotify:album:6vQMbwthchxuSioACn2hcE","Junior","spotify:artist:5nPOO9iTcrs9k6yFffPxjH","Röyksopp","2009-03-18","https://i.scdn.co/image/ab67616d0000b273061dfbdfdd7d963d1eac3194","1","1","163666","https://p.scdn.co/mp3-preview/d544d482b71b1ffc6f93e252b1669472835ae9fa?cid=9950ac751e34487dbbe027c4fd7f8e99","false","39","FRZ110802634","spotify:user:bradnumber1","2021-08-08T09:26:31Z","downtempo,electronica,indietronica,neo-synthpop,trip hop","0.676","0.877","10","-3.847","1","0.133","0.0102","0.186","0.255","0.685","103.538","4","","Parlophone (France)","C © 2009 Parlophone Music France, under exclusive licence to Wall of Sound for UK/Eire, P ℗ 2009 Parlophone Music France, under exclusive licence to Wall of Sound for UK/Eire"
"spotify:track:66s45uMhk7Y4z0xUgESdm3","Unwell - 2007 Remaster","spotify:artist:3Ngh2zDBRPEriyxQDAMKd1","Matchbox Twenty","spotify:album:07cWSvrkFTgaQGYh7M1cCt","Exile on Mainstream (International)","spotify:artist:3Ngh2zDBRPEriyxQDAMKd1","Matchbox Twenty","2007-09-29","https://i.scdn.co/image/ab67616d0000b273e6a0874e7f0b2471102d0a62","1","17","237266","https://p.scdn.co/mp3-preview/e25a4d260cee5d19bf12f6abfc88670d1704474a?cid=9950ac751e34487dbbe027c4fd7f8e99","false","55","USAT20704548","spotify:user:bradnumber1","2021-08-08T09:26:31Z","neo mellow,pop rock,post-grunge","0.442","0.793","9","-5.152","1","0.0347","0.0456","0","0.328","0.437","80.985","4","","Atlantic Records","C © 2007 Atlantic Recording Corporation for the United States and WEA International Inc. for the world outside of the United States., P ℗ 2007 Atlantic Recording Corporation for the United States and WEA International Inc. for the world outside of the United States"
"spotify:track:51qLYVFdJarwwQ2NbfxqnF","Buses and Trains - Radio Edit","spotify:artist:4KQNF34GIZZWL10tS3XNTk","Bachelor Girl","spotify:album:57lMcOFmvLPpOLKiejKvUg","Loved & Lost: The Best Of Bachelor Girl","spotify:artist:4KQNF34GIZZWL10tS3XNTk","Bachelor Girl","2011-04-18","https://i.scdn.co/image/ab67616d0000b273221f462529a2bdc73e188bfa","1","1","219160","https://p.scdn.co/mp3-preview/43f39494861403991dae8ff6d69d4110468474fb?cid=9950ac751e34487dbbe027c4fd7f8e99","false","42","AUBM09831208","spotify:user:bradnumber1","2021-08-08T09:26:31Z","australian pop,australian rock","0.457","0.745","2","-6.209","1","0.0356","0.0374","0","0.124","0.751","167.648","4","","Sony Music Entertainment","P (P) 2011 Sony Music Entertainment Australia Pty Ltd."
"spotify:track:3V7rLiHskOPhXj6ECYnq7n","Twisted","spotify:artist:5ny07v4RRsvdv1uQVplMry","Brian McFadden","spotify:album:6Zh0B7BnlxwlRmZPU1WH4z","Set In Stone","spotify:artist:5ny07v4RRsvdv1uQVplMry","Brian McFadden","2008-01-01","https://i.scdn.co/image/ab67616d0000b2737b38bb7a5d2e7158419745b5","1","1","235080","https://p.scdn.co/mp3-preview/7b45736ebc323a0d346c41192cf98adb3612b745?cid=9950ac751e34487dbbe027c4fd7f8e99","false","6","AUUM70800124","spotify:user:bradnumber1","2021-08-08T09:26:31Z","","0.55","0.903","4","-6.658","1","0.0355","0.182","0.0000714","0.424","0.666","125.973","4","","Universal Music Australia Pty. Ltd.","C © 2008 BMF Records, under exclusive license to Universal Music Australia, P ℗ 2008 BMF Records, under exclusive license to Universal Music Australia"
"spotify:track:7iIeylfGVAwY6hwpTnDQCR","Witch Queen","spotify:artist:27jbY7PPKoVMVzpMBTUsaN","Chantoozies","spotify:album:1z9k1w40R9Mg21i9HQCOe8","Chantoozies","spotify:artist:27jbY7PPKoVMVzpMBTUsaN","Chantoozies","1988","https://i.scdn.co/image/ab67616d0000b2738be4b95a2586d7662c33fea6","1","9","258973","https://p.scdn.co/mp3-preview/435239b2348188200149324efb583a4825b402db?cid=9950ac751e34487dbbe027c4fd7f8e99","false","20","AUFE08800081","spotify:user:bradnumber1","2021-08-08T09:26:31Z","australian rock","0.785","0.771","8","-10.782","1","0.0365","0.123","0.273","0.0613","0.937","126.949","4","","WM Australia","C © 1988 Mushroom Records Pty Limited, P ℗ 1988 Mushroom Records Pty Limited"
"spotify:track:5DJl3SxRVCxKgmwlNb3d1s","Cool World - Digitally Remastered","spotify:artist:0f7ChwXkRvmj2ViLbEQwYK","Mondo Rock","spotify:album:4Iu6eJb8nC0kUpTv5KZLnp","The Greatest Hits","spotify:artist:0f7ChwXkRvmj2ViLbEQwYK","Mondo Rock","2017-01-27","https://i.scdn.co/image/ab67616d0000b27381edc13ef7439ae806502d84","1","4","213680","https://p.scdn.co/mp3-preview/b4871ea8f95e2139ba893af0cdd09fe22142b388?cid=9950ac751e34487dbbe027c4fd7f8e99","false","0","AUMF08100001","spotify:user:bradnumber1","2021-08-08T09:26:31Z","australian rock","0.592","0.675","4","-6.327","1","0.0425","0.0622","0.000184","0.0848","0.458","124.145","4","","Bloodlines","C 2016 Bloodlines, P 2016 Bloodlines"
"spotify:track:3pU3mRumn5rWii1rKNu1eV","Bulletproof","spotify:artist:3K2zB87GZv1krx031en5VA","La Roux","spotify:album:0jBkrUrXIxtaMrfAkHjXoZ","La Roux","spotify:artist:3K2zB87GZv1krx031en5VA","La Roux","2009","https://i.scdn.co/image/ab67616d0000b2731ea4804c178ed97c2c1a0241","1","4","205733","https://p.scdn.co/mp3-preview/4d9caf7ea55671eed03692cb37990c259a395e92?cid=9950ac751e34487dbbe027c4fd7f8e99","false","2","GBUM70903779","spotify:user:bradnumber1","2021-08-08T09:26:31Z","alternative dance,electropop,indietronica,neo-synthpop","0.674","0.882","3","-2.771","0","0.0477","0.000441","0.0000647","0.068","0.682","123.016","4","","Polydor","C © 2008 Polydor Ltd. (UK), P ℗ 2008 Polydor Ltd. (UK)"
"spotify:track:6tvQzeCPwOytDlBYCIOY0n","Breathe","spotify:artist:4Q6nIcaBED8qUel8bBx6Cr, spotify:artist:7hssUdpvtY5oiARaUDgFZ3","Jax Jones, Ina Wroldsen","spotify:album:6m8i2mJRlqvarXe9Vi1MzS","Breathe","spotify:artist:4Q6nIcaBED8qUel8bBx6Cr, spotify:artist:7hssUdpvtY5oiARaUDgFZ3","Jax Jones, Ina Wroldsen","2017-12-01","https://i.scdn.co/image/ab67616d0000b273242e97b0767265f5c3cf0277","1","1","207629","https://p.scdn.co/mp3-preview/993bbecd6512638aff44afa4688f4990a5184c34?cid=9950ac751e34487dbbe027c4fd7f8e99","false","0","GBUM71706192","spotify:user:bradnumber1","2021-08-08T09:26:31Z","dance pop,edm,house,pop dance,uk dance,norwegian pop","0.722","0.744","11","-5.52","0","0.0363","0.0234","0.000157","0.143","0.686","125.985","4","","Universal Music Group","C © 2017 Universal Music Operations Limited, P A Polydor Records release; ℗ 2017 Universal Music Operations Limited"
"spotify:track:3GYlQmwfBDo7imFyGPhrl7","Say My Name","spotify:artist:73jBynjsVtofjRpdpRAJGk, spotify:artist:4ofCBoyEiGSePFAG500xev, spotify:artist:2HkAI0YrEcgoR8QdaURqhO","Dimitri Vegas & Like Mike, Regard, Dimitri Vegas","spotify:album:4r6DqAydqQCcOs1JiVmRSZ","Say My Name","spotify:artist:73jBynjsVtofjRpdpRAJGk, spotify:artist:4ofCBoyEiGSePFAG500xev, spotify:artist:2HkAI0YrEcgoR8QdaURqhO","Dimitri Vegas & Like Mike, Regard, Dimitri Vegas","2020-07-24","https://i.scdn.co/image/ab67616d0000b273dea3da3e0ff677f4c895ee46","1","1","159535","https://p.scdn.co/mp3-preview/9479101435c5604680e17bcb08267ffa9b58955c?cid=9950ac751e34487dbbe027c4fd7f8e99","false","61","BEG852000012","spotify:user:bradnumber1","2021-08-08T09:26:31Z","belgian dance,belgian edm,big room,dutch house,edm,electro house,pop dance,progressive electro house,pop dance,pop edm,slap house,uk dance,belgian edm,pop dance","0.729","0.788","10","-4.832","0","0.0908","0.0703","0","0.115","0.857","118.039","4","","Epic Amsterdam","P (P) 2020 Smash The House, under exclusive license to Epic Amsterdam, a division of Sony Music Entertainment Netherlands B.V."
"spotify:track:3zrYNl1aMdFrQkcOjKVr5u","I Cry","spotify:artist:0jnsk9HBra6NMjO2oANoPY","Flo Rida","spotify:album:0wmVf2KCcKnQbAYclahHYb","Wild Ones","spotify:artist:0jnsk9HBra6NMjO2oANoPY","Flo Rida","2012-06-22","https://i.scdn.co/image/ab67616d0000b27387be2cd7396e138e74cb347c","1","8","223800","https://p.scdn.co/mp3-preview/677818325ecfeb591d3e91779d54c7974c0d3d39?cid=9950ac751e34487dbbe027c4fd7f8e99","false","55","USAT21202584","spotify:user:bradnumber1","2021-08-08T09:26:31Z","dance pop,miami hip hop,pop,pop rap","0.693","0.822","4","-5.441","0","0.0439","0.00616","0.00000179","0.315","0.763","126.035","4","","Atlantic Records","C © 2012 Atlantic Recording Corporation for the United States and WEA International Inc. for the world outside of the United States, P ℗ 2012 Atlantic Recording Corporation for the United States and WEA International Inc. for the world outside of the United States"
"spotify:track:51H2y6YrNNXcy3dfc3qSbA","When Doves Cry","spotify:artist:5a2EaR3hamoenG9rDuVn8j","Prince","spotify:album:7nXJ5k4XgRj5OLg9m8V3zc","Purple Rain","spotify:artist:5a2EaR3hamoenG9rDuVn8j","Prince","1984-06-25","https://i.scdn.co/image/ab67616d0000b273d52bfb90ee8dfeda8378b99b","1","6","352906","https://p.scdn.co/mp3-preview/f7110b93ffc4b3746092e331c2e7188cfc283800?cid=9950ac751e34487dbbe027c4fd7f8e99","false","28","USWB10001877","spotify:user:bradnumber1","2021-08-08T09:26:31Z","funk,funk rock,minneapolis sound,rock,synth funk","0.729","0.989","9","-4.613","0","0.049","0.0102","0.0000445","0.443","0.84","126.47","4","","Rhino/Warner Records","C © 1984 NPG Records, Inc. under exclusive license to Warner Records Inc., P ℗ 1984 NPG Records, Inc. under exclusive license to Warner Records Inc."
"spotify:track:6wJNPpHDQB6eZzVnO2Ydqy","Love & Devotion - Club Mix","spotify:artist:2vRfKzjQYJQd67X8x49MOh","Real McCoy","spotify:album:4SJ6x0Hlml18n0Ur9hnWNU","Another Night","spotify:artist:2vRfKzjQYJQd67X8x49MOh","Real McCoy","1995-04-10","https://i.scdn.co/image/ab67616d0000b273fd06c1a7292da1064f45c1ca","1","7","274880","https://p.scdn.co/mp3-preview/7e3f1cbee48952165d8a6e2bbc6dedc16e2cf884?cid=9950ac751e34487dbbe027c4fd7f8e99","false","35","DEC739500142","spotify:user:bradnumber1","2021-08-08T09:26:31Z","diva house,eurodance,german techno,hip house","0.784","0.647","10","-9.307","0","0.243","0.0121","0.000549","0.0873","0.631","102.171","4","","Hansa Local","P (P)1995 BMG Berlin Musik GmbH"
"spotify:track:2bNrvWD9d5Zn9tS8XvcaMk","I Could Be The One (Avicii Vs. Nicky Romero) - Nicktim / Radio Edit","spotify:artist:1vCWHaC5f2uS3yhpwWbIA6, spotify:artist:5ChF3i92IPZHduM7jN3dpg","Avicii, Nicky Romero","spotify:album:0z7Mr85v0hPSX0VOUxP51W","I Could Be The One [Avicii vs Nicky Romero]","spotify:artist:1vCWHaC5f2uS3yhpwWbIA6, spotify:artist:5ChF3i92IPZHduM7jN3dpg","Avicii, Nicky Romero","2012-01-01","https://i.scdn.co/image/ab67616d0000b2735ccb34ad80069d7eef97f1a1","1","1","208316","https://p.scdn.co/mp3-preview/f86b63a3fb643dc427eff698d7f2b6f74604992c?cid=9950ac751e34487dbbe027c4fd7f8e99","false","0","SEUM71201601","spotify:user:bradnumber1","2021-08-08T09:26:31Z","dance pop,edm,pop,pop dance,big room,dutch edm,dutch house,edm,electro house,pop dance,progressive electro house","0.509","0.79","6","-3.782","0","0.0374","0.332","0.0000667","0.316","0.638","127.946","4","","Universal Music Group","C © 2013 Avicii Music AB, P ℗ 2012 Avicii Music AB"
"spotify:track:3pDiNbqY2sRSNApqrS8td7","Silver Moon","spotify:artist:5Tic1bWAbmRoLrqaJ5SxU2, spotify:artist:08xBftDfAD7CMC51uxUuZF","Michael Nesmith, The First National Band","spotify:album:1k7WkNHGPNPnri2tsowvtg","70s 100 Hits","spotify:artist:0LyfQWJT6nXafLPZqxe9Of","Various Artists","2010-03-01","https://i.scdn.co/image/ab67616d0000b273871ab8561721e8967eda8269","1","92","190333","https://p.scdn.co/mp3-preview/9bc6ea4ee4d98fc2620f200e6ad7ed9bd931f561?cid=9950ac751e34487dbbe027c4fd7f8e99","false","23","USRC17007906","spotify:user:bradnumber1","2021-08-08T09:26:31Z","country rock","0.561","0.68","5","-12.674","1","0.0372","0.143","0.00000328","0.227","0.703","127.511","4","","Sony Music Entertainment","P (P) 2010 Sony Music Entertainment"
"spotify:track:7yBl8YmvcgwwYlazJcvowE","Fame","spotify:artist:3oZa8Xs6IjlIUGLAhVyK4G","Irene Cara","spotify:album:2nE5WmbSq3qbyDrOpSTlnq","Fame: The Original Soundtrack from the Motion Picture","spotify:artist:0LyfQWJT6nXafLPZqxe9Of","Various Artists","1980-05-16","https://i.scdn.co/image/ab67616d0000b273e5fc82fcd77a8f95a9bbcf5a","1","1","316066","https://p.scdn.co/mp3-preview/06447f8e6dfbef1e8850dd60398c367a908421ce?cid=9950ac751e34487dbbe027c4fd7f8e99","false","0","USNLR1200531","spotify:user:bradnumber1","2021-08-08T09:26:31Z","disco,new romantic,new wave pop,soft rock","0.7","0.73","0","-8.763","0","0.0311","0.132","0","0.133","0.961","130.519","4","","WaterTower Music","C 1980 2012 Turner Entertainment, P 1980 2012 Turner Entertainment"
"spotify:track:69WE3fnKao5bHp4zTVoQCn","Walk On The Wild Side","spotify:artist:5GXruybcLmXPjR9rKKFyS6","Jimmy Smith","spotify:album:5gsmWIvyUaxmkk0AUPvlGH","Jazz Masters 29: Jimmy Smith","spotify:artist:5GXruybcLmXPjR9rKKFyS6","Jimmy Smith","1994-01-01","https://i.scdn.co/image/ab67616d0000b2732e22154be9270d22c8eea519","1","10","356973","https://p.scdn.co/mp3-preview/b50c5aa74b551d2de68f27f1b8010d1ddb17f6a1?cid=9950ac751e34487dbbe027c4fd7f8e99","false","0","USPR36200010","spotify:user:bradnumber1","2021-08-08T09:26:31Z","bebop,contemporary post-bop,hammond organ,hard bop,jazz,jazz blues,jazz funk,jazz organ,soul jazz","0.379","0.417","5","-12.944","1","0.0391","0.476","0.0816","0.109","0.504","69.016","4","","Verve","C © 1994 The Verve Music Group, a Division of UMG Recordings, Inc., P ℗ 1994 The Verve Music Group, a Division of UMG Recordings, Inc."
"spotify:track:3kf3t1i8fwaeqg3V25RNjc","Jackson","spotify:artist:3IZrrNonYELubLPJmqOci2, spotify:artist:2aVHDjRHRM7dcFkGwahXLG","Nancy Sinatra, Lee Hazlewood","spotify:album:7I7z6Lfwyc1nghsFImEhYq","Nancy & Lee","spotify:artist:3IZrrNonYELubLPJmqOci2, spotify:artist:2aVHDjRHRM7dcFkGwahXLG","Nancy Sinatra, Lee Hazlewood","1968-01-01","https://i.scdn.co/image/ab67616d0000b2732a3c0fda11b85a7b00bc2c70","1","7","169013","https://p.scdn.co/mp3-preview/63fc5e8311298f85302a966af927c86d9efdf4b6?cid=9950ac751e34487dbbe027c4fd7f8e99","false","0","USASE0510171","spotify:user:bradnumber1","2021-08-08T09:26:31Z","lounge,sunshine pop,baroque pop,classic oklahoma country,singer-songwriter","0.601","0.854","9","-5.837","1","0.0656","0.308","0","0.0947","0.936","141.395","4","","Boots Enterprises, Inc.","C (C) 1968 Boots Enterprises, Inc., P (P) 2006 Boots Enterprises, Inc."
"spotify:track:0dc1kYrVpq3dqn1ubblOXz","Sunshine After The Rain","spotify:artist:4Xn6fPXDrarY8LxXWqlE2M","Elkie Brooks","spotify:album:3jJ3ZxG1qKayjweuDmJEDF","Pearls","spotify:artist:4Xn6fPXDrarY8LxXWqlE2M","Elkie Brooks","1981-01-01","https://i.scdn.co/image/ab67616d0000b2730262144b991d8d11af027cf8","1","4","203826","https://p.scdn.co/mp3-preview/19e79ced9403eedd3025dbb7b08e09bdac7eeb79?cid=9950ac751e34487dbbe027c4fd7f8e99","false","19","GBAAM7701001","spotify:user:bradnumber1","2021-08-08T09:26:31Z","classic uk pop","0.649","0.265","3","-18.213","1","0.032","0.819","0","0.0808","0.184","106.523","4","","EMI","C © 1985 A&M Records Limited, P This Compilation ℗ 1981 A&M Records Limited"
"spotify:track:3pKUJpGUIVBwP8wZUNZztq","Hear My Name - Radio Edit","spotify:artist:3cQA9WH8liZfeja1DxcDYE","Armand Van Helden","spotify:album:3u7Mwa1FJgRlbz1iTBgxLF","Hear My Name","spotify:artist:3cQA9WH8liZfeja1DxcDYE","Armand Van Helden","2005","https://i.scdn.co/image/ab67616d0000b2731c3f508c5cff657c805ef925","1","1","211800","https://p.scdn.co/mp3-preview/d46e0cad2914dd139a60234413af4e390c28e3e8?cid=9950ac751e34487dbbe027c4fd7f8e99","false","0","GBEFR0300186","spotify:user:bradnumber1","2021-08-08T09:26:31Z","big beat,classic house,deep house,disco house,filter house,house,speed garage,uk dance,vocal house","0.729","0.487","11","-15.766","1","0.0333","0.0043","0.000751","0.0688","0.889","131.024","4","","Liberator Music","C 2005 Southern Fried Records, P 2005 Southern Fried Records"
"spotify:track:3YqH26H4kyG3usFtOc8v4P","She's Got That Vibe","spotify:artist:2mxe0TnaNL039ysAj51xPQ, spotify:artist:02JTFUpX3CgLWXNKEXIvcb","R. Kelly, Public Announcement","spotify:album:0WkL3JulvpTfRsSJ7crh5S","Born Into The 90's","spotify:artist:2mxe0TnaNL039ysAj51xPQ","R. Kelly","1992-01-13","https://i.scdn.co/image/ab67616d0000b273ddf956e37e76de0c4d2a9b92","1","2","274133","https://p.scdn.co/mp3-preview/83e5ac201651c6c3cb73091fe3755b2dbdab6fd0?cid=9950ac751e34487dbbe027c4fd7f8e99","false","39","USJI19100010","spotify:user:bradnumber1","2021-08-08T09:26:31Z","contemporary r&b,new jack swing","0.801","0.693","1","-10.239","1","0.073","0.0504","0","0.168","0.742","113.137","4","","Jive","P (P) 1992 Zomba Recording LLC"
"spotify:track:6YJUNqM5ZomJTrC5peDFXT","Ain't Got Far to Go","spotify:artist:4ScCswdRlyA23odg9thgIO","Jess Glynne","spotify:album:2xVeccmEU0zklK4XSKiDCW","I Cry When I Laugh","spotify:artist:4ScCswdRlyA23odg9thgIO","Jess Glynne","2015","https://i.scdn.co/image/ab67616d0000b27339588f221861ee72b40b755c","1","3","203498","https://p.scdn.co/mp3-preview/a9220cbdf01554af1ffd7ed343c40fc9e9266048?cid=9950ac751e34487dbbe027c4fd7f8e99","false","38","GBAHS1500225","spotify:user:bradnumber1","2021-08-08T09:26:31Z","dance pop,pop,uk pop","0.49","0.841","5","-4.698","0","0.0765","0.0033","0","0.548","0.615","143.964","4","","Atlantic Records UK","C © 2015 Atlantic Records UK Ltd, a Warner Music Group Company, P ℗ 2015 Atlantic Records UK Ltd, a Warner Music Group Company, except track 9 2013 Atlantic Records UK Ltd and track 13 2015 Disturbing London Records Limited under exclusive licence to Parlophone Records Limited"
"spotify:track:76ZnyGfjQZSM8GPfR7OqiJ","Good Thing","spotify:artist:20p5D2KrE8CGuOjHtxsyTp","Fine Young Cannibals","spotify:album:59R6wpHlRk6Ui19e7qAgo1","The Raw And The Cooked","spotify:artist:20p5D2KrE8CGuOjHtxsyTp","Fine Young Cannibals","1988","https://i.scdn.co/image/ab67616d0000b273781b821ca96e39298d24d9b5","1","2","201866","https://p.scdn.co/mp3-preview/57b0f78a924e232eeca82a7c3a606e7e6726df43?cid=9950ac751e34487dbbe027c4fd7f8e99","false","0","USRH10901908","spotify:user:bradnumber1","2021-08-08T09:26:31Z","dance rock,new romantic,new wave,new wave pop,synthpop","0.747","0.586","9","-10.119","0","0.0299","0.0708","0.00008","0.0427","0.893","164.718","4","","Rhino/London-Sire","C 1989 London/Sire Records., P 1989 London/Sire Records. Marketed by Rhino Entertainment Company, a Warner Music Group Company."
"spotify:track:0AMbhbWHeVEL0XxiIonjCM","Dream Baby","spotify:artist:0JDkhL4rjiPNEp92jAgJnS","Roy Orbison","spotify:album:39L39Zc1OmLrQOY4P0xhhG","The Monument Singles Collection","spotify:artist:0JDkhL4rjiPNEp92jAgJnS","Roy Orbison","2011-04-25","https://i.scdn.co/image/ab67616d0000b273c8e397651625a503f15f26b3","1","10","151813","https://p.scdn.co/mp3-preview/263e98c2ae398147539ca5deb954ddc0c4448a0f?cid=9950ac751e34487dbbe027c4fd7f8e99","false","32","USSM10700299","spotify:user:bradnumber1","2021-08-08T09:26:31Z","adult standards,classic rock,folk rock,mellow gold,rock-and-roll,rockabilly,singer-songwriter,soft rock","0.456","0.554","5","-9.659","1","0.035","0.345","0.000764","0.0882","0.841","154.661","4","","Monument/Orbison Records/Legacy","P This Compilation (P) 2011 Sony Music Entertainment"
"spotify:track:0wb21I1NV5uVUolRXIqlJF","Come And Get It - Remastered 2010","spotify:artist:4pJCawaKSZ40EnxN0YEYw3","Badfinger","spotify:album:6uA2hir5o45vrILeqQVTbr","Magic Christian Music (Remastered 2010 / Deluxe Edition)","spotify:artist:4pJCawaKSZ40EnxN0YEYw3","Badfinger","1970-01-09","https://i.scdn.co/image/ab67616d0000b273555e940b9bbbe0d8ad5254cf","1","1","143213","https://p.scdn.co/mp3-preview/fbb8c82fd1da02823d2047f2510b0a360cdf3fb2?cid=9950ac751e34487dbbe027c4fd7f8e99","false","45","GBDCE1000010","spotify:user:bradnumber1","2021-08-08T09:26:31Z","album rock,beatlesque,classic rock,country rock,folk rock,jangle pop,mellow gold,power pop,singer-songwriter,soft rock","0.616","0.629","8","-6.9","1","0.0263","0.0285","0.00000132","0.208","0.606","94.004","4","","EMI Catalogue","C © 2010 Apple Corps Ltd, P This Compilation ℗ 2010 Apple Corps Ltd"
"spotify:track:1ywIgK3fqOJF6H1G3PigPE","Midnight Midnight","spotify:artist:34sQ4BJAwfwQsn9OgJtIzj","The Potbelleez","spotify:album:2tZRoBOqmLy64lHwds1Kkl","Destination Now","spotify:artist:34sQ4BJAwfwQsn9OgJtIzj","The Potbelleez","2011-01-01","https://i.scdn.co/image/ab67616d0000b2738387b53a693aba5553ef3175","1","4","161213","https://p.scdn.co/mp3-preview/79a7d00aa0ce0b2cada8f4f7779ffee427a65627?cid=9950ac751e34487dbbe027c4fd7f8e99","false","0","AUVC01100631","spotify:user:bradnumber1","2021-08-08T09:26:31Z","aussietronica,australian dance,australian house","0.739","0.896","1","-2.396","1","0.214","0.0853","0","0.183","0.8","128.046","4","","Universal Music Australia Pty. Ltd.","C © 2011 Vicious Recordings Pty Ltd, P ℗ 2011 Vicious Recordings Pty Ltd"
"spotify:track:3FjumHp7tXtjiTexQNNoxx","No Roots","spotify:artist:7f0OLhGgBMX9fUjm1dcPip","Alice Merton","spotify:album:60mOHNf97T4qT38HzXZRRU","No Roots","spotify:artist:7f0OLhGgBMX9fUjm1dcPip","Alice Merton","2017-11-17","https://i.scdn.co/image/ab67616d0000b273b7aabc150b63574a68ab3a5a","1","1","235813","https://p.scdn.co/mp3-preview/7a2b44ba28afe5075845c0eaf67b075fe415e569?cid=9950ac751e34487dbbe027c4fd7f8e99","false","0","DEVQ71600001","spotify:user:bradnumber1","2021-08-08T09:26:31Z","","0.863","0.657","7","-7.295","1","0.105","0.264","0.00619","0.0713","0.829","115.958","4","","Alice Merton","C (C) 2017 Paper Plane Records International, distributed in Australia and New Zealand by UNIFIED Music Group Pty Ltd, P (P) 2017 Paper Plane Records International, distributed in Australia and New Zealand by UNIFIED Music Group Pty Ltd"
"spotify:track:0VJwAzffgIdB2JseOFnwzU","You Get What You Give","spotify:artist:0Grjlu7ncIuCaSYvCs9fcd","New Radicals","spotify:album:5husr53zVT1yb0vBRsjYK5","Maximum Edge - '90s Modern Rock","spotify:artist:0LyfQWJT6nXafLPZqxe9Of","Various Artists","2000-04-20","https://i.scdn.co/image/ab67616d0000b2738673e90d43a668751d916d0a","1","1","300600","https://p.scdn.co/mp3-preview/f60a92f1f0759c66eb1092cd6cd09aab791a6518?cid=9950ac751e34487dbbe027c4fd7f8e99","false","0","USI4R1052722","spotify:user:bradnumber1","2021-08-08T09:26:31Z","pop rock","0.622","0.858","2","-7.454","1","0.0301","0.15","0","0.0913","0.707","113.975","4","","Metacom Music","C (C) 2000 Metacom Music, P (P) 2000 Metacom Music"
"spotify:track:3GCdLUSnKSMJhs4Tj6CV3s","All The Stars (with SZA)","spotify:artist:2YZyLoL8N0Wb9xBt1NhZWg, spotify:artist:7tYKF4w9nC0nq9CsPZTHyP","Kendrick Lamar, SZA","spotify:album:3pLdWdkj83EYfDN6H2N8MR","Black Panther The Album Music From And Inspired By","spotify:artist:2YZyLoL8N0Wb9xBt1NhZWg, spotify:artist:7tYKF4w9nC0nq9CsPZTHyP","Kendrick Lamar, SZA","2018-02-09","https://i.scdn.co/image/ab67616d0000b273c027ad28821777b00dcaa888","1","2","232186","https://p.scdn.co/mp3-preview/330c6d6e5bfcc1bc831b6948b57ce9c98e7558bf?cid=9950ac751e34487dbbe027c4fd7f8e99","true","85","USUM71713947","spotify:user:bradnumber1","2021-08-08T09:26:31Z","conscious hip hop,hip hop,rap,west coast rap,pop,r&b,rap","0.695","0.633","8","-4.946","1","0.0599","0.0612","0.000195","0.0926","0.557","96.782","4","","Black Panther (TDE/DMG) PS","C © 2018 Aftermath Records, P ℗ 2018 Aftermath Records"
"spotify:track:00MI0oGDVJYM1qWbyUOIhH","867-5309 / Jenny (Rerecorded)","spotify:artist:1n2LWYgwtGp7EzDapUoniE","Tommy Tutone","spotify:album:6lqQzf2MGsTQ577cGXIfcK","867-5309 / Jenny (Rerecorded)","spotify:artist:1n2LWYgwtGp7EzDapUoniE","Tommy Tutone","2008-04-09","https://i.scdn.co/image/ab67616d0000b27312a569cbcd9a3a2773ef7d10","1","1","231080","https://p.scdn.co/mp3-preview/d33001c886ab73d4657dcb64c8738e6bbaa208ec?cid=9950ac751e34487dbbe027c4fd7f8e99","false","37","USDEI0002653","spotify:user:bradnumber1","2021-08-08T09:26:31Z","","0.73","0.785","2","-7.201","1","0.0456","0.0418","0.00669","0.123","0.724","137.639","4","","K-Tel","C © 2008 K-Tel, P ℗ 2008 K-Tel"
"spotify:track:2pp1JD85KtFxRz94efpQj8","I'll Be Gone","spotify:artist:5SKKlvQaTiiLuJhC8xiWR9","Spectrum","spotify:album:0Mbqmg85EmlREW992gBvSm","Tribute To Lobby Loyde, Billy Thorpe and Pete Wells","spotify:artist:0LyfQWJT6nXafLPZqxe9Of","Various Artists","2008-12-06","https://i.scdn.co/image/ab67616d0000b273f3562d56aba6bde321e188b7","1","3","268280","https://p.scdn.co/mp3-preview/4322e43cba9fcf8ea6a9020eb93c99298cfe2183?cid=9950ac751e34487dbbe027c4fd7f8e99","false","25","AUGM00800045","spotify:user:bradnumber1","2021-08-08T09:26:31Z","","0.523","0.802","9","-5.942","1","0.0984","0.194","0.00000793","0.337","0.413","73.978","4","","Chugg Entertainment","C 2008 Chugg Entertainment, P 2008 Chugg Entertainment"
"spotify:track:5vz2J2kP3vV7mZE9UxnFcG","Cream","spotify:artist:5a2EaR3hamoenG9rDuVn8j","Prince","spotify:album:0qcgEPOg67XnxGizdAAcGa","Diamonds and Pearls","spotify:artist:5a2EaR3hamoenG9rDuVn8j","Prince","1991-10-01","https://i.scdn.co/image/ab67616d0000b273a64900d67d089e189f651d24","1","4","253066","https://p.scdn.co/mp3-preview/816cd14d151cc5d97772d0e1c4abc9e85f306fee?cid=9950ac751e34487dbbe027c4fd7f8e99","false","0","USWB19900286","spotify:user:bradnumber1","2021-08-08T09:26:31Z","funk,funk rock,minneapolis sound,rock,synth funk","0.861","0.604","5","-8.44","0","0.0719","0.0974","0.358","0.0467","0.853","115.588","4","","Warner Records","C © 1991 NPG Records, Inc. under exclusive license to Warner Records Inc., P ℗ 1991 NPG Records, Inc. under exclusive license to Warner Records Inc."
"spotify:track:5AO8v8yr6eXj0zA9vNlKJk","Buttons - Final Edit Version","spotify:artist:6wPhSqRtPu1UhRCDX5yaDJ, spotify:artist:7hJcb9fa4alzcOq3EaNPoG","The Pussycat Dolls, Snoop Dogg","spotify:album:1ZHSCIHyzvzNon8s1iUKAi","Buttons","spotify:artist:6wPhSqRtPu1UhRCDX5yaDJ","The Pussycat Dolls","2006-01-01","https://i.scdn.co/image/ab67616d0000b273e86e961e9d12396bbc11e06d","1","1","232160","https://p.scdn.co/mp3-preview/fd84fba1a1c0614e2b31bd12bd5b4eb5a61522dd?cid=9950ac751e34487dbbe027c4fd7f8e99","false","43","USUM70602496","spotify:user:bradnumber1","2021-08-08T09:26:31Z","dance pop,girl group,pop,g funk,gangster rap,hip hop,pop rap,rap,west coast rap","0.499","0.814","2","-4.235","1","0.343","0.222","0","0.357","0.535","210.78","4","","Pussycat Dolls","C © 2006 Pussycat Dolls, LLC, P ℗ 2006 Pussycat Dolls, LLC"
"spotify:track:2QfiRTz5Yc8DdShCxG1tB2","Johnny B. Goode","spotify:artist:293zczrfYafIItmnmM3coR","Chuck Berry","spotify:album:6eedtCtCjibu80yOhylSGL","Berry Is On Top","spotify:artist:293zczrfYafIItmnmM3coR","Chuck Berry","1959-07-01","https://i.scdn.co/image/ab67616d0000b273a496dc8c33ca6d10668b3157","1","6","161560","https://p.scdn.co/mp3-preview/214ca11106cbcdfe07ccd2d839c67c9b8949a5e2?cid=9950ac751e34487dbbe027c4fd7f8e99","false","77","USMC15719963","spotify:user:bradnumber1","2024-01-02T03:28:09Z","blues,blues rock,classic rock,rock,rock-and-roll,rockabilly,soul","0.534","0.803","10","-9.129","1","0.0743","0.741","0.0000607","0.307","0.969","167.983","4","","Geffen","C © 1959 UMG Recordings, Inc., P ℗ 1959 UMG Recordings, Inc."
"spotify:track:1smChL3Aq1U9DZA83LuDtp","I Wanna Be Around...","spotify:artist:2lolQgalUvZDfp5vvVtTYV","Tony Bennett","spotify:album:11KbbI91LeZUkXALWALytD","I Wanna Be Around","spotify:artist:2lolQgalUvZDfp5vvVtTYV","Tony Bennett","1963-02-18","https://i.scdn.co/image/ab67616d0000b273eefffb2d5a482f7b5b6c7318","1","3","131226","https://p.scdn.co/mp3-preview/70823f02fc0f649f306964c2c6e2b14744a4987a?cid=9950ac751e34487dbbe027c4fd7f8e99","false","38","USSM16200010","spotify:user:bradnumber1","2021-08-08T09:26:31Z","adult standards,easy listening,lounge,vocal jazz","0.498","0.266","10","-13.425","1","0.0348","0.768","0","0.0828","0.376","69.601","4","","Columbia/Legacy","P Originally released 1963. All rights reserved by Columbia Records, a division of Sony Music Entertainment"
"spotify:track:3ESURCQuDWDui99W8IFdoN","Unforgettable - Mariah Carey Acoustic Remix","spotify:artist:6vXTefBL93Dj5IqAWq6OTv, spotify:artist:4iHNK0tOyZPYnBU7nGAgpQ, spotify:artist:1zNqQNIdeOUZHb8zbZRFMX","French Montana, Mariah Carey, Swae Lee","spotify:album:4Nkq2k3PFRCKISQRA3W6EE","Unforgettable (Mariah Carey Acoustic Remix)","spotify:artist:6vXTefBL93Dj5IqAWq6OTv, spotify:artist:4iHNK0tOyZPYnBU7nGAgpQ","French Montana, Mariah Carey","2017-08-25","https://i.scdn.co/image/ab67616d0000b273eec7bd02bcdfa141401e7ff6","1","1","244135","https://p.scdn.co/mp3-preview/25c370340bea2de669cd55695988c608400ee8db?cid=9950ac751e34487dbbe027c4fd7f8e99","true","27","USSM11705529","spotify:user:bradnumber1","2021-08-08T09:26:31Z","hip hop,pop rap,rap,southern hip hop,trap,dance pop,pop,urban contemporary,melodic rap,rap,trap","0.637","0.533","11","-8.736","1","0.0324","0.689","0.00000111","0.107","0.661","102.989","4","","Bad Boy Entertainment/Epic Records","P (P) 2017 Bad Boy Entertainment / Epic Records, a division of Sony Music Entertainment"
"spotify:track:0i7O5MtSTXvR4BEY7stpjF","Hang On Sloopy","spotify:artist:6etIM3JbzGPxTdfNWWfsVH","The McCoys","spotify:album:17dRh7ma3OpZSdmWc5LT1H","Hang On Sloopy: The Best Of The McCoys","spotify:artist:6etIM3JbzGPxTdfNWWfsVH","The McCoys","1995-06-06","https://i.scdn.co/image/ab67616d0000b27324ac443ef49ebcbb172d03ea","1","2","231800","https://p.scdn.co/mp3-preview/724575ae701334c556f63bd66cc7e523f7966284?cid=9950ac751e34487dbbe027c4fd7f8e99","false","54","USSM16501203","spotify:user:bradnumber1","2021-08-08T09:26:31Z","bubblegum pop,classic garage rock,doo-wop,merseybeat,rock-and-roll","0.765","0.516","7","-12.099","1","0.0334","0.167","0","0.0723","0.936","115.248","4","","Legacy/Epic Associated","P (P) 1995 Sony Music Entertainment Inc."
"spotify:track:4sjLcE0GQ6urc4iUXsUPe9","Kings And Queens","spotify:artist:0RqtSIYZmd4fiBKVFqyIqD","Thirty Seconds To Mars","spotify:album:6OlCoydaNFUU7v1Xo5ZJPx","This Is War","spotify:artist:0RqtSIYZmd4fiBKVFqyIqD","Thirty Seconds To Mars","2009-01-01","https://i.scdn.co/image/ab67616d0000b27364219d797874eecfd69f2458","1","3","347666","https://p.scdn.co/mp3-preview/99f66616f1a804486b53a7045a24aac2adba6990?cid=9950ac751e34487dbbe027c4fd7f8e99","false","23","USVI20900397","spotify:user:bradnumber1","2021-08-08T09:26:31Z","modern rock,post-grunge","0.293","0.817","8","-5.432","1","0.0852","0.0401","0.000034","0.13","0.145","165","4","","Virgin Records","C © 2009 Virgin Records America, Inc., P ℗ 2009 Virgin Records America, Inc."
"spotify:track:2SSYLcSiT7oImgsS8cPyQu","Hot Right Now (feat. RITA ORA) - Radio Edit","spotify:artist:6r20qOqY7qDWI0PPTxVMlC, spotify:artist:5CCwRZC6euC8Odo6y9X8jr","DJ Fresh, Rita Ora","spotify:album:5IqZHG6yO5SL6biWicPG3Y","Nextlevelism","spotify:artist:6r20qOqY7qDWI0PPTxVMlC","DJ Fresh","2012-09-28","https://i.scdn.co/image/ab67616d0000b273f36e1963b8fdcd13c531235b","1","2","182333","https://p.scdn.co/mp3-preview/29d78cc4f453d895e88ac5e748aa071423edc25c?cid=9950ac751e34487dbbe027c4fd7f8e99","false","51","GBCEN1102199","spotify:user:bradnumber1","2021-08-08T09:26:31Z","dancefloor dnb,drum and bass,uk dance,dance pop,pop,uk pop","0.524","0.972","4","-1.569","0","0.0431","0.00656","0.00058","0.224","0.476","175.017","4","","Ministry of Sound Recordings","P (P) 2012 Ministry of Sound Recordings Limited"
"spotify:track:12axV6NUqaYH3yFUWwArzr","Losing My Religion","spotify:artist:4KWTAlx2RvbpseOGMEmROg","R.E.M.","spotify:album:5PHng5BLIYSwmFfrihOeOi","In Time: The Best Of R.E.M. 1988-2003","spotify:artist:4KWTAlx2RvbpseOGMEmROg","R.E.M.","2003-10-27","https://i.scdn.co/image/ab67616d0000b2734cef297681ea8e64a1fe4dc6","1","6","269000","https://p.scdn.co/mp3-preview/184d86f6c2b531830190011f00c5780fa7a2e1f2?cid=9950ac751e34487dbbe027c4fd7f8e99","false","0","USWB19901521","spotify:user:bradnumber1","2021-08-08T09:26:31Z","alternative rock,athens indie,permanent wave,rock","0.671","0.849","9","-5.963","0","0.0283","0.0879","0","0.0971","0.801","125.429","4","","Universal Music Group","C © 2003 R.E.M./Athens L.L.C., under exclusive license to Concord Music Group, Inc., P ℗ 2003 R.E.M./Athens L.L.C., under exclusive license to Concord Music Group, Inc."
"spotify:track:7CHi4DtfK4heMlQaudCuHK","Lose Control","spotify:artist:0xRXCcSX89eobfrshSVdyu, spotify:artist:4EPJlUEBy49EX1wuFOvtjK, spotify:artist:2nm38smINjms1LtczR0Cei","MEDUZA, Becky Hill, Goodboys","spotify:album:1qSOaTvsCOyFJya3v1UzkP","Lose Control","spotify:artist:0xRXCcSX89eobfrshSVdyu, spotify:artist:4EPJlUEBy49EX1wuFOvtjK, spotify:artist:2nm38smINjms1LtczR0Cei","MEDUZA, Becky Hill, Goodboys","2019-10-11","https://i.scdn.co/image/ab67616d0000b273d43c59e52d6a8032a4e27fc4","1","1","168387","https://p.scdn.co/mp3-preview/977b21196edb8ae28c53894d7bbea92f32db3b42?cid=9950ac751e34487dbbe027c4fd7f8e99","false","69","DEUM71905792","spotify:user:bradnumber1","2021-08-08T09:26:31Z","edm,pop dance,pop house,uk dance,pop dance,pop house,uk dance,uk pop,pop dance,uk dance","0.598","0.527","10","-8.659","0","0.0415","0.129","0","0.14","0.53","123.943","4","","Virgin","C © 2019 Meduza, under exclusive license to Universal Music GmbH, P ℗ 2019 Meduza, under exclusive license to Universal Music GmbH"
"spotify:track:2sONTfhCCMMWJ70f7dbriR","Hopelessly Devoted To You - From “Grease” Soundtrack","spotify:artist:4BoRxUdrcgbbq1rxJvvhg9","Olivia Newton-John","spotify:album:5ySc9ZwyyZlFGIHuEij8oz","Gold","spotify:artist:4BoRxUdrcgbbq1rxJvvhg9","Olivia Newton-John","2005-01-01","https://i.scdn.co/image/ab67616d0000b27325b4d20048c691c41dc38bba","1","15","185026","https://p.scdn.co/mp3-preview/6280980219425f18098ed42c3ea8a9fe0cea78d0?cid=9950ac751e34487dbbe027c4fd7f8e99","false","0","NLF057890003","spotify:user:bradnumber1","2021-08-08T09:27:55Z","adult standards,australian dance,disco,mellow gold,soft rock","0.375","0.481","9","-7.67","1","0.0278","0.205","0.00144","0.135","0.38","110.368","3","","Universal Music Group","C © 2005 Universal Music Enterprises, a Division of UMG Recordings, Inc., P ℗ 2005 Universal Music Enterprises, a Division of UMG Recordings, Inc."
"spotify:track:6WIxgIAMT9zYRLfIFcDYxd","I'll Put You Together Again","spotify:artist:72VzFto8DYvKHocaHYNWSi","Hot Chocolate","spotify:album:2MdCe2CS9EcdJ9V20TKzxo","Every 1's a Winner","spotify:artist:72VzFto8DYvKHocaHYNWSi","Hot Chocolate","1978","https://i.scdn.co/image/ab67616d0000b273b179d40cdaa53d103df29e28","1","13","232920","https://p.scdn.co/mp3-preview/88551445d1c9e674f617f10c9d8fc2c2f4e0bf64?cid=9950ac751e34487dbbe027c4fd7f8e99","false","26","GBAYE7800086","spotify:user:bradnumber1","2021-08-08T09:26:31Z","disco","0.435","0.298","7","-8.688","1","0.0268","0.917","0.0158","0.124","0.261","104.877","3","","Parlophone UK","C © 2009 Parlophone Records Ltd, a Warner Music Group Company, P ℗ 2009 Parlophone Records Ltd, a Warner Music Group Company"
"spotify:track:0E29BKKGCJHcb7b9oIWgGB","Calling All Angels","spotify:artist:3FUY2gzHeIiaesXtOAdB7A","Train","spotify:album:3gQ2rh7TxfCgpfj40Eo8D1","My Private Nation","spotify:artist:3FUY2gzHeIiaesXtOAdB7A","Train","2003-06-03","https://i.scdn.co/image/ab67616d0000b2737ee0e0e83730306ce40970ad","1","1","242200","https://p.scdn.co/mp3-preview/dde28b43fc78fa6fdf11535f2d9f29251e418acc?cid=9950ac751e34487dbbe027c4fd7f8e99","false","53","USSM10304440","spotify:user:bradnumber1","2021-11-17T22:20:31Z","dance pop,neo mellow,pop,pop rock","0.454","0.839","3","-5.368","1","0.0441","0.0746","0","0.279","0.529","166.166","4","","Columbia","P (P) 2003 Columbia Records, a division of Sony Music Entertainment"
"spotify:track:0RiRZpuVRbi7oqRdSMwhQY","Sunflower - Spider-Man: Into the Spider-Verse","spotify:artist:246dkjvS1zLTtiykXe5h60, spotify:artist:1zNqQNIdeOUZHb8zbZRFMX","Post Malone, Swae Lee","spotify:album:4g1ZRSobMefqF6nelkgibi","Hollywood's Bleeding","spotify:artist:246dkjvS1zLTtiykXe5h60","Post Malone","2019-09-06","https://i.scdn.co/image/ab67616d0000b2739478c87599550dd73bfa7e02","1","12","157560","https://p.scdn.co/mp3-preview/3c0788c6aba94192edcb497d9a02075bf76c5400?cid=9950ac751e34487dbbe027c4fd7f8e99","false","82","USUM71814888","spotify:user:bradnumber1","2021-08-08T09:26:31Z","dfw rap,melodic rap,pop,rap,melodic rap,rap,trap","0.755","0.522","2","-4.368","1","0.0575","0.533","0","0.0685","0.925","89.96","4","","Republic Records","C © 2019 Republic Records, a division of UMG Recordings, Inc., P ℗ 2019 Republic Records, a division of UMG Recordings, Inc."
"spotify:track:0smyCrJiibi2uwCiq5R1vj","Save Tonight","spotify:artist:3ngKsDXZAssmljeXCvEgOe","Eagle-Eye Cherry","spotify:album:0zS5fFa2I679lrdhSPAyIe","Desireless","spotify:artist:3ngKsDXZAssmljeXCvEgOe","Eagle-Eye Cherry","1998-01-01","https://i.scdn.co/image/ab67616d0000b27395127975447a26eb7e31668b","1","1","242733","https://p.scdn.co/mp3-preview/92ede2b4283630cbfd4cbf508b22cc248ffc740f?cid=9950ac751e34487dbbe027c4fd7f8e99","false","72","GBAKW9800044","spotify:user:bradnumber1","2021-08-08T09:26:31Z","pop rock","0.547","0.707","0","-8.74","1","0.0338","0.0000814","0.000149","0.285","0.654","119.576","4","","Polydor Records","C © 1998 Polydor Ltd. (UK), P ℗ 1998 Superstudio/Diesel Music AB"
"spotify:track:7FNcb05eBgScWaEEvJRKiw","Lights On (feat. Ms Dynamite) - Single Mix","spotify:artist:5EUdiv20t58GCS09VMKk7M, spotify:artist:42qLC3FgtazA9AvaIoiP62","Katy B, Ms. Dynamite","spotify:album:6KV9kNSuC1mmzrXKx6p6vV","On A Mission","spotify:artist:5EUdiv20t58GCS09VMKk7M","Katy B","2011-04-04","https://i.scdn.co/image/ab67616d0000b2732ff1f1e4e1a2777c6ccaa588","1","9","204026","https://p.scdn.co/mp3-preview/028205e16842590a8f3439dce0ceddbc838e80c5?cid=9950ac751e34487dbbe027c4fd7f8e99","false","49","GBARL1001491","spotify:user:bradnumber1","2021-08-08T09:26:31Z","hip house,uk funky,uk garage,uk funky,uk garage","0.852","0.858","5","-3.759","0","0.0795","0.113","0","0.224","0.824","127.983","4","","Rinse / Columbia","P All tracks (P) 2011 Ammunition Promotions Limited under exclusive licence to Sony Music Entertainment UK Limited, except track 9 - 'Lights On' 2010 Ammunition Promotions Limited under exclusive licence to Sony Music Entertainment UK Limited"
"spotify:track:072ll8KhlLdt5aIGeyftDO","Same Old Love","spotify:artist:0C8ZW7ezQVs4URX5aX7Kqx","Selena Gomez","spotify:album:6e8zAQUevvIBtne8748xVU","Same Old Love","spotify:artist:0C8ZW7ezQVs4URX5aX7Kqx","Selena Gomez","2015-01-01","https://i.scdn.co/image/ab67616d0000b273d279faec23ceca0ca378088f","1","1","229013","https://p.scdn.co/mp3-preview/59629fb443149d25a6577e7990cc8fd790352f90?cid=9950ac751e34487dbbe027c4fd7f8e99","false","0","USUM71510437","spotify:user:bradnumber1","2021-08-08T09:26:31Z","pop,post-teen pop","0.672","0.573","11","-3.973","0","0.0307","0.021","0","0.147","0.428","98.043","4","","Universal Music Ltd.","C (C) 2015 Interscope Records, P (P) 2015 Interscope Records"
"spotify:track:71CgN6BVkaXFNB5xPnvY9o","Que Sera","spotify:artist:07Q9n9pbwR6jQ8xH4SA46b","Justice Crew","spotify:album:4kc6vrABh87kQ4onFSDPLq","Live By The Words","spotify:artist:07Q9n9pbwR6jQ8xH4SA46b","Justice Crew","2012","https://i.scdn.co/image/ab67616d0000b2732ea0791fdc5445eb5a9cd4be","1","2","212800","https://p.scdn.co/mp3-preview/4237abb7e6c676998de620a39df190dc80d64fd4?cid=9950ac751e34487dbbe027c4fd7f8e99","false","46","AUBM01400097","spotify:user:bradnumber1","2021-08-08T09:26:31Z","australian pop,australian talent show","0.582","0.796","8","-4.017","1","0.0563","0.0253","0","0.211","0.547","100.02","4","","Sony Music Entertainment","P All tracks (P) 2014 Sony Music Entertainment Australia Pty Ltd. except tracks 6 & 8 (P) 2012 & track 10 (P) 2013 Sony Music Entertainment Australia Pty Ltd."
"spotify:track:6HSXNV0b4M4cLJ7ljgVVeh","Knockin' On Heaven's Door","spotify:artist:74ASZWbe4lXaubB36ztrGX","Bob Dylan","spotify:album:2Pj2kZM5XpyIeyFBTAVulL","Pat Garrett & Billy The Kid (Soundtrack From The Motion Picture)","spotify:artist:74ASZWbe4lXaubB36ztrGX","Bob Dylan","1973-07-13","https://i.scdn.co/image/ab67616d0000b2736c86683d20c72e3874c11c6d","1","7","149880","https://p.scdn.co/mp3-preview/b1fb2e0d90764724242501e5a0c3c2393698d499?cid=9950ac751e34487dbbe027c4fd7f8e99","false","81","USSM11304547","spotify:user:bradnumber1","2021-08-08T09:26:31Z","classic rock,country rock,folk,folk rock,rock,roots rock,singer-songwriter","0.513","0.396","7","-13.061","1","0.0299","0.251","0.177","0.11","0.229","140.208","4","","Columbia/Legacy","P (P) 1973 Columbia Records, a division of Sony Music Entertainment"
"spotify:track:3Id8znxIUtTYNhZsak8Unb","Cindy's Birthday","spotify:artist:48QdHdRanCXdBt6lygsDES","Johnny Crawford","spotify:album:3VNpShZrCWsR61aBORHSgh","A Young Man's Fancy","spotify:artist:48QdHdRanCXdBt6lygsDES","Johnny Crawford","2006-01-24","https://i.scdn.co/image/ab67616d0000b273f12b539fbf41584b74393114","1","1","128453","https://p.scdn.co/mp3-preview/68da133c552e30acb6bfad3aff3afb1991a2b625?cid=9950ac751e34487dbbe027c4fd7f8e99","false","29","USRH10551371","spotify:user:bradnumber1","2021-08-08T09:26:31Z","deep adult standards","0.61","0.316","7","-12.6","1","0.0335","0.755","0.000218","0.121","0.708","110","4","","Rhino","C © 2006 Rhino Entertainment, P ℗ 2006 Rhino Entertainment"
"spotify:track:6h6Ccbgvhibl2XQ0SQNR70","Say What You Want","spotify:artist:5JsdVATHNPE0XdMFMRoSuf","Texas","spotify:album:6BVlA2NLGg3OKYemGJgo2v","White On Blonde","spotify:artist:5JsdVATHNPE0XdMFMRoSuf","Texas","1997-03-02","https://i.scdn.co/image/ab67616d0000b273713f955ef0222d3558682084","1","2","233866","https://p.scdn.co/mp3-preview/8983ed38661e164a1a96be5d6f7e1c899d37221b?cid=9950ac751e34487dbbe027c4fd7f8e99","false","64","GBF089607481","spotify:user:bradnumber1","2023-05-18T09:30:48Z","new romantic,new wave pop,scottish rock","0.633","0.841","4","-5.932","1","0.0706","0.2","0","0.396","0.803","95.894","4","","[PIAS] Recordings Catalogue","C 1997 [PIAS] Recordings, P 1997 [PIAS] Recordings"
"spotify:track:6skcBKtH4WObFyasu9w4Ie","Like This (feat. Eve)","spotify:artist:3AuMNF8rQAKOzjYppFNAoB, spotify:artist:4d3yvTptO48nOYTPBcPFZC","Kelly Rowland, Eve","spotify:album:11lAZtJRp076xsMWQ0Eiun","Ms. Kelly","spotify:artist:3AuMNF8rQAKOzjYppFNAoB","Kelly Rowland","2006","https://i.scdn.co/image/ab67616d0000b2731e566d1543e956dd878bb0a8","1","1","215853","https://p.scdn.co/mp3-preview/73983243f25324ab8ec7d6a70ef4883ab42a1c62?cid=9950ac751e34487dbbe027c4fd7f8e99","false","35","USSM10700599","spotify:user:bradnumber1","2021-08-08T09:26:31Z","atl hip hop,dance pop,hip pop,r&b,urban contemporary,contemporary r&b,dance pop,hip pop,philly rap,r&b,urban contemporary","0.672","0.724","1","-5.972","1","0.299","0.00225","0","0.0481","0.521","178.103","4","","Music World Music/Columbia","P (P) 2006, 2007 SONY BMG MUSIC ENTERTAINMENT"
"spotify:track:3v4yDypfo94dachEvmjQdj","Miss Independent","spotify:artist:3BmGtnKgCSGYIUhmivXKWX","Kelly Clarkson","spotify:album:4txPGNHsUtjgBickDa5mOe","Thankful","spotify:artist:3BmGtnKgCSGYIUhmivXKWX","Kelly Clarkson","2003-09-29","https://i.scdn.co/image/ab67616d0000b273ef290d6f387d2abce08aecb2","1","2","214773","https://p.scdn.co/mp3-preview/afde09468fe8353b77e27474c903b4b58ae87aa4?cid=9950ac751e34487dbbe027c4fd7f8e99","false","40","USRC10300799","spotify:user:bradnumber1","2021-08-08T09:26:31Z","dance pop,pop,talent show","0.656","0.615","11","-6.359","0","0.137","0.0769","0.000415","0.0706","0.592","175.943","4","","RCA Records Label","P (P) 2003 19 Recordings Limited"
"spotify:track:0BmT0BVnYYggf7V4NCtx2B","For Your Entertainment","spotify:artist:6prmLEyn4LfHlD9NnXWlf7","Adam Lambert","spotify:album:0cUNjl7p6LYZJkKXJWzqP0","For Your Entertainment","spotify:artist:6prmLEyn4LfHlD9NnXWlf7","Adam Lambert","2009-11-23","https://i.scdn.co/image/ab67616d0000b273fe0d9870d6d8e18c3a00c658","1","2","215160","https://p.scdn.co/mp3-preview/63734948125ba859b260a3e9f8687d4d75dd6f8b?cid=9950ac751e34487dbbe027c4fd7f8e99","false","48","GBCTA0900399","spotify:user:bradnumber1","2021-08-08T09:26:31Z","dance pop,idol,pop,post-teen pop","0.654","0.872","1","-3.824","1","0.11","0.0411","0","0.0808","0.612","130.023","4","","RCA Records Label","P (P) 2009 19 Recordings Ltd. under exclusive license to RCA/JIVE Label Group, a unit of Sony Music Entertainment"
"spotify:track:68rcszAg5pbVaXVvR7LFNh","One Day / Reckoning Song (Wankelmut Remix) - Radio Edit","spotify:artist:7t51dSX8ZkKC7VoKRd0lME, spotify:artist:5abaNg0SJPEF7EST0RjY9F, spotify:artist:01e2lCvLZ4fLUIRy68nptH","Asaf Avidan, The Mojos, Wankelmut","spotify:album:6ZtATnsRYU8ZP4JD0dH0fs","One Day / Reckoning Song (Wankelmut Remix)","spotify:artist:7t51dSX8ZkKC7VoKRd0lME, spotify:artist:5abaNg0SJPEF7EST0RjY9F, spotify:artist:01e2lCvLZ4fLUIRy68nptH","Asaf Avidan, The Mojos, Wankelmut","2012-08-03","https://i.scdn.co/image/ab67616d0000b2738546b5bb49e3e4c80cf6b6b0","1","1","215186","https://p.scdn.co/mp3-preview/5f9da78704e738812fe9c2c51c713697721cfd7f?cid=9950ac751e34487dbbe027c4fd7f8e99","false","67","DEQ321200132","spotify:user:bradnumber1","2021-08-08T09:26:31Z","israeli pop,israeli rock,deep euro house","0.826","0.668","3","-6.329","0","0.0571","0.223","0.0000692","0.167","0.534","118.99","4","","10879","C (C) 2012 FOUR MUSIC PRODUCTIONS GmbH a Sony Music Entertainment company, P (P) 2012 Columbia Berlin distributed by The Orchard, a Sony Music Entertainment company"
"spotify:track:30xa49phgSAa0MCAcH6O44","What If I","spotify:artist:6JL8zeS1NmiOftqZTRgdTz","Meghan Trainor","spotify:album:7m2Gzfu5nMgHTiMbNDwPr7","Title (Expanded Edition)","spotify:artist:6JL8zeS1NmiOftqZTRgdTz","Meghan Trainor","2015-01-09","https://i.scdn.co/image/ab67616d0000b2730753a386572b590eb0728227","1","10","198493","https://p.scdn.co/mp3-preview/fe5f748f5f8cc1bfba7adc856a61a3d42a9cc979?cid=9950ac751e34487dbbe027c4fd7f8e99","false","24","USSM11408377","spotify:user:bradnumber1","2021-08-08T09:26:31Z","hip pop,pop","0.336","0.515","3","-8.404","1","0.0438","0.447","0","0.338","0.27","185.454","3","","Epic","P (P) 2015 Epic Records, a division of Sony Music Entertainment"
"spotify:track:4R6TWBDqFeJBQnBtha4zDh","If I Go","spotify:artist:66TrUkUZ3RM29dqeDQRgyA","Ella Eyre","spotify:album:3LfVVimEZr5YefjHZvlDzP","Feline (Deluxe)","spotify:artist:66TrUkUZ3RM29dqeDQRgyA","Ella Eyre","2015-08-14","https://i.scdn.co/image/ab67616d0000b2735fe7ef6f2a7ac1c43d00d13d","1","2","183266","https://p.scdn.co/mp3-preview/5afa8e469084a7b17ae4d38b941d2f8463770aa9?cid=9950ac751e34487dbbe027c4fd7f8e99","false","42","GBUM71401947","spotify:user:bradnumber1","2021-08-08T09:26:31Z","dance pop,talent show,uk dance,uk pop","0.535","0.786","7","-4.152","0","0.043","0.0117","0","0.177","0.568","147.885","4","","Virgin Records Ltd","C © 2015 Virgin Records Limited, P ℗ 2015 Virgin Records Limited"