CountryName,CountryCode,Region,IncomeGroup,Year,LifeExpectancy World Bank,Prevelance of Undernourishment,CO2,Health Expenditure %,Education Expenditure %,Unemployment,Corruption,Sanitation,Injuries,Communicable,NonCommunicable
Afghanistan,AFG,South Asia,Low income,2001,56.308,47.8,730,,,10.80900002,,,2179727.1,9689193.7,5795426.38
Angola,AGO,Sub-Saharan Africa,Lower middle income,2001,47.059,67.5,15960,4.48351622,,4.004000187,,,1392080.71,11190210.53,2663516.34
Albania,ALB,Europe & Central Asia,Upper middle income,2001,74.288,4.9,3230,7.13952398,3.458699942,18.57500076,,40.52089533,117081.67,140894.78,532324.75
Andorra,AND,Europe & Central Asia,High income,2001,,,520,5.86593914,,,,21.78866006,1697.99,695.56,13636.64
United Arab Emirates,ARE,Middle East & North Africa,High income,2001,74.544,2.8,97200,2.48437047,,2.493000031,,,144678.14,65271.91,481740.7
Argentina,ARG,Latin America & Caribbean,Upper middle income,2001,73.755,3,125260,8.37179756,4.833740234,17.31999969,,48.05399554,1397676.07,1507068.98,8070909.52
Armenia,ARM,Europe & Central Asia,Upper middle income,2001,71.8,26.1,3600,4.64562702,2.469439983,10.9119997,,46.35189576,103371.75,122238.13,767916.19
American Samoa,ASM,East Asia & Pacific,Upper middle income,2001,,,,,,,,,1683.98,2933.98,10752.13
Antigua and Barbuda,ATG,Latin America & Caribbean,High income,2001,74.171,,350,5.43587589,,,,,2201.12,3279.72,14289.69
Australia,AUS,East Asia & Pacific,High income,2001,79.63414634,2.5,345640,7.69622898,,6.739999771,,58.78889399,612233.81,208282.73,4158052.86
Austria,AUT,Europe & Central Asia,High income,2001,78.57560976,2.5,67910,9.26942921,5.575479984,4.010000229,,99.67939917,240208.86,77701.17,2101883.59
Azerbaijan,AZE,Europe & Central Asia,Upper middle income,2001,67.054,17,26400,2.75590682,3.503420115,10.90999985,,19.59669997,235307.74,904186.52,1816141.16
Burundi,BDI,Sub-Saharan Africa,Low income,2001,49.93,,200,6.40484381,2.903909922,1.587000012,,,1285727.05,5085323.13,1088354.56
Belgium,BEL,Europe & Central Asia,High income,2001,77.97317073,2.5,118340,8.14988804,,6.179999828,,73.84454522,393056.61,160341.77,2708304.31
Benin,BEN,Sub-Saharan Africa,Lower middle income,2001,55.668,17.2,1740,3.24910021,2.365099907,0.771000028,,,285885.2,4179251.5,1180016.78
Burkina Faso,BFA,Sub-Saharan Africa,Low income,2001,50.893,22.6,970,2.88835382,,2.648000002,,,536392.74,10193782.66,2395728.15
Bangladesh,BGD,South Asia,Lower middle income,2001,65.956,15.9,25780,2.06375051,2.171930075,3.617000103,,18.73700671,5106399.34,29348014.24,20529108.23
Bulgaria,BGR,Europe & Central Asia,Upper middle income,2001,71.76829268,4,46190,6.85958767,3.384239912,19.92000008,,50.83995755,379598.55,184936.84,3126551.07
Bahrain,BHR,Middle East & North Africa,High income,2001,74.635,,16390,3.68104196,,1.10800004,,69.38425755,19519.46,15096.19,105084.33
Bosnia and Herzegovina,BIH,Europe & Central Asia,Upper middle income,2001,74.637,3.2,13760,7.27702522,,26.61400032,,17.60289939,137886.58,75029.92,985953.75
Belarus,BLR,Europe & Central Asia,Upper middle income,2001,68.50731707,2.5,51880,5.70827103,,11.5539999,,84.22060135,843472.15,221301.07,3630110.19
Belize,BLZ,Latin America & Caribbean,Upper middle income,2001,69.04,5.8,530,4.63241482,5.796929836,9.069999695,,,14723.49,19427.42,38687.31
Bermuda,BMU,North America,High income,2001,77.88536585,,,,,,,,1268.17,1587.9,13589.33
Bolivia,BOL,Latin America & Caribbean,Lower middle income,2001,63.054,27.9,8050,4.82522202,,2.484999895,,28.91301607,427941.6,1592197.06,1578651.87
Brazil,BRA,Latin America & Caribbean,Upper middle income,2001,70.462,10.7,319380,8.54960632,3.844680071,9.609999657,,36.16762407,9266898.86,13885996.63,36221436.41
Barbados,BRB,Latin America & Caribbean,High income,2001,77.362,6.4,1310,5.52529192,6.055369854,9.850000381,,,6656.3,11832.75,60831.22
Bhutan,BTN,South Asia,Lower middle income,2001,61.808,,230,5.0041995,5.91573,1.899999976,,62.37396261,23055.33,150694.53,107017.42
Botswana,BWA,Sub-Saharan Africa,Upper middle income,2001,50.281,23.7,3870,6.15671635,,18.54000092,,,108921.89,1278992.69,318895.42
Central African Republic,CAF,Sub-Saharan Africa,Low income,2001,44.061,39.2,250,3.95594192,,5.69299984,,19.63079212,299925.65,3652351.14,745735.01
Canada,CAN,North America,High income,2001,79.33902439,2.5,506620,8.62482357,4.953030109,7.21999979,,77.5758104,818908.6,374249.31,6667095.01
Switzerland,CHE,Europe & Central Asia,High income,2001,80.1804878,2.5,45150,9.43919373,4.81137991,2.49000001,,99.61498273,248188.08,83610.68,1735154.25
Chile,CHL,Latin America & Caribbean,High income,2001,76.634,3.4,48430,7.15104103,,10.39000034,,51.18679267,528317.32,339395.38,2826830.34
China,CHN,East Asia & Pacific,Upper middle income,2001,71.732,10,3529080,4.25329876,,3.799999952,,13.49134882,47557278.81,50025776.4,275473735.9
Cote d'Ivoire,CIV,Sub-Saharan Africa,Lower middle income,2001,49.495,20.4,6490,6.01772738,2.444770098,4.795000076,,,657533.5,12911513.67,2791907.35
Cameroon,CMR,Sub-Saharan Africa,Lower middle income,2001,51.222,22.9,5160,4.0975132,2.297339916,7.460000038,,,589962.64,9928803.53,2484149.63
Colombia,COL,Latin America & Caribbean,Upper middle income,2001,73.241,8.7,58940,5.94238234,3.708679914,15.03999996,,15.32835091,3298510.11,2290325.34,6106138.78
Comoros,COM,Sub-Saharan Africa,Lower middle income,2001,59.529,,110,6.65322924,,4.68900013,,,18971.88,221052.78,91790.02
Costa Rica,CRI,Latin America & Caribbean,Upper middle income,2001,77.601,4.7,5420,6.47410393,4.832029819,5.920000076,,38.62663605,111737.67,105977.38,589944.74
Cuba,CUB,Latin America & Caribbean,Upper middle income,2001,76.905,2.5,27470,6.98209763,8.358090401,4.079999924,,40.22396538,369329.5,273181.1,2375229.65
Cyprus,CYP,Europe & Central Asia,High income,2001,78.139,5.1,6990,5.33940458,5.11552,3.980000019,,76.17387116,27840.44,11278.33,197749.38
Germany,DEU,Europe & Central Asia,High income,2001,78.32926829,2.5,847680,9.92046165,,7.769999981,,95.81332596,2057820.12,879257,23164672.77
Djibouti,DJI,Middle East & North Africa,Lower middle income,2001,57.1,42,380,2.8072207,7.805429935,28.21699905,,24.85958539,24412.57,304678.27,97074.22
Dominica,DMA,Latin America & Caribbean,Upper middle income,2001,,3.7,150,4.6450181,,,,,2397.25,3636.2,17708.87
Denmark,DNK,Europe & Central Asia,High income,2001,76.79268293,2.5,54250,8.44832611,8.215450287,4.159999847,,86.80214056,147748.82,69511.12,1523352.52
Dominican Republic,DOM,Latin America & Caribbean,Upper middle income,2001,69.69,20.4,18980,4.88183308,1.967829943,7.260000229,,,331151.89,1080987.39,1343896.38
Algeria,DZA,Middle East & North Africa,Lower middle income,2001,71.116,8,78650,3.83787704,,27.29999924,,21.35186836,1608318.07,2111100.61,5443142.91
Ecuador,ECU,Latin America & Caribbean,Upper middle income,2001,73.078,21,24250,3.75336552,,4.25,,39.98472033,577980.25,1127477.59,1869608.34
Eritrea,ERI,Sub-Saharan Africa,Low income,2001,55.864,,700,5.91931629,4.047160149,5.765999794,,,233580.91,2012790.29,641729
Spain,ESP,Europe & Central Asia,High income,2001,79.36829268,2.5,294790,6.76895761,4.111269951,10.35000038,,93.8276238,1105890.85,554637.5,10087758.4
Estonia,EST,Europe & Central Asia,High income,2001,70.25853659,3.6,15380,4.77708292,5.228459835,13.13000011,,92.57380161,105615.51,30166.86,476440.3
Ethiopia,ETH,Sub-Saharan Africa,Low income,2001,52.595,47,4400,4.72316694,3.700289965,3.303999901,,2.377647105,3185985.43,46614051.59,10875042.5
Finland,FIN,Europe & Central Asia,High income,2001,77.96585366,2.5,61090,7.25090408,5.840250015,10.28999996,,80.24642653,222105.62,66976.25,1324448.51
Fiji,FJI,East Asia & Pacific,Upper middle income,2001,65.863,4,1040,2.90547323,5.643109798,3.907000065,,,27085.27,60694.54,197751.12
France,FRA,Europe & Central Asia,High income,2001,79.15853659,2.5,376730,9.70562744,,8.609999657,,79.23755841,2204469.1,837070.94,14213905.67
Gabon,GAB,Sub-Saharan Africa,Upper middle income,2001,57.968,10.7,6230,3.15246463,,17.22599983,,,51611.35,445707.56,235345.91
United Kingdom,GBR,Europe & Central Asia,High income,2001,77.99268293,2.5,545260,7.56716347,4.108550072,4.699999809,,97.74638486,1259910.06,1112338.81,16399003.09
Georgia,GEO,Europe & Central Asia,Upper middle income,2001,70.065,7.7,3520,7.16950893,2.137500048,11.15999985,,47.28735939,146593.82,206455.21,1423122.16
Ghana,GHA,Sub-Saharan Africa,Lower middle income,2001,57.158,14.9,6210,3.17252946,5.354440212,9.501000404,,4.427019443,598632.38,8404053.28,3184154.2
Guinea,GIN,Sub-Saharan Africa,Low income,2001,51.255,,1570,4.88881445,2.081909895,4.552999973,,,401723,5920467.81,1616142.3
Guinea-Bissau,GNB,Sub-Saharan Africa,Low income,2001,50.744,,150,6.70832253,,6.297999859,,3.631962583,79755.03,878629.42,253405.84
Equatorial Guinea,GNQ,Sub-Saharan Africa,Upper middle income,2001,53.581,,3400,2.20352745,,8.567000389,,,28479.78,374126.82,100976.4
Greece,GRC,Europe & Central Asia,High income,2001,78.38780488,2.5,96610,7.9878397,3.364579916,10.46000004,,77.87126339,284568.09,125698.03,2884915.79
Grenada,GRD,Latin America & Caribbean,Upper middle income,2001,72.805,,230,5.62456989,,,,,3069.93,4995.1,21038.35
Greenland,GRL,Europe & Central Asia,High income,2001,66.70926829,,,,,,,85.9105649,5097.63,1853.36,14704.85
Guatemala,GTM,Latin America & Caribbean,Upper middle income,2001,68.304,22.2,9810,6.07015848,,2.78399992,,,658385.59,2018747.83,1765489.94
Guam,GUM,East Asia & Pacific,High income,2001,75.373,,,,,13.21000004,,,4449.45,5431.42,27554.91
Guyana,GUY,Latin America & Caribbean,Upper middle income,2001,65.532,6.5,1640,3.05506778,8.397299767,11.81499958,,,48943.83,105443.35,169977.36
Honduras,HND,Latin America & Caribbean,Lower middle income,2001,70.976,21.9,5800,5.92998314,,4,,40.75284943,350162.39,617053.8,1031647.06
Croatia,HRV,Europe & Central Asia,High income,2001,74.51292683,6.8,19200,7.2349987,,15.81999969,,77.92698976,191136.56,72998.69,1337533.5
Haiti,HTI,Latin America & Caribbean,Lower middle income,2001,57.382,50.7,1600,3.73088169,,9.633000374,,,572400.72,2986337.32,1997697.96
Hungary,HUN,Europe & Central Asia,High income,2001,72.24878049,2.5,56280,6.82614756,4.931009769,5.670000076,,63.58014119,486731.33,152435.99,3521823.54
Indonesia,IDN,East Asia & Pacific,Lower middle income,2001,66.037,19.2,302060,2.1185019,2.460030079,6.079999924,,,6996569.3,30881627.35,41520804.67
India,IND,South Asia,Lower middle income,2001,62.907,18.4,953540,4.26278114,,5.576000214,,7.847825482,54362219.04,268564609.8,192785014.4
Ireland,IRL,Europe & Central Asia,High income,2001,77.13414634,2.5,44820,6.39664602,4.087490082,3.680000067,,55.44309298,105279.3,61994.06,897172.4
Iraq,IRQ,Middle East & North Africa,Upper middle income,2001,68.983,22.1,97550,,,8.80700016,,33.4111699,1610734.59,3266448.4,4631994.74
Iceland,ISL,Europe & Central Asia,High income,2001,80.6902439,2.5,2160,8.78546429,6.705920219,1.870000005,,43.87972331,6372.43,3218.11,55518.22
Israel,ISR,Middle East & North Africa,High income,2001,79.40731707,2.5,57950,7.20983076,6.373980045,11.81000042,,80.57320446,176917.39,93001.57,1193383.71
Italy,ITA,Europe & Central Asia,High income,2001,80.12682927,2.5,436570,7.73760843,4.650090218,9.600000381,,95.64344875,1447044.78,614698.09,15411336.84
Jamaica,JAM,Latin America & Caribbean,Upper middle income,2001,74.139,7.4,10080,5.15652943,5.381030083,14.93000031,,,62811.49,153496,479581.12
Jordan,JOR,Middle East & North Africa,Upper middle income,2001,71.907,9.7,16250,9.58549213,,14.69999981,,75.52049492,138591.49,260138.98,723809.92
Japan,JPN,East Asia & Pacific,High income,2001,81.41707317,2.5,1170380,7.23947954,3.400820017,5.019999981,,73.4801356,3740899.3,1971391.2,27958110.06
Kazakhstan,KAZ,Europe & Central Asia,Upper middle income,2001,65.76,6.5,117440,3.47096992,,10.43000031,,,1132464.17,999214.58,4461248.41
Kenya,KEN,Sub-Saharan Africa,Lower middle income,2001,51.101,32.2,7610,4.80369139,5.206210136,2.989000082,,,796122.25,16737067.36,3793539.32
Cambodia,KHM,East Asia & Pacific,Lower middle income,2001,59.335,23.6,2150,7.01192331,1.722219944,1.032999992,,,575530.43,3831903.27,2432916.2
Kiribati,KIR,East Asia & Pacific,Lower middle income,2001,63.446,4.4,30,12.32934475,11.98812008,,,16.81369079,3943.14,19722.66,27856.04
Kuwait,KWT,Middle East & North Africa,High income,2001,73.21,2.6,53190,3.18838811,6.585830212,0.800000012,,100,47194.38,37550.07,260456.02
Lebanon,LBN,Middle East & North Africa,Lower middle income,2001,74.999,7.8,16890,10.56592274,2.841480017,8.18599987,,9.425466024,96063.15,156407.56,757768.34
Liberia,LBR,Sub-Saharan Africa,Low income,2001,52.236,36.6,450,3.49858928,,2.128000021,,,127482.95,2142154.71,468017.27
Libya,LBY,Middle East & North Africa,Upper middle income,2001,71.038,,44450,4.05162811,,19.69599915,,24.63226793,189689.18,224135.65,793357.98
Sri Lanka,LKA,South Asia,Lower middle income,2001,72.233,16.7,10850,4.19323874,,7.900000095,,,1058850.45,875560.42,3538579.57
Lesotho,LSO,Sub-Saharan Africa,Lower middle income,2001,46.197,20,400,7.27745914,9.365050316,34.63499832,,9.24941769,129978,1373764.09,360118.16
Lithuania,LTU,Europe & Central Asia,High income,2001,71.65853659,2.5,11150,6.01339579,5.84758997,16.84000015,,79.99395432,281788.15,65951.41,1045815.65
Luxembourg,LUX,Europe & Central Asia,High income,2001,77.82439024,2.5,9120,6.410923,3.539730072,1.809999943,,90.92752336,12963.49,5467.01,107770.41
Latvia,LVA,Europe & Central Asia,High income,2001,70.76097561,4.6,7360,5.7776227,5.446959972,13.81999969,,52.41175179,193981.23,54542.91,828550.73
Morocco,MAR,Middle East & North Africa,Lower middle income,2001,69.193,6.3,36270,4.12981606,,12.46000004,,32.48839106,1368871.31,3697986.83,5558595.24
Monaco,MCO,Europe & Central Asia,High income,2001,,,,1.76396823,,,,100,894.05,503.5,11108.28
Moldova,MDA,Europe & Central Asia,Upper middle income,2001,67.185,,7020,6.23449707,4.846849918,7.289999962,,,232794.87,159857.91,1255903.82
Madagascar,MDG,Sub-Saharan Africa,Low income,2001,59.129,33.8,1670,4.75725555,2.70720005,5.349999905,,3.831344237,470651.04,7463686.06,2701577.95
Maldives,MDV,South Asia,Upper middle income,2001,70.964,,480,8.21364975,,2.996999979,,,6566.36,22520.53,41713.97
Mexico,MEX,Latin America & Caribbean,Upper middle income,2001,74.658,3.3,378830,4.8203578,4.24104023,2.630000114,,17.96506537,3591742.93,5739024.98,16682733.14
Marshall Islands,MHL,East Asia & Pacific,Upper middle income,2001,,,110,16.35200119,,,,,2622.02,6231.2,11006.56
North Macedonia,MKD,Europe & Central Asia,Upper middle income,2001,73.43658537,7.5,8920,8.3815918,,30.52000046,,12.89709303,75058.95,47316.94,575029.88
Mali,MLI,Sub-Saharan Africa,Low income,2001,48.758,16.2,1610,4.51951408,2.658449888,6.302999973,,6.76331851,636033.28,10054240.09,2017488.66
Malta,MLT,Middle East & North Africa,High income,2001,78.84390244,2.5,2490,6.99985981,,7.110000134,,91.86797469,8172.44,5656.81,91973.09
Myanmar,MMR,East Asia & Pacific,Lower middle income,2001,60.377,37.6,8350,2.14881921,,0.674000025,,58.92317706,2642483.37,13438452.76,11950793.29
Montenegro,MNE,Europe & Central Asia,Upper middle income,2001,73.1875122,9.6,1670,,,28.74099922,,,24946.22,14377.31,162646.59
Mongolia,MNG,East Asia & Pacific,Lower middle income,2001,63.319,31.1,8970,4.3172245,,6.212999821,,33.71932288,151574.31,311492.22,596024.26
Northern Mariana Islands,MNP,East Asia & Pacific,High income,2001,,,,,,,,,2938.1,2380.25,12206.63
Mozambique,MOZ,Sub-Saharan Africa,Low income,2001,49.295,36.5,1410,2.95498824,,2.842999935,,,727102.3,14740275.43,2789224.28
Mauritania,MRT,Sub-Saharan Africa,Lower middle income,2001,60.788,8.3,1400,3.57184672,2.106839895,9.828000069,,,104174.18,952086.34,394271.32
Mauritius,MUS,Sub-Saharan Africa,Upper middle income,2001,71.76585366,5.7,2570,2.96084642,3.114860058,9.140000343,,,31585.82,43197.63,278067.42
Malawi,MWI,Sub-Saharan Africa,Low income,2001,45.204,23.6,680,2.38508582,4.508979797,5.835000038,,19.43719936,405908.25,10740293.29,1955136.44
Malaysia,MYS,East Asia & Pacific,Upper middle income,2001,72.782,2.5,129460,2.6753974,7.484469891,3.529999971,,65.8615045,675010.81,1040202.68,3668019.93
Namibia,NAM,Sub-Saharan Africa,Upper middle income,2001,51.399,13.5,2460,9.53211975,6.888869762,20.79599953,,,99918.92,901324.95,308421.3
Niger,NER,Sub-Saharan Africa,Low income,2001,50.584,,670,4.75814819,2.279819965,1.470000029,,6.548758476,578147.11,12699015.7,2029328.97
Nigeria,NGA,Sub-Saharan Africa,Lower middle income,2001,46.51,8.9,101950,3.18946958,,3.934999943,,21.30050319,4401973.88,102340440,21881704.97
Nicaragua,NIC,Latin America & Caribbean,Lower middle income,2001,69.934,27.5,3930,5.48459768,,7.449999809,,,168251.13,372628.6,679353.55
Netherlands,NLD,Europe & Central Asia,High income,2001,78.1902439,2.5,167120,8.05946636,4.699649811,2.119999886,,97.44117906,328011.25,241782.63,3924951.1
Norway,NOR,Europe & Central Asia,High income,2001,78.78536585,2.5,34720,8.02202415,6.830629826,3.74000001,,58.89494297,126946.72,61441.66,1128969.34
Nepal,NPL,South Asia,Lower middle income,2001,62.945,23.5,3460,3.80386233,3.708379984,1.746000051,,11.35443284,847450.08,6570763.59,3917088.08
Nauru,NRU,East Asia & Pacific,High income,2001,,,80,15.50226688,,,,,808.33,1606.13,2878.31
New Zealand,NZL,East Asia & Pacific,High income,2001,78.69268293,2.5,31620,7.5789361,6.560490131,5.429999828,,74.93483797,150122.03,43015.81,848323.44
Oman,OMN,Middle East & North Africa,High income,2001,72.58,12.3,28030,3.08315206,4.020319939,4.125,,,134320.24,87948.26,336892.06
Pakistan,PAK,South Asia,Lower middle income,2001,63.066,21.1,99840,2.70667124,,0.564999998,,,4281933.12,58084619.18,27319818.25
Panama,PAN,Latin America & Caribbean,High income,2001,75.233,24.5,6220,6.8341074,4.105879784,3.816999912,,,97752.13,154316.58,436296.46
Peru,PER,Latin America & Caribbean,Upper middle income,2001,71.505,21.5,26540,4.72161007,3.037120104,5.026000023,,12.33495746,1024199.73,2402121.42,3770040.66
Philippines,PHL,East Asia & Pacific,Lower middle income,2001,68.835,18.7,70480,2.84775901,2.92463994,3.700000048,,43.52262482,2887545.85,9955777.05,13181817.63
Palau,PLW,East Asia & Pacific,Upper middle income,2001,,,220,7.8959136,7.70720005,,,,1206.23,1314.29,5205.93
Papua New Guinea,PNG,East Asia & Pacific,Lower middle income,2001,59.487,26.3,3390,2.3006382,,2.803999901,,,259963.78,1514582.61,1114225.21
Poland,POL,Europe & Central Asia,High income,2001,74.2,2.5,293630,5.66721439,5.319029808,18.37000084,,79.901623,1736920.98,592229.85,10233665.17
Puerto Rico,PRI,Latin America & Caribbean,High income,2001,77.06682927,,,,,11.39999962,,32.53629579,137923.4,138334.33,863736.54
Portugal,PRT,Europe & Central Asia,High income,2001,76.81463415,2.5,61380,8.62751484,5.33713007,3.829999924,,50.83873125,336954.98,237045.28,2897529.91
Paraguay,PRY,Latin America & Caribbean,Upper middle income,2001,70.786,10.5,3610,5.60815763,3.833570004,6.210000038,,44.94455986,175296.01,358853.73,759227.57
Qatar,QAT,Middle East & North Africa,High income,2001,77.612,,28650,2.3197093,3.200190067,0.846000016,,71.1,28021.47,15181.01,86439
Romania,ROU,Europe & Central Asia,High income,2001,71.16097561,2.5,95230,4.37598133,3.266289949,6.559999943,,51.9938812,1013547.64,737648.7,6958880.79
Rwanda,RWA,Sub-Saharan Africa,Low income,2001,49.936,38.5,560,3.89250112,4.827859879,0.842999995,,,622884.72,5434698.89,1375113.91
Saudi Arabia,SAU,Middle East & North Africa,High income,2001,72.759,4.9,254090,4.46173573,7.718870163,4.619999886,,37.28527113,1154674.35,982640.87,3255472.18
Sudan,SDN,Sub-Saharan Africa,Low income,2001,58.859,21.5,6250,3.36456847,,15.18000031,,,1607027.1,9538031.34,6011769.22
Senegal,SEN,Sub-Saharan Africa,Lower middle income,2001,58.177,24.1,4460,3.67916536,2.471509933,5.606999874,,14.2940866,319771.29,4508804.21,1639502.57
Singapore,SGP,East Asia & Pacific,High income,2001,78.25121951,,42030,3.16302657,3.542490005,3.75999999,,100,84897.01,63745.56,602137.61
Solomon Islands,SLB,East Asia & Pacific,Lower middle income,2001,67.816,13.3,250,6.60538769,,1.906999946,,,30629.39,99375.76,121254.14
Sierra Leone,SLE,Sub-Saharan Africa,Low income,2001,40.369,50.7,440,10.97251225,3.432719946,3.457000017,,9.025286617,215749.14,3974083.31,919964.08
El Salvador,SLV,Latin America & Caribbean,Lower middle income,2001,69.162,7.2,5870,8.82467365,,6.960000038,,,448029.97,387285.02,950453.19
San Marino,SMR,Europe & Central Asia,High income,2001,,,,5.69305277,,,,70.3715,622.11,330.16,6033.23
Somalia,SOM,Sub-Saharan Africa,Low income,2001,51.213,70.6,510,,,19.03800011,,16.1518236,578729.05,8492605.39,1721710.68
Serbia,SRB,Europe & Central Asia,Upper middle income,2001,72.23414634,3.1,45000,6.86061621,,12.80000019,,22.40871639,384910.03,202802.18,3046386.32
South Sudan,SSD,Sub-Saharan Africa,Low income,2001,49.592,,530,,,12.06799984,,,321245.76,4801855.46,1053775.96
Sao Tome and Principe,STP,Sub-Saharan Africa,Lower middle income,2001,62.017,14.7,50,10.83180332,,15.72999954,,13.72840075,3361.28,39262.77,24498.78
Suriname,SUR,Latin America & Caribbean,Upper middle income,2001,67.913,11.8,1520,4.09541416,,11.9119997,,29.70744826,19663.87,52180.64,92625.36
Slovenia,SVN,Europe & Central Asia,High income,2001,75.75853659,2.5,15380,7.87602425,5.756830215,5.679999828,,26.72192345,104446.68,27472.9,516992.02
Sweden,SWE,Europe & Central Asia,High income,2001,79.79512195,2.5,52500,7.90032959,6.617640018,4.730000019,,93.04732631,234811.5,100823.72,2289027.28
Eswatini,SWZ,Sub-Saharan Africa,Lower middle income,2001,45.799,10.5,610,5.13895321,4.838240147,24.82900047,,,65303.13,725190.42,180150.72
Seychelles,SYC,Sub-Saharan Africa,High income,2001,73.25365854,,320,5.39628124,,,,,2617.97,3907.56,17382.24
Chad,TCD,Sub-Saharan Africa,Low income,2001,47.789,38.8,340,5.29329205,2.42614007,0.810000002,,8.625477197,428255.62,7738497.78,1490869.54
Togo,TGO,Sub-Saharan Africa,Low income,2001,53.554,31.3,1180,2.88543582,3.767040014,4.019000053,,5.71613038,190442.49,2816445.41,765884.83
Thailand,THA,East Asia & Pacific,Upper middle income,2001,70.832,17.3,173160,3.02623773,4.81787014,2.599999905,,20.05491674,3853836.67,4314043.74,11879825.13
Tajikistan,TJK,Europe & Central Asia,Lower middle income,2001,62.807,,2150,4.57802582,2.376590014,14.77299976,,,250407.96,1135771.66,1064910.53
Turkmenistan,TKM,Europe & Central Asia,Upper middle income,2001,63.842,6.8,39120,8.14875412,,10.67500019,,,168597.21,535314.51,850293.42
Tonga,TON,East Asia & Pacific,Upper middle income,2001,69.725,,90,3.54290938,4.477560043,4.336999893,,33.24307437,2333.31,6968.64,18837.48
Trinidad and Tobago,TTO,Latin America & Caribbean,High income,2001,69.65,10,11620,4.0346489,3.065289974,10.88000011,,,48363.16,79780.48,299839.38
Tunisia,TUN,Middle East & North Africa,Lower middle income,2001,73.415,4.4,21570,5.09929466,6.201849937,14.39999962,,55.13118286,334001.48,452896.66,1755917.59
Tuvalu,TUV,East Asia & Pacific,Upper middle income,2001,,,10,19.18874931,,,,4.741816934,442.4,977.15,2804.71
Tanzania,TZA,Sub-Saharan Africa,Lower middle income,2001,51.444,33.1,3130,4.2355175,,2.99000001,,5.915949964,1057619.26,23531447.73,5500812.39
Uganda,UGA,Sub-Saharan Africa,Low income,2001,47.22,,1300,5.03950405,,3.273999929,,,912793.79,20173728.72,3704969.74
Ukraine,UKR,Europe & Central Asia,Lower middle income,2001,67.83707317,3,300550,5.72534418,4.525680065,11.06000042,,42.36141509,3794205.08,1475901.04,18914355.11
Uruguay,URY,Latin America & Caribbean,High income,2001,74.939,3.6,4950,9.79864407,2.800960064,15.05000019,,,132065.56,98023.06,813401.72
United States,USA,North America,High income,2001,76.83658537,2.5,5748260,13.16362572,,4.730000019,,97.57210272,9309465.84,5130329.57,75084511.16
Uzbekistan,UZB,Europe & Central Asia,Lower middle income,2001,67.374,17.9,125700,5.54972124,,11.20499992,,,1069725.16,2865791.81,5317644.42
Vietnam,VNM,East Asia & Pacific,Lower middle income,2001,73.228,19.7,56720,4.51130724,,2.75999999,,,2704748.48,5466480.61,12763734.45
Vanuatu,VUT,East Asia & Pacific,Lower middle income,2001,67.583,7.5,90,3.39338827,8.95114994,1.875,,,9316.87,27165.72,40980.94
Samoa,WSM,East Asia & Pacific,Lower middle income,2001,69.103,3.5,160,3.93347454,3.826289892,4.960000038,,47.81901745,6181.01,9353.72,35417.63
South Africa,ZAF,Sub-Saharan Africa,Upper middle income,2001,55.089,3.9,320540,7.93901682,4.636179924,30.69000053,,,4151725.99,19716730.32,9140683.86
Zambia,ZMB,Sub-Saharan Africa,Low income,2001,44.615,,1840,6.55248451,,13.50899982,,,391890.74,9409758.14,1678493.06
Zimbabwe,ZWE,Sub-Saharan Africa,Lower middle income,2001,44.01,,13900,,,5.355000019,,30.33755841,415710.21,8698108.22,1641713.17
Afghanistan,AFG,South Asia,Low income,2002,56.784,45.6,1029.999971,9.44338989,,11.25699997,,,1946983.65,9858324.98,5871595.71
Angola,AGO,Sub-Saharan Africa,Lower middle income,2002,47.702,63.2,15689.99958,3.32946134,,3.960999966,,,1218390.06,11126180.82,2725500.21
Albania,ALB,Europe & Central Asia,Upper middle income,2002,74.579,6.1,3759.99999,6.90934134,3.117799997,17.89500046,,40.80820221,111169.56,128986.61,544332.18
Andorra,AND,Europe & Central Asia,High income,2002,,,529.9999714,6.09839916,1.65971005,,,28.9732855,1713.57,700.7,13964.72
United Arab Emirates,ARE,Middle East & North Africa,High income,2002,74.758,3.8,99150.00153,2.71770859,,2.648000002,,74.56568765,152185.29,67064.59,507749.17
Argentina,ARG,Latin America & Caribbean,Upper middle income,2002,73.932,3.8,117470.0012,7.3933115,4.017340183,19.59000015,,48.26404854,1399269.32,1557396.78,8194861.85
Armenia,ARM,Europe & Central Asia,Upper middle income,2002,72.112,24.5,3119.999886,7.61359835,2.135040045,10.77600002,,46.43120892,98830.06,115370.74,774712.2
American Samoa,ASM,East Asia & Pacific,Upper middle income,2002,,,,,,,,,1665.36,2863.99,10932.87
Antigua and Barbuda,ATG,Latin America & Caribbean,High income,2002,74.395,,389.9999857,5.28793621,3.395250082,,,,2182.35,3199.12,14520.23
Australia,AUS,East Asia & Pacific,High income,2002,79.93658537,2.5,353369.9951,7.89332151,,6.369999886,,58.78889399,612146.16,208508.22,4204336.65
Austria,AUT,Europe & Central Asia,High income,2002,78.67804878,2.5,69370.00275,9.3947649,5.522130013,4.849999905,,99.6771794,239073.82,77002.74,2109744.02
Azerbaijan,AZE,Europe & Central Asia,Upper middle income,2002,67.391,13.4,26180.00031,2.73279428,3.154459953,10.03999996,,20.52351408,232758.51,872912.98,1853916.87
Burundi,BDI,Sub-Saharan Africa,Low income,2002,50.81,,209.9999934,6.47216082,3.004930019,1.585999966,,,1282394.72,4951643.91,1112144.03
Belgium,BEL,Europe & Central Asia,High income,2002,78.07560976,2.5,110849.9985,8.3182106,,6.909999847,,73.84478576,393261.55,161839.29,2717178.84
Benin,BEN,Sub-Saharan Africa,Lower middle income,2002,56.025,15.5,2180.000067,3.04335403,2.159490108,0.689999998,,,298954.2,4186075.43,1223108.08
Burkina Faso,BFA,Sub-Saharan Africa,Low income,2002,51.384,20.5,959.9999785,2.97113252,,2.730000019,,,552452.54,10154459.49,2468439.93
Bangladesh,BGD,South Asia,Lower middle income,2002,66.43,15.1,27430.00031,2.25972915,2.017149925,3.898000002,,19.82435712,4902787.92,28077045.24,20912715.8
Bulgaria,BGR,Europe & Central Asia,Upper middle income,2002,71.86585366,4.2,43599.99847,7.0809865,3.386080027,18.11000061,,50.70176125,366483.94,174906.52,3104930.18
Bahrain,BHR,Middle East & North Africa,High income,2002,74.822,,17219.99931,3.85486555,,1.105000019,,70.59947504,19515.94,15208.3,111236.86
Bosnia and Herzegovina,BIH,Europe & Central Asia,Upper middle income,2002,74.803,3,14560.00042,7.12647152,,27.54599953,,18.25262314,137892.12,74759.64,1005344.57
Belarus,BLR,Europe & Central Asia,Upper middle income,2002,68.05609756,2.7,51840.00015,5.62329483,,10.90699959,,84.29302577,857464.44,223663.05,3764341.1
Belize,BLZ,Latin America & Caribbean,Upper middle income,2002,69.272,5.4,519.9999809,4.71499634,,10.03999996,,,13479.38,20002.73,39082.3
Bermuda,BMU,North America,High income,2002,78.08780488,,,,,,,,1250.08,1575.91,13601.52
Bolivia,BOL,Latin America & Caribbean,Lower middle income,2002,63.64,26.9,8300.000191,4.89645052,,2.493999958,,29.82490728,428703.95,1530579.24,1609824.49
Brazil,BRA,Latin America & Caribbean,Upper middle income,2002,70.813,9.3,317760.0098,8.69685745,3.750370026,9.369999886,,36.58589826,9428323.62,13536488.62,36873444.6
Barbados,BRB,Latin America & Caribbean,High income,2002,77.534,6.2,1370.000005,5.86123419,5.880620003,10.31999969,,,6726.88,11384.8,62555.28
Bhutan,BTN,South Asia,Lower middle income,2002,62.728,,239.9999946,4.59563637,,1.889000058,,62.86786039,22168.94,142738.21,107126.43
Botswana,BWA,Sub-Saharan Africa,Upper middle income,2002,50.232,24.1,4030.00021,6.42154074,,21.13100052,,,113396.75,1304801.19,325819.66
Central African Republic,CAF,Sub-Saharan Africa,Low income,2002,44.063,40.1,250,4.22761345,1.519569993,5.796000004,,19.5857164,317535.17,3668952.32,762351.52
Canada,CAN,North America,High income,2002,79.4902439,2.5,524349.9756,8.85670376,4.993080139,7.659999847,,77.57602197,820102.01,375367.89,6743004.03
Switzerland,CHE,Europe & Central Asia,High income,2002,80.38536585,2.5,43569.99969,9.85215092,5.164219856,2.920000076,,99.61526264,243623.83,81585.27,1737453.48
Chile,CHL,Latin America & Caribbean,High income,2002,76.894,3.2,49119.99893,7.26602364,4.081210136,10.17000008,,51.43395989,518229.08,311721.03,2864361.51
China,CHN,East Asia & Pacific,Upper middle income,2002,72.061,9.4,3810060.059,4.38285208,,4.239999771,,14.36520496,46328146.65,45512557.35,278438272.1
Cote d'Ivoire,CIV,Sub-Saharan Africa,Lower middle income,2002,49.475,21,6840.000153,5.90390921,2.810480118,5.031000137,,,745148.93,12966203.76,2841395.04
Cameroon,CMR,Sub-Saharan Africa,Lower middle income,2002,51.536,20.7,5130.000114,4.29479742,,6.698999882,,,641882.39,10218244.26,2628193.11
Colombia,COL,Latin America & Caribbean,Upper middle income,2002,73.517,9.1,56770.00046,5.73295689,4.268129826,14.47999954,,15.49542283,3705299.03,2237465.47,6464896.05
Comoros,COM,Sub-Saharan Africa,Lower middle income,2002,59.617,,109.9999994,6.68114853,2.258419991,4.649000168,,,19697.19,218052.67,92557.05
Costa Rica,CRI,Latin America & Caribbean,Upper middle income,2002,77.74,5,5519.999981,6.8690896,5.150440216,6.329999924,,38.39468692,114123.62,102451.22,596359.49
Cuba,CUB,Latin America & Caribbean,Upper middle income,2002,77.105,2.5,26420.00008,7.11481667,9.571169853,3.309999943,,40.08200834,350331.55,262305.99,2339264.3
Cyprus,CYP,Europe & Central Asia,High income,2002,78.264,5.7,7170.000076,5.61565971,5.581669807,3.299999952,,76.14944966,27941.92,11030.92,200501.06
Germany,DEU,Europe & Central Asia,High income,2002,78.22926829,2.5,833380.0049,10.18365669,,8.479999542,,95.82752079,2033518.62,883231.26,23252238.38
Djibouti,DJI,Middle East & North Africa,Lower middle income,2002,57.235,40.8,400.000006,3.58787632,8.447600365,28.08300018,,24.86795846,25570.56,311078.67,101464.22
Dominica,DMA,Latin America & Caribbean,Upper middle income,2002,76.59756098,4.1,119.9999973,4.6531105,,,,,2404.68,3532.88,17791.66
Denmark,DNK,Europe & Central Asia,High income,2002,76.89512195,2.5,53840.00015,8.70251179,8.213029861,4.269999981,,86.80213909,144992.24,71415.95,1522892.43
Dominican Republic,DOM,Latin America & Caribbean,Upper middle income,2002,69.957,22.6,20879.99916,4.98649025,1.914010048,6.78000021,,,339447.29,1026377.76,1378543.7
Algeria,DZA,Middle East & North Africa,Lower middle income,2002,71.605,7.3,82400.00153,3.7300415,,25.89999962,,21.18795411,1553845.31,2069327.59,5508249.32
Ecuador,ECU,Latin America & Caribbean,Upper middle income,2002,73.371,22.7,24170.00008,4.4733963,,4.897999763,,40.03130024,628775.18,1091789.44,2005859.53
Eritrea,ERI,Sub-Saharan Africa,Low income,2002,56.5,,680.0000072,6.68851233,3.523900032,5.703000069,,,248898.08,2000275.25,685459.66
Spain,ESP,Europe & Central Asia,High income,2002,79.56829268,2.5,312750,6.80052805,4.134570122,11.14999962,,93.64321295,1110105.98,564219.45,10208135.62
Estonia,EST,Europe & Central Asia,High income,2002,70.90487805,3.5,14949.99981,4.70043564,5.43460989,10.02999973,,92.57887271,98588.99,28265.66,466799.52
Ethiopia,ETH,Sub-Saharan Africa,Low income,2002,53.349,44.2,4570.000172,4.7126298,3.632450104,3.130000114,,2.627151311,3211296.39,45180580.57,10885862.35
Finland,FIN,Europe & Central Asia,High income,2002,78.1195122,2.5,63439.99863,7.62769508,6.0167799,10.42000008,,80.5033269,220738.86,63244.43,1329373.95
Fiji,FJI,East Asia & Pacific,Upper middle income,2002,66.022,3.8,879.9999952,2.983495,6.275869846,3.872999907,,,26621.07,60186.83,197961.34
France,FRA,Europe & Central Asia,High income,2002,79.26097561,2.5,371019.989,10.02218628,,8.699999809,,79.23920255,2178503.37,824698.17,14307987.63
Gabon,GAB,Sub-Saharan Africa,Upper middle income,2002,57.791,12.1,5960.000038,3.33046246,,17.17399979,,,53115.3,444350.62,237594.27
United Kingdom,GBR,Europe & Central Asia,High income,2002,78.14390244,2.5,530789.978,7.94137812,4.628540039,5.039999962,,97.76231207,1257323.27,1084666.87,16430129.64
Georgia,GEO,Europe & Central Asia,Upper middle income,2002,70.22,5.9,2960.000038,7.81474257,2.235019922,12.59000015,,46.59432981,152811.17,194954.29,1451966.95
Ghana,GHA,Sub-Saharan Africa,Lower middle income,2002,57.425,13.5,7429.999828,2.8882091,,8.534999847,,4.885172662,610540.16,8511643.37,3276309.75
Guinea,GIN,Sub-Saharan Africa,Low income,2002,51.484,,1629.999995,5.3613739,2.593869925,4.550000191,,,362930.22,5843853.97,1638079.4
Guinea-Bissau,GNB,Sub-Saharan Africa,Low income,2002,51.123,,150.000006,5.82295132,,6.375999928,,4.004654451,79387.72,869715.27,258160.88
Equatorial Guinea,GNQ,Sub-Saharan Africa,Upper middle income,2002,53.84,,4630.000114,2.34720826,,8.713999748,,,26830.14,361557.29,101166.98
Greece,GRC,Europe & Central Asia,High income,2002,78.64146341,2.5,96599.99847,8.23378086,3.424309969,9.970000267,,78.52453997,277646.31,126267.81,2890073.96
Grenada,GRD,Latin America & Caribbean,Upper middle income,2002,72.929,,239.9999946,6.1756978,,,,,3121.88,4909.37,21506.86
Greenland,GRL,Europe & Central Asia,High income,2002,67.19634146,,,,,,,85.91056238,5014.03,1779.42,14839.45
Guatemala,GTM,Latin America & Caribbean,Upper middle income,2002,68.717,19.9,10470.00027,6.01308298,,2.750999928,,,677850.03,1945987.14,1800666.35
Guam,GUM,East Asia & Pacific,High income,2002,75.726,,,,,11.39000034,,,4430.37,5422.73,28113.02
Guyana,GUY,Latin America & Caribbean,Upper middle income,2002,65.828,6.5,1620.000005,3.19353795,8.365539551,11.81000042,,,50078.11,102838.46,172268.05
Honduras,HND,Latin America & Caribbean,Lower middle income,2002,71.249,21.2,6090.000153,6.2445755,,4.019999981,,41.42015962,353287.64,594411.01,1061562.72
Croatia,HRV,Europe & Central Asia,High income,2002,74.71731707,4.6,20280.00069,6.20509815,3.783269882,15.05000019,,77.98582524,188038.8,71689.86,1340066.43
Haiti,HTI,Latin America & Caribbean,Lower middle income,2002,57.655,52.6,1830.000043,3.40510392,,10.82600021,,,572863.01,2962212.48,2035117.34
Hungary,HUN,Europe & Central Asia,High income,2002,72.34878049,2.5,55599.99847,7.12101698,5.179230213,5.610000134,,63.28747808,478036.87,146306.15,3529018.32
Indonesia,IDN,East Asia & Pacific,Lower middle income,2002,66.321,19.1,305640.0146,1.98062718,2.645689964,6.599999905,,,6843320.92,30124966.45,42387112.22
India,IND,South Asia,Lower middle income,2002,63.304,20.1,985450.0122,4.24016666,,5.53000021,,9.168575044,52183322.47,261766675.1,195575703.7
Ireland,IRL,Europe & Central Asia,High income,2002,77.63414634,2.5,43930.00031,6.67468452,4.104879856,4.21999979,,56.97816906,104089.05,59702.25,896881.3
Iraq,IRQ,Middle East & North Africa,Upper middle income,2002,68.827,21.4,91160.00366,,,8.852000237,,33.92283537,1628758.97,3152618.08,4725486.1
Iceland,ISL,Europe & Central Asia,High income,2002,80.50243902,2.5,2240.00001,9.46551323,7.298920155,2.99000001,,45.91825072,6192.59,3167.78,56104.08
Israel,ISR,Middle East & North Africa,High income,2002,79.45121951,2.5,61080.00183,7.13073444,6.465060234,12.89000034,,81.33140721,221043.13,94409.17,1212610.56
Italy,ITA,Europe & Central Asia,High income,2002,80.22926829,2.5,443470.0012,7.86693525,4.432409763,9.210000038,,95.64554881,1387366.83,603559.57,15466011.81
Jamaica,JAM,Latin America & Caribbean,Upper middle income,2002,74.14,6.9,10250,4.74544334,5.375229836,14.18999958,,,58446.17,145938.97,471630.37
Jordan,JOR,Middle East & North Africa,Upper middle income,2002,72.083,7.7,16870.00084,9.36340237,,15.30000019,,75.54990942,134820.75,254672.29,735235.42
Japan,JPN,East Asia & Pacific,High income,2002,81.56341463,2.5,1206599.976,7.35235357,3.408989906,5.389999866,,73.92285411,3721633.46,1958242.73,28121964.63
Kazakhstan,KAZ,Europe & Central Asia,Upper middle income,2002,65.95,6.6,131059.9976,3.61480069,3.029700041,9.329999924,,,1134706.89,971564.89,4525375.95
Kenya,KEN,Sub-Saharan Africa,Lower middle income,2002,51.606,33.6,7420.000076,4.95863724,6.171999931,2.996000051,,,814440.8,16781791.34,3958195.61
Cambodia,KHM,East Asia & Pacific,Lower middle income,2002,60.283,21.2,2210.000038,7.23566914,1.711210012,1.097000003,,,577266.37,3617795.69,2467339.87
Kiribati,KIR,East Asia & Pacific,Lower middle income,2002,63.731,4.6,39.99999911,11.9012785,,,,17.57820289,3992.38,19474.72,28234.65
Kuwait,KWT,Middle East & North Africa,High income,2002,73.28,2.5,55590.00015,3.12468719,6.551109791,1.100000024,,100,50507.39,41220.9,276229.66
Lebanon,LBN,Middle East & North Africa,Lower middle income,2002,75.488,8.6,16840.00015,9.28530312,2.552710056,8.088000298,,9.425466024,94392.85,151571.25,772014.38
Liberia,LBR,Sub-Saharan Africa,Low income,2002,52.826,38.1,449.9999881,2.89440227,,2.14199996,,,247413.39,2007778.24,460964.04
Libya,LBY,Middle East & North Africa,Upper middle income,2002,71.244,,45590.00015,4.89009905,,19.64900017,,24.43264366,197658.53,216976.14,811743.11
Sri Lanka,LKA,South Asia,Lower middle income,2002,73.085,16.1,11390.00034,4.1731143,,8.760000229,,,909995.02,820029.82,3542236.8
Lesotho,LSO,Sub-Saharan Africa,Lower middle income,2002,44.898,18.5,409.9999964,6.74524212,10.10044956,33.86000061,,11.5308802,136056.06,1447980.8,370767.07
Lithuania,LTU,Europe & Central Asia,High income,2002,71.76097561,2.5,11220.00027,6.14446115,5.800079823,13.01000023,,80.44671074,268458.64,65595.38,1040200.22
Luxembourg,LUX,Europe & Central Asia,High income,2002,77.96585366,2.5,9819.999695,6.73847198,,2.619999886,,90.96029066,12984.62,5479.56,108188.85
Latvia,LVA,Europe & Central Asia,High income,2002,70.96097561,3.4,7349.999905,5.77001858,5.602540016,13.82999992,,52.41175179,183152.59,52984.04,818639.55
Morocco,MAR,Middle East & North Africa,Lower middle income,2002,69.769,5.9,37470.00122,4.42979431,,11.59000015,,33.02361181,1362588.09,3576678.49,5639417.79
Monaco,MCO,Europe & Central Asia,High income,2002,,,,1.79035473,,,,100,900.5,507.15,11192.23
Moldova,MDA,Europe & Central Asia,Upper middle income,2002,67.362,,7179.999828,7.40437651,5.497910023,6.800000191,,,229437.44,154848.73,1276064.57
Madagascar,MDG,Sub-Saharan Africa,Low income,2002,59.717,35.2,1120.000005,4.97110605,2.231790066,5.354000092,,4.204318436,484931.83,7477200.06,2776440.76
Maldives,MDV,South Asia,Upper middle income,2002,71.708,,620.0000048,8.78440094,5.791860104,4.188000202,,,6136.81,21553.38,41025.46
Mexico,MEX,Latin America & Caribbean,Upper middle income,2002,74.922,3.7,386000,5.0716424,4.454959869,3,,18.09879201,3614070.22,5537769.57,17114971.16
Marshall Islands,MHL,East Asia & Pacific,Upper middle income,2002,,,119.9999973,14.37911701,8.208979607,,,,2662.4,6161.92,11284.18
North Macedonia,MKD,Europe & Central Asia,Upper middle income,2002,73.03902439,7.5,8369.999886,8.97826958,3.300149918,31.94000053,,12.91110925,70195.86,45435.42,591248.43
Mali,MLI,Sub-Saharan Africa,Low income,2002,49.54,15.2,1399.999976,4.99772739,2.896229982,7.164000034,,7.407277962,677194.71,9999023.71,2110240.42
Malta,MLT,Middle East & North Africa,High income,2002,78.73902439,2.5,2319.999933,7.70661688,4.143050194,6.900000095,,91.86797469,8284.58,5675.98,93219.37
Myanmar,MMR,East Asia & Pacific,Lower middle income,2002,60.685,34.8,8300.000191,2.57854128,,0.671999991,,59.24143779,2574019.71,12995469.95,12029979.25
Montenegro,MNE,Europe & Central Asia,Upper middle income,2002,73.23726829,9.2,1769.999981,,,29.13400078,,,24079.4,13688.08,165414.62
Mongolia,MNG,East Asia & Pacific,Lower middle income,2002,63.777,30.6,9600.000381,4.43462992,7.210780144,6.199999809,,34.15819176,153650.9,289727.4,601688.57
Northern Mariana Islands,MNP,East Asia & Pacific,High income,2002,,,,,,,,,2772.12,2205.49,11984.43
Mozambique,MOZ,Sub-Saharan Africa,Low income,2002,49.61,35.2,1570.000052,3.34283662,,2.89199996,,,732196.97,14847906.88,2843547.27
Mauritania,MRT,Sub-Saharan Africa,Lower middle income,2002,60.892,7.9,1549.999952,4.00226164,2.277149916,9.819999695,,,105279.52,939459.91,399696.77
Mauritius,MUS,Sub-Saharan Africa,Upper middle income,2002,71.96585366,5.6,2609.999895,3.23190355,3.060899973,8.199999809,,,32139.46,42341.9,285437.6
Malawi,MWI,Sub-Saharan Africa,Low income,2002,45.517,23.8,680.0000072,3.77586961,,5.813000202,,19.68720016,399346.32,10559984.77,1969022.55
Malaysia,MYS,East Asia & Pacific,Upper middle income,2002,72.976,2.8,136380.0049,2.66876554,7.657929897,3.480000019,,66.07066571,677718.89,1025626.41,3753333.79
Namibia,NAM,Sub-Saharan Africa,Upper middle income,2002,50.862,14.5,2130.000114,9.73386574,6.742330074,21.22699928,,,105022.58,943998.17,316627.17
Niger,NER,Sub-Saharan Africa,Low income,2002,51.256,,699.9999881,4.85896921,2.401340008,1.889999986,,7.256499253,578871.29,12489171.51,2069130.68
Nigeria,NGA,Sub-Saharan Africa,Lower middle income,2002,46.835,8.9,92239.99786,2.49064016,,3.881999969,,21.66167444,4491087.7,103250681.2,22506808.29
Nicaragua,NIC,Latin America & Caribbean,Lower middle income,2002,70.308,25.2,4059.999943,5.73315907,2.391010046,7.578000069,,,167850.47,355338.37,703777.77
Netherlands,NLD,Europe & Central Asia,High income,2002,78.29268293,2.5,167429.9927,8.64911556,4.805900097,2.549999952,,97.44142874,328473.74,240542.96,3935355.15
Norway,NOR,Europe & Central Asia,High income,2002,78.98780488,2.5,34369.99893,9.00061893,7.437290192,4.019999981,,59.2291805,125941.31,60959.99,1125052.67
Nepal,NPL,South Asia,Lower middle income,2002,63.57,21.7,2789.999962,3.92991233,3.152839899,1.54400003,,12.91434336,1135045.72,6234354.23,3936191.61
Nauru,NRU,East Asia & Pacific,High income,2002,,,79.99999821,13.1944294,,,,,813.17,1615.55,2897.54
New Zealand,NZL,East Asia & Pacific,High income,2002,78.84634146,2.5,31540.00092,7.90045929,6.406990051,5.28000021,,75.48660676,151036.04,43761.66,852675.61
Oman,OMN,Middle East & North Africa,High income,2002,73.022,11.3,29969.99931,3.18044019,4.325069904,4.204999924,,,139843.29,83906.14,344674.93
Pakistan,PAK,South Asia,Lower middle income,2002,63.3,21.8,102330.0018,2.82704878,,0.547999978,,,4368968.33,58257369.24,28014960.73
Panama,PAN,Latin America & Caribbean,High income,2002,75.401,20.5,5409.999847,6.96316957,4.1916399,3.785000086,,,100562.79,150723.07,448063.81
Peru,PER,Latin America & Caribbean,Upper middle income,2002,71.882,22.9,27729.99954,4.93902206,2.820569992,4.840000153,,14.06601551,967687.56,2307166.37,3810894.12
Philippines,PHL,East Asia & Pacific,Lower middle income,2002,68.88,18.4,71569.99969,2.63767314,2.89222002,3.625999928,,43.87050891,2837066.4,9876723.51,13676346
Palau,PLW,East Asia & Pacific,Upper middle income,2002,,,219.9999988,8.01948452,7.521989822,,,,1205.01,1295.53,5300.45
Papua New Guinea,PNG,East Asia & Pacific,Lower middle income,2002,59.722,27,3609.999895,2.77562952,,2.733999968,,,266901.29,1580296.22,1157331.69
Poland,POL,Europe & Central Asia,High income,2002,74.49756098,2.5,287320.0073,6.0672431,5.387350082,19.88999939,,80.52546174,1714857.15,580407.38,10153995.7
Puerto Rico,PRI,Latin America & Caribbean,High income,2002,77.7604878,,,,,11.93999958,,32.53407898,131180.49,129058.65,844639.81
Portugal,PRT,Europe & Central Asia,High income,2002,77.06585366,2.5,65599.99847,8.78642941,5.258719921,4.5,,51.00560766,328487.72,230034,2907709.66
Paraguay,PRY,Latin America & Caribbean,Upper middle income,2002,71.023,9.3,3779.999971,4.75770569,3.407730103,9.390000343,,45.88077244,179451.88,354254.53,781529.32
Qatar,QAT,Middle East & North Africa,High income,2002,77.762,,32500,2.46044087,3.846560001,0.851000011,,71.1,29885.64,15142.9,91602.2
Romania,ROU,Europe & Central Asia,High income,2002,71.0097561,2.5,93739.99786,4.57694626,3.504129887,8.109999657,,51.97230977,998492.79,693488.06,7041774.78
Rwanda,RWA,Sub-Saharan Africa,Low income,2002,50.987,35.2,560.0000024,3.66946197,,0.889999986,,,487476.68,5170282.74,1385720.15
Saudi Arabia,SAU,Middle East & North Africa,High income,2002,72.92,5,272250,4.2493763,7.636889935,5.269999981,,37.28527113,1185236.47,936917.9,3314963.19
Sudan,SDN,Sub-Saharan Africa,Low income,2002,59.258,20.3,7710.000038,3.30010867,1.164250016,15.13099957,,,1781360.42,9255054.57,6029084.02
Senegal,SEN,Sub-Saharan Africa,Lower middle income,2002,58.675,22.9,4579.999924,3.95129871,2.594419956,5.650000095,,14.63925679,389469.68,4400201.14,1670474.24
Singapore,SGP,East Asia & Pacific,High income,2002,78.55121951,,41290.00092,3.358464,3.878530025,5.650000095,,100,83339.93,64822.19,605389.59
Solomon Islands,SLB,East Asia & Pacific,Lower middle income,2002,68.175,13.1,259.9999905,10.10495281,,1.825000048,,,31513.77,101549.55,124691.37
Sierra Leone,SLE,Sub-Saharan Africa,Low income,2002,41.376,49.8,500,11.42102432,3.54527998,3.388000011,,9.296184108,219195.55,4108946.37,960396.62
El Salvador,SLV,Latin America & Caribbean,Lower middle income,2002,69.432,7.1,5940.000057,8.77833939,3.242840052,5.730000019,,,367607.48,360094.37,942136.39
San Marino,SMR,Europe & Central Asia,High income,2002,,,,5.44233704,,,,70.3715,623.63,330.39,6147.7
Somalia,SOM,Sub-Saharan Africa,Low income,2002,51.492,70.5,569.9999928,,,19.0189991,,16.66339479,603134.22,8624116.74,1782664.33
Serbia,SRB,Europe & Central Asia,Upper middle income,2002,72.28536585,3,48580.00183,8.0600071,,13.80000019,,22.05312151,370930.9,200023.59,3031146.72
South Sudan,SSD,Sub-Saharan Africa,Low income,2002,50.05,,670.0000167,,,12.08100033,,,319232.5,4817154.5,1063299.31
Sao Tome and Principe,STP,Sub-Saharan Africa,Lower middle income,2002,62.687,12.8,59.99999866,10.66279221,2.720580101,17.62999916,,14.81867034,3781.09,36011.64,25804.54
Suriname,SUR,Latin America & Caribbean,Upper middle income,2002,68.064,11.5,1120.000005,5.70779514,,11.15299988,,29.94854128,20139.92,50885.75,96879.09
Slovenia,SVN,Europe & Central Asia,High income,2002,76.00731707,2.5,15520.00046,8.02119923,5.672860146,5.920000076,,28.80603237,102860.42,26693.41,509671.39
Sweden,SWE,Europe & Central Asia,High income,2002,79.84634146,2.5,54020.00046,8.21006203,6.924349785,4.96999979,,93.11634789,234623.21,99985.04,2286313.06
Eswatini,SWZ,Sub-Saharan Africa,Lower middle income,2002,44.41,9.7,620.0000048,5.5229826,4.440869808,25.36100006,,,66442.65,777525.31,188813.34
Seychelles,SYC,Sub-Saharan Africa,High income,2002,71.08780488,,349.999994,4.56042624,5.193329811,,,,2705.11,3990.19,17944.01
Chad,TCD,Sub-Saharan Africa,Low income,2002,47.9,37.6,400.000006,7.26788855,,0.83099997,,8.646667278,436480.59,7912265.22,1529331.07
Togo,TGO,Sub-Saharan Africa,Low income,2002,53.71,31.1,1340.000033,2.90226316,3.487449884,4.046999931,,5.89863863,198596.41,2860334.73,789931.98
Thailand,THA,East Asia & Pacific,Upper middle income,2002,71.089,16.4,184240.0055,3.334723,3.864919901,1.820000052,,20.18837832,3845443.96,4238153.34,12076830.39
Tajikistan,TJK,Europe & Central Asia,Lower middle income,2002,63.653,,2130.000114,4.43647242,2.775789976,14.4119997,,,240171.1,1077391.36,1084026.31
Turkmenistan,TKM,Europe & Central Asia,Upper middle income,2002,64.101,6.2,41409.99985,7.0219698,,9.748000145,,,169361.01,505262.79,887062.24
Tonga,TON,East Asia & Pacific,Upper middle income,2002,69.771,,100.0000015,3.71628523,3.795000076,4.664000034,,33.24138237,2333.25,6901.46,19067.82
Trinidad and Tobago,TTO,Latin America & Caribbean,High income,2002,69.903,10.5,12680.00031,4.72302485,3.543009996,10.39000034,,,48619.64,76235.34,298030.88
Tunisia,TUN,Middle East & North Africa,Lower middle income,2002,73.638,4.4,21709.99908,5.37092733,5.790060043,14.55000019,,56.16356304,335310.79,433190.02,1780059.69
Tuvalu,TUV,East Asia & Pacific,Upper middle income,2002,,,9.999999776,13.28484821,,,,4.742182556,437.01,927.01,2806.28
Tanzania,TZA,Sub-Saharan Africa,Lower middle income,2002,52.142,34,3569.999933,4.68907547,,3.039999962,,7.14860262,1117431.42,23057313.34,5669230.67
Uganda,UGA,Sub-Saharan Africa,Low income,2002,48.299,,1490.00001,4.75769854,,3.5,,,1074871.35,19847295.92,3774056.03
Ukraine,UKR,Europe & Central Asia,Lower middle income,2002,68.27560976,2.5,303940.0024,5.99220037,5.240069866,10.14000034,,42.83853218,3746729.81,1446896.51,19150059.14
Uruguay,URY,Latin America & Caribbean,High income,2002,75.152,3.5,4530.00021,9.68134212,2.32220006,16.64999962,,,132655.32,97607.51,818923.08
United States,USA,North America,High income,2002,76.93658537,2.5,5593029.785,13.98185062,,5.78000021,,97.63605082,9181725.83,5161991.02,75985352.59
Uzbekistan,UZB,Europe & Central Asia,Lower middle income,2002,67.613,19.2,129889.9994,5.44828367,,10.14500046,,,1066204.54,2799471.9,5473093.26
Vietnam,VNM,East Asia & Pacific,Lower middle income,2002,73.438,18,66500,3.59967494,,2.119999886,,,2725612.16,5324552.56,13075489.28
Vanuatu,VUT,East Asia & Pacific,Lower middle income,2002,67.793,7.4,79.99999821,3.9043777,8.131979942,1.921000004,,,9122.65,29206.95,41071.56
Samoa,WSM,East Asia & Pacific,Lower middle income,2002,69.451,3.5,170.0000018,4.64051867,3.841389894,5.096000195,,47.83400776,6129.21,9144.3,35855.35
South Africa,ZAF,Sub-Saharan Africa,Upper middle income,2002,54.31,3.7,331320.0073,7.46446323,4.54569006,33.29000092,,,4262136.48,21654426.91,9305393.22
Zambia,ZMB,Sub-Saharan Africa,Low income,2002,45.4,,1919.999957,6.79403543,,14.11800003,,,386299.86,9112680.04,1705971.19
Zimbabwe,ZWE,Sub-Saharan Africa,Lower middle income,2002,43.523,,12489.99977,,,5.061999798,,30.36326532,428020.82,8931698.07,1687422.17
Afghanistan,AFG,South Asia,Low income,2003,57.271,40.6,1220.000029,8.94125843,,11.14099979,,,1992263.52,9157600.44,6166298.79
Angola,AGO,Sub-Saharan Africa,Lower middle income,2003,48.44,58.7,16760.00023,3.54797316,,3.957999945,,,1204475.81,11059687.49,2817017.06
Albania,ALB,Europe & Central Asia,Upper middle income,2003,74.828,7.5,4070.000172,7.06348991,3.138230085,16.98900032,,41.08650252,106457.8,118886.92,564357.62
Andorra,AND,Europe & Central Asia,High income,2003,,,529.9999714,5.63991785,,,,36.15790772,1825.54,750.28,14724.44
United Arab Emirates,ARE,Middle East & North Africa,High income,2003,74.968,5.1,103819.9997,2.64634395,,2.750999928,,74.56568765,158023.12,68604.42,533947.14
Argentina,ARG,Latin America & Caribbean,Upper middle income,2003,74.107,4.5,127660.0037,6.89451599,3.535049915,15.35999966,,48.47481229,1364894.64,1571267.73,8275119.93
Armenia,ARM,Europe & Central Asia,Upper middle income,2003,72.348,21.1,3500,7.17937517,2.145040035,10.59399986,,46.50704924,94756.4,110954.82,784556.42
American Samoa,ASM,East Asia & Pacific,Upper middle income,2003,,,,,,,,,2054.97,2762.29,11067.78
Antigua and Barbuda,ATG,Latin America & Caribbean,High income,2003,74.613,,409.9999964,5.58626556,,,,,2198.61,3068.21,14763.34
Australia,AUS,East Asia & Pacific,High income,2003,80.23902439,2.5,352579.9866,7.90449524,,5.929999828,,58.78889399,613326.24,208611.73,4227423.34
Austria,AUT,Europe & Central Asia,High income,2003,78.63170732,2.5,74459.99908,9.5472393,5.361830235,4.78000021,,99.67331859,237801.53,79025.4,2119400.92
Azerbaijan,AZE,Europe & Central Asia,Upper middle income,2003,67.791,10.4,28569.99969,2.73471093,3.286149979,9.170000076,,21.4468334,231078.66,859723.72,1911157.73
Burundi,BDI,Sub-Saharan Africa,Low income,2003,51.69,,159.9999964,6.31327724,,1.613000035,,,1326782.21,4813087.43,1138804.92
Belgium,BEL,Europe & Central Asia,High income,2003,78.12926829,2.5,115500,9.20823288,,7.679999828,,73.84502393,393432.27,164843.3,2714639.38
Benin,BEN,Sub-Saharan Africa,Lower middle income,2003,56.436,13.7,2440.000057,3.0376544,2.283159971,0.735000014,,,310226.32,4245932.23,1244980.71
Burkina Faso,BFA,Sub-Saharan Africa,Low income,2003,51.956,18.6,1039.999962,3.14307165,,2.779999971,,,564930.9,10141299.75,2521317.47
Bangladesh,BGD,South Asia,Lower middle income,2003,66.886,14.9,28629.99916,2.30958843,2.069390059,4.320000172,,20.90848136,4739883.21,26912883.65,21309139.5
Bulgaria,BGR,Europe & Central Asia,Upper middle income,2003,72.06585366,4.5,47930.00031,7.19987392,3.998450041,13.72999954,,50.56548615,357078.88,169065.62,3089412.68
Bahrain,BHR,Middle East & North Africa,High income,2003,74.999,,17940.00053,3.98856878,,1.087000012,,71.81378837,20457.5,15800.77,119318.7
Bosnia and Herzegovina,BIH,Europe & Central Asia,Upper middle income,2003,74.941,2.6,14869.99989,8.03272915,,28.36400032,,18.89493456,135644.98,70040.4,1010845.3
Belarus,BLR,Europe & Central Asia,Upper middle income,2003,68.55365854,3.3,52700.00076,5.76984167,,10.32400036,,84.36469803,821518.17,219612.81,3683432.69
Belize,BLZ,Latin America & Caribbean,Upper middle income,2003,69.511,5.5,509.9999905,4.62012959,5.248209953,10.23999977,,,13413.57,20078.23,40015.31
Bermuda,BMU,North America,High income,2003,78.33414634,,,,1.666270018,,,,1421.17,1527.36,13619.47
Bolivia,BOL,Latin America & Caribbean,Lower middle income,2003,64.21,27.7,9079.999924,5.19709635,,2.536999941,,30.73120179,420548.63,1470631.52,1636333.57
Brazil,BRA,Latin America & Caribbean,Upper middle income,2003,71.17,7.9,310809.9976,8.18899918,,9.989999771,,37.00214532,9444629.12,13246537.98,37565232.82
Barbados,BRB,Latin America & Caribbean,High income,2003,77.682,6.7,1379.999995,6.68377304,6.245699883,11,,,7021.72,10927.34,64271.83
Bhutan,BTN,South Asia,Lower middle income,2003,63.624,,259.9999905,4.1293807,,1.799999952,,63.3303878,22199.64,133086.15,108809.06
Botswana,BWA,Sub-Saharan Africa,Upper middle income,2003,50.518,24.5,3920.000076,6.1761694,,23.79999924,,,114820.43,1273656.16,327834.69
Central African Republic,CAF,Sub-Saharan Africa,Low income,2003,44.182,40.6,230.0000042,4.39720249,1.539800048,5.81099987,,19.54025698,307254.75,3711588.69,776904.73
Canada,CAN,North America,High income,2003,79.74146341,2.5,544539.978,9.01090145,,7.570000172,,78.02877775,822755.13,382169.71,6818862.13
Switzerland,CHE,Europe & Central Asia,High income,2003,80.53658537,2.5,44840.00015,10.10937595,5.36935997,4.119999886,,99.61553749,239590.71,80701.22,1741694.52
Chile,CHL,Latin America & Caribbean,High income,2003,77.146,3.2,50200.00076,7.33330393,3.963459969,9.770000458,,51.65471264,517251.28,303346.62,2930080.37
China,CHN,East Asia & Pacific,Upper middle income,2003,72.381,8.6,4415910.156,4.41762829,,4.579999924,,16.4711643,46073391,41472128.23,281511132.1
Cote d'Ivoire,CIV,Sub-Saharan Africa,Lower middle income,2003,49.572,20.6,5309.999943,5.47977018,2.864370108,5.255000114,,,748034.58,13002141.98,2894474.23
Cameroon,CMR,Sub-Saharan Africa,Lower middle income,2003,51.908,19.3,5210.000038,4.26826382,2.822590113,5.929999828,,,673803.97,10527278.86,2727166.97
Colombia,COL,Latin America & Caribbean,Upper middle income,2003,73.777,9.8,56110.00061,5.77505875,4.325139999,13.22000027,,15.66127258,2843102.26,2178696.39,6457997.14
Comoros,COM,Sub-Saharan Africa,Lower middle income,2003,59.738,,140.0000006,6.65392351,,4.610000134,,,18254.37,208644.43,92468.61
Costa Rica,CRI,Latin America & Caribbean,Upper middle income,2003,77.871,5.2,5800.000191,6.9691925,5.133739948,6.559999943,,38.15527017,116495.68,99531.29,610710.03
Cuba,CUB,Latin America & Caribbean,Upper middle income,2003,77.303,2.5,25629.99916,7.10295439,9.940859795,2.329999924,,39.95512326,342003.03,259422.44,2385418.72
Cyprus,CYP,Europe & Central Asia,High income,2003,78.385,6.1,7829.999924,5.63568783,6.670229912,4.139999866,,76.19497826,27480.54,10872.12,203214.75
Germany,DEU,Europe & Central Asia,High income,2003,78.3804878,2.5,836789.978,10.40202236,,9.779999733,,95.84164588,2005621.1,897399.53,23295412.71
Djibouti,DJI,Middle East & North Africa,Lower middle income,2003,57.427,38.2,409.9999964,3.97685766,8.889849663,27.9640007,,24.87632973,25611,314828.97,104942.24
Dominica,DMA,Latin America & Caribbean,Upper middle income,2003,,4.7,140.0000006,4.84617901,,,,,2521.29,3469.45,17874.76
Denmark,DNK,Europe & Central Asia,High income,2003,77.14390244,2.5,59229.99954,8.9036293,8.121930122,5.400000095,,86.80213981,141177.22,73593.94,1509079.49
Dominican Republic,DOM,Latin America & Caribbean,Upper middle income,2003,70.227,23.6,18729.99954,4.38888311,1.84465003,6.940000057,,,356776.43,999273.18,1436364.08
Algeria,DZA,Middle East & North Africa,Lower middle income,2003,72.101,7,88190.00244,3.60104108,,23.71999931,,21.02308991,1599531.45,2034126.11,5571735.84
Ecuador,ECU,Latin America & Caribbean,Upper middle income,2003,73.641,22.7,24659.99985,5.44066668,,5.659999847,,40.07813763,653948.94,1053799.2,2093151.43
Eritrea,ERI,Sub-Saharan Africa,Low income,2003,57.191,,689.9999976,7.33703375,,5.578999996,,,258439.81,2002959.67,710708.07
Spain,ESP,Europe & Central Asia,High income,2003,79.6195122,2.5,318660.0037,7.56392097,4.173429966,11.27999973,,93.4587513,1121936.96,574299.12,10366494.8
Estonia,EST,Europe & Central Asia,High income,2003,71.31707317,3.3,16940.00053,4.85959911,5.273099899,11.28999996,,92.54579523,90757.51,26914.09,458420.82
Ethiopia,ETH,Sub-Saharan Africa,Low income,2003,54.211,42.6,5019.999981,4.89970922,,2.941999912,,2.876350728,3153982.99,44122076.1,10876685.74
Finland,FIN,Europe & Central Asia,High income,2003,78.36829268,2.5,71709.99908,7.93805122,6.167439938,10.47000027,,80.76022722,220248.89,59645.87,1334916.7
Fiji,FJI,East Asia & Pacific,Upper middle income,2003,66.152,3.9,1049.999952,2.97298193,,3.905999899,,,27154.67,60796.96,202979.52
France,FRA,Europe & Central Asia,High income,2003,79.11463415,2.5,376709.9915,10.08283329,,8.31000042,,79.19956145,2165435.09,823391.3,14368533.91
Gabon,GAB,Sub-Saharan Africa,Upper middle income,2003,57.759,13.3,6440.000057,3.53691506,,17.07099915,,,54581.13,443765.09,243135.75
United Kingdom,GBR,Europe & Central Asia,High income,2003,78.44634146,2.5,543039.978,8.11239147,4.80573988,4.809999943,,97.77801886,1251409.15,1084310.57,16417159.67
Georgia,GEO,Europe & Central Asia,Upper middle income,2003,70.349,4.8,3160.000086,8.02952862,2.065599918,11.51000023,,45.84220307,139004.93,182085.38,1446778.53
Ghana,GHA,Sub-Saharan Africa,Lower middle income,2003,57.785,12.6,7139.999866,2.83229733,,7.563000202,,5.346610486,638596.27,8571056.21,3387838.44
Guinea,GIN,Sub-Saharan Africa,Low income,2003,51.901,,1700.000048,4.7780695,2.371020079,4.616000175,,,369144.8,5735992.81,1667016.96
Guinea-Bissau,GNB,Sub-Saharan Africa,Low income,2003,51.501,,189.9999976,5.88066721,,6.368000031,,4.380860074,80436.03,858389.09,262676.69
Equatorial Guinea,GNQ,Sub-Saharan Africa,Upper middle income,2003,54.064,,5010.000229,1.97840834,,8.772999763,,,26652.77,357418.05,103383.03
Greece,GRC,Europe & Central Asia,High income,2003,78.84146341,2.5,100220.0012,8.44915676,3.429339886,9.409999847,,79.18024195,274894.84,124077.48,2901286.21
Grenada,GRD,Latin America & Caribbean,Upper middle income,2003,73.023,,250,5.28485727,3.926739931,,,,3171.56,4806.56,21848.32
Greenland,GRL,Europe & Central Asia,High income,2003,68.11487805,,,,,,,85.91055988,4925.62,1697.5,14776.66
Guatemala,GTM,Latin America & Caribbean,Upper middle income,2003,69.092,18.9,10539.99996,6.15313578,,2.809999943,,,714988.24,1848483.46,1860104.17
Guam,GUM,East Asia & Pacific,High income,2003,76.065,,,,,9.753000259,,,4361.11,5521.37,28365.13
Guyana,GUY,Latin America & Caribbean,Upper middle income,2003,66.122,6.8,1620.000005,3.26884198,6.955900192,11.5539999,,,50892.97,97495.06,172736.75
Honduras,HND,Latin America & Caribbean,Lower middle income,2003,71.511,21.7,6730.000019,6.8900466,,5.300000191,,42.06863879,364135.94,577433.02,1095704.3
Croatia,HRV,Europe & Central Asia,High income,2003,74.61390244,3.7,21610.00061,6.35763264,3.831350088,13.92000008,,78.04491845,187047.51,70023.26,1352135.03
Haiti,HTI,Latin America & Caribbean,Lower middle income,2003,57.959,53,1809.999943,3.41427732,,11.99699974,,,589947.9,2930674.04,2086656.08
Hungary,HUN,Europe & Central Asia,High income,2003,72.3,2.5,58189.99863,8.11923409,5.791150093,5.789999962,,62.99622209,468951.96,142567.69,3550464.05
Indonesia,IDN,East Asia & Pacific,Lower middle income,2003,66.631,18.9,333890.0146,2.24837184,3.217999935,6.659999847,,,6701750.23,29355201.16,43214107.72
India,IND,South Asia,Lower middle income,2003,63.699,21.5,1011770.02,4.0084796,3.613409996,5.643000126,,11.04516035,50948502.62,254933810,196687860.2
Ireland,IRL,Europe & Central Asia,High income,2003,78.13902439,2.5,44090.00015,7.0096755,4.204939842,4.480000019,,58.57256608,101168.9,58295.72,898017.03
Iraq,IRQ,Middle East & North Africa,Upper middle income,2003,68.636,20.2,81279.99878,2.99196076,,8.819000244,,34.43314127,2653768.21,3081027.51,4866321.77
Iceland,ISL,Europe & Central Asia,High income,2003,80.96341463,2.5,2230.000019,9.72930241,7.245079994,4,,47.9690222,6133.1,3148.46,56283.62
Israel,ISR,Middle East & North Africa,High income,2003,79.64878049,2.5,62930.00031,7.06917286,6.345499992,13.51000023,,82.08964173,183939.46,94391.32,1225317.92
Italy,ITA,Europe & Central Asia,High income,2003,79.98292683,2.5,462200.0122,7.83297729,4.541790009,8.869999886,,95.64804388,1323198.78,613641.69,15603430.94
Jamaica,JAM,Latin America & Caribbean,Upper middle income,2003,74.142,7,10590.00015,4.22014093,4.256849766,11.72999954,,,55021.99,136178.11,466301.82
Jordan,JOR,Middle East & North Africa,Upper middle income,2003,72.256,6.3,17309.99947,8.84089088,,14.5,,75.60137592,138941.75,252240.09,745660.88
Japan,JPN,East Asia & Pacific,High income,2003,81.76,2.5,1214949.951,7.48654842,3.466629982,5.25,,74.36134337,3744347.9,1972128.54,28449721.23
Kazakhstan,KAZ,Europe & Central Asia,Upper middle income,2003,65.74,7.1,146139.9994,3.72334647,,8.779999733,,,1169591.78,952729.35,4620625.04
Kenya,KEN,Sub-Saharan Africa,Lower middle income,2003,52.41,34.9,6530.00021,5.16912365,6.494269848,2.969000101,,,848472.73,16738010.08,4134060.35
Cambodia,KHM,East Asia & Pacific,Lower middle income,2003,61.241,19.4,2380.000114,6.95020199,,1.113999963,,,568646.42,3424163.41,2490510.44
Kiribati,KIR,East Asia & Pacific,Lower middle income,2003,63.995,5,39.99999911,10.66935253,,,,18.34268662,4050.76,19251.16,28645.27
Kuwait,KWT,Middle East & North Africa,High income,2003,73.355,2.5,58119.99893,2.76216865,,1.299999952,,100,52509.7,42181.6,284637.92
Lebanon,LBN,Middle East & North Africa,Lower middle income,2003,75.969,9.6,17409.99985,8.67386913,,7.987999916,,9.84741854,95682.17,148199.4,789011.19
Liberia,LBR,Sub-Saharan Africa,Low income,2003,53.554,37.6,479.9999893,3.65521455,,2.181999922,,,308828.27,1908624.74,458230.72
Libya,LBY,Middle East & North Africa,Upper middle income,2003,71.466,,48919.99817,4.10041189,,19.45700073,,24.23301938,192835.53,208694.65,823048.45
Sri Lanka,LKA,South Asia,Lower middle income,2003,73.799,15.7,12409.99985,3.76927328,,8.220000267,,,905036.77,801085.54,3627426.31
Lesotho,LSO,Sub-Saharan Africa,Lower middle income,2003,43.845,16.8,409.9999964,6.04550838,13.21957016,32.95500183,,13.75899304,141656.85,1519004.23,382575.7
Lithuania,LTU,Europe & Central Asia,High income,2003,72.06097561,2.5,11229.99954,6.18627787,5.114180088,12.86999989,,80.90087115,263355.26,65862.12,1047691.08
Luxembourg,LUX,Europe & Central Asia,High income,2003,77.72682927,2.5,10239.99977,6.97271538,,3.680000067,,90.99222688,12618.87,5459.05,108267.98
Latvia,LVA,Europe & Central Asia,High income,2003,71.26585366,2.8,7590.000153,5.48984146,5.057149887,12.06000042,,52.35403559,169439.49,51864.61,808789.01
Morocco,MAR,Middle East & North Africa,Lower middle income,2003,70.399,5.6,37250,4.55366516,,11.92000008,,33.5704323,1354350.41,3450561.11,5774570.31
Monaco,MCO,Europe & Central Asia,High income,2003,,,,2.08464146,,,,100,904.03,512.72,11282.91
Moldova,MDA,Europe & Central Asia,Upper middle income,2003,67.521,,7769.999981,7.02227592,5.424890041,7.949999809,,,225330.19,151904.29,1291216.1
Madagascar,MDG,Sub-Saharan Africa,Low income,2003,60.256,36.5,1549.999952,4.74734688,2.610949993,5.010000229,,4.555934443,489933.95,7407485.9,2840668.24
Maldives,MDV,South Asia,Upper middle income,2003,72.399,,529.9999714,6.77857542,5.324069977,5.394000053,,,5813.38,20418.56,40950.64
Mexico,MEX,Latin America & Caribbean,Upper middle income,2003,75.118,4.3,404690.0024,5.81486464,5.072579861,3.460000038,,19.98947425,3638564.34,5353287.65,17546298.9
Marshall Islands,MHL,East Asia & Pacific,Upper middle income,2003,,,109.9999994,14.33015633,11.81980038,,,,2703.03,6067.16,11559.95
North Macedonia,MKD,Europe & Central Asia,Upper middle income,2003,73.24146341,5.8,9140.000343,9.00857735,,36.68999863,,12.92512645,67938.68,47067.02,594895.4
Mali,MLI,Sub-Saharan Africa,Low income,2003,50.373,15.1,1399.999976,5.05059528,3.805599928,7.897999763,,8.061788929,651226.14,10023158.9,2157201.46
Malta,MLT,Middle East & North Africa,High income,2003,78.54634146,2.5,2609.999895,7.89556122,,7.489999771,,91.86797469,8407.42,5593.49,94143.2
Myanmar,MMR,East Asia & Pacific,Lower middle income,2003,60.989,32.4,10489.99977,2.38126588,,0.660000026,,59.55521924,2496420.77,12502845.17,12097762.23
Montenegro,MNE,Europe & Central Asia,Upper middle income,2003,73.31853659,8.4,1889.999986,,,29.5189991,,,24169.55,13131.12,168914.64
Mongolia,MNG,East Asia & Pacific,Lower middle income,2003,64.23,30.8,9310.00042,3.51071095,,6.800000191,,34.58723675,158965.18,274424.75,609888.73
Northern Mariana Islands,MNP,East Asia & Pacific,High income,2003,,,,,,,,,2596.3,2027.62,11619.36
Mozambique,MOZ,Sub-Saharan Africa,Low income,2003,49.889,34.1,1899.999976,3.4220655,,2.940000057,,,725043.61,14934964.78,2899878.3
Mauritania,MRT,Sub-Saharan Africa,Lower middle income,2003,61.018,8.3,1480.000019,4.03255796,2.365010023,9.788999557,,,103176.16,935953.5,401128.2
Mauritius,MUS,Sub-Saharan Africa,Upper middle income,2003,72.11707317,5.4,2750,3.22486687,4.415830135,8.248999596,,,31165.35,40914.65,290498.46
Malawi,MWI,Sub-Saharan Africa,Low income,2003,46.052,24.6,750,4.67483664,3.215660095,5.803999901,,19.93721318,398181.05,10242590.66,1989778.64
Malaysia,MYS,East Asia & Pacific,Upper middle income,2003,73.17,2.9,144490.0055,2.92417097,7.502880096,3.609999895,,66.27599783,708228.6,1020104.86,3881643.76
Namibia,NAM,Sub-Saharan Africa,Upper middle income,2003,50.589,15.7,2269.999981,9.87848473,6.137139797,21.71800041,,,104940.81,982282.45,320163.94
Niger,NER,Sub-Saharan Africa,Low income,2003,51.95,,759.9999905,4.77954054,1.937059999,2.319000006,,7.964407219,582537.84,12545697.83,2126811.44
Nigeria,NGA,Sub-Saharan Africa,Lower middle income,2003,47.242,8.6,101000,5.05360937,,3.898999929,,22.04663711,4409211.19,103785390.8,23011070.21
Nicaragua,NIC,Latin America & Caribbean,Lower middle income,2003,70.64,25,4559.999943,6.08317614,2.422009945,7.599999905,,,168175.68,338011.25,725394.63
Netherlands,NLD,Europe & Central Asia,High income,2003,78.49268293,2.5,170360.0006,9.0565691,5.040420055,3.589999914,,97.44167504,329301.9,240375.13,3918928.31
Norway,NOR,Europe & Central Asia,High income,2003,79.3902439,2.5,37169.99817,9.21471977,7.416359901,4.21999979,,59.56426338,124390.75,59921.1,1110136.11
Nepal,NPL,South Asia,Lower middle income,2003,64.165,19.8,3019.999981,3.84753466,3.11435008,1.595000029,,14.51576321,904366.41,5906071.55,3983774.88
Nauru,NRU,East Asia & Pacific,High income,2003,,,70.0000003,9.53113365,,,,,804.7,1630.28,2890.83
New Zealand,NZL,East Asia & Pacific,High income,2003,79.14634146,2.5,33400.00153,7.72169209,6.437530041,4.75,,76.04010174,151215.92,43258.07,856307.27
Oman,OMN,Middle East & North Africa,High income,2003,73.447,11,31700.00076,3.17294717,3.896990061,4.230999947,,,139131.28,80119.82,345476.72
Pakistan,PAK,South Asia,Lower middle income,2003,63.522,21,105660.0037,2.43137884,,0.589999974,,,4453982.47,58252314.37,28672597.35
Panama,PAN,Latin America & Caribbean,High income,2003,75.565,21,5530.00021,6.61838865,4.168700218,3.790999889,,,102998.13,147750.07,464193.79
Peru,PER,Latin America & Caribbean,Upper middle income,2003,72.24,23.1,27159.99985,4.58695984,2.937799931,4.150000095,,15.84621565,954588.92,2239457.96,3883934.92
Philippines,PHL,East Asia & Pacific,Lower middle income,2003,68.937,17,73629.99725,3.0766356,2.935179949,3.529999971,,44.21921898,2828924.42,9779953.02,14030094.2
Palau,PLW,East Asia & Pacific,Upper middle income,2003,,,219.9999988,9.02106476,,,,,1196.04,1278.47,5376.75
Papua New Guinea,PNG,East Asia & Pacific,Lower middle income,2003,59.974,27.7,4079.999924,2.45314884,,2.621000051,,,268894.03,1645830.36,1197912.3
Poland,POL,Europe & Central Asia,High income,2003,74.59756098,2.5,297730.011,5.95371294,5.32449007,19.37000084,,81.11215081,1687029.99,569869.45,10147101.01
Puerto Rico,PRI,Latin America & Caribbean,High income,2003,78.07121951,,,,,11.77999973,,32.53186216,128792.56,123092.93,849707.76
Portugal,PRT,Europe & Central Asia,High income,2003,77.2195122,2.5,60520.00046,9.12415695,5.281529903,6.130000114,,51.1706606,318157.92,223907.14,2911603.37
Paraguay,PRY,Latin America & Caribbean,Upper middle income,2003,71.249,8.8,3940.000057,4.90703869,3.382760048,6.809999943,,46.77562358,189062.36,353119.74,814702.05
Qatar,QAT,Middle East & North Africa,High income,2003,77.919,,34740.00168,3.50257206,3.373939991,0.856000006,,71.1,31027.77,15273.48,97349.67
Romania,ROU,Europe & Central Asia,High income,2003,71.3097561,2.5,98139.99939,5.37136745,3.543970108,6.949999809,,52.01186063,969813.36,664627.28,7001311.36
Rwanda,RWA,Sub-Saharan Africa,Low income,2003,52.178,34.6,550.0000119,8.02439117,,0.939999998,,,512176.72,4862941.85,1400810.54
Saudi Arabia,SAU,Middle East & North Africa,High income,2003,73.051,5.1,284829.9866,3.97909737,7.105090141,5.559999943,,38.49665054,1229326.53,899803.71,3392473.94
Sudan,SDN,Sub-Saharan Africa,Low income,2003,59.67,20,7929.999828,3.89187932,,15.06700039,,,1887946.74,8971072.38,6024222.23
Senegal,SEN,Sub-Saharan Africa,Lower middle income,2003,59.259,21.4,4489.999771,4.29645395,2.751250029,6.688000202,,14.9868961,297691.29,4376668.74,1641700.51
Singapore,SGP,East Asia & Pacific,High income,2003,79.03902439,,38159.99985,3.60699248,3.981940031,5.929999828,,100,79777.86,64181.47,598024.83
Solomon Islands,SLB,East Asia & Pacific,Lower middle income,2003,68.518,12.6,270.0000107,7.075634,,1.664000034,,,32004.1,103604.02,128173.79
Sierra Leone,SLE,Sub-Saharan Africa,Low income,2003,42.419,49.4,550.0000119,10.82905197,3.260610104,3.417999983,,9.567579773,228360.19,4196099.95,998688.01
El Salvador,SLV,Latin America & Caribbean,Lower middle income,2003,69.68,7.9,6510.000229,8.4062252,3.134670019,6.260000229,,,372630.55,358096.29,964202.93
San Marino,SMR,Europe & Central Asia,High income,2003,,,,4.81547499,,,,70.3715,625.44,332.94,6285.42
Somalia,SOM,Sub-Saharan Africa,Low income,2003,51.762,70.6,579.9999833,,,19.01600075,,17.27970114,628318.79,8727449.35,1843703.85
Serbia,SRB,Europe & Central Asia,Upper middle income,2003,72.43658537,2.7,52150.00153,8.1294651,,15.19999981,,21.7007764,362813.9,200853.45,3074737.05
South Sudan,SSD,Sub-Saharan Africa,Low income,2003,50.55,,750,,,12.08600044,,,324035.01,4825616.26,1085595.33
Sao Tome and Principe,STP,Sub-Saharan Africa,Lower middle income,2003,63.359,11.2,70.0000003,12.6178236,3.246929884,16.36000061,,15.91375321,3268.34,36798.71,24566.31
Suriname,SUR,Latin America & Caribbean,Upper middle income,2003,68.28,10.9,1230.000019,5.23449087,,10.30700016,,30.18857289,21436.67,48564.29,100073.18
Slovenia,SVN,Europe & Central Asia,High income,2003,76.85853659,2.5,15409.99985,8.09883595,5.70333004,6.480000019,,30.94675702,104388.95,26656.58,513516.48
Sweden,SWE,Europe & Central Asia,High income,2003,80.09512195,2.5,55200.00076,8.31724644,6.791429996,5.550000191,,93.18537726,234749.38,98821.88,2276542.45
Eswatini,SWZ,Sub-Saharan Africa,Lower middle income,2003,43.372,8.3,629.9999952,6.37864399,5.816770077,25.94400024,,,68970.61,829308.94,195241.76
Seychelles,SYC,Sub-Saharan Africa,High income,2003,71.02926829,,340.0000036,5.35933495,5.374929905,,,,2795.2,4065.25,18511.34
Chad,TCD,Sub-Saharan Africa,Low income,2003,48.057,38,449.9999881,5.50941277,,0.841000021,,8.668336687,426747.34,8088451.1,1575091.13
Togo,TGO,Sub-Saharan Africa,Low income,2003,53.938,29.8,1830.000043,2.93838358,3.326090097,4.076000214,,6.081562793,201977.56,2893773.85,808789.94
Thailand,THA,East Asia & Pacific,Upper middle income,2003,71.389,15,191929.9927,3.24312782,3.725610018,1.539999962,,20.33723525,3734354.51,4087341.81,12185650.34
Tajikistan,TJK,Europe & Central Asia,Lower middle income,2003,64.496,,2180.000067,4.70218658,2.420789957,14.02299976,,,228674.67,1024284.57,1102951.18
Turkmenistan,TKM,Europe & Central Asia,Upper middle income,2003,64.386,5.2,46349.99847,8.51216888,,8.987999916,,,164907.34,484584.03,915858.4
Tonga,TON,East Asia & Pacific,Upper middle income,2003,69.803,,119.9999973,3.56334972,4.159510136,5.179999828,,33.23963139,2331.5,6828.25,19302.89
Trinidad and Tobago,TTO,Latin America & Caribbean,High income,2003,70.164,11.1,15449.99981,4.18767166,3.136600018,10.47999954,,,52987.32,71816.48,306623.83
Tunisia,TUN,Middle East & North Africa,Lower middle income,2003,73.842,4.5,21500,5.46378517,6.81675005,14.51000023,,57.51901887,345407.22,416406.45,1803462.22
Tuvalu,TUV,East Asia & Pacific,Upper middle income,2003,,,9.999999776,15.41858196,,,,4.742905812,434.47,888.12,2818.13
Tanzania,TZA,Sub-Saharan Africa,Lower middle income,2003,52.866,32.5,3759.99999,5.34231567,,3.105999947,,8.398327378,1133846.16,22468524.91,5900775.63
Uganda,UGA,Sub-Saharan Africa,Low income,2003,49.421,,1570.000052,4.29922581,,3.599999905,,,1149188.22,19448354.28,3834705.97
Ukraine,UKR,Europe & Central Asia,Lower middle income,2003,68.21073171,2.5,330230.011,6.54574108,5.400189877,9.06000042,,43.30769652,3572333.54,1453838.21,19117507.94
Uruguay,URY,Latin America & Caribbean,High income,2003,75.373,3.7,4489.999771,9.61753464,2.068209887,16.65999985,,,129793.6,100127.89,825732.29
United States,USA,North America,High income,2003,77.03658537,2.5,5658990.234,14.49863911,,5.989999771,,97.7000783,9241871.8,5184451.51,76608660.74
Uzbekistan,UZB,Europe & Central Asia,Lower middle income,2003,67.868,18.7,121910.0037,5.49766588,,9.107000351,,,1052570.77,2760204.91,5617673.34
Vietnam,VNM,East Asia & Pacific,Lower middle income,2003,73.654,16.3,70900.00153,3.66619444,,2.25,,,2804478.48,5164997.29,13434886.98
Vanuatu,VUT,East Asia & Pacific,Lower middle income,2003,67.99,7.2,90.00000358,3.50691938,8.441510201,1.738000035,,,9029.13,30743.31,41554.31
Samoa,WSM,East Asia & Pacific,Lower middle income,2003,69.781,3.4,170.0000018,4.2858696,,5.156000137,,47.86268697,6091.23,9081.61,36329.18
South Africa,ZAF,Sub-Saharan Africa,Upper middle income,2003,53.749,3.6,353089.9963,7.91530371,4.352099895,32.31000137,,,4371150.64,23438787.12,9485804.71
Zambia,ZMB,Sub-Saharan Africa,Low income,2003,46.322,,2079.999924,7.18999434,,14.69499969,,,402061.15,8969310.67,1751025.27
Zimbabwe,ZWE,Sub-Saharan Africa,Lower middle income,2003,43.195,,10180.00031,,,4.75,,30.39669299,427960.69,9081924.11,1721984.42
Afghanistan,AFG,South Asia,Low income,2004,57.772,38,1029.999971,9.80847359,,10.98799992,,,2050765.02,8791000.56,6315336.43
Angola,AGO,Sub-Saharan Africa,Lower middle income,2004,49.263,55.1,17450.00076,3.96720099,,3.915999889,,,1272980.01,10920209.2,2951780.84
Albania,ALB,Europe & Central Asia,Upper middle income,2004,75.039,8.6,4250,6.77337217,3.227519989,16.30999947,,41.3557192,102317.3,108336.45,570380.53
Andorra,AND,Europe & Central Asia,High income,2004,,,560.0000024,5.38125277,1.544119954,,,43.3425362,1936.08,791.99,15446.03
United Arab Emirates,ARE,Middle East & North Africa,High income,2004,75.174,6.9,110010.0021,2.46204352,,2.907000065,,74.56568765,166721.14,69572.29,562289.69
Argentina,ARG,Latin America & Caribbean,Upper middle income,2004,74.28,4,141380.0049,7.22868299,3.486520052,13.52000046,,48.68641549,1322976.39,1516113.41,8238572.94
Armenia,ARM,Europe & Central Asia,Upper middle income,2004,72.513,16,3759.99999,6.05508518,2.486730099,10.34399986,,46.58209231,92640.12,107986.46,783356.25
American Samoa,ASM,East Asia & Pacific,Upper middle income,2004,,,,,,,,,1664.8,2637.36,11192.85
Antigua and Barbuda,ATG,Latin America & Caribbean,High income,2004,74.821,,400.000006,5.11667967,,,,,2223.04,3035.49,15005.2
Australia,AUS,East Asia & Pacific,High income,2004,80.4902439,2.5,365809.9976,8.10948753,,5.389999866,,58.78889399,610320.96,208353.41,4257978.72
Austria,AUT,Europe & Central Asia,High income,2004,79.1804878,2.5,75800.00305,9.70939827,5.302430153,5.829999924,,99.66922476,235461,78557.79,2108821.97
Azerbaijan,AZE,Europe & Central Asia,Upper middle income,2004,68.249,7.4,28309.99947,2.66530418,3.447700024,7.989999771,,22.36675979,233436.77,847989.94,1953795.35
Burundi,BDI,Sub-Saharan Africa,Low income,2004,52.547,,150.000006,7.7010417,3.74496007,1.598999977,,,1295239.26,4682640.18,1170709.02
Belgium,BEL,Europe & Central Asia,High income,2004,78.87804878,2.5,114019.9966,9.36721516,,7.360000134,,74.72610712,392992.59,162823.93,2692531.59
Benin,BEN,Sub-Saharan Africa,Lower middle income,2004,56.887,13.2,2650.000095,3.0760572,2.566900015,0.773999989,,,311834.29,4285057.97,1285396.95
Burkina Faso,BFA,Sub-Saharan Africa,Low income,2004,52.602,18.1,1059.999943,4.21721363,,3.414999962,,,583615.06,10065033.82,2589369.46
Bangladesh,BGD,South Asia,Lower middle income,2004,67.331,14.4,30530.00069,2.33950281,1.940140009,4.261000156,,21.98915954,4563857.53,25705226.46,21692522.63
Bulgaria,BGR,Europe & Central Asia,Upper middle income,2004,72.56341463,4.9,47270.00046,6.89090872,2.319950104,12.03999996,,50.43131257,349654.91,165275.19,3092160.44
Bahrain,BHR,Middle East & North Africa,High income,2004,75.167,,17930.00031,3.47338176,,1.085999966,,73.02782993,22082.29,16607.01,126854.1
Bosnia and Herzegovina,BIH,Europe & Central Asia,Upper middle income,2004,75.068,2.5,15569.99969,9.06270218,,29.36700058,,19.52948975,133741.59,66680.33,1009985.9
Belarus,BLR,Europe & Central Asia,Upper middle income,2004,68.95609756,3.3,56040.00092,5.73709631,5.712259769,9.819999695,,83.73662938,802915.18,214228.32,3621483.98
Belize,BLZ,Latin America & Caribbean,Upper middle income,2004,69.749,5.5,439.9999976,4.48231363,5.33589983,10.58699989,,,13459.24,20210.67,41328.78
Bermuda,BMU,North America,High income,2004,78.48536585,,,,1.775879979,,,,1234.31,1456.1,13657.02
Bolivia,BOL,Latin America & Caribbean,Lower middle income,2004,64.766,27.7,9489.999771,4.86315727,,2.503000021,,31.63453919,409374.84,1419171.53,1662455.47
Brazil,BRA,Latin America & Caribbean,Upper middle income,2004,71.531,6.8,328519.989,8.12491989,3.974479914,9.109999657,,37.41623629,9418089.35,12935126.56,38277074.18
Barbados,BRB,Latin America & Caribbean,High income,2004,77.808,6.2,1360.000014,7.31510305,6.024280071,9.569999695,,,7136.88,10755.38,65095.3
Bhutan,BTN,South Asia,Lower middle income,2004,64.483,,289.9999917,4.59777308,6.609069824,2.49000001,,63.76030628,21730.22,125014.03,109501.12
Botswana,BWA,Sub-Saharan Africa,Upper middle income,2004,51.15,23.7,3970.000029,5.79530382,,21.83099937,,,113879.03,1169556.69,325716.37
Central African Republic,CAF,Sub-Saharan Africa,Low income,2004,44.413,40.5,230.0000042,4.30442286,1.624529958,5.71600008,,19.49432394,309406.15,3750581.48,791101.81
Canada,CAN,North America,High income,2004,79.89268293,2.5,536419.9829,9.06628132,,7.190000057,,78.48155771,822449.19,385772.09,6873943.59
Switzerland,CHE,Europe & Central Asia,High income,2004,81.08780488,2.5,45279.99878,10.1849556,5.293079853,4.320000172,,99.61580674,236241.81,79630.47,1733898.22
Chile,CHL,Latin America & Caribbean,High income,2004,77.391,3.2,54970.00122,6.90115023,3.538389921,10.15999985,,53.21928976,520268.66,304408.35,2979830.61
China,CHN,East Asia & Pacific,Upper middle income,2004,72.689,7.9,5124819.824,4.29347467,,4.489999771,,18.7369101,46325296.23,38498088.66,286323816.4
Cote d'Ivoire,CIV,Sub-Saharan Africa,Lower middle income,2004,49.788,19.3,5469.99979,5.47520828,2.911760092,5.464000225,,,726059.96,12945628.74,2943770.13
Cameroon,CMR,Sub-Saharan Africa,Lower middle income,2004,52.321,17.6,5119.999886,4.01515007,2.795300007,5.143000126,,,680786.36,10759036.96,2811387.65
Colombia,COL,Latin America & Caribbean,Upper middle income,2004,74.026,10.6,56110.00061,5.79892778,4.079349995,12.73999977,,15.82594802,2754915.9,2109556.86,6558196.58
Comoros,COM,Sub-Saharan Africa,Lower middle income,2004,59.904,,150.000006,6.58027601,,4.570000172,,,18606.81,203337.18,92158.02
Costa Rica,CRI,Latin America & Caribbean,Upper middle income,2004,77.996,5,5940.000057,6.63005924,4.890629768,6.389999866,,37.90850103,118310.83,95750.6,625892.29
Cuba,CUB,Latin America & Caribbean,Upper middle income,2004,77.499,2.5,25360.00061,6.83178759,10.26823044,1.850000024,,39.84334331,336473.43,255707.89,2418478.62
Cyprus,CYP,Europe & Central Asia,High income,2004,78.506,6.9,7780.00021,5.40558147,6.117720127,4.329999924,,76.2406969,27841.12,10780.86,207558.98
Germany,DEU,Europe & Central Asia,High income,2004,78.6804878,2.5,821070.0073,10.14603138,,10.72999954,,95.93242679,1951254.96,894006.79,23086506.4
Djibouti,DJI,Middle East & North Africa,Lower middle income,2004,57.682,34.7,400.000006,3.32442927,9.264670372,27.84700012,,24.88470047,31210.03,310494.73,111929.31
Dominica,DMA,Latin America & Caribbean,Upper middle income,2004,,5,159.9999964,4.74520159,,,,,2522.65,3387.49,17786.09
Denmark,DNK,Europe & Central Asia,High income,2004,77.49268293,2.5,53729.99954,9.00743198,8.207630157,5.199999809,,86.80213797,136977.38,73840.95,1494050.34
Dominican Republic,DOM,Latin America & Caribbean,Upper middle income,2004,70.499,23,17280.00069,4.2877388,,6.300000191,,,417548.18,991323.53,1506705.59
Algeria,DZA,Middle East & North Africa,Lower middle income,2004,72.594,7,89489.99786,3.5440731,,17.64999962,,20.85728758,1414013.92,1992477.02,5660686.24
Ecuador,ECU,Latin America & Caribbean,Upper middle income,2004,73.887,22.7,26180.00031,5.56659126,,5,,40.11987998,677902.51,1017447.4,2158518.12
Eritrea,ERI,Sub-Saharan Africa,Low income,2004,57.932,,680.0000072,7.00984955,3.148969889,5.374000072,,,264725.48,1977356.35,739117.17
Spain,ESP,Europe & Central Asia,High income,2004,79.87073171,2.5,335559.9976,7.65912247,4.157859802,11.09000015,,93.38160524,1125231.17,570733.65,10406636.9
Estonia,EST,Europe & Central Asia,High income,2004,71.9097561,2.9,17020.00046,5.119555,4.876749992,10.25,,92.57174273,84920.01,26207.89,453513.55
Ethiopia,ETH,Sub-Saharan Africa,Low income,2004,55.174,39,5329.999924,4.31281853,,2.693000078,,3.118540241,3071688.17,42697369.22,10877287.26
Finland,FIN,Europe & Central Asia,High income,2004,78.71463415,2.5,67680.00031,8.05912876,6.157579899,10.35999966,,81.01712754,222200.16,55255.78,1342822.28
Fiji,FJI,East Asia & Pacific,Upper middle income,2004,66.247,3.8,1470.000029,3.25768542,6.209159851,3.811000109,,,26720.75,60441.39,202382.39
France,FRA,Europe & Central Asia,High income,2004,80.16341463,2.5,377790.0085,10.16429329,,8.909999847,,79.15987944,2078906.62,798311.57,14205478.59
Gabon,GAB,Sub-Saharan Africa,Upper middle income,2004,57.885,13.9,6090.000153,3.33140016,,17.00900078,,,55455.65,437166.57,246852.82
United Kingdom,GBR,Europe & Central Asia,High income,2004,78.74634146,2.5,543080.0171,8.39001179,4.729400158,4.590000153,,97.79362306,1235315.8,1054566.56,16246383.11
Georgia,GEO,Europe & Central Asia,Upper middle income,2004,70.451,4.1,3369.999886,8.08910847,2.914200068,12.61999989,,45.13658454,138984.82,173293.38,1439037.26
Ghana,GHA,Sub-Saharan Africa,Lower middle income,2004,58.225,12.2,6679.999828,2.77140665,7.535580158,6.592999935,,5.811130817,663296.77,8628065.41,3483731.56
Guinea,GIN,Sub-Saharan Africa,Low income,2004,52.499,,1769.999981,4.78209734,2.210000038,4.631999969,,,393312.74,5623690.02,1720299.22
Guinea-Bissau,GNB,Sub-Saharan Africa,Low income,2004,51.883,,200.000003,7.47920132,,6.25,,4.760688654,81445.69,845962.64,267735.2
Equatorial Guinea,GNQ,Sub-Saharan Africa,Upper middle income,2004,54.263,,6199.999809,1.66348076,,8.713000298,,,27500.14,351229.11,106790.06
Greece,GRC,Europe & Central Asia,High income,2004,79.03902439,2.5,99839.99634,8.09390354,3.667190075,10.31000042,,79.83882498,275355.25,123575.74,2910291.16
Grenada,GRD,Latin America & Caribbean,Upper middle income,2004,73.088,,230.0000042,5.36568451,,,,,4142.71,4711.69,22236.44
Greenland,GRL,Europe & Central Asia,High income,2004,68.59268293,,,,,,,85.91055904,4680.62,1621.54,14593.73
Guatemala,GTM,Latin America & Caribbean,Upper middle income,2004,69.437,19.1,10750,6.26182795,,2.970000029,,,753117.25,1763047.57,1932690.7
Guam,GUM,East Asia & Pacific,High income,2004,76.387,,,,,7.699999809,,,4432.77,5566.77,28564.51
Guyana,GUY,Latin America & Caribbean,Upper middle income,2004,66.412,6.9,1669.999957,3.43770432,5.51293993,11.2670002,,,50018,93996.77,174445.11
Honduras,HND,Latin America & Caribbean,Lower middle income,2004,71.77,22.2,7559.999943,6.85484314,,5.989999771,,42.69954433,364624.17,559243.47,1125383.33
Croatia,HRV,Europe & Central Asia,High income,2004,75.5202439,3.1,21100.00038,6.57048893,3.785840034,13.65999985,,78.10378257,181246.61,68105.46,1321222.84
Haiti,HTI,Latin America & Caribbean,Lower middle income,2004,58.292,53.7,1669.999957,3.44730067,,13.32400036,,,943226.94,2896578.73,2144564.34
Hungary,HUN,Europe & Central Asia,High income,2004,72.64878049,2.5,56349.99847,7.77005482,5.326580048,5.829999924,,64.56171912,455964.68,138414.06,3515830.62
Indonesia,IDN,East Asia & Pacific,Lower middle income,2004,66.969,19.1,341239.9902,2.12002277,2.748470068,7.300000191,,,15958395.23,28468267.38,44013193.46
India,IND,South Asia,Lower middle income,2004,64.095,22.1,1085670.044,3.95739222,3.352540016,5.629000187,,13.37748103,52419380.18,249700603.7,196723887.9
Ireland,IRL,Europe & Central Asia,High income,2004,78.53902439,2.5,44689.99863,7.22300482,4.482960224,4.489999771,,60.18642339,101314.56,55808.03,904593.99
Iraq,IRQ,Middle East & North Africa,Upper middle income,2004,68.437,19.4,88110.00061,3.84302664,,8.607999802,,34.94208434,2767089.68,2963264.74,4942637.65
Iceland,ISL,Europe & Central Asia,High income,2004,80.99756098,2.5,2319.999933,9.32854366,7.161180019,4.03000021,,50.03244966,6202.93,3132.88,56652.89
Israel,ISR,Middle East & North Africa,High income,2004,80.14634146,2.5,63159.99985,7.01328945,5.940279961,13.02999973,,82.8479182,180914.47,91959.73,1233136.51
Italy,ITA,Europe & Central Asia,High income,2004,80.7804878,2.5,472399.9939,8.16549301,4.385200024,7.869999886,,95.65490632,1254436.15,595200,15465842.2
Jamaica,JAM,Latin America & Caribbean,Upper middle income,2004,74.146,7.1,10569.99969,4.80435324,3.912549973,12.21000004,,,55564.51,133694.66,459039.96
Jordan,JOR,Middle East & North Africa,Upper middle income,2004,72.427,5.7,18579.99992,8.74985027,,14.57999992,,75.72232655,140546.19,252021.27,777986.98
Japan,JPN,East Asia & Pacific,High income,2004,82.0302439,2.5,1209849.976,7.53518438,3.426110029,4.730000019,,74.79734312,3732029.28,1967885.35,28696534.33
Kazakhstan,KAZ,Europe & Central Asia,Upper middle income,2004,66.06,7.5,158029.9988,3.98308039,2.25590992,8.399999619,,,1234002.24,941261.73,4666297.17
Kenya,KEN,Sub-Saharan Africa,Lower middle income,2004,53.475,32.1,7440.000057,5.34494877,6.796929836,2.941999912,,,894196.56,16477901.4,4292616.28
Cambodia,KHM,East Asia & Pacific,Lower middle income,2004,62.186,18.5,2380.000114,7.09425974,1.719820023,1.129999995,,,563936.73,3225225.42,2517443.82
Kiribati,KIR,East Asia & Pacific,Lower middle income,2004,64.242,5.1,50.00000075,12.42028809,,,,19.1070514,4094.49,19181.83,29020.97
Kuwait,KWT,Middle East & North Africa,High income,2004,73.439,2.5,61909.99985,2.35702443,5.535069942,1.700000048,,100,56006.06,43518.93,298499
Lebanon,LBN,Middle East & North Africa,Lower middle income,2004,76.432,10.7,17879.99916,8.00178719,2.640949965,7.849999905,,10.26937106,92765.89,146492.12,807244.72
Liberia,LBR,Sub-Saharan Africa,Low income,2004,54.422,36.5,560.0000024,9.17063904,,2.174000025,,,91027.35,1826646.59,462934.07
Libya,LBY,Middle East & North Africa,Upper middle income,2004,71.693,,48459.99908,3.49171281,,19.51300049,,24.03339511,184871.6,198452.29,825044.48
Sri Lanka,LKA,South Asia,Lower middle income,2004,74.337,15,12869.99989,4.17515802,,8.380000114,,,2793428.24,765471.81,3661596.41
Lesotho,LSO,Sub-Saharan Africa,Lower middle income,2004,43.083,15.3,430.0000072,6.05738878,11.10900974,32.17599869,,15.9604033,146952.14,1575203.08,391376.82
Lithuania,LTU,Europe & Central Asia,High income,2004,71.96097561,2.5,11909.99985,5.5114994,5.174280167,10.68000031,,81.35643179,258109.96,67047.75,1052291.19
Luxembourg,LUX,Europe & Central Asia,High income,2004,79.12195122,2.5,11659.99985,7.34548569,,5.110000134,,91.0227323,12342.13,5365.51,109201.12
Latvia,LVA,Europe & Central Asia,High income,2004,72.02682927,2.5,7619.999886,6.21677923,4.834060192,11.71000004,,52.2481114,160876.77,49649.87,801959.22
Morocco,MAR,Middle East & North Africa,Lower middle income,2004,71.067,5.5,40990.00168,4.72918844,,10.82999992,,34.12935503,1373064.68,3298844.98,5879310.99
Monaco,MCO,Europe & Central Asia,High income,2004,,,,2.1265049,1.243860006,,,100,909.83,515.55,11372.79
Moldova,MDA,Europe & Central Asia,Upper middle income,2004,67.665,,7780.00021,8.97114944,6.771039963,8.170000076,,,221088.61,150566.02,1280968.08
Madagascar,MDG,Sub-Saharan Africa,Low income,2004,60.752,35,1649.999976,5.25489902,2.812619925,3.832999945,,4.904165104,507803.58,7367280.55,2890146.3
Maldives,MDV,South Asia,Upper middle income,2004,73.034,,750,7.48356962,4.661600113,6.415999889,,,13639.83,19263.78,41059.02
Mexico,MEX,Latin America & Caribbean,Upper middle income,2004,75.243,4.6,414100.0061,5.9539032,4.726709843,3.940000057,,21.91572399,3599996.2,5163901.71,17774283.16
Marshall Islands,MHL,East Asia & Pacific,Upper middle income,2004,,,129.9999952,17.25741196,,,,,2728.41,5976.68,11808.04
North Macedonia,MKD,Europe & Central Asia,Upper middle income,2004,73.59756098,5.5,8840.000153,8.46505356,,37.15999985,,12.93921011,64174.29,44304.81,590107.37
Mali,MLI,Sub-Saharan Africa,Low income,2004,51.224,14.4,1480.000019,5.21768284,3.859220028,8.75,,8.725933293,555299.08,10072810.42,2202618.27
Malta,MLT,Middle East & North Africa,High income,2004,79.25365854,2.5,2599.999905,8.04820728,4.434929848,7.320000172,,91.86797469,8514.08,5623.28,94620.48
Myanmar,MMR,East Asia & Pacific,Lower middle income,2004,61.294,30.2,10149.99962,2.31822205,,0.666000009,,59.86449477,2495988.71,11905589.43,12220501.01
Montenegro,MNE,Europe & Central Asia,Upper middle income,2004,73.42926829,7.7,2039.999962,,,30.01000023,,,24302.31,12424.96,171480.49
Mongolia,MNG,East Asia & Pacific,Lower middle income,2004,64.671,30.7,9560.00042,3.57047367,4.325729847,6.822999954,,35.57606567,165445.31,262173.59,619240.13
Northern Mariana Islands,MNP,East Asia & Pacific,High income,2004,,,,,,,,,2674.1,1891.26,11405.37
Mozambique,MOZ,Sub-Saharan Africa,Low income,2004,50.143,34.1,1909.999967,3.6926434,3.326699972,2.971999884,,,737846.17,14967643.87,2983998.36
Mauritania,MRT,Sub-Saharan Africa,Lower middle income,2004,61.17,8.5,1639.999986,3.70430946,1.950799942,9.81099987,,,101159.87,921169.95,408811.2
Mauritius,MUS,Sub-Saharan Africa,Upper middle income,2004,72.26585366,5.2,2769.999981,3.36119127,4.31306982,8.340000153,,,31357.68,40640.89,292200.2
Malawi,MWI,Sub-Saharan Africa,Low income,2004,46.823,24,769.9999809,5.73337364,,5.818999767,,20.18715599,392911.38,9987238.65,1993660.22
Malaysia,MYS,East Asia & Pacific,Upper middle income,2004,73.364,3.1,158270.0043,2.86016941,5.923890114,3.539999962,,66.47755311,715929.7,1006519.56,3951207.11
Namibia,NAM,Sub-Saharan Africa,Upper middle income,2004,50.6,16.6,2380.000114,10.18727589,,22.09000015,,,102382.66,984182.69,320135.76
Niger,NER,Sub-Saharan Africa,Low income,2004,52.668,,790.0000215,5.01117468,,2.747999907,,8.666901887,564466.3,12054003.22,2123299.73
Nigeria,NGA,Sub-Saharan Africa,Lower middle income,2004,47.72,7.9,98730.00336,4.6336832,,3.875999928,,22.44264433,4623162.66,103427955.2,23540559.92
Nicaragua,NIC,Latin America & Caribbean,Lower middle income,2004,70.933,24,4530.00021,6.05740404,,6.409999847,,,168566.31,324369.57,745404.82
Netherlands,NLD,Europe & Central Asia,High income,2004,79.09512195,2.5,172119.9951,9.11067963,5.062970161,4.650000095,,97.44519855,317652.17,231111.17,3883473.67
Norway,NOR,Europe & Central Asia,High income,2004,79.84146341,2.5,37340.00015,8.82115746,7.298270226,4.260000229,,59.90023983,123056.69,58296.22,1100387.46
Nepal,NPL,South Asia,Lower middle income,2004,64.729,17.6,2809.999943,4.03734398,3.171940088,1.55400002,,16.15840042,985097.49,5609448.93,4053575.71
Nauru,NRU,East Asia & Pacific,High income,2004,,,70.0000003,6.57316685,,,,,802.48,1619.32,2886.94
New Zealand,NZL,East Asia & Pacific,High income,2004,79.54878049,2.5,32840.00015,7.90090561,6.512030125,4.010000229,,76.59532294,151606.27,43765.67,861237.27
Oman,OMN,Middle East & North Africa,High income,2004,73.851,10.1,31260.00023,2.97564673,4.02835989,4.184000015,,,132581.53,75793.67,338664.44
Pakistan,PAK,South Asia,Lower middle income,2004,63.736,19,118650.0015,2.3472271,1.767590046,0.612999976,,,4516245.25,58001920.93,29322560.91
Panama,PAN,Latin America & Caribbean,High income,2004,75.728,21.3,5610.000134,6.99114799,3.578660011,3.739000082,,,100766.69,149394.3,473399.95
Peru,PER,Latin America & Caribbean,Upper middle income,2004,72.581,21.7,31239.99977,4.42970943,2.957870007,4.699999809,,17.67500706,912495,2153351.01,3881629.45
Philippines,PHL,East Asia & Pacific,Lower middle income,2004,69.013,15.9,75139.99939,3.04685569,2.469830036,3.549999952,,44.56875545,2842904.71,9797180.34,14392798.75
Palau,PLW,East Asia & Pacific,Upper middle income,2004,,,230.0000042,9.97902298,,,,,1193.09,1270.9,5488.43
Papua New Guinea,PNG,East Asia & Pacific,Lower middle income,2004,60.245,28.6,4949.999809,2.59372902,,2.540999889,,,276985.3,1702509.88,1246368.5
Poland,POL,Europe & Central Asia,High income,2004,74.84634146,2.5,301850.0061,5.86845255,5.355579853,19.06999969,,81.75841413,1690727.69,570036.07,10246687.27
Puerto Rico,PRI,Latin America & Caribbean,High income,2004,78.17585366,,,,,10.31000042,,32.52964535,129512.23,121581.83,857496.28
Portugal,PRT,Europe & Central Asia,High income,2004,77.67073171,2.5,62130.00107,9.5325079,5.046380043,6.320000172,,53.34088321,306101.62,215088.17,2870536.76
Paraguay,PRY,Latin America & Caribbean,Upper middle income,2004,71.464,9.1,3970.000029,4.93224382,2.869899988,6.510000229,,47.65475184,219858.24,352196.63,851317.48
Qatar,QAT,Middle East & North Africa,High income,2004,78.083,,37069.99969,3.18311739,3.462589979,0.860000014,,71.1,33256.16,15547,104151.73
Romania,ROU,Europe & Central Asia,High income,2004,71.56097561,2.5,95349.99847,5.47733545,3.312730074,7.71999979,,52.82377689,932830.23,644478.06,6835068.35
Rwanda,RWA,Sub-Saharan Africa,Low income,2004,53.595,35.9,560.0000024,8.54291725,,0.948000014,,,488696.49,4474089.96,1438966.48
Saudi Arabia,SAU,Middle East & North Africa,High income,2004,73.159,5,299890.0146,3.58400607,6.277460098,5.820000172,,39.70802996,1272700.88,861072.05,3470455.56
Sudan,SDN,Sub-Saharan Africa,Low income,2004,60.092,19.7,8829.999924,4.15593481,1.312549949,15.0539999,,,2206442.57,8656537,6065398.98
Senegal,SEN,Sub-Saharan Africa,Lower middle income,2004,59.912,19.6,5389.999866,4.56848049,3.077780008,7.793000221,,15.33464364,321997.23,4201912.08,1733808.01
Singapore,SGP,East Asia & Pacific,High income,2004,79.4902439,,39619.99893,3.15019822,3.652760029,5.840000153,,100,78118.27,64275.16,604975.76
Solomon Islands,SLB,East Asia & Pacific,Lower middle income,2004,68.845,12.7,310.0000024,7.72383881,,1.700999975,,,32207.3,106276.52,131426.67
Sierra Leone,SLE,Sub-Saharan Africa,Low income,2004,43.467,48.8,529.9999714,10.96055317,3.107130051,3.420000076,,9.814651843,245496.96,4222083.96,1046659.2
El Salvador,SLV,Latin America & Caribbean,Lower middle income,2004,69.908,8.7,6679.999828,8.49746799,,6.050000191,,,386309.91,327114.87,992703.63
San Marino,SMR,Europe & Central Asia,High income,2004,,,,4.91077471,,,,70.3715,632.68,333.25,6447.94
Somalia,SOM,Sub-Saharan Africa,Low income,2004,52.043,70.7,579.9999833,,,19.0170002,,17.8950733,743884.88,8810156.23,1902211.29
Serbia,SRB,Europe & Central Asia,Upper middle income,2004,72.68292683,2.5,56349.99847,8.24021435,,18.5,,21.35118582,355472.7,186917.33,3099577.11
South Sudan,SSD,Sub-Saharan Africa,Low income,2004,51.095,,949.9999881,,,12.12100029,,,276631.07,4831268.14,1113671.87
Sao Tome and Principe,STP,Sub-Saharan Africa,Lower middle income,2004,64.02,9.8,70.0000003,11.86979675,3.234709978,16.12000084,,17.01092157,3888.15,33050.62,26464.67
Suriname,SUR,Latin America & Caribbean,Upper middle income,2004,68.555,10.3,1389.999986,5.84803867,,9.489999771,,30.42741614,22291.22,47422.58,102017.13
Slovenia,SVN,Europe & Central Asia,High income,2004,77.20731707,2.5,15699.99981,7.93957281,5.64425993,6.010000229,,33.14409739,102634.3,26362.32,510436.7
Sweden,SWE,Europe & Central Asia,High income,2004,80.49756098,2.5,53590.00015,8.12961864,6.663109779,6.690000057,,93.2542755,237296.34,96815.41,2274859.75
Eswatini,SWZ,Sub-Saharan Africa,Lower middle income,2004,42.731,8.4,629.9999952,6.81432486,5.401609898,26.52300072,,,71871.57,866754.52,199279.46
Seychelles,SYC,Sub-Saharan Africa,High income,2004,72.66097561,,379.9999952,5.1972785,,,,,2942.9,4054.4,18696.8
Chad,TCD,Sub-Saharan Africa,Low income,2004,48.27,37.1,449.9999881,5.50012302,1.592949986,0.836000025,,8.690354559,440064.14,8169303.9,1605007.22
Togo,TGO,Sub-Saharan Africa,Low income,2004,54.234,28.7,1779.999971,3.08552408,3.109630108,4.15500021,,6.265199146,201234.09,2918800.69,820545.79
Thailand,THA,East Asia & Pacific,Upper middle income,2004,71.728,13.7,210190.0024,3.13893151,4.030889988,1.50999999,,20.50081266,3887245.72,3883433.89,12239041.12
Tajikistan,TJK,Europe & Central Asia,Lower middle income,2004,65.314,,2599.999905,4.79911184,2.772030115,13.60999966,,,226589.53,976438.44,1131924.14
Turkmenistan,TKM,Europe & Central Asia,Upper middle income,2004,64.693,4.5,49369.99893,10.57751369,,8.18999958,,,167142.32,467841.41,960579
Tonga,TON,East Asia & Pacific,Upper middle income,2004,69.822,,129.9999952,4.63417006,3.91376996,4.008999825,,33.23788158,2282.2,6738.75,19251.9
Trinidad and Tobago,TTO,Latin America & Caribbean,High income,2004,70.428,11.5,16100.00038,4.30805206,,8.329999924,,,56644.93,65140.81,308285.2
Tunisia,TUN,Middle East & North Africa,Lower middle income,2004,74.034,4.4,22479.99954,5.45323801,6.720789909,14.22999954,,58.88008982,332828.46,398364,1825755.52
Tuvalu,TUV,East Asia & Pacific,Upper middle income,2004,,,9.999999776,10.56772137,,,,4.743812766,430.49,859.95,2829.54
Tanzania,TZA,Sub-Saharan Africa,Lower middle income,2004,53.602,31.6,5079.999924,5.7373414,3.561229944,3.161999941,,9.640954582,1162947.7,21982184.83,6083090.84
Uganda,UGA,Sub-Saharan Africa,Low income,2004,50.554,,1629.999995,4.70028543,4.952370167,2.749000072,,,1123145.43,19076345.47,3965421.67
Ukraine,UKR,Europe & Central Asia,Lower middle income,2004,68.18536585,2.5,307140.0146,6.16856956,5.123760223,8.590000153,,43.79619849,3510881.62,1489207.85,19419841.87
Uruguay,URY,Latin America & Caribbean,High income,2004,75.599,3.8,5460.000038,8.30145359,2.499540091,12.97999954,,,127726.11,95133.85,823377.26
United States,USA,North America,High income,2004,77.48780488,2.5,5738290.039,14.59480953,,5.53000021,,97.76418841,9226345.53,5139749.65,76706825.05
Uzbekistan,UZB,Europe & Central Asia,Lower middle income,2004,68.135,16.8,124839.9963,5.12983561,,8.194000244,,,1062729.35,2727333.55,5755934.15
Vietnam,VNM,East Asia & Pacific,Lower middle income,2004,73.875,15.7,85050.00305,3.7992034,,2.140000105,,,2876652.32,5018633.66,13807772.03
Vanuatu,VUT,East Asia & Pacific,Lower middle income,2004,68.176,7,70.0000003,3.53991532,,1.751000047,,,9293.58,31285.58,42894.7
Samoa,WSM,East Asia & Pacific,Lower middle income,2004,70.089,3.3,189.9999976,4.64893484,,5.217000008,,47.89112982,6130.14,8962.68,36796.52
South Africa,ZAF,Sub-Saharan Africa,Upper middle income,2004,53.444,3.4,379989.9902,7.76453447,4.508979797,29.45000076,,,4343025.73,24812788.85,9520560.09
Zambia,ZMB,Sub-Saharan Africa,Low income,2004,47.354,,2109.999895,7.04994965,2.463429928,15.29800034,,,417552.32,8697366.78,1814024.88
Zimbabwe,ZWE,Sub-Saharan Africa,Lower middle income,2004,43.065,,9770.000458,,,4.389999866,,30.43612022,427304.48,9149877.93,1762435.55
Afghanistan,AFG,South Asia,Low income,2005,58.29,36.1,1549.999952,9.94828987,2.569999933,11.21700001,,,2157481.76,8555405.22,6353575.08
Angola,AGO,Sub-Saharan Africa,Lower middle income,2005,50.165,52.2,15810.00042,2.85219693,2.120110035,3.881999969,2.5,,1257995.96,10778976.02,3009696.38
Albania,ALB,Europe & Central Asia,Upper middle income,2005,75.228,8.9,4030.00021,6.33554173,3.281549931,15.97000027,3,41.87565502,94241.87,99241.18,568930.66
Andorra,AND,Europe & Central Asia,High income,2005,,,579.9999833,5.73988628,1.644970059,,,50.52715717,1972.26,810.79,15749.49
United Arab Emirates,ARE,Middle East & North Africa,High income,2005,75.376,8,116459.9991,2.32019687,,3.119999886,,74.56568765,169003.26,70457.88,589327.57
Argentina,ARG,Latin America & Caribbean,Upper middle income,2005,74.451,3.7,145990.0055,7.61078882,3.860009909,11.51000023,,48.89879673,1325638.99,1447163.21,8238762.03
Armenia,ARM,Europe & Central Asia,Upper middle income,2005,72.626,12.3,4460.000038,5.86188269,2.712029934,10.20300007,2.5,46.65712453,92659.79,105444.38,793047.77
American Samoa,ASM,East Asia & Pacific,Upper middle income,2005,,,,,,,,,1661.84,2520.51,11269.82
Antigua and Barbuda,ATG,Latin America & Caribbean,High income,2005,75.019,,409.9999964,4.9945569,,,,,2247.22,2901.01,15252.01
Australia,AUS,East Asia & Pacific,High income,2005,80.84146341,2.5,370089.9963,7.99008226,4.898519993,5.03000021,,59.75580652,613138.17,207652.87,4288693.98
Austria,AUT,Europe & Central Asia,High income,2005,79.33170732,2.5,76239.99786,9.62702942,5.249370098,5.630000114,,99.66514266,235313.1,78402.4,2112187.42
Azerbaijan,AZE,Europe & Central Asia,Upper middle income,2005,68.747,4.8,30040.00092,2.26107669,2.974620104,7.260000229,2.5,23.12100788,240229.35,826520.96,2003781.9
Burundi,BDI,Sub-Saharan Africa,Low income,2005,53.369,,150.000006,8.42371273,3.632159948,1.620000005,3,,1328158.4,4558703.58,1203308.99
Belgium,BEL,Europe & Central Asia,High income,2005,78.9804878,2.5,110610.0006,9.26114464,5.795859814,8.43999958,,75.60718557,394024.93,164589.62,2695062.01
Benin,BEN,Sub-Saharan Africa,Lower middle income,2005,57.355,12,2900.000095,2.93478322,2.656680107,0.824999988,3.5,,313691.95,4334552.55,1313241.95
Burkina Faso,BFA,Sub-Saharan Africa,Low income,2005,53.31,17.5,1059.999943,3.95109105,3.941139936,4,3.5,,591426.25,10011584.28,2660480.48
Bangladesh,BGD,South Asia,Lower middle income,2005,67.773,14.2,32709.99908,2.41363597,,4.25,2.5,23.07214054,4474768.37,24349119.13,22331323.1
Bulgaria,BGR,Europe & Central Asia,Upper middle income,2005,72.56097561,4.9,47990.00168,6.89011431,4.108799934,10.07999992,,50.29901878,340284.76,162185.18,3119810.92
Bahrain,BHR,Middle East & North Africa,High income,2005,75.326,,20690.00053,3.17561626,3.329999924,1.090999961,,74.24183286,23495.3,17231.54,134173.26
Bosnia and Herzegovina,BIH,Europe & Central Asia,Upper middle income,2005,75.198,2.5,16229.99954,9.05223751,,30.40999985,3,20.15754743,134599.18,64746.86,1029482.83
Belarus,BLR,Europe & Central Asia,Upper middle income,2005,68.85121951,2.5,56779.99878,6.07036781,5.871029854,9.062999725,,83.06430915,812527.83,216458.96,3659225.81
Belize,BLZ,Latin America & Caribbean,Upper middle income,2005,69.998,5.7,469.9999988,4.49777079,,10.90999985,,,14188.47,19369.8,42535.63
Bermuda,BMU,North America,High income,2005,78.68536585,,,,1.988770008,,,,1256.68,1351.19,13757.1
Bolivia,BOL,Latin America & Caribbean,Lower middle income,2005,65.312,26.8,10050.00019,5.07408142,,2.54399991,3,32.53443214,396696.96,1379836.23,1691731.05
Brazil,BRA,Latin America & Caribbean,Upper middle income,2005,71.896,6.5,331690.0024,8.03540993,4.4790802,9.569999695,,37.82821516,9338534.63,12613729.65,38596396.98
Barbados,BRB,Latin America & Caribbean,High income,2005,77.915,6.1,1419.999957,6.76892185,5.669650078,9.079999924,,,6964.33,10645.46,65131.52
Bhutan,BTN,South Asia,Lower middle income,2005,65.289,,319.9999928,4.13416386,7.287149906,3.099999905,4,64.14853948,21050.03,118575.85,109994.43
Botswana,BWA,Sub-Saharan Africa,Upper middle income,2005,52.13,22.6,4280.00021,5.02535105,10.67858982,19.81399918,,,113190.38,1039433.38,322603.05
Central African Republic,CAF,Sub-Saharan Africa,Low income,2005,44.744,39.6,219.9999988,4.36732149,1.652220011,5.695000172,2.5,19.09000526,310132.64,3766393.86,805165.65
Canada,CAN,North America,High income,2005,80.19268293,2.5,549030.0293,9.03540611,4.765880108,6.760000229,,78.8857635,834411.4,396014.65,6949223.73
Switzerland,CHE,Europe & Central Asia,High income,2005,81.23658537,2.5,45849.99847,10.004179,5.057400227,4.440000057,,99.61608332,233140.53,78391.76,1738439.81
Chile,CHL,Latin America & Caribbean,High income,2005,77.63,3.1,55970.00122,6.58871555,3.262830019,9.340000153,,54.79560816,522744.09,296514.04,3000791.24
China,CHN,East Asia & Pacific,Upper middle income,2005,72.985,7,5824629.883,4.17605114,2.390000105,4.519999981,,21.15726769,45422072.3,35870314.03,287176624.3
Cote d'Ivoire,CIV,Sub-Saharan Africa,Lower middle income,2005,50.12,18.3,5880.000114,5.00643015,2.919440031,5.688000202,2,,701543.54,12763722.59,2980729.21
Cameroon,CMR,Sub-Saharan Africa,Lower middle income,2005,52.76,15.9,5019.999981,4.09544468,2.65651989,4.400000095,2.5,,706338,10894276.03,2906555.32
Colombia,COL,Latin America & Caribbean,Upper middle income,2005,74.265,11.2,57639.99939,6.06709814,4.020989895,11.06000042,,15.98945568,2538197.77,2048504.66,6570975.45
Comoros,COM,Sub-Saharan Africa,Lower middle income,2005,60.126,,150.000006,6.12521267,,4.919000149,2.5,,21218.36,194212.23,95084.32
Costa Rica,CRI,Latin America & Caribbean,Upper middle income,2005,78.117,4.4,6269.999981,6.66429853,,6.570000172,,37.65452496,114095.97,93285.96,622002.47
Cuba,CUB,Latin America & Caribbean,Upper middle income,2005,77.688,2.5,26319.99969,8.75525475,10.55778027,1.950000048,,39.53911216,337245.42,254054.3,2470075.1
Cyprus,CYP,Europe & Central Asia,High income,2005,78.63,7.6,7900.000095,5.43580961,6.286670208,5.300000191,,76.28757673,29343.02,10822.5,213014.06
Germany,DEU,Europe & Central Asia,High income,2005,78.93170732,2.5,802380.0049,10.3115406,,11.17000008,,96.02317376,1911407.94,896837.54,23022502.15
Djibouti,DJI,Middle East & North Africa,Lower middle income,2005,57.991,31.3,430.0000072,3.22467232,8.365889549,27.71999931,2.5,25.70526919,28409.67,310769.59,115615.6
Dominica,DMA,Latin America & Caribbean,Upper middle income,2005,,5.4,159.9999964,4.97772503,,,4,,2451.31,3263.56,17698.11
Denmark,DNK,Europe & Central Asia,High income,2005,77.84390244,2.5,50200.00076,9.0905695,8.085570335,4.829999924,,86.80213806,132813.09,73621.14,1477458.19
Dominican Republic,DOM,Latin America & Caribbean,Upper middle income,2005,70.771,19.2,18690.00053,4.35389185,,6.590000153,,,393830.81,959580.3,1557582.1
Algeria,DZA,Middle East & North Africa,Lower middle income,2005,73.072,6.7,94190.00244,3.2351613,,15.27000046,,20.69066582,1366864.54,1966546.31,5744011.18
Ecuador,ECU,Latin America & Caribbean,Upper middle income,2005,74.112,22.4,28219.99931,5.59422016,,3.779999971,,40.2882852,715120.38,983555.77,2243594.19
Eritrea,ERI,Sub-Saharan Africa,Low income,2005,58.707,,600.0000238,6.86417818,,5.263999939,2.5,,277294,1961413.94,757255.64
Spain,ESP,Europe & Central Asia,High income,2005,80.17073171,2.5,350500,7.73195314,4.144320011,9.149999619,,93.57243618,1088739.16,570654.23,10509981.76
Estonia,EST,Europe & Central Asia,High income,2005,72.56829268,2.5,17229.99954,5.05801439,4.810269833,8.029999733,,92.5955736,80311.4,25099.05,446760.95
Ethiopia,ETH,Sub-Saharan Africa,Low income,2005,56.223,37.1,5050.000191,4.10098124,,2.5,2.5,3.355939326,3104046.1,40790843.51,11007525.3
Finland,FIN,Europe & Central Asia,High income,2005,78.81707317,2.5,55459.99908,8.28795624,6.02507019,8.380000114,,81.27402788,220259.91,50383.55,1349234.33
Fiji,FJI,East Asia & Pacific,Upper middle income,2005,66.313,3.7,1289.999962,3.25656676,5.167059898,3.890000105,,,26104.33,59490.89,208811.06
France,FRA,Europe & Central Asia,High income,2005,80.16341463,2.5,380660.0037,10.2148447,,8.489999771,,79.12016002,2062509.51,788320.25,14259166.56
Gabon,GAB,Sub-Saharan Africa,Upper middle income,2005,58.181,14.3,6059.999943,2.93410254,,16.90999985,,,55306.49,415769.22,250161.73
United Kingdom,GBR,Europe & Central Asia,High income,2005,79.04878049,2.5,540919.9829,8.44144344,4.929180145,4.75,,97.8090057,1235891.42,1048445.02,16175728.55
Georgia,GEO,Europe & Central Asia,Upper middle income,2005,70.538,4.1,4239.999771,8.07734108,2.484319925,13.81000042,3.5,44.42891811,140712.61,163212.97,1404204.32
Ghana,GHA,Sub-Saharan Africa,Lower middle income,2005,58.719,11.2,7039.999962,3.64265633,7.42208004,5.618999958,3.5,6.278186159,689437.77,8669563.55,3585007.12
Guinea,GIN,Sub-Saharan Africa,Low income,2005,53.238,,1830.000043,4.04247189,1.849060059,4.652999878,2.5,,396400.73,5567493.44,1747669.3
Guinea-Bissau,GNB,Sub-Saharan Africa,Low income,2005,52.275,,209.9999934,7.2509346,,6.210999966,2.5,5.167166109,79982.17,868753.46,267548.56
Equatorial Guinea,GNQ,Sub-Saharan Africa,Upper middle income,2005,54.449,,8319.999695,1.49993956,,8.75399971,,,32053.87,351480,110516.24
Greece,GRC,Europe & Central Asia,High income,2005,79.23902439,2.5,101949.9969,8.56466961,3.963959932,9.989999771,,80.49946826,278666.21,121855.66,2912348.04
Grenada,GRD,Latin America & Caribbean,Upper middle income,2005,73.123,,250,5.14460278,,,4,,3276.98,4526.34,22360.38
Greenland,GRL,Europe & Central Asia,High income,2005,68.42731707,,,,,,,85.9105597,4603.47,1580.3,14679.89
Guatemala,GTM,Latin America & Caribbean,Upper middle income,2005,69.762,18.9,11529.99973,6.14832115,,3.051000118,,,854249.3,1709715.74,1988523.87
Guam,GUM,East Asia & Pacific,High income,2005,76.687,,,,,7,,,4330.42,5599.61,28689.37
Guyana,GUY,Latin America & Caribbean,Upper middle income,2005,66.694,7.1,1480.000019,3.79409742,8.139730453,11.02299976,3,,52305,90967.8,174664.72
Honduras,HND,Latin America & Caribbean,Lower middle income,2005,72.026,22.3,6969.99979,7.50086403,,4.909999847,3,43.24885745,365610.91,547094.01,1156325.62
Croatia,HRV,Europe & Central Asia,High income,2005,75.24463415,2.5,21450.00076,6.90785742,,12.60000038,,78.16265687,181964.7,66291.05,1335866.29
Haiti,HTI,Latin America & Caribbean,Lower middle income,2005,58.652,52.9,1700.000048,3.36843777,,14.41600037,2,,612947.93,2874077.9,2194067.61
Hungary,HUN,Europe & Central Asia,High income,2005,72.64878049,2.5,55919.99817,8.00078201,5.318880081,7.190000057,,66.18057915,448791.29,136255.69,3555087.57
Indonesia,IDN,East Asia & Pacific,Lower middle income,2005,67.334,19.2,342149.9939,2.53189397,2.872819901,7.940000057,3,,6392259.59,27418345.71,44810321.32
India,IND,South Asia,Lower middle income,2005,64.5,21.6,1136469.971,3.79116249,3.188750029,5.612999916,3.5,15.3211176,53131679.51,245719584.3,202654074.7
Ireland,IRL,Europe & Central Asia,High income,2005,78.94390244,2.5,46650.00153,7.64583445,4.518980026,4.340000153,,61.81638528,101923.56,53506.3,907914.54
Iraq,IRQ,Middle East & North Africa,Upper middle income,2005,68.266,17.9,85129.99725,2.89739919,,8.706000328,,35.41874191,2808835.54,2794695.17,4970213.55
Iceland,ISL,Europe & Central Asia,High income,2005,81.50243902,2.5,2289.999962,8.94695091,7.338439941,2.549999952,,52.10876373,6160.82,3169.09,57362.63
Israel,ISR,Middle East & North Africa,High income,2005,80.15121951,2.5,61009.99832,7.11729813,5.754590034,11.34000015,,83.60619892,162055.03,91859.52,1251607.89
Italy,ITA,Europe & Central Asia,High income,2005,80.78292683,2.5,473829.9866,8.33931828,4.238299847,7.730000019,,95.66174191,1218313.84,589409.64,15509810.44
Jamaica,JAM,Latin America & Caribbean,Upper middle income,2005,74.148,7.4,10560.00042,4.54581738,4.616419792,11.26000023,,,71749.8,115066.87,448996.97
Jordan,JOR,Middle East & North Africa,Upper middle income,2005,72.595,5.5,19870.00084,8.59408951,4.920000076,14.80000019,,76.29189586,149371.49,257676.03,821488.14
Japan,JPN,East Asia & Pacific,High income,2005,81.92512195,2.5,1212819.946,7.65818596,3.314939976,4.449999809,,75.23085406,3727544.51,2003154.25,29099084.74
Kazakhstan,KAZ,Europe & Central Asia,Upper middle income,2005,65.86,7.3,169210.0067,3.90172553,2.263530016,8.130000114,,,1260407.14,940183.39,4751056.39
Kenya,KEN,Sub-Saharan Africa,Lower middle income,2005,54.732,28.5,8319.999695,5.31436443,7.335649967,2.924000025,3,,948916.52,16008150.7,4450879.6
Cambodia,KHM,East Asia & Pacific,Lower middle income,2005,63.088,17,2660.000086,6.85401773,,1.131000042,2.5,,559323.51,3026336.11,2539947.42
Kiribati,KIR,East Asia & Pacific,Lower middle income,2005,64.478,5.3,70.0000003,11.50768661,,,3.5,19.76194639,4157.85,18994.87,29463.58
Kuwait,KWT,Middle East & North Africa,High income,2005,73.538,2.5,69910.00366,2.01313829,4.738339901,1.495000005,,100,58251.14,45014.32,315360.34
Lebanon,LBN,Middle East & North Africa,Lower middle income,2005,76.865,10.9,17280.00069,7.5486207,2.646189928,8.279999733,,10.69132357,94094.45,146384.15,827237.68
Liberia,LBR,Sub-Saharan Africa,Low income,2005,55.393,35.8,670.0000167,9.68472099,,2.186000109,,,94838.99,1756070.71,480392.15
Libya,LBY,Middle East & North Africa,Upper middle income,2005,71.902,,52990.00168,2.59774685,,19.39299965,,23.83377084,177964.89,189096.68,838469.55
Sri Lanka,LKA,South Asia,Lower middle income,2005,74.695,14,13979.99954,4.00972462,2.25999999,7.670000076,3.5,,920999.31,864752.72,3779337.17
Lesotho,LSO,Sub-Saharan Africa,Lower middle income,2005,42.658,13.7,430.0000072,5.44926691,12.07966042,31.30999947,3.5,18.12954316,150238.58,1587788.28,397447.7
Lithuania,LTU,Europe & Central Asia,High income,2005,71.25365854,2.5,12829.99992,5.64800453,4.878399849,8.319999695,,81.82996477,267015.64,68681.84,1097718.22
Luxembourg,LUX,Europe & Central Asia,High income,2005,79.43170732,2.5,11909.99985,7.18256855,,4.489999771,,91.05201612,12210.33,5297.73,109724.54
Latvia,LVA,Europe & Central Asia,High income,2005,71.35609756,2.5,7710.000038,5.84766769,,10.02999973,,52.14225955,160049.07,50267.45,820637.21
Morocco,MAR,Middle East & North Africa,Lower middle income,2005,71.746,5.5,43580.00183,4.76469755,,11.01000023,,34.50253434,1321307.72,3151648.95,5987944.71
Monaco,MCO,Europe & Central Asia,High income,2005,,,,2.11639619,,,,100,916.77,518.58,11457.88
Moldova,MDA,Europe & Central Asia,Upper middle income,2005,67.82,,8180.000305,9.55814838,7.162700176,7.289999962,3,,230090.31,153380.94,1326734.79
Madagascar,MDG,Sub-Saharan Africa,Low income,2005,61.212,33.4,1710.000038,5.20261955,3.309639931,2.619999886,3.5,5.267388146,501460.34,7259330.43,2955506.1
Maldives,MDV,South Asia,Upper middle income,2005,73.612,,720.0000286,8.82753468,5.016839981,7.201000214,3,,5628.4,18672.08,41460.72
Mexico,MEX,Latin America & Caribbean,Upper middle income,2005,75.3,4.4,432190.0024,5.83612156,4.845689774,3.559999943,,23.87717464,3689547.48,5020395.24,18291872.34
Marshall Islands,MHL,East Asia & Pacific,Upper middle income,2005,,,140.0000006,21.95516396,,,,,2748.09,5861.95,12053.67
North Macedonia,MKD,Europe & Central Asia,Upper middle income,2005,73.69756098,5,9229.999542,7.67907524,,37.25,,12.90839277,61827.58,40937.94,596222.97
Mali,MLI,Sub-Saharan Africa,Low income,2005,52.057,13.3,1649.999976,5.19515705,3.52218008,9.68900013,3.5,9.398892124,559210.25,10106599.71,2255837.98
Malta,MLT,Middle East & North Africa,High income,2005,79.3,2.5,2630.000114,8.66396618,,6.920000076,,91.86797469,8549.32,5438.3,94981.89
Myanmar,MMR,East Asia & Pacific,Lower middle income,2005,61.607,27.8,10720.00027,2.3303194,,0.66900003,,60.16921715,2430622.1,11368021.64,12200872.26
Montenegro,MNE,Europe & Central Asia,Upper middle income,2005,73.98292683,5.5,2000,,,30.30999947,,,24388.38,11938.28,173993.42
Mongolia,MNG,East Asia & Pacific,Lower middle income,2005,65.103,29.6,11060.00042,3.75525045,,7.039000034,2.5,36.56402465,169657.73,249870.69,630709.38
Northern Mariana Islands,MNP,East Asia & Pacific,High income,2005,,,,,,,,,2477.92,1803.45,11462.81
Mozambique,MOZ,Sub-Saharan Africa,Low income,2005,50.387,33.3,1710.000038,4.39079046,4.00578022,3.015000105,3,,758310.49,14977648.67,3077260.34
Mauritania,MRT,Sub-Saharan Africa,Lower middle income,2005,61.349,9.4,1509.99999,3.40313458,,9.791999817,2.5,,109696.6,903726.12,416894.07
Mauritius,MUS,Sub-Saharan Africa,Upper middle income,2005,72.43219512,5.1,2960.000038,3.56529307,4.078199863,9.520000458,,,31439.56,40069.93,298252.99
Malawi,MWI,Sub-Saharan Africa,Low income,2005,47.844,22.5,759.9999905,6.05505085,,5.842999935,3,20.43709735,387049.3,9646018.59,1988341.65
Malaysia,MYS,East Asia & Pacific,Upper middle income,2005,73.555,3.2,167419.9982,2.78692698,,3.529999971,,66.67528614,712032.24,994880.16,4024568.88
Namibia,NAM,Sub-Saharan Africa,Upper middle income,2005,50.931,18.2,2529.999971,10.19230366,,22.21699905,,,102857.89,937307.7,320669.17
Niger,NER,Sub-Saharan Africa,Low income,2005,53.411,,759.9999905,5.67636585,,3.099999905,3,9.256826745,606955.83,11877997.68,2237277.18
Nigeria,NGA,Sub-Saharan Africa,Lower middle income,2005,48.252,7.1,98720.00122,4.46591902,,3.871000051,3,22.85006965,4456443.11,102794721.2,23985556.96
Nicaragua,NIC,Latin America & Caribbean,Lower middle income,2005,71.195,23.3,4340.000153,6.22468948,,5.369999886,3.5,,169782.7,314709.73,773490.37
Netherlands,NLD,Europe & Central Asia,High income,2005,79.34634146,2.5,167929.9927,9.09671688,5.109399796,5.869999886,,97.44871785,311494.4,230193.14,3856641.04
Norway,NOR,Europe & Central Asia,High income,2005,80.04146341,2.5,36349.99847,8.32839584,6.865069866,4.380000114,,60.23711656,121928.42,58752.71,1093892.9
Nepal,NPL,South Asia,Lower middle income,2005,65.264,16.8,3190.000057,3.94221067,3.364639997,1.457999945,2.5,17.84196037,915172.53,5289678.77,4161870.95
Nauru,NRU,East Asia & Pacific,High income,2005,,,70.0000003,10.30554104,,,,,796.93,1582.63,2871.04
New Zealand,NZL,East Asia & Pacific,High income,2005,79.85121951,2.5,34229.99954,8.27334881,6.278960228,3.809999943,,77.15227454,151701.35,42969.16,861869.62
Oman,OMN,Middle East & North Africa,High income,2005,74.23,9.6,31010.00023,2.5871408,3.517210007,4.181000233,,,128258.01,72765.89,340740.35
Pakistan,PAK,South Asia,Lower middle income,2005,63.951,17.6,121669.9982,2.70793724,2.049720049,0.592999995,2.5,,9169537.74,57243295.55,29945847.7
Panama,PAN,Latin America & Caribbean,High income,2005,75.892,21.6,7119.999886,6.09434938,,3.753000021,,,102474.1,152201.63,485199.5
Peru,PER,Latin America & Caribbean,Upper middle income,2005,72.908,18.8,31290.00092,4.66595268,2.839030027,4.880000114,,19.55181157,888236.36,2091185.06,3913777.51
Philippines,PHL,East Asia & Pacific,Lower middle income,2005,69.112,14.4,76669.99817,3.74253011,2.328069925,3.799999952,,44.9191181,2765621.72,9624724.62,15005146.61
Palau,PLW,East Asia & Pacific,Upper middle income,2005,69.12926829,,259.9999905,9.34274673,,,,,1215.63,1266.02,5574.76
Papua New Guinea,PNG,East Asia & Pacific,Lower middle income,2005,60.534,27.4,4929.999828,2.44874048,,2.40899992,3,,292855.17,1726131.09,1303390.94
Poland,POL,Europe & Central Asia,High income,2005,74.99512195,2.5,301350.0061,5.80689144,5.425749779,17.75,,82.40894304,1685579.68,571468.85,10305672.48
Puerto Rico,PRI,Latin America & Caribbean,High income,2005,78.29609756,,,,,11.35000038,,32.52742854,130682.99,121832.96,860601.37
Portugal,PRT,Europe & Central Asia,High income,2005,78.07073171,2.5,65470.00122,9.65306759,5.073949814,7.579999924,,55.52606291,291533.98,217001.29,2866468.98
Paraguay,PRY,Latin America & Caribbean,Upper middle income,2005,71.667,9.5,3700.000048,4.82934666,,4.820000172,,48.52294749,194579.7,342022.23,870875.34
Qatar,QAT,Middle East & North Africa,High income,2005,78.252,,38540.00092,2.56300044,3.971879959,0.86500001,,71.1,37790.39,16381.68,114318.31
Romania,ROU,Europe & Central Asia,High income,2005,71.91219512,2.5,94709.99908,5.52778149,3.500390053,7.170000076,,53.69210189,905514.9,608802.23,6805217.17
Rwanda,RWA,Sub-Saharan Africa,Low income,2005,55.254,35.3,550.0000119,8.77702618,,0.963999987,3,,481357.84,4075211.69,1448670.72
Saudi Arabia,SAU,Middle East & North Africa,High income,2005,73.256,4.8,315290.0085,3.4186728,5.430920124,6.050000191,,40.91940937,1336192.76,830022.79,3589279.04
Sudan,SDN,Sub-Saharan Africa,Low income,2005,60.525,18.9,10500,4.09418106,1.178429961,14.9659996,2,,1540987.98,8185517.27,6219922.47
Senegal,SEN,Sub-Saharan Africa,Lower middle income,2005,60.62,18.1,5670.000076,3.67466164,4.064430237,8.895999908,3,15.68024181,322491.07,4130506.23,1764214.15
Singapore,SGP,East Asia & Pacific,High income,2005,79.9902439,,36900.00153,3.03367925,3.195960045,5.590000153,,100,77171.94,64744.4,610409.37
Solomon Islands,SLB,East Asia & Pacific,Lower middle income,2005,69.158,12.5,340.0000036,9.0159359,,1.764999986,3,,32765.92,107279.74,135125.46
Sierra Leone,SLE,Sub-Saharan Africa,Low income,2005,44.502,46.7,449.9999881,11.03772926,2.796979904,3.546999931,2.5,10.06994828,253447.1,4215134.36,1081435.51
El Salvador,SLV,Latin America & Caribbean,Lower middle income,2005,70.124,9.1,6840.000153,8.43694401,3.177850008,7.21999979,,,396304.86,309801.09,1009604.3
San Marino,SMR,Europe & Central Asia,High income,2005,,,,4.93253946,,,,70.3715,638.36,335.86,6590.17
Somalia,SOM,Sub-Saharan Africa,Low income,2005,52.346,70.8,579.9999833,,,19.01300049,,18.73471509,649124.22,8867377.46,1955462.23
Serbia,SRB,Europe & Central Asia,Upper middle income,2005,72.83414634,2.5,50689.99863,8.27808189,,20.85000038,3,20.9923978,345214.4,171285.08,3140391.95
South Sudan,SSD,Sub-Saharan Africa,Low income,2005,51.686,,910.0000262,,,12.11299992,,,278087.18,4830779.77,1146749.74
Sao Tome and Principe,STP,Sub-Saharan Africa,Lower middle income,2005,64.659,9,79.99999821,11.51630402,4.856450081,16.46999931,3.5,18.07229649,3303.5,35858.7,24876.27
Suriname,SUR,Latin America & Caribbean,Upper middle income,2005,68.877,9.7,1690.000057,5.61497545,,9.383000374,,30.12066231,22512.71,46130.37,102824.78
Slovenia,SVN,Europe & Central Asia,High income,2005,77.61219512,2.5,15920.00008,7.99595737,5.6040802,6.510000229,,35.40524102,99672.2,25694.8,499367.7
Sweden,SWE,Europe & Central Asia,High income,2005,80.54634146,2.5,50209.99908,8.1508379,6.506400108,7.489999771,,93.32304405,234427.85,95541.13,2261659.75
Eswatini,SWZ,Sub-Saharan Africa,Lower middle income,2005,42.518,9.2,660.0000262,7.37623358,6.484620094,27.06500053,,,71512.25,861519.88,201412.21
Seychelles,SYC,Sub-Saharan Africa,High income,2005,72.13170732,,379.9999952,4.97854805,,,,,2672.12,4045.87,18966.68
Chad,TCD,Sub-Saharan Africa,Low income,2005,48.549,37.8,479.9999893,4.84111404,1.694769979,0.871999979,2,8.712721622,461705.69,8179869,1633792.09
Togo,TGO,Sub-Saharan Africa,Low income,2005,54.602,27.7,1750,3.30243444,3.159780025,4.217999935,2,6.445433433,237367.78,2931127.4,838432.01
Thailand,THA,East Asia & Pacific,Upper middle income,2005,72.099,11.9,217770.0043,3.15972233,3.93859005,1.350000024,,20.83306438,3207563.32,3589906.11,12278717.43
Tajikistan,TJK,Europe & Central Asia,Lower middle income,2005,66.08,,2470.000029,5.21024704,3.512130022,13.12800026,2,,225925.88,943006.31,1171673.56
Turkmenistan,TKM,Europe & Central Asia,Upper middle income,2005,65.017,4.2,50590.00015,9.55530357,,7.499000072,,,170335.21,456272.07,1008326.37
Tonga,TON,East Asia & Pacific,Upper middle income,2005,69.836,,129.9999952,4.51536036,,2.494999886,2,33.78822907,2262.66,6524.57,18960.9
Trinidad and Tobago,TTO,Latin America & Caribbean,High income,2005,70.691,11.1,17590.00015,4.43451166,,7.949999809,,,61457.43,62532.84,308281.34
Tunisia,TUN,Middle East & North Africa,Lower middle income,2005,74.217,4.3,22969.99931,5.3973608,6.451570034,12.86999989,,60.22148683,325757.52,382555.76,1853262.65
Tuvalu,TUV,East Asia & Pacific,Upper middle income,2005,,,9.999999776,11.35907459,,,,4.744718833,432.67,827.01,2850.85
Tanzania,TZA,Sub-Saharan Africa,Lower middle income,2005,54.349,28.4,5659.999847,6.32282591,3.546250105,3.226000071,3.5,10.88696901,1180760.48,21557410.37,6227868.62
Uganda,UGA,Sub-Saharan Africa,Low income,2005,51.676,,2019.999981,5.80522776,2.900000095,1.899999976,3,,1048187.46,18333602.59,4056306.71
Ukraine,UKR,Europe & Central Asia,Lower middle income,2005,67.95682927,2.5,295410.0037,6.3461585,5.848199844,7.179999828,,44.28034585,3365664.44,1657489.63,19601692.02
Uruguay,URY,Latin America & Caribbean,High income,2005,75.826,3.9,5420.000076,7.75686073,2.714750051,12.01000023,,,126492.01,91430.19,817561.79
United States,USA,North America,High income,2005,77.48780488,2.5,5753490.234,14.60504532,,5.079999924,,97.8283804,9557153.09,5173587.74,77679918.33
Uzbekistan,UZB,Europe & Central Asia,Lower middle income,2005,68.407,14.7,119190.0024,5.06766796,,7.092999935,1.5,,1084746.33,2714642.35,5988537.43
Vietnam,VNM,East Asia & Pacific,Lower middle income,2005,74.092,15.5,92370.00275,4.01387453,,2.095000029,3,,2926027.74,4927531.22,14154591.85
Vanuatu,VUT,East Asia & Pacific,Lower middle income,2005,68.35,6.9,70.0000003,3.30528617,,1.733999968,3,,9632.52,30569.41,45276.84
Samoa,WSM,East Asia & Pacific,Lower middle income,2005,70.374,3.4,209.9999934,4.76252794,,5.294000149,4,48.06377249,6605.1,8848.71,37241.57
South Africa,ZAF,Sub-Saharan Africa,Upper middle income,2005,53.447,3.4,377649.9939,7.68997431,4.524499893,29.12000084,,,4255278.03,25566395.36,9560436.89
Zambia,ZMB,Sub-Saharan Africa,Low income,2005,48.496,,2289.999962,6.86332226,1.735530019,15.89999962,3,,437126.89,8445949.53,1863803.54
Zimbabwe,ZWE,Sub-Saharan Africa,Lower middle income,2005,43.241,,10510.00023,,,4.538000107,1.5,30.13274429,433277.18,9044541.66,1783247.78
Afghanistan,AFG,South Asia,Low income,2006,58.826,33.3,1759.99999,10.62276554,2.900000095,11.09899998,2.5,,2353206.39,8223377.95,6340825.63
Angola,AGO,Sub-Saharan Africa,Lower middle income,2006,51.143,49.3,16559.99947,2.68553662,2.281460047,3.85800004,2.5,,1261954.18,10718718.62,3088844.29
Albania,ALB,Europe & Central Asia,Upper middle income,2006,75.423,8.8,4010.000229,6.00927734,3.191459894,15.63000011,2.5,42.39121173,89182.27,90917.84,557300.83
Andorra,AND,Europe & Central Asia,High income,2006,,,550.0000119,5.06450415,2.244899988,,,57.71178438,2028.94,832.08,16247.67
United Arab Emirates,ARE,Middle East & North Africa,High income,2006,75.573,8.3,121559.9976,2.3254137,,2.937000036,,74.56568765,191991.17,75087.5,649626.54
Argentina,ARG,Latin America & Caribbean,Upper middle income,2006,74.62,3.4,154899.9939,7.64032841,4.128210068,10.07999992,,49.11201065,1347931.57,1436963.34,8304714.97
Armenia,ARM,Europe & Central Asia,Upper middle income,2006,72.716,9.3,4489.999771,5.85007095,2.715770006,9.996999741,3.5,48.09726053,93356.64,104959.6,802931.28
American Samoa,ASM,East Asia & Pacific,Upper middle income,2006,,,,,14.7170496,,,,1643.51,2438.41,11381.34
Antigua and Barbuda,ATG,Latin America & Caribbean,High income,2006,75.204,,439.9999976,4.63347101,,,,,2207.7,2853.61,15599.46
Australia,AUS,East Asia & Pacific,High income,2006,81.04146341,2.5,375489.9902,7.98943853,4.740650177,4.78000021,,60.72271904,620166.47,208949.56,4335611.65
Austria,AUT,Europe & Central Asia,High income,2006,79.8804878,2.5,74099.99847,9.5311327,5.226520061,5.239999771,,99.66108998,231352.73,75740.57,2099786.94
Azerbaijan,AZE,Europe & Central Asia,Upper middle income,2006,69.259,2.8,30489.99977,2.06678391,2.555520058,6.619999886,2.5,23.68295256,235261.82,797478.5,2025824.48
Burundi,BDI,Sub-Saharan Africa,Low income,2006,54.163,,180.0000072,9.94232273,,1.611999989,2.5,,472565.17,4430980.04,1225087.97
Belgium,BEL,Europe & Central Asia,High income,2006,79.3804878,2.5,108650.0015,9.16102505,,8.25,,76.48826649,394780.43,163516.04,2682815.39
Benin,BEN,Sub-Saharan Africa,Lower middle income,2006,57.817,11,3470.000029,2.97331023,2.56340003,0.860000014,3.5,,321592.71,4380012.24,1347798.26
Burkina Faso,BFA,Sub-Saharan Africa,Low income,2006,54.063,17.1,1240.00001,4.51446247,3.982189894,3.654999971,3,,609139.19,9932127.32,2717108.81
Bangladesh,BGD,South Asia,Lower middle income,2006,68.213,13.8,35900.00153,2.48439622,2.131289959,3.589999914,2.5,24.14787637,4365189.5,22969983.93,22933766.58
Bulgaria,BGR,Europe & Central Asia,Upper middle income,2006,72.61219512,5.1,48950.00076,6.52544594,3.903460026,8.949999809,,50.16856971,335762.48,159329.7,3128319.47
Bahrain,BHR,Middle East & North Africa,High income,2006,75.478,,22489.99977,3.06248927,2.874409914,1.097000003,,75.45579717,28209.9,17647.87,140823.06
Bosnia and Herzegovina,BIH,Europe & Central Asia,Upper middle income,2006,75.342,2.5,17909.99985,9.17218685,,31.11000061,3,20.77816248,131967.51,63135.14,1020349.39
Belarus,BLR,Europe & Central Asia,Upper middle income,2006,69.40487805,2.5,59119.99893,5.57381344,6.076960087,8.399999619,,82.39375312,775312.25,212457.23,3561255.05
Belize,BLZ,Latin America & Caribbean,Upper middle income,2006,70.286,5.8,509.9999905,4.56418276,,9.390000343,,,13996.9,19448.7,43926.09
Bermuda,BMU,North America,High income,2006,78.88780488,,,,,,,,1239.01,1373.99,13900.26
Bolivia,BOL,Latin America & Caribbean,Lower middle income,2006,65.853,24.6,11229.99954,4.6608758,,2.575999975,3.5,33.43165522,397127.25,1339093.32,1722627.22
Brazil,BRA,Latin America & Caribbean,Upper middle income,2006,72.26,6.2,335619.9951,8.24952602,4.870600224,8.640000343,,38.23827901,9402192.11,12313871.09,39198556.42
Barbados,BRB,Latin America & Caribbean,High income,2006,78.009,5.3,1470.000029,6.58324289,,8.729999542,,,6916.45,10472.9,65989.32
Bhutan,BTN,South Asia,Lower middle income,2006,66.031,,319.9999928,4.35658741,,3.130000114,4,64.44166271,20210.65,114313.16,109993.03
Botswana,BWA,Sub-Saharan Africa,Upper middle income,2006,53.435,22.3,4090.000153,4.77373314,,17.78000069,,,114544.26,982469.44,324931
Central African Republic,CAF,Sub-Saharan Africa,Low income,2006,45.158,37.7,230.0000042,4.44105434,1.415060043,5.65899992,2.5,18.69190459,341076.46,3740319.7,827671.85
Canada,CAN,North America,High income,2006,80.34390244,2.5,540530.0293,9.34210205,,6.320000172,,79.28068911,835431.41,397678.47,7010586.05
Switzerland,CHE,Europe & Central Asia,High income,2006,81.4902439,2.5,45479.99954,9.53341675,4.81757021,4,,99.61636646,229174.52,78700.39,1746933.27
Chile,CHL,Latin America & Caribbean,High income,2006,77.865,3.1,57150.00153,6.03516722,3.021529913,9.020000458,,56.3840428,519250.6,294647,3027848.24
China,CHN,East Asia & Pacific,Upper middle income,2006,73.271,6.1,6437470.215,3.94742227,2.440000057,4.429999828,,23.71607541,43935343.39,33380484.91,284440815
Cote d'Ivoire,CIV,Sub-Saharan Africa,Lower middle income,2006,50.561,17.6,5699.999809,4.76330471,2.819999933,5.918000221,2,,701687.09,12394825.43,3041381.11
Cameroon,CMR,Sub-Saharan Africa,Lower middle income,2006,53.215,14.1,5090.000153,4.02897263,2.539910078,3.730999947,2.5,,731705.92,10973089,3004029.9
Colombia,COL,Latin America & Caribbean,Upper middle income,2006,74.5,11.4,57689.99863,6.33551502,3.916719913,11.28999996,,16.15180472,2485586.81,1990757.49,6715773.67
Comoros,COM,Sub-Saharan Africa,Lower middle income,2006,60.407,,170.0000018,5.77074194,,5.275000095,2.5,,20177.29,192967.6,93323.43
Costa Rica,CRI,Latin America & Caribbean,Upper middle income,2006,78.239,3.9,6559.999943,6.93530893,4.616139889,5.739999771,,37.39354309,121487.06,95011.04,649598.26
Cuba,CUB,Latin America & Caribbean,Upper middle income,2006,77.864,2.5,26780.00069,8.2719059,9.057169914,1.909999967,,39.2308363,318274.92,239484.03,2436353.47
Cyprus,CYP,Europe & Central Asia,High income,2006,78.764,7.5,8000,5.46357489,6.330269814,4.539999962,,76.33498189,27704.72,10722.69,218437
Germany,DEU,Europe & Central Asia,High income,2006,79.13170732,2.5,814409.9731,10.17961693,4.293960094,10.25,,96.11381657,1882306.65,901905.97,22925440.76
Djibouti,DJI,Middle East & North Africa,Lower middle income,2006,58.34,27.3,430.0000072,3.48426819,8.278779984,27.5739994,2.5,26.52365326,36199.47,310926.56,119405.57
Dominica,DMA,Latin America & Caribbean,Upper middle income,2006,,5,170.0000018,4.78092194,,,4,,2445.73,3217.22,17771.58
Denmark,DNK,Europe & Central Asia,High income,2006,78.09512195,2.5,58130.00107,9.16879559,7.729909897,3.900000095,,86.80213609,130615.24,73067.66,1479190.31
Dominican Republic,DOM,Latin America & Caribbean,Upper middle income,2006,71.041,16.4,20370.00084,3.99365425,,5.650000095,,,397585.33,922544.41,1598388.76
Algeria,DZA,Middle East & North Africa,Lower middle income,2006,73.521,6.4,99809.99756,3.35510182,4.619999886,12.27000046,,20.52313972,1344806.33,1946060.11,5829040.2
Ecuador,ECU,Latin America & Caribbean,Upper middle income,2006,74.319,22.8,30129.99916,5.70302916,,3.549999952,,40.45062481,737072.87,959338.04,2308085.32
Eritrea,ERI,Sub-Saharan Africa,Low income,2006,59.487,,519.9999809,6.85840559,2.127000093,5.260000229,2.5,,263900.48,1941086.3,773657.15
Spain,ESP,Europe & Central Asia,High income,2006,80.82195122,2.5,341779.9988,7.82912683,4.184820175,8.449999809,,93.76319903,1067647.31,561039.64,10552362.09
Estonia,EST,Europe & Central Asia,High income,2006,72.69146341,2.5,15979.99954,4.76530361,,5.909999847,,92.61824286,77182.28,24863.9,444475.65
Ethiopia,ETH,Sub-Saharan Africa,Low income,2006,57.334,35.6,5400.000095,4.45757294,5.490960121,2.470000029,2.5,3.588700651,3121041.71,39064031.86,11025848.3
Finland,FIN,Europe & Central Asia,High income,2006,79.21463415,2.5,67019.99664,8.2841177,5.928380013,7.71999979,,81.53092822,218229.21,46688.18,1351687.18
Fiji,FJI,East Asia & Pacific,Upper middle income,2006,66.362,3.7,1379.999995,3.34798169,5.655320168,3.959000111,,,26348.48,58987.17,214385.19
France,FRA,Europe & Central Asia,High income,2006,80.81219512,2.5,371549.9878,10.38566494,,8.449999809,,79.08039447,2038027.61,783347.76,14276387.78
Gabon,GAB,Sub-Saharan Africa,Upper middle income,2006,58.641,14.8,5440.000057,3.14508867,,17.67099953,,,56003.38,403205.79,255107.69
United Kingdom,GBR,Europe & Central Asia,High income,2006,79.24878049,2.5,542059.9976,8.60818768,4.973259926,5.349999905,,97.82428066,1247052.26,1042261.59,16160663.05
Georgia,GEO,Europe & Central Asia,Upper middle income,2006,70.635,4,4699.999809,7.63208055,3.00364995,13.56999969,3.5,43.71899995,141156.11,151701.12,1374178.72
Ghana,GHA,Sub-Saharan Africa,Lower middle income,2006,59.234,10.6,8510.000229,3.68296194,5.259829998,4.639999866,4,6.747471971,709612.71,8693272.74,3679326.51
Guinea,GIN,Sub-Saharan Africa,Low income,2006,54.052,,1899.999976,3.61069894,,4.698999882,2.5,,409022.74,5523888.36,1783178.9
Guinea-Bissau,GNB,Sub-Saharan Africa,Low income,2006,52.691,,219.9999988,7.28979492,,6.140999794,2.5,5.58080601,83413.47,817312.6,271256.37
Equatorial Guinea,GNQ,Sub-Saharan Africa,Upper middle income,2006,54.638,,9369.999886,1.51855373,,8.708999634,,,27882.3,339200.82,114141.89
Greece,GRC,Europe & Central Asia,High income,2006,79.43902439,2.5,100699.9969,8.25866985,,9.010000229,,81.16238664,268163.56,118872.74,2917725.95
Grenada,GRD,Latin America & Caribbean,Upper middle income,2006,73.125,,259.9999905,5.11352158,,,4,,3175.47,4419.54,22545.86
Greenland,GRL,Europe & Central Asia,High income,2006,68.66658537,,,,,,,85.9105586,4498.56,1540.97,14760.09
Guatemala,GTM,Latin America & Caribbean,Upper middle income,2006,70.082,17.8,11520.00046,6.36372948,3.032850027,3.061000109,,,847842.28,1637043.57,2060375.4
Guam,GUM,East Asia & Pacific,High income,2006,76.966,,,,,7.400000095,,,4286.28,5685.06,29304.77
Guyana,GUY,Latin America & Caribbean,Upper middle income,2006,66.972,7.1,1330.000043,3.93144441,3.118910074,10.69999981,3,,50572.66,84413.62,174529.92
Honduras,HND,Latin America & Caribbean,Lower middle income,2006,72.285,21.8,7969.99979,7.86318684,,3.569999933,3,43.77909775,371936.18,538464.41,1188591.99
Croatia,HRV,Europe & Central Asia,High income,2006,75.83682927,2.5,21610.00061,6.97907209,,11.13000011,,78.2215456,178363.81,62540.58,1318152.79
Haiti,HTI,Latin America & Caribbean,Lower middle income,2006,59.028,51.9,1720.000029,3.53148794,,15.69099998,2,,617544.03,2832623.59,2239537.67
Hungary,HUN,Europe & Central Asia,High income,2006,73.09756098,2.5,55459.99908,7.78737354,5.288119793,7.489999771,,67.85382797,435271.53,132451.42,3500406.17
Indonesia,IDN,East Asia & Pacific,Lower middle income,2006,67.717,19,364470.0012,2.6194644,,7.550000191,3,,6618365.34,26541945.32,45590359.5
India,IND,South Asia,Lower middle income,2006,64.918,19.6,1215209.961,3.63477802,3.142849922,5.600999832,3.5,17.27038835,53697866.83,239547398.8,208840060.1
Ireland,IRL,Europe & Central Asia,High income,2006,79.24146341,2.5,47259.99832,7.51655483,4.547420025,4.409999847,,63.46257184,102930.17,52303.03,917982.07
Iraq,IRQ,Middle East & North Africa,Upper middle income,2006,68.157,18,82959.99908,2.42247868,,8.652000427,,35.89458233,3589185.21,2644774.82,4998773.88
Iceland,ISL,Europe & Central Asia,High income,2006,81.15853659,2.5,2329.999924,8.55709076,7.195219994,2.829999924,,54.19795186,6284.33,3179.2,58411.91
Israel,ISR,Middle East & North Africa,High income,2006,80.55365854,2.5,64330.00183,6.9061389,5.75635004,10.71000004,,84.36451618,185227.82,92528.48,1266047.73
Italy,ITA,Europe & Central Asia,High income,2006,81.28292683,2.5,466649.9939,8.43673038,4.52545023,6.78000021,,95.66858102,1206665.93,584433.2,15526897.29
Jamaica,JAM,Latin America & Caribbean,Upper middle income,2006,74.143,7.7,12060.00042,4.20788145,,10.31999969,,,63848.75,120017.86,458250.4
Jordan,JOR,Middle East & North Africa,Upper middle income,2006,72.763,5.7,20170.00008,7.81179047,4.659999847,14,,76.95676665,141062.43,260620.81,856290.82
Japan,JPN,East Asia & Pacific,High income,2006,82.32195122,2.5,1189520.02,7.68688822,3.276679993,4.190000057,,75.66187689,3672187.72,1998113.35,29213268.66
Kazakhstan,KAZ,Europe & Central Asia,Upper middle income,2006,66.15,6.3,185300.0031,3.39824939,2.626780033,7.789999962,,,1271964.59,924748.98,4788291.75
Kenya,KEN,Sub-Saharan Africa,Lower middle income,2006,56.093,26.1,9300.000191,5.87344933,7.049839973,2.907000065,3,,992344.83,15420186.15,4604534.26
Cambodia,KHM,East Asia & Pacific,Lower middle income,2006,63.927,15.6,2960.000038,6.11896086,,1.208999991,2.5,,542658.91,2860753.89,2553575.91
Kiribati,KIR,East Asia & Pacific,Lower middle income,2006,64.712,5.5,70.0000003,11.57650661,,,3.5,20.45136685,4249.92,18939.9,29934.63
Kuwait,KWT,Middle East & North Africa,High income,2006,73.66,2.5,72430.00031,1.82130992,3.759979963,1.299999952,,100,60969.14,47103.68,333792.21
Lebanon,LBN,Middle East & North Africa,Lower middle income,2006,77.26,10.5,16229.99954,8.66051579,2.779759884,8.682999611,,11.11327609,139806.1,148036.74,847543.12
Liberia,LBR,Sub-Saharan Africa,Low income,2006,56.4,35.3,689.9999976,8.4906292,,2.198999882,,,95820.43,1707926.37,497144.66
Libya,LBY,Middle East & North Africa,Upper middle income,2006,72.063,,52919.99817,2.51467609,,19.41300011,,23.63414657,180949.61,179226.61,861455.26
Sri Lanka,LKA,South Asia,Lower middle income,2006,74.904,13.2,12399.99962,3.97986174,2.329999924,6.5,3.5,,1064073.08,725805.24,3760404.75
Lesotho,LSO,Sub-Saharan Africa,Lower middle income,2006,42.595,12.8,430.0000072,6.11966419,11.27128029,30.46199989,3.5,20.27141358,152329.04,1552646.71,400777.15
Lithuania,LTU,Europe & Central Asia,High income,2006,71.05609756,2.5,13020.00046,5.84418154,4.825729847,5.78000021,,82.32002187,266425.5,69748.64,1122057.9
Luxembourg,LUX,Europe & Central Asia,High income,2006,79.28780488,2.5,11720.00027,6.70838261,,4.730000019,,91.08059966,12216.25,5255.65,110523.42
Latvia,LVA,Europe & Central Asia,High income,2006,70.86585366,2.5,8199.999809,5.71834707,4.684669971,7.03000021,,54.03975499,160781.01,51019.37,843468.21
Morocco,MAR,Middle East & North Africa,Lower middle income,2006,72.403,5.6,45000,4.94123936,,9.670000076,,34.83066006,1311674.5,2990030.56,6099774.25
Monaco,MCO,Europe & Central Asia,High income,2006,,,,2.01949477,,,,100,924.18,518.73,11547.36
Moldova,MDA,Europe & Central Asia,Upper middle income,2006,68.022,,7980.000019,10.54445267,7.498990059,7.380000114,3,,223609.84,149411.39,1301606.99
Madagascar,MDG,Sub-Saharan Africa,Low income,2006,61.65,31,1639.999986,5.07627583,2.830970049,2.938999891,3.5,5.627827693,495679.31,7230205.02,2996523.06
Maldives,MDV,South Asia,Upper middle income,2006,74.138,,870.0000048,8.04819012,4.64523983,9.156000137,2.5,,5870.3,17437.07,42569.83
Mexico,MEX,Latin America & Caribbean,Upper middle income,2006,75.296,4.1,448299.9878,5.65525532,4.699920177,3.569999933,,25.87350566,3741918.03,4855216.13,18553615.53
Marshall Islands,MHL,East Asia & Pacific,Upper middle income,2006,,,140.0000006,22.0241642,,,,,2766.88,5698.67,12314.31
North Macedonia,MKD,Europe & Central Asia,Upper middle income,2006,73.89512195,4.4,9220.000267,7.38314629,,36.02999878,,12.87573946,62352.06,42125.77,609131.29
Mali,MLI,Sub-Saharan Africa,Low income,2006,52.839,11.9,1889.999986,5.45588827,,10.69900036,3.5,10.07965255,584696.32,10150284.91,2316706.22
Malta,MLT,Middle East & North Africa,High income,2006,79.43902439,2.5,2650.000095,8.80992031,,6.800000191,,91.86797469,8721.39,5377.56,95462.86
Myanmar,MMR,East Asia & Pacific,Lower middle income,2006,61.938,24.5,9970.000267,2.25168705,,0.676999986,,60.46931151,2343338.28,10890147.7,12185527.85
Montenegro,MNE,Europe & Central Asia,Upper middle income,2006,73.83902439,3.1,2180.000067,,,25.10300064,,28.13976648,24623.92,11375.49,175353.71
Mongolia,MNG,East Asia & Pacific,Lower middle income,2006,65.538,27.4,12420.00008,3.74971414,,7.125,2.5,37.55119239,170152.46,241325.39,640547.09
Northern Mariana Islands,MNP,East Asia & Pacific,High income,2006,,,,,,,,,2270.72,1731.4,11624.16
Mozambique,MOZ,Sub-Saharan Africa,Low income,2006,50.641,32.4,1860.000014,4.10098362,3.871469975,3.039000034,3,,827168.52,14650808.64,3264524.15
Mauritania,MRT,Sub-Saharan Africa,Lower middle income,2006,61.552,8.8,1730.000019,2.70253325,1.958510041,9.732000351,2.5,,107522.57,866695.78,427071.51
Mauritius,MUS,Sub-Saharan Africa,Upper middle income,2006,72.43219512,5,3299.999952,3.65428853,3.697510004,9.039999962,,,31925.42,39705.43,301303.77
Malawi,MWI,Sub-Saharan Africa,Low income,2006,49.118,20.8,779.9999714,6.91642094,,5.848999977,3,20.68696236,381804.76,9198568.76,1998108.87
Malaysia,MYS,East Asia & Pacific,Upper middle income,2006,73.744,3.4,174100.0061,3.10897732,4.485760212,3.309999943,,66.86934744,708623.95,986527.82,4101274.76
Namibia,NAM,Sub-Saharan Africa,Upper middle income,2006,51.609,20.1,2529.999971,10.13995361,6.031710148,22.1439991,,,100542.65,867437.81,318455.49
Niger,NER,Sub-Saharan Africa,Low income,2006,54.18,,750,5.80891418,2.558520079,2.648999929,3,9.814903939,601572.93,11461914.08,2249205.17
Nigeria,NGA,Sub-Saharan Africa,Lower middle income,2006,48.812,6.7,88769.99664,4.25775146,,3.855999947,3,23.26927858,4645553.28,101506646.7,24699719.97
Nicaragua,NIC,Latin America & Caribbean,Lower middle income,2006,71.436,22.2,4550.000191,6.35756493,,5.309999943,3,,163996.11,300286.25,768154.69
Netherlands,NLD,Europe & Central Asia,High income,2006,79.69756098,2.5,163699.9969,9.08058071,5.044020176,5,,97.45222194,305859.75,220654.14,3841353.48
Norway,NOR,Europe & Central Asia,High income,2006,80.34390244,2.5,37200.00076,7.91272211,6.382760048,3.400000095,,60.5748373,121328.03,58367.73,1097042.69
Nepal,NPL,South Asia,Lower middle income,2006,65.773,15.9,2619.999886,3.5361805,3.605360031,1.393000007,3,19.56614071,866979.25,5030978.7,4266131.01
Nauru,NRU,East Asia & Pacific,High income,2006,,,50.00000075,12.41761684,,,,,789.5,1535.73,2845.34
New Zealand,NZL,East Asia & Pacific,High income,2006,80.04878049,2.5,34270.00046,8.63841629,5.95276022,3.859999895,,77.71095374,151801.66,43928.04,869432.01
Oman,OMN,Middle East & North Africa,High income,2006,74.577,9.6,39189.99863,2.31092191,3.859339952,4.153999805,,,134244.39,73707.82,356546.08
Pakistan,PAK,South Asia,Lower middle income,2006,64.176,16.4,132479.9957,3.00717139,2.395509958,0.579999983,2.5,,4685353.17,57126270.42,30564876.99
Panama,PAN,Latin America & Caribbean,High income,2006,76.06,18.5,7489.999771,6.45193529,,3.700000048,,,108880.45,153563.88,499873.58
Peru,PER,Latin America & Caribbean,Upper middle income,2006,73.222,15.7,30840.00015,4.4095645,2.652810097,4.179999828,,21.47624975,866484.38,2005769.25,3930316.65
Philippines,PHL,East Asia & Pacific,Lower middle income,2006,69.233,13.2,69470.00122,3.77762771,2.425790071,4.050000191,,45.2703069,2920463.51,9658675.06,15449036.17
Palau,PLW,East Asia & Pacific,Upper middle income,2006,,,250,9.66567612,,,,,1190,1246.47,5571.91
Papua New Guinea,PNG,East Asia & Pacific,Lower middle income,2006,60.836,27.3,4780.00021,2.42600322,,2.355000019,3,,305644.43,1755450.69,1352553.87
Poland,POL,Europe & Central Asia,High income,2006,75.14390244,2.5,314089.9963,5.80280542,5.207650185,13.84000015,,83.06255315,1681683.69,572152.9,10401897.29
Puerto Rico,PRI,Latin America & Caribbean,High income,2006,78.41634146,,,,,11.01000023,,32.52521173,129741.88,115501.76,854034.58
Portugal,PRT,Europe & Central Asia,High income,2006,78.4195122,2.5,60450.00076,9.35422611,4.907670021,7.650000095,,57.72654394,280951.71,211638.12,2851312.47
Paraguay,PRY,Latin America & Caribbean,Upper middle income,2006,71.862,9.7,3950.000048,5.01927567,,5.28000021,,49.38019903,196856.63,334908.43,896848
Qatar,QAT,Middle East & North Africa,High income,2006,78.425,,43770.00046,2.28806424,,0.870000005,,71.1,43321.76,17502.04,127694.6
Romania,ROU,Europe & Central Asia,High income,2006,72.16341463,2.5,99260.00214,5.07106066,4.306509972,7.269999981,,55.27869633,879675.45,576080.34,6687418.28
Rwanda,RWA,Sub-Saharan Africa,Low income,2006,57.083,33.7,550.0000119,7.58474445,,0.986000001,3,,472086.44,3686469.48,1449106.29
Saudi Arabia,SAU,Middle East & North Africa,High income,2006,73.355,4.5,335440.0024,3.61922503,5.891170025,6.25,,42.13078879,1417401.13,802372.79,3703688.83
Sudan,SDN,Sub-Saharan Africa,Low income,2006,60.969,17.6,12899.99962,4.88544321,1.553539991,14.88799953,2,,1580827.57,7903124.66,6298624.19
Senegal,SEN,Sub-Saharan Africa,Lower middle income,2006,61.365,16.5,5570.000172,3.76337719,3.8213799,10.02999973,3,16.02363923,326343.55,4042473.64,1771215.51
Singapore,SGP,East Asia & Pacific,High income,2006,80.14146341,,37169.99817,2.9347465,2.859119892,4.480000019,,100,78642.98,65726.66,627399.01
Solomon Islands,SLB,East Asia & Pacific,Lower middle income,2006,69.462,12.8,340.0000036,8.00584602,,1.822000027,3,,33498.64,107257.39,138677.59
Sierra Leone,SLE,Sub-Saharan Africa,Low income,2006,45.517,43.7,589.9999738,10.39398956,,3.671999931,2.5,10.33220732,257917.45,4187974.75,1104926.08
El Salvador,SLV,Latin America & Caribbean,Lower middle income,2006,70.333,9.4,7239.999771,7.92342138,3.492980003,6.570000172,,,389873.14,296575.6,1025903.11
San Marino,SMR,Europe & Central Asia,High income,2006,,,,4.95809364,,,,70.3715,644.79,337.54,6701.51
Somalia,SOM,Sub-Saharan Africa,Low income,2006,52.669,70.9,579.9999833,,,19.01399994,,19.56878562,696015.24,8962024.73,2004052.02
Serbia,SRB,Europe & Central Asia,Upper middle income,2006,73.38536585,2.5,53009.99832,8.48804665,,20.85000038,2.5,20.71626171,335125.98,158697.88,3110537.36
South Sudan,SSD,Sub-Saharan Africa,Low income,2006,52.315,,1000,,,12.10999966,,,334493.28,4915625.16,1183631.29
Sao Tome and Principe,STP,Sub-Saharan Africa,Lower middle income,2006,65.27,9,79.99999821,8.27670765,4.271180153,16.64999962,3.5,19.14245417,3832.71,31177.03,26649.59
Suriname,SUR,Latin America & Caribbean,Upper middle income,2006,69.227,8.8,1529.999971,6.27044153,,9.192000389,,29.81153185,23057.09,44351.02,104250.93
Slovenia,SVN,Europe & Central Asia,High income,2006,78.08658537,2.5,16290.00092,7.82322741,5.590660095,5.949999809,,37.72338126,101023.82,24918.69,501720.11
Sweden,SWE,Europe & Central Asia,High income,2006,80.74878049,2.5,48900.00153,8.05226517,6.364290237,7.070000172,,93.39504292,233785.13,95582.23,2265400.37
Eswatini,SWZ,Sub-Saharan Africa,Lower middle income,2006,42.733,10.2,649.9999762,7.82560015,6.554759979,27.63999939,,,71455.83,826069.19,200954.49
Seychelles,SYC,Sub-Saharan Africa,High income,2006,72.21707317,,389.9999857,4.67937088,4.770120144,,,,2678.35,4066.71,19222.39
Chad,TCD,Sub-Saharan Africa,Low income,2006,48.907,38.4,509.9999905,4.86643219,,0.910000026,2,8.735437119,624564.1,8200293.8,1685301.89
Togo,TGO,Sub-Saharan Africa,Low income,2006,55.052,27.2,1570.000052,3.44604039,3.435009956,4.230000019,2,6.625022051,205678.3,2927679.32,858423.74
Thailand,THA,East Asia & Pacific,Upper middle income,2006,72.499,10.6,219880.0049,3.09970856,4.05038023,1.220000029,,21.170625,3104081.9,3253751.66,12477351.36
Tajikistan,TJK,Europe & Central Asia,Lower middle income,2006,66.771,,2690.000057,5.03254747,3.40350008,12.74300003,2,,226210.42,923301.96,1203896.31
Turkmenistan,TKM,Europe & Central Asia,Upper middle income,2006,65.354,4,51919.99817,8.41321373,,6.611000061,,,164675,442739.57,1022445.7
Tonga,TON,East Asia & Pacific,Upper middle income,2006,69.852,,150.000006,5.59165668,,1.090000033,2,34.3381525,2279.66,6486.96,19076.99
Trinidad and Tobago,TTO,Latin America & Caribbean,High income,2006,70.952,10.5,20059.99947,4.15432024,,6.269999981,,,61810.93,59901.96,306140.21
Tunisia,TUN,Middle East & North Africa,Lower middle income,2006,74.391,4.3,23899.99962,5.38218164,6.438799858,12.51000023,,61.57709816,324873.25,367497.13,1882326.16
Tuvalu,TUV,East Asia & Pacific,Upper middle income,2006,,,9.999999776,13.37901974,,,,5.041499462,439.9,780.28,2877.45
Tanzania,TZA,Sub-Saharan Africa,Lower middle income,2006,55.119,25.9,6050.000191,7.59827995,3.009919882,3.299999952,3.5,12.14439713,1236697.2,20873666.83,6456703.85
Uganda,UGA,Sub-Saharan Africa,Low income,2006,52.784,,2400.000095,6.46337509,2.50999999,2.286999941,3,,998128.01,17469558.24,4124209.26
Ukraine,UKR,Europe & Central Asia,Lower middle income,2006,68.07756098,2.5,303989.9902,6.41695166,5.979459763,6.809999943,,44.76659008,3171282.44,1631872.71,18947507.28
Uruguay,URY,Latin America & Caribbean,High income,2006,76.046,3.7,6329.999924,7.74287415,2.880259991,10.84000015,,,127296.22,85863.95,810110.41
United States,USA,North America,High income,2006,77.68780488,2.5,5653080.078,14.71834183,,4.619999886,,97.89264968,9483908.4,5174840.41,78323856.88
Uzbekistan,UZB,Europe & Central Asia,Lower middle income,2006,68.676,12.6,127360.0006,5.03525591,,6.02699995,1.5,,1057376.99,2679347.73,5926179.33
Vietnam,VNM,East Asia & Pacific,Lower middle income,2006,74.295,15.3,94870.00275,4.24659586,,2.086999893,3,,2950251.74,4863279.11,14490524.09
Vanuatu,VUT,East Asia & Pacific,Lower middle income,2006,68.515,6.4,70.0000003,3.32175636,,1.684000015,3,,9876.87,30166.58,47069.06
Samoa,WSM,East Asia & Pacific,Lower middle income,2006,70.642,3.8,200.000003,5.01838207,,5.421999931,4,48.23681677,6066.43,8797.15,37649.93
South Africa,ZAF,Sub-Saharan Africa,Upper middle income,2006,53.795,3.5,379790.0085,7.6922164,4.526519775,28.34000015,,,4179514.36,25633313.36,9712678.98
Zambia,ZMB,Sub-Saharan Africa,Low income,2006,49.757,,2180.000067,5.87367344,,13.24499989,3,,441060.41,8145660.1,1919620.33
Zimbabwe,ZWE,Sub-Saharan Africa,Lower middle income,2006,43.853,,9829.999924,,,4.681000233,1,29.83106015,443334.03,8822462.08,1826192.45
Afghanistan,AFG,South Asia,Low income,2007,59.375,29.8,1769.999981,9.90467453,2.849999905,11.30099964,2,,2500614.3,7912950.31,6337948.29
Angola,AGO,Sub-Saharan Africa,Lower middle income,2007,52.177,46.1,16969.99931,2.97438812,2.920000076,3.821000099,2.5,,1274747.56,10310598.25,3162603.6
Albania,ALB,Europe & Central Asia,Upper middle income,2007,75.646,8.3,4139.999866,6.31683397,3.275929928,15.97000027,,42.8911399,86920.57,83150.85,548036.71
Andorra,AND,Europe & Central Asia,High income,2007,,,540.0000215,5.0283227,2.104690075,,,64.89640615,2064.27,845.3,16680.55
United Arab Emirates,ARE,Middle East & North Africa,High income,2007,75.767,8.1,131830.0018,2.56569624,,2.871999979,,76.11856186,243992.7,85309.42,758117.48
Argentina,ARG,Latin America & Caribbean,Upper middle income,2007,74.787,3.3,162809.9976,7.83455086,4.462600231,8.470000267,,49.32598106,1366995.79,1485470.99,8478942.88
Armenia,ARM,Europe & Central Asia,Upper middle income,2007,72.815,6.9,5199.999809,5.49814558,3.018939972,9.81000042,3.5,49.52207905,92994.89,98901.2,796328.81
American Samoa,ASM,East Asia & Pacific,Upper middle income,2007,,,,,,,,,1633.93,2338.64,11468.09
Antigua and Barbuda,ATG,Latin America & Caribbean,High income,2007,75.376,,460.0000083,4.44986248,,,,,2103.06,2756.19,16452.74
Australia,AUS,East Asia & Pacific,High income,2007,81.29268293,2.5,385750,8.06755352,4.656219959,4.380000114,,61.68963157,631511.69,208465.56,4417087.59
Austria,AUT,Europe & Central Asia,High income,2007,80.1804878,2.5,71239.99786,9.53209686,5.146900177,4.860000134,,99.6570275,229374.53,75609.67,2105388.2
Azerbaijan,AZE,Europe & Central Asia,Upper middle income,2007,69.752,2.5,27629.99916,1.99021435,2.549279928,6.329999924,2.5,24.18673445,236193.72,761497.67,2039977.68
Burundi,BDI,Sub-Saharan Africa,Low income,2007,54.944,,180.0000072,10.58081913,,1.626999974,2,,464554.21,4340885.9,1249092.83
Belgium,BEL,Europe & Central Asia,High income,2007,79.78292683,2.5,104589.9963,9.16611385,,7.460000038,,77.3693425,398028.83,164768.99,2699372.09
Benin,BEN,Sub-Saharan Africa,Lower middle income,2007,58.255,10.1,4000,2.8938241,2.363310099,0.894999981,3.5,,324498.01,4427466.34,1379699.55
Burkina Faso,BFA,Sub-Saharan Africa,Low income,2007,54.841,16,1409.999967,5.23372936,4.07983017,3.299999952,3,,607261.11,10004922.88,2745668.87
Bangladesh,BGD,South Asia,Lower middle income,2007,68.648,13.9,37990.00168,2.55897784,2.202219963,4.126999855,3,25.22124717,4686057.82,21540422.9,23370455.66
Bulgaria,BGR,Europe & Central Asia,Upper middle income,2007,72.66341463,4.6,52599.99847,6.16035938,3.682640076,6.880000114,,50.04006087,324972.42,155765.94,3082500.26
Bahrain,BHR,Middle East & North Africa,High income,2007,75.625,,23000,3.30373311,2.575000048,1.088000059,,76.66972285,25189.8,17963.69,148047.48
Bosnia and Herzegovina,BIH,Europe & Central Asia,Upper middle income,2007,75.498,2.5,18889.99939,9.5306015,,28.97999954,3,21.39091474,133580.47,61726.83,1048644.78
Belarus,BLR,Europe & Central Asia,Upper middle income,2007,70.20731707,2.5,57650.00153,5.69203281,5.152100086,7.672999859,,81.72436819,721860.14,206641.27,3437233.81
Belize,BLZ,Latin America & Caribbean,Upper middle income,2007,70.636,6.6,529.9999714,5.32664824,,8.510000229,,,14151.96,18918.07,45041.75
Bermuda,BMU,North America,High income,2007,78.93414634,,,,,,,,1237.21,1317.33,13973.26
Bolivia,BOL,Latin America & Caribbean,Lower middle income,2007,66.395,23.9,12079.99992,4.6968894,,2.645999908,3.5,34.72125995,397001.33,1307848.02,1764639.52
Brazil,BRA,Latin America & Caribbean,Upper middle income,2007,72.618,5.6,352559.9976,8.20183945,4.974259853,8.329999924,,38.64646748,9453478.41,12060437.97,39704780.08
Barbados,BRB,Latin America & Caribbean,High income,2007,78.097,5.3,1480.000019,6.05583191,5.220389843,7.409999847,,,6779.7,10247.96,66995.57
Bhutan,BTN,South Asia,Lower middle income,2007,66.709,,319.9999928,4.09022331,,3.700000048,4,64.71078133,21384.11,104799.27,113692.76
Botswana,BWA,Sub-Saharan Africa,Upper middle income,2007,54.983,22.2,4320.000172,5.33311653,8.851490021,17.20499992,,,114634.51,885568.73,326119.78
Central African Republic,CAF,Sub-Saharan Africa,Low income,2007,45.636,35.7,239.9999946,4.7185154,1.313320041,5.605999947,2.5,18.29993339,349759.6,3726123.03,843435.05
Canada,CAN,North America,High income,2007,80.54390244,2.5,571630.0049,9.44500446,4.766409874,6.039999962,,79.67517216,841423.64,405252.93,7124385.41
Switzerland,CHE,Europe & Central Asia,High income,2007,81.74146341,2.5,43540.00092,9.36357594,4.557980061,3.650000095,,99.61664303,226343.72,77606.33,1759521.51
Chile,CHL,Latin America & Caribbean,High income,2007,78.099,3.1,64569.99969,6.17537546,3.21378994,8.430000305,,57.98429897,516372.75,297566.44,3069732.77
China,CHN,East Asia & Pacific,Upper middle income,2007,73.553,5,6993180.176,3.67491436,2.700000048,4.349999905,,26.41296376,43066216.76,31271371.72,283973107.4
Cote d'Ivoire,CIV,Sub-Saharan Africa,Lower middle income,2007,51.091,17.9,5659.999847,4.55253553,3.016139984,6.144999981,2,,701965.69,12067988.19,3070247.08
Cameroon,CMR,Sub-Saharan Africa,Lower middle income,2007,53.681,12.6,6130.000114,3.95940948,2.87816,3.059999943,2.5,,741309.26,11022110.27,3080169.1
Colombia,COL,Latin America & Caribbean,Upper middle income,2007,74.732,11,59180.00031,6.49102831,4.083010197,10.25,,16.31305899,2386381.59,1921516,6732398.97
Comoros,COM,Sub-Saharan Africa,Lower middle income,2007,60.734,,109.9999994,5.41753864,,5.643000126,2.5,,24979.97,181516.72,99254.47
Costa Rica,CRI,Latin America & Caribbean,Upper middle income,2007,78.362,3.8,7599.999905,6.99642754,4.63451004,4.489999771,,37.12573148,115360.52,92990.26,634773.72
Cuba,CUB,Latin America & Caribbean,Upper middle income,2007,78.019,2.5,27680.00031,10.96749115,11.86820984,1.789999962,,38.91853778,315720.64,237102.21,2470609.2
Cyprus,CYP,Europe & Central Asia,High income,2007,78.91,6.9,8310.00042,5.35744858,6.280829906,3.920000076,,76.38323768,27914.24,10669.77,223212.17
Germany,DEU,Europe & Central Asia,High income,2007,79.53414634,2.5,783799.9878,10.05104923,4.366799831,8.659999847,,96.20450442,1861366.62,915349.45,22916105.34
Djibouti,DJI,Middle East & North Africa,Lower middle income,2007,58.719,25.1,469.9999988,3.41498637,8.40625,27.44400024,2.5,27.33966721,30021.41,308370.02,124591.38
Dominica,DMA,Latin America & Caribbean,Upper middle income,2007,,4.6,180.0000072,4.79109907,,,4,,2690.85,3172.26,17834.41
Denmark,DNK,Europe & Central Asia,High income,2007,78.19512195,2.5,53409.99985,9.3251543,7.615600109,3.799999952,,86.8021387,129753.19,74762.76,1479156.4
Dominican Republic,DOM,Latin America & Caribbean,Upper middle income,2007,71.304,16.2,20629.99916,4.20731974,2.046789885,5.159999847,,,414294.11,884046.25,1622474.83
Algeria,DZA,Middle East & North Africa,Lower middle income,2007,73.936,5.9,102750,3.8214159,4.960000038,13.78999996,,20.3548293,1340810.58,1923742.87,5916938.5
Ecuador,ECU,Latin America & Caribbean,Upper middle income,2007,74.514,22.1,30639.99939,5.33981323,,3.140000105,,40.60666183,759321.33,927061.36,2368365.77
Eritrea,ERI,Sub-Saharan Africa,Low income,2007,60.243,,509.9999905,5.27863026,,5.249000072,2,,265561.32,1915114.89,790812.6
Spain,ESP,Europe & Central Asia,High income,2007,80.87317073,2.5,354679.9927,7.9183569,4.254049778,8.229999542,,93.95387551,1049541.24,566827.5,10674132.2
Estonia,EST,Europe & Central Asia,High income,2007,72.81463415,2.5,19979.99954,4.98330879,4.619909763,4.590000153,,92.63976233,75358.86,23872.72,447626.83
Ethiopia,ETH,Sub-Saharan Africa,Low income,2007,58.467,35,5960.000038,5.00128365,5.451129913,2.434999943,2.5,3.818593969,3082036.09,36988493.05,11102211.98
Finland,FIN,Europe & Central Asia,High income,2007,79.26341463,2.5,65099.99847,8.08359337,5.67125988,6.849999905,,81.78782858,217567.67,45055.17,1363762.9
Fiji,FJI,East Asia & Pacific,Upper middle income,2007,66.413,3.7,1259.99999,3.41514993,5.894720078,4.107999802,,,26420.36,57758.4,220224.38
France,FRA,Europe & Central Asia,High income,2007,81.11219512,2.5,362829.9866,10.31564426,,7.659999847,,79.04058726,2013933.14,777247.09,14312615.27
Gabon,GAB,Sub-Saharan Africa,Upper middle income,2007,59.229,15.9,4940.000057,3.16386676,,18.2840004,,,58460.59,393687.26,259517.37
United Kingdom,GBR,Europe & Central Asia,High income,2007,79.44878049,2.5,530500,8.7854166,4.908830166,5.260000229,,97.8502224,1248457.67,1040437.69,16154797.37
Georgia,GEO,Europe & Central Asia,Upper middle income,2007,70.765,4,5630.000114,7.4351778,2.696870089,13.27999973,3,43.0068027,141254.59,145433.15,1340657.21
Ghana,GHA,Sub-Saharan Africa,Lower middle income,2007,59.741,9.4,9119.999886,3.81368589,5.519869804,4.842999935,4,7.218545628,730461.34,8672212.31,3776452.79
Guinea,GIN,Sub-Saharan Africa,Low income,2007,54.864,,1980.000019,3.43232441,,4.671000004,2.5,,425044.23,5484573.12,1812078.5
Guinea-Bissau,GNB,Sub-Saharan Africa,Low income,2007,53.136,,230.0000042,7.2952776,,6.056000233,2.5,6.00148721,88467.48,775531.73,286959.34
Equatorial Guinea,GNQ,Sub-Saharan Africa,Upper middle income,2007,54.842,,8539.999962,1.57114804,,8.647000313,,,27919.11,335206.35,116781.44
Greece,GRC,Europe & Central Asia,High income,2007,79.43902439,2.5,104309.9976,8.39808178,,8.399999619,,81.82778827,273573.44,117400.43,2964405.31
Grenada,GRD,Latin America & Caribbean,Upper middle income,2007,73.096,,280.0000012,5.23867893,,,4,,3135.32,4307.32,22783.79
Greenland,GRL,Europe & Central Asia,High income,2007,69.37268293,,,,,,,85.91055588,4394.59,1487.01,14812.37
Guatemala,GTM,Latin America & Caribbean,Upper middle income,2007,70.409,18.2,12409.99985,6.19192553,3.088089943,3.108999968,,,842100.68,1579635.09,2106162.54
Guam,GUM,East Asia & Pacific,High income,2007,77.227,,,,,8.300000191,,,4418.08,5728.5,29868.37
Guyana,GUY,Latin America & Caribbean,Upper middle income,2007,67.247,7.5,1610.000014,4.28126192,2.391170025,10.95699978,3,,48944.56,80035.65,176903.31
Honduras,HND,Latin America & Caribbean,Lower middle income,2007,72.544,21,8539.999962,8.08494949,,3.210000038,3,44.29078042,383204.47,529827.94,1221027.87
Croatia,HRV,Europe & Central Asia,High income,2007,75.70560976,2.5,22879.99916,7.47507524,3.940870047,9.909999847,,78.28044247,179945.4,60120.34,1335198.69
Haiti,HTI,Latin America & Caribbean,Lower middle income,2007,59.408,50.1,2049.999952,3.72829294,,16.79999924,2,,635946.89,2769974.39,2290004.8
Hungary,HUN,Europe & Central Asia,High income,2007,73.15121951,2.5,53849.99847,7.21529293,5.133450031,7.409999847,,69.57845454,425186.86,131835.51,3514453.65
Indonesia,IDN,East Asia & Pacific,Lower middle income,2007,68.105,18.5,379959.9915,2.82385564,3.044250011,8.06000042,,,6134806.18,25622182.43,46353201.2
India,IND,South Asia,Lower middle income,2007,65.35,17.5,1336739.99,3.51754165,,5.572000027,3.5,19.28393109,53914552.02,233021416.5,214720547.1
Ireland,IRL,Europe & Central Asia,High income,2007,79.64146341,2.5,46360.00061,7.80535555,4.715410233,4.980000019,,65.12448024,102364.98,51089.67,925272.98
Iraq,IRQ,Middle East & North Africa,Upper middle income,2007,68.13,17.8,76650.00153,3.10637736,,8.649999619,,36.36950236,4209627.62,2537295.06,5098982.03
Iceland,ISL,Europe & Central Asia,High income,2007,81.45365854,2.5,2380.000114,8.3535862,6.944330215,2.25,,56.30002491,6317.37,3222.46,59294.44
Israel,ISR,Middle East & North Africa,High income,2007,80.50487805,2.5,66599.99847,6.88173389,5.495950222,9.380000114,,85.12284793,162660.11,94280.12,1287758.14
Italy,ITA,Europe & Central Asia,High income,2007,81.43414634,2.5,459369.9951,8.13610077,4.10503006,6.079999924,,95.67542043,1198462.94,588243.55,15598716.42
Jamaica,JAM,Latin America & Caribbean,Upper middle income,2007,74.129,8.3,12020.00046,5.32057667,5.49022007,9.75,,,75645.32,119592.23,486884.13
Jordan,JOR,Middle East & North Africa,Upper middle income,2007,72.931,6.1,21090.00015,8.04956055,5.039999962,13.10000038,,77.58259172,139999.15,262102.31,870565.04
Japan,JPN,East Asia & Pacific,High income,2007,82.50707317,2.5,1225069.946,7.77935696,3.279340029,3.890000105,,76.09041232,3630511.52,2001858.99,29429010.82
Kazakhstan,KAZ,Europe & Central Asia,Upper middle income,2007,66.34,5.1,198389.9994,2.70314932,2.831389904,7.260000229,,,1245920,899697.26,4759849.1
Kenya,KEN,Sub-Saharan Africa,Lower middle income,2007,57.463,26.9,9369.999886,5.99706697,,2.891000032,3,,1033008.13,14713713.13,4753937.62
Cambodia,KHM,East Asia & Pacific,Lower middle income,2007,64.697,14.8,3660.000086,4.90268278,1.599300027,1.25999999,2.5,,540093.22,2696782.61,2584525.89
Kiribati,KIR,East Asia & Pacific,Lower middle income,2007,64.953,6,59.99999866,11.35285187,,,3.5,21.16329409,4394.47,18620.91,30582.17
Kuwait,KWT,Middle East & North Africa,High income,2007,73.807,2.5,70599.99847,1.92673659,2.579999924,1.5,,100,61729.44,49290.34,349243.87
Lebanon,LBN,Middle East & North Africa,Lower middle income,2007,77.609,9.9,15039.99996,8.55978775,2.583570004,8.979999542,,11.5352286,94995.25,146245.49,869211.06
Liberia,LBR,Sub-Saharan Africa,Low income,2007,57.365,34.4,639.9999857,10.79883385,,2.213000059,,,97767.81,1661382.64,511856.88
Libya,LBY,Middle East & North Africa,Upper middle income,2007,72.155,,49389.99939,2.43791389,,19.375,,23.4345223,194378.3,174825.77,913319.66
Sri Lanka,LKA,South Asia,Lower middle income,2007,75.037,11.8,13590.00015,3.95132089,2.25999999,5.96999979,3,,1017473.72,683224.21,3781298.24
Lesotho,LSO,Sub-Saharan Africa,Lower middle income,2007,42.854,12.4,439.9999976,7.28075647,,29.62299919,3.5,22.38246425,156931.67,1466694.16,404271.26
Lithuania,LTU,Europe & Central Asia,High income,2007,70.9,2.5,13210.00004,5.7643218,4.595210075,4.25,,82.80898258,267123.49,71090.96,1144571.25
Luxembourg,LUX,Europe & Central Asia,High income,2007,79.38292683,2.5,11109.99966,6.23472404,,4.070000172,,91.10840338,12034.17,5245.11,110469.62
Latvia,LVA,Europe & Central Asia,High income,2007,71.0195122,2.5,8529.999733,5.52228498,4.633289814,6.050000191,,55.95503738,147609.97,49567.88,827400.31
Morocco,MAR,Middle East & North Africa,Lower middle income,2007,73.009,5.5,46349.99847,5.42293549,,9.56000042,,35.15795717,1308334.1,2816407.85,6219701.14
Monaco,MCO,Europe & Central Asia,High income,2007,,,,1.78815055,,,,100,928.51,519.5,11620.86
Moldova,MDA,Europe & Central Asia,Upper middle income,2007,68.302,,8140.000343,11.02066803,8.293370247,5.070000172,3,,217314.55,148796.55,1292524.68
Madagascar,MDG,Sub-Saharan Africa,Low income,2007,62.079,30.5,1720.000029,4.49428749,2.902740002,3.260999918,3.5,5.985452403,507386.21,7184699.43,3051358.23
Maldives,MDV,South Asia,Upper middle income,2007,74.621,,870.0000048,8.30568123,4.417880058,9.868000031,2.5,,5900.62,16945.63,43414.46
Mexico,MEX,Latin America & Caribbean,Upper middle income,2007,75.255,4.1,457119.9951,5.76644516,4.690509796,3.630000114,,27.90436423,3787650.04,4738184.42,18918541.87
Marshall Islands,MHL,East Asia & Pacific,Upper middle income,2007,,,140.0000006,18.06703949,,,,,2757.07,5523.11,12481.4
North Macedonia,MKD,Europe & Central Asia,Upper middle income,2007,73.8,3.6,9699.999809,6.57065344,,34.93000031,,12.84107992,62771.33,40189.09,617915.78
Mali,MLI,Sub-Saharan Africa,Low income,2007,53.553,10.4,2069.999933,5.25303316,,11.71000004,3.5,10.7673983,578778.65,10190666.42,2378772.62
Malta,MLT,Middle East & North Africa,High income,2007,79.79268293,2.5,2720.000029,8.16883469,5.947500229,6.46999979,,91.86797469,8816.52,5432.75,96466.41
Myanmar,MMR,East Asia & Pacific,Lower middle income,2007,62.294,20.5,10390.00034,2.02357221,,0.689999998,,60.76480509,2238308.2,10442712.83,12072306.19
Montenegro,MNE,Europe & Central Asia,Upper middle income,2007,74.33902439,2.5,2099.999905,,,19.39999962,,29.59750039,24018.86,10737.64,175804.37
Mongolia,MNG,East Asia & Pacific,Lower middle income,2007,65.985,25.2,13020.00046,4.07522488,4.690130234,7.199999809,3,38.53683494,173040.83,236644,647016.4
Northern Mariana Islands,MNP,East Asia & Pacific,High income,2007,,,,,,,,,2284.86,1663.65,11783.48
Mozambique,MOZ,Sub-Saharan Africa,Low income,2007,50.934,29.9,2230.000019,3.94103193,,3.085000038,3,,874601.98,14288511.74,3381488.08
Mauritania,MRT,Sub-Saharan Africa,Lower middle income,2007,61.776,8.1,1990.00001,2.87644672,,9.876999855,3,,107033.34,850409.88,427353.1
Mauritius,MUS,Sub-Saharan Africa,Upper middle income,2007,72.57073171,5.2,3400.000095,3.57065129,3.185400009,8.479999542,,,31741.94,40538.69,302218.49
Malawi,MWI,Sub-Saharan Africa,Low income,2007,50.595,19.3,829.9999833,7.66315603,,5.836999893,3,20.9368153,377955.8,8678765.6,1999379.94
Malaysia,MYS,East Asia & Pacific,Upper middle income,2007,73.931,3.6,189940.0024,3.07041144,4.372539997,3.230000019,,67.05976743,707622.01,1011554.73,4181286.32
Namibia,NAM,Sub-Saharan Africa,Upper middle income,2007,52.593,23.5,2619.999886,10.71633053,,22.15800095,,,100234.39,774534.56,318536.88
Niger,NER,Sub-Saharan Africa,Low income,2007,54.968,,819.9999928,5.38838816,3.014620066,2.203000069,3,10.3579956,605636.75,11407293.02,2281075.33
Nigeria,NGA,Sub-Saharan Africa,Lower middle income,2007,49.373,6.6,81120.00275,3.90997314,,3.836999893,3,23.70064584,4704784.21,100012649.4,25214586.66
Nicaragua,NIC,Latin America & Caribbean,Lower middle income,2007,71.673,21.6,4699.999809,6.95643044,,4.889999866,3,,175948.1,288170.51,802429.94
Netherlands,NLD,Europe & Central Asia,High income,2007,80.09756098,2.5,164550.0031,9.05291939,4.886829853,4.150000095,,97.45570268,303740.03,215824.98,3823010.17
Norway,NOR,Europe & Central Asia,High income,2007,80.39512195,2.5,37750,8.05085373,6.534399986,2.49000001,,60.91337053,120550.45,58426.57,1105408.8
Nepal,NPL,South Asia,Lower middle income,2007,66.26,14.9,2690.000057,3.66484332,3.517210007,1.33099997,3,21.33067004,837697.92,4816573.83,4364858.77
Nauru,NRU,East Asia & Pacific,High income,2007,,,39.99999911,24.23068047,4.246150017,,,,783.7,1484.58,2824.78
New Zealand,NZL,East Asia & Pacific,High income,2007,80.15121951,2.5,33270.00046,8.32904434,5.919650078,3.660000086,,78.27135782,153207.04,45126.28,880299.04
Oman,OMN,Middle East & North Africa,High income,2007,74.893,9.7,42259.99832,2.4257648,,4.178999901,,,152340.09,76227.99,374263.09
Pakistan,PAK,South Asia,Lower middle income,2007,64.42,15.8,146259.9945,3.13822842,2.635270119,0.400000006,2.5,,4871921.78,56034532.1,31054923.04
Panama,PAN,Latin America & Caribbean,High income,2007,76.234,16.2,7480.000019,6.92857409,,3.684999943,,,113311.24,154659.33,508045.29
Peru,PER,Latin America & Caribbean,Upper middle income,2007,73.528,13.7,33810.00137,4.42612123,2.629400015,4.039999962,,23.44769305,872326.75,1892737.62,3930998.4
Philippines,PHL,East Asia & Pacific,Lower middle income,2007,69.37,12.1,73220.00122,3.75318241,2.485179901,3.430000067,,46.22159537,2751886.32,9591755.14,15813250.92
Palau,PLW,East Asia & Pacific,Upper middle income,2007,,,239.9999946,9.85682011,,,,,1158.44,1220.86,5546.28
Papua New Guinea,PNG,East Asia & Pacific,Lower middle income,2007,61.141,26.6,5050.000191,2.42102098,,2.244999886,3,,325542.01,1771945.71,1401172.07
Poland,POL,Europe & Central Asia,High income,2007,75.24390244,2.5,313380.0049,5.87339211,4.868740082,9.600000381,,83.71876075,1679473.79,579501.59,10501484.66
Puerto Rico,PRI,Latin America & Caribbean,High income,2007,78.42585366,,,,,10.93000031,,32.52299492,129983.72,110294.29,857814.91
Portugal,PRT,Europe & Central Asia,High income,2007,78.32195122,2.5,58799.99924,9.25186634,4.921470165,7.960000038,,59.94185902,274651.96,211444.21,2862216.03
Paraguay,PRY,Latin America & Caribbean,Upper middle income,2007,72.055,9.4,3720.000029,5.02042675,2.739510059,4.710000038,,50.22657678,198851.75,321995.38,911119.36
Qatar,QAT,Middle East & North Africa,High income,2007,78.601,,49830.00183,2.07008052,,0.519999981,,71.1,49079.2,18912.81,143684.58
Romania,ROU,Europe & Central Asia,High income,2007,72.56585366,2.5,96730.00336,5.02223349,4.149539948,6.409999847,,56.93866008,859718.22,534077.86,6579820.26
Rwanda,RWA,Sub-Saharan Africa,Low income,2007,58.915,32.3,579.9999833,7.83395863,3.987420082,1.011999965,3.5,,463996.19,3406660.53,1459393.37
Saudi Arabia,SAU,Middle East & North Africa,High income,2007,73.467,4.8,354619.9951,3.56228733,,5.730000019,,43.3421682,1477694.42,780408.19,3824522.83
Sudan,SDN,Sub-Saharan Africa,Low income,2007,61.422,16.7,13960.00004,5.66269207,,14.81900024,2,,1545620.2,7558731.99,6344351.56
Senegal,SEN,Sub-Saharan Africa,Lower middle income,2007,62.126,13.6,6199.999809,3.41496325,,10.08399963,3,16.36475968,319157.96,3901608.35,1805966.42
Singapore,SGP,East Asia & Pacific,High income,2007,80.44146341,,38290.00092,2.83749056,2.946749926,3.900000095,,100,81466.49,68146.83,651860.47
Solomon Islands,SLB,East Asia & Pacific,Lower middle income,2007,69.762,12.6,340.0000036,7.17948914,8.2208004,1.876999974,3,,37628.81,107135.34,141602.73
Sierra Leone,SLE,Sub-Saharan Africa,Low income,2007,46.52,41.7,500,10.03516197,2.558510065,3.788000107,2.5,10.59521368,272984.03,4128718.05,1126324.99
El Salvador,SLV,Latin America & Caribbean,Lower middle income,2007,70.542,9.7,7630.000114,7.63829565,3.60984993,6.409999847,,,381343.63,283731.58,1028513.49
San Marino,SMR,Europe & Central Asia,High income,2007,,,,5.1441412,,,,70.3715,649.96,338.68,6798.55
Somalia,SOM,Sub-Saharan Africa,Low income,2007,52.998,70.9,620.0000048,,,18.89699936,,19.4776798,812506.41,9063542.33,2102410.17
Serbia,SRB,Europe & Central Asia,Upper middle income,2007,73.63170732,2.5,51459.99908,9.37001324,4.209839821,18.05999947,,20.44313655,323246.04,146829.7,3080110.06
South Sudan,SSD,Sub-Saharan Africa,Low income,2007,52.96,,1169.999957,,,12.11499977,,,322559.43,4882216.04,1216324.82
Sao Tome and Principe,STP,Sub-Saharan Africa,Lower middle income,2007,65.854,9.8,79.99999821,8.1677618,6.286829948,16.23399925,3.5,20.22075438,4698.14,28289.04,27384.36
Suriname,SUR,Latin America & Caribbean,Upper middle income,2007,69.579,8.8,1409.999967,5.59070206,,9.031999588,,29.49834386,23621.91,43093.17,106069.06
Slovenia,SVN,Europe & Central Asia,High income,2007,78.56097561,2.5,16280.00069,7.51139164,5.11661005,4.820000172,,40.0985181,100177.2,24249.49,502874.93
Sweden,SWE,Europe & Central Asia,High income,2007,80.9,2.5,47139.99939,7.99607706,6.171589851,6.159999847,,93.4699943,235573.5,95496.19,2264876.49
Eswatini,SWZ,Sub-Saharan Africa,Lower middle income,2007,43.308,10.7,660.0000262,7.93004131,,28.23999977,,,72277.56,800187.02,201471.97
Seychelles,SYC,Sub-Saharan Africa,High income,2007,73.14390244,,400.000006,4.09072113,,,,,2649.43,4152.87,19460.46
Chad,TCD,Sub-Saharan Africa,Low income,2007,49.335,39.2,500,4.34312963,,0.925000012,2,8.758663425,504505.32,8200558.98,1750405.74
Togo,TGO,Sub-Saharan Africa,Low income,2007,55.581,26.2,1500,3.86664653,3.510629892,3.802999973,2,6.806524365,214250.79,2938443.97,880980.18
Thailand,THA,East Asia & Pacific,Upper middle income,2007,72.916,10.2,224589.9963,3.19277525,3.603149891,1.179999948,,21.51336084,3032515.3,3034923.48,12750627.31
Tajikistan,TJK,Europe & Central Asia,Lower middle income,2007,67.382,,3269.999981,5.54050112,3.413269997,12.36900043,2,,226227.42,898324.21,1241762.55
Turkmenistan,TKM,Europe & Central Asia,Upper middle income,2007,65.695,3.9,58479.99954,5.28883219,,5.760000229,,,160259.82,433250.12,1029000.76
Tonga,TON,East Asia & Pacific,Upper middle income,2007,69.878,,129.9999952,4.86887074,,1.25,2.5,34.88660038,2288.29,6466.17,19276.77
Trinidad and Tobago,TTO,Latin America & Caribbean,High income,2007,71.21,9.9,20500,4.1536026,,5.539999962,,,65277.14,55989.36,309944.51
Tunisia,TUN,Middle East & North Africa,Lower middle income,2007,74.558,4,24750,5.42856932,6.464519978,12.35999966,,62.94589104,322211.26,355679.68,1911537.38
Tuvalu,TUV,East Asia & Pacific,Upper middle income,2007,,,9.999999776,11.2719593,,,,5.330469394,443.84,756.96,2904.16
Tanzania,TZA,Sub-Saharan Africa,Lower middle income,2007,55.926,25.7,5909.999847,6.8842783,4.033420086,3.029999971,3.5,13.40593143,1258273.87,19961897.5,6654043.83
Uganda,UGA,Sub-Saharan Africa,Low income,2007,53.887,,2869.999886,6.11315584,2.339999914,2.726999998,3,,978171.45,16860400.04,4164441.32
Ukraine,UKR,Europe & Central Asia,Lower middle income,2007,68.22219512,2.5,312140.0146,6.01705217,5.902440071,6.349999905,,45.2526706,3172920.11,1688969.75,19256047.94
Uruguay,URY,Latin America & Caribbean,High income,2007,76.251,3.1,5849.999905,7.49349833,,9.399999619,,,130775.62,88219.81,824557.65
United States,USA,North America,High income,2007,77.98780488,2.5,5736319.824,14.93882084,,4.619999886,,97.95699817,9474762.89,5155211.54,78932934.29
Uzbekistan,UZB,Europe & Central Asia,Lower middle income,2007,68.939,11.5,122580.0018,4.81405973,,4.989999771,1.5,,1057431.72,2646273.93,5959510.12
Vietnam,VNM,East Asia & Pacific,Lower middle income,2007,74.474,14.1,105139.9994,4.30235815,,2.029999971,3,,3005583.99,4779188.67,14884172.18
Vanuatu,VUT,East Asia & Pacific,Lower middle income,2007,68.672,6.1,109.9999994,3.10785556,,1.794999957,3,,10360.8,29080.82,49358.13
Samoa,WSM,East Asia & Pacific,Lower middle income,2007,70.901,3.9,200.000003,4.87175083,,5.360000134,4,48.40977357,6031.88,8739.06,37929.01
South Africa,ZAF,Sub-Saharan Africa,Upper middle income,2007,54.452,3.6,397059.9976,7.68138409,4.446670055,26.54000092,,,3983890.08,24867398.15,9635530.8
Zambia,ZMB,Sub-Saharan Africa,Low income,2007,51.134,,1980.000019,4.35264969,1.240759969,10.58699989,3,,446885.26,7665265.03,1955771.98
Zimbabwe,ZWE,Sub-Saharan Africa,Lower middle income,2007,44.947,,9760.000229,,,4.828999996,1,29.53096757,456047.01,8495066.95,1865665.77
Afghanistan,AFG,South Asia,Low income,2008,59.93,26.5,3559.999943,10.25649548,3.50999999,11.09300041,2,,2451785.56,7759400.78,6334855.52
Angola,AGO,Sub-Saharan Africa,Lower middle income,2008,53.243,42.9,19280.00069,3.32290483,2.690000057,3.792999983,2.5,,1268731.11,9964158.73,3248453.77
Albania,ALB,Europe & Central Asia,Upper middle income,2008,75.912,7.3,4079.999924,5.1390624,,13.06000042,,43.37534517,86437.79,78053.44,555768.28
Andorra,AND,Europe & Central Asia,High income,2008,,,540.0000215,5.78568554,2.873929977,,,72.08103555,2085.56,851.77,17074.35
United Arab Emirates,ARE,Middle East & North Africa,High income,2008,75.957,7.4,156050.0031,2.92847776,,2.736999989,,77.67143607,304711.14,99641.51,905910.35
Argentina,ARG,Latin America & Caribbean,Upper middle income,2008,74.952,3.3,167229.9957,8.18266869,4.844409943,7.840000153,,49.54076879,1394355.56,1486938.26,8473323.55
Armenia,ARM,Europe & Central Asia,Upper middle income,2008,72.946,5.6,5690.000057,6.6397624,3.172729969,14.39299965,3,50.96552269,91654.04,97242.98,803568.89
American Samoa,ASM,East Asia & Pacific,Upper middle income,2008,,,,,,,,,1553.16,2261.22,11585.27
Antigua and Barbuda,ATG,Latin America & Caribbean,High income,2008,75.535,,479.9999893,4.2048173,,,,,2058.23,2682.43,16712.17
Australia,AUS,East Asia & Pacific,High income,2008,81.39512195,2.5,388940.0024,8.25585651,4.632780075,4.230000019,,62.65654409,642859.89,206764.59,4482245.07
Austria,AUT,Europe & Central Asia,High income,2008,80.43170732,2.5,70730.00336,9.72564602,5.263959885,4.130000114,,99.6529915,227424.14,74647.17,2106358.2
Azerbaijan,AZE,Europe & Central Asia,Upper middle income,2008,70.201,2.5,30450.00076,1.93880892,2.44092989,5.860000134,2.5,24.39743142,237996.51,740106.62,2083159.54
Burundi,BDI,Sub-Saharan Africa,Low income,2008,55.721,,180.0000072,9.23542213,5.192900181,1.629999995,2,,479056.14,4310421.97,1273216.32
Belgium,BEL,Europe & Central Asia,High income,2008,79.6804878,2.5,106930.0003,9.63002014,6.332940102,6.980000019,,78.25042552,400714.03,166386.44,2716003.31
Benin,BEN,Sub-Saharan Africa,Lower middle income,2008,58.654,9,4019.999981,2.69675088,2.777280092,0.941999972,3.5,,331130.83,4419450.69,1420557.98
Burkina Faso,BFA,Sub-Saharan Africa,Low income,2008,55.618,15.4,1700.000048,4.64780807,,3.413000107,3,,624545.07,9874194.19,2817647.31
Bangladesh,BGD,South Asia,Lower middle income,2008,69.072,13.6,41580.00183,2.48848343,2.05456996,4.566999912,3,26.29209359,4219100.61,20461453.34,23566513.58
Bulgaria,BGR,Europe & Central Asia,Upper middle income,2008,72.96341463,4.5,50040.00092,6.28771019,4.222380161,5.610000134,,49.91346259,317066.96,152823.66,3033234.88
Bahrain,BHR,Middle East & North Africa,High income,2008,75.77,,24760.00023,3.28510404,2.496779919,1.106999993,,77.8836099,26530.78,18295.21,156872.05
Bosnia and Herzegovina,BIH,Europe & Central Asia,Upper middle income,2008,75.665,2.5,20760.00023,9.68943882,,23.40999985,3,21.99616503,128551.8,59171.52,1009270.14
Belarus,BLR,Europe & Central Asia,Upper middle income,2008,70.45609756,2.5,60529.99878,5.29415369,,7.032000065,,81.05577273,722381.65,203231.67,3421909.67
Belize,BLZ,Latin America & Caribbean,Upper middle income,2008,71.059,7.1,500,5.68234491,5.772630215,8.180000305,,,15080.95,18511.18,45856.58
Bermuda,BMU,North America,High income,2008,79.23658537,,,,,,,,1237.33,1304.31,14076.78
Bolivia,BOL,Latin America & Caribbean,Lower middle income,2008,66.937,24.7,13109.99966,4.60677242,,2.599999905,3.5,36.02920376,400121.74,1280711.53,1802750.17
Brazil,BRA,Latin America & Caribbean,Upper middle income,2008,72.966,5.1,373630.0049,8.01129246,5.268839836,7.340000153,,39.0528122,9589985.22,11820504.17,40234424.92
Barbados,BRB,Latin America & Caribbean,High income,2008,78.184,4.9,1779.999971,6.47676373,4.922599792,8.119999886,,,6842.6,9951.88,67617.69
Bhutan,BTN,South Asia,Lower middle income,2008,67.325,,300.0000119,3.38117099,4.911590099,3.654999971,4,64.95538449,21712.45,99725.67,115635.55
Botswana,BWA,Sub-Saharan Africa,Upper middle income,2008,56.679,22,4389.999866,5.7820034,,16.6420002,,,115487.5,831321.3,334162.92
Central African Republic,CAF,Sub-Saharan Africa,Low income,2008,46.161,33.3,170.0000018,4.08699083,1.290009975,5.46999979,2.5,17.91349252,341555.83,3686621.06,856832.82
Canada,CAN,North America,High income,2008,80.69512195,2.5,550469.9707,9.60709858,4.62612009,6.139999866,,80.06894984,847312.52,408878.58,7220010.16
Switzerland,CHE,Europe & Central Asia,High income,2008,81.99268293,2.5,44959.99908,9.48092747,4.731929779,3.349999905,,99.61691804,223409.32,77615.11,1772613.14
Chile,CHL,Latin America & Caribbean,High income,2008,78.33,3.4,67989.99786,6.74047899,3.792429924,9.289999962,,59.59664186,522250.6,295906.84,3086510.5
China,CHN,East Asia & Pacific,Upper middle income,2008,73.835,4,7199600.098,3.90000153,3.630000114,4.590000153,,29.25110684,47122059.48,29827825.45,286177971
Cote d'Ivoire,CIV,Sub-Saharan Africa,Lower middle income,2008,51.682,18.2,6469.99979,4.56873417,3.098530054,6.368000031,2.5,,699268.73,11676469.85,3098630.69
Cameroon,CMR,Sub-Saharan Africa,Lower middle income,2008,54.153,11.2,6389.999866,3.82291627,2.498270035,3.411999941,2.5,,753524.97,10959045.14,3171403.2
Colombia,COL,Latin America & Caribbean,Upper middle income,2008,74.962,11.3,59779.99878,6.84192705,3.938780069,10.48999977,,16.47317865,2365463.5,1836358.28,6847626.79
Comoros,COM,Sub-Saharan Africa,Lower middle income,2008,61.094,,109.9999994,5.06897497,4.42264986,5.977000237,2.5,,21423.01,172348.28,101689.81
Costa Rica,CRI,Latin America & Caribbean,Upper middle income,2008,78.491,3.9,7519.999981,7.46854544,4.886970043,4.78000021,,36.4355323,119663.22,91336.9,654683.52
Cuba,CUB,Latin America & Caribbean,Upper middle income,2008,78.15,2.5,26750,11.31422806,14.05908012,1.580000043,,38.60224872,315893.54,238128.32,2512960.34
Cyprus,CYP,Europe & Central Asia,High income,2008,79.071,6.4,8489.999771,6.01427698,6.722760201,3.650000095,,76.43232884,27402.6,10652.64,225320.45
Germany,DEU,Europe & Central Asia,High income,2008,79.73658537,2.5,789690.0024,10.25105095,4.435949802,7.519999981,,96.29508283,1853545.42,921391.43,22968766.05
Djibouti,DJI,Middle East & North Africa,Lower middle income,2008,59.124,23.4,469.9999988,3.19098687,,27.30500031,2.5,28.15330048,31197.38,307250.64,129176.37
Dominica,DMA,Latin America & Caribbean,Upper middle income,2008,,4.1,180.0000072,5.04968786,,,4,,2422.04,3129.77,17859.05
Denmark,DNK,Europe & Central Asia,High income,2008,78.44634146,2.5,50130.00107,9.51134396,7.4760499,3.680000067,,87.25315654,127265.2,74767.94,1469879.78
Dominican Republic,DOM,Latin America & Caribbean,Upper middle income,2008,71.559,16,20579.99992,4.7250762,,4.760000229,,,405633.2,826753.19,1637464.36
Algeria,DZA,Middle East & North Africa,Lower middle income,2008,74.311,5.6,107750,4.20188379,4.33701992,11.32999992,,20.1856446,1306605.92,1903289.33,6011211.82
Ecuador,ECU,Latin America & Caribbean,Upper middle income,2008,74.705,21.3,31690.00053,5.3773427,,3.920000076,,40.75657715,787197.87,894376.61,2428399.4
Eritrea,ERI,Sub-Saharan Africa,Low income,2008,60.952,,449.9999881,6.41520452,,5.171999931,2,,284417.25,1892766.34,808407.75
Spain,ESP,Europe & Central Asia,High income,2008,81.17560976,2.5,324269.989,8.3818779,4.528059959,11.25,,94.14448165,1031307.51,563113.92,10756770.07
Estonia,EST,Europe & Central Asia,High income,2008,73.77073171,2.5,18399.99962,5.71032381,5.484039783,5.449999809,,92.66013164,66575.49,22466.14,427784.42
Ethiopia,ETH,Sub-Saharan Africa,Low income,2008,59.581,33.5,6489.999771,4.28063917,5.408199787,2.405999899,2.5,4.063969302,3020285.75,35060164.26,11164764.8
Finland,FIN,Europe & Central Asia,High income,2008,79.56829268,2.5,56659.99985,8.34310627,5.83010006,6.369999886,,82.04472889,212977.4,43164.81,1369732.99
Fiji,FJI,East Asia & Pacific,Upper middle income,2008,66.477,3.9,970.0000286,3.1846714,4.25357008,4.162000179,,,26282.56,56877.52,225457.75
France,FRA,Europe & Central Asia,High income,2008,81.21463415,2.5,357989.9902,10.50084686,,7.059999943,,79.00072758,2008070.64,779513.6,14414624.26
Gabon,GAB,Sub-Saharan Africa,Upper middle income,2008,59.904,16.8,5269.999981,2.79445171,,19.09399986,,,60498.69,389039.29,264281.11
United Kingdom,GBR,Europe & Central Asia,High income,2008,79.6,2.5,515340.0269,9.06439972,4.884970188,5.619999886,,97.87606129,1247804.84,1032945.39,16173966.93
Georgia,GEO,Europe & Central Asia,Upper middle income,2008,70.946,3.6,4840.000153,8.44467163,2.919549942,17.87000084,3,42.29247153,182084.82,142683.38,1338675.08
Ghana,GHA,Sub-Saharan Africa,Lower middle income,2008,60.216,8.2,8659.999847,3.89917445,5.757959843,4.992000103,4,7.69099721,722477.84,8607128.97,3835660.3
Guinea,GIN,Sub-Saharan Africa,Low income,2008,55.614,,2009.99999,3.26223779,1.581120014,4.724999905,2,,411512.31,5479398.03,1823908.05
Guinea-Bissau,GNB,Sub-Saharan Africa,Low income,2008,53.612,,219.9999988,7.04291964,,5.892000198,2.5,6.429392988,86898.71,768159.08,290430.66
Equatorial Guinea,GNQ,Sub-Saharan Africa,Upper middle income,2008,55.07,,9779.999733,1.82898772,,8.49600029,,,28829.63,327663.4,119101.77
Greece,GRC,Europe & Central Asia,High income,2008,79.93902439,2.5,100410.0037,8.82774258,,7.760000229,,82.49564615,265452.95,115712.46,2948566.7
Grenada,GRD,Latin America & Caribbean,Upper middle income,2008,73.038,,289.9999917,5.386199,,,4,,3224.75,4216.17,23070.39
Greenland,GRL,Europe & Central Asia,High income,2008,70.01512195,,,,,,,86.13351214,4291.64,1458.08,14851.63
Guatemala,GTM,Latin America & Caribbean,Upper middle income,2008,70.75,17.9,11239.99977,6.08125973,3.236860037,3.309000015,,,875917.21,1522804.13,2163127.42
Guam,GUM,East Asia & Pacific,High income,2008,77.474,,,,,8.715999603,,,4492.37,5791.08,30498.37
Guyana,GUY,Latin America & Caribbean,Upper middle income,2008,67.521,7.6,1600.000024,4.20242214,,11.27099991,3,,50967.38,77074.96,178175.06
Honduras,HND,Latin America & Caribbean,Lower middle income,2008,72.803,20.8,8590.000153,8.60362625,,3.160000086,3,44.78384474,394304.4,516088.63,1253882.37
Croatia,HRV,Europe & Central Asia,High income,2008,75.91219512,2.5,21729.99954,7.72871161,4.252130032,8.529999733,,78.33935053,179791.1,57121.5,1348905.35
Haiti,HTI,Latin America & Caribbean,Lower middle income,2008,59.782,48.6,2029.999971,3.79294419,,16.33600044,2,,682502.34,2733822.67,2334179.16
Hungary,HUN,Europe & Central Asia,High income,2008,73.70243902,2.5,53009.99832,7.09688091,4.966110229,7.820000172,,71.35379277,408120.39,128387.73,3430593.46
Indonesia,IDN,East Asia & Pacific,Lower middle income,2008,68.485,17.4,376140.0146,2.54842281,2.901900053,7.210000038,,,5937786.39,24674868.93,47228732.36
India,IND,South Asia,Lower middle income,2008,65.794,16.6,1424380.005,3.51468062,,5.414000034,3.5,21.30680318,54648485.34,226718272.2,220529676
Ireland,IRL,Europe & Central Asia,High income,2008,80.09512195,2.5,45779.99878,9.10927963,5.458280087,6.769999981,,66.79925671,102389.3,51482.54,937095.38
Iraq,IRQ,Middle East & North Africa,Upper middle income,2008,68.19,17,88139.99939,3.03573871,,8.484000206,,36.8435454,2730741.76,2439380.87,5217810.22
Iceland,ISL,Europe & Central Asia,High income,2008,81.6097561,2.5,2180.000067,8.34370804,7.036019802,2.950000048,,58.41497792,6353.42,3268.01,59808.99
Israel,ISR,Middle East & North Africa,High income,2008,80.95121951,2.5,66709.99908,6.96061993,5.519949913,7.699999809,,85.88121395,187708.15,95279.61,1296662.76
Italy,ITA,Europe & Central Asia,High income,2008,81.48536585,2.5,444980.011,8.53282356,4.387949944,6.71999979,,95.68226338,1187256.44,590294.54,15676879.3
Jamaica,JAM,Latin America & Caribbean,Upper middle income,2008,74.103,9,9619.999886,5.61143064,6.191319942,10.59000015,,,79891.36,120289.82,523341.98
Jordan,JOR,Middle East & North Africa,Upper middle income,2008,73.099,6.5,20010.00023,8.48880672,3.670000076,12.69999981,,78.18983639,144170.47,262894.39,888874.63
Japan,JPN,East Asia & Pacific,High income,2008,82.58756098,2.5,1158219.971,8.08909321,3.27241993,4,,76.51646106,3602237.4,2005913.59,29632558.2
Kazakhstan,KAZ,Europe & Central Asia,Upper middle income,2008,67.11,4.3,242029.9988,3.04952621,2.589459896,6.630000114,,,1164954.06,864119.57,4626055.13
Kenya,KEN,Sub-Saharan Africa,Lower middle income,2008,58.76,26.6,9909.999847,6.04985189,,2.915999889,3,,1160267.93,14100254.18,4891703.56
Cambodia,KHM,East Asia & Pacific,Lower middle income,2008,65.394,14.5,4059.999943,6.60109377,,0.819999993,2.5,,530545.05,2536396.41,2612511.75
Kiribati,KIR,East Asia & Pacific,Lower middle income,2008,65.208,6.2,59.99999866,14.07539082,,,3,21.69739363,4498.88,18416.95,31221.01
Kuwait,KWT,Middle East & North Africa,High income,2008,73.976,2.5,75839.99634,1.92400312,2.769999981,1.75,,100,66077.01,53665.99,380201.3
Lebanon,LBN,Middle East & North Africa,Lower middle income,2008,77.911,9.4,18649.99962,7.81755829,2.014790058,7.671999931,,11.95718112,103296.69,143017.65,889175.68
Liberia,LBR,Sub-Saharan Africa,Low income,2008,58.229,32.9,540.0000215,9.01321793,1.701660037,2.23300004,,,101116.39,1624877.02,525751.92
Libya,LBY,Middle East & North Africa,Upper middle income,2008,72.174,,53270.00046,2.63571715,,19.375,,23.23489803,218478.05,169566,941612.72
Sri Lanka,LKA,South Asia,Lower middle income,2008,75.157,10.8,12810.00042,3.98464847,1.980000019,5.21999979,3,,1352126.37,687692.55,3855831.56
Lesotho,LSO,Sub-Saharan Africa,Lower middle income,2008,43.384,12.3,460.0000083,7.70154142,12.32952023,28.76000023,3.5,24.46811831,158249.14,1360606.55,409964.07
Lithuania,LTU,Europe & Central Asia,High income,2008,71.81219512,2.5,13060.00042,6.29453754,4.839900017,5.829999924,,83.2968505,244970.86,66936.9,1106978.1
Luxembourg,LUX,Europe & Central Asia,High income,2008,80.53902439,2.5,11020.00046,6.53840208,,5.059999943,,91.13557406,11932.9,5236.57,110668.29
Latvia,LVA,Europe & Central Asia,High income,2008,72.4195122,2.5,8109.999657,5.6001029,5.366449833,7.739999771,,57.88792435,132123.05,46455.53,779985.22
Morocco,MAR,Middle East & North Africa,Lower middle income,2008,73.546,5.6,48630.00107,5.30251694,5.342150211,9.569999695,,35.48432466,1319503.24,2683294.79,6329725.56
Monaco,MCO,Europe & Central Asia,High income,2008,,,,1.9241817,,,,100,933.63,520.7,11694.86
Moldova,MDA,Europe & Central Asia,Upper middle income,2008,68.671,,8149.999619,10.94920063,8.237270355,3.980000019,3,,210798.87,146725.26,1275096.42
Madagascar,MDG,Sub-Saharan Africa,Low income,2008,62.509,30.4,1779.999971,4.10616875,2.554339886,3.582000017,3.5,6.340402513,524290.78,7115964.64,3151125.83
Maldives,MDV,South Asia,Upper middle income,2008,75.073,,870.0000048,11.47104168,4.470290184,11.05599976,2.5,,5969.9,16751.01,44464.08
Mexico,MEX,Latin America & Caribbean,Upper middle income,2008,75.194,4.5,459549.9878,5.69886971,4.82006979,3.869999886,,29.96951033,4086155.82,4655409.93,19623323.76
Marshall Islands,MHL,East Asia & Pacific,Upper middle income,2008,,,129.9999952,17.09153557,17.55999947,,,,2743.78,5348.19,12649.89
North Macedonia,MKD,Europe & Central Asia,Upper middle income,2008,74.4,2.9,9479.999542,6.55317593,,33.75999832,,12.80424268,60380.59,39285.36,609299.25
Mali,MLI,Sub-Saharan Africa,Low income,2008,54.193,9.4,2079.999924,5.04372358,3.403559923,10.49400043,3.5,11.46107647,608940.37,10183254.81,2476700.94
Malta,MLT,Middle East & North Africa,High income,2008,79.63658537,2.5,2720.000029,7.8633585,5.501210213,5.980000019,,91.86797469,8822.52,5517.13,97471.07
Myanmar,MMR,East Asia & Pacific,Lower middle income,2008,62.678,17.1,7900.000095,2.10873079,,0.708999991,,61.0556676,10047102.94,9924214.8,11982670.19
Montenegro,MNE,Europe & Central Asia,Upper middle income,2008,75.13658537,2.5,2690.000057,,,17.14999962,,31.04026797,23417.7,10355.78,175846.74
Mongolia,MNG,East Asia & Pacific,Lower middle income,2008,66.447,22.3,12970.00027,4.55692911,,5.559999943,3,39.52051048,175787.83,233363.53,656633.6
Northern Mariana Islands,MNP,East Asia & Pacific,High income,2008,,,,,,,,,2098.28,1601.45,11901.65
Mozambique,MOZ,Sub-Saharan Africa,Low income,2008,51.292,28.6,2240.00001,4.23261261,,3.128999949,3,,885984.58,14018887.41,3496987.45
Mauritania,MRT,Sub-Saharan Africa,Lower middle income,2008,62.015,7.3,1899.999976,3.01339459,,9.87100029,2.5,,103004.82,832367.65,429665.19
Mauritius,MUS,Sub-Saharan Africa,Upper middle income,2008,72.57073171,5,3470.000029,3.99199653,3.063070059,7.170000076,,,31836.82,39388.22,310640.7
Malawi,MWI,Sub-Saharan Africa,Low income,2008,52.206,19,959.9999785,8.59821701,,5.861000061,3,21.1865826,371367.59,8125653,2005475.11
Malaysia,MYS,East Asia & Pacific,Upper middle income,2008,74.118,3.6,202910.0037,3.00692534,3.958519936,3.319999933,,67.60357221,724245.34,1054934,4323951.52
Namibia,NAM,Sub-Saharan Africa,Upper middle income,2008,53.817,27.6,2950.000048,9.91801167,6.403429985,22.18600082,,,101683.96,702638.11,319355.74
Niger,NER,Sub-Saharan Africa,Low income,2008,55.764,,860.0000143,5.22303343,2.723119974,1.710000038,3,10.8858509,578016.45,10998480.59,2264522.24
Nigeria,NGA,Sub-Saharan Africa,Lower middle income,2008,49.913,6.8,86930.00031,3.6958158,,3.819000006,3,24.14455283,4692622.33,99021410.27,25447548.24
Nicaragua,NIC,Latin America & Caribbean,Lower middle income,2008,71.915,21.2,4500,7.16700697,,6.199999809,3,,169180.32,276805.72,831487.66
Netherlands,NLD,Europe & Central Asia,High income,2008,80.25121951,2.5,165220.0012,9.27664948,5.029049873,3.650000095,,97.45917384,305497.83,212516.68,3833644.61
Norway,NOR,Europe & Central Asia,High income,2008,80.59268293,2.5,36869.99893,7.96075296,6.285220146,2.549999952,,61.25272549,121564.44,58426.98,1109330.12
Nepal,NPL,South Asia,Lower middle income,2008,66.727,13,2990.00001,3.80911303,3.805170059,1.330000043,3,23.1351786,840658.08,4585507.04,4465785.69
Nauru,NRU,East Asia & Pacific,High income,2008,,,39.99999911,23.0041008,,,,,768.02,1414,2787.74
New Zealand,NZL,East Asia & Pacific,High income,2008,80.35121951,2.5,34169.99817,9.12382889,5.511449814,4.170000076,,78.83349224,154283.44,45291.82,887611.43
Oman,OMN,Middle East & North Africa,High income,2008,75.179,9.7,41310.00137,2.01222706,,4.139999866,,,151189.03,79097.12,386410.22
Pakistan,PAK,South Asia,Lower middle income,2008,64.685,15.8,142160.0037,2.92312193,2.746229887,0.419999987,2.5,,5222863.23,55233664.11,32020753.29
Panama,PAN,Latin America & Caribbean,High income,2008,76.414,14.1,7300.000191,6.84644938,3.50229001,3.743000031,,,123813.63,155421.79,523750.21
Peru,PER,Latin America & Caribbean,Upper middle income,2008,73.826,11.6,38290.00092,4.51443434,2.867749929,4.039999962,,25.45390696,850282.09,1840572.59,4020015.84
Philippines,PHL,East Asia & Pacific,Lower middle income,2008,69.515,11.3,75150.00153,3.8631587,2.582829952,3.720000029,,47.18619939,2881939.97,9509638.9,16369131.91
Palau,PLW,East Asia & Pacific,Upper middle income,2008,,,209.9999934,9.44878292,6.239999771,,,,1127.85,1194.5,5524.44
Papua New Guinea,PNG,East Asia & Pacific,Lower middle income,2008,61.442,27,4760.000229,2.13526058,,2.311000109,3,,322181.52,1805306.12,1440633.54
Poland,POL,Europe & Central Asia,High income,2008,75.54390244,2.5,308329.9866,6.37592173,5.042399883,7.119999886,,84.37759579,1661574.18,582603.52,10506597.54
Puerto Rico,PRI,Latin America & Caribbean,High income,2008,77.96292683,,,,,11.47999954,,32.5207781,130100.69,108375,858501.94
Portugal,PRT,Europe & Central Asia,High income,2008,78.52439024,2.5,56840.00015,9.58307838,4.696090221,7.550000191,,62.17196655,265120.74,209021.47,2864912.42
Paraguay,PRY,Latin America & Caribbean,Upper middle income,2008,72.251,9.6,4320.000172,5.04564476,,4.420000076,,51.06215774,205286.26,316773.99,935306.34
Qatar,QAT,Middle East & North Africa,High income,2008,78.775,,53040.00092,1.63775349,4.22755003,0.310000002,,71.1,55739.16,20506.77,161477.62
Romania,ROU,Europe & Central Asia,High income,2008,72.56585366,2.5,95419.99817,5.02274227,4.097199917,5.789999962,,58.67188399,861919.99,521704.98,6624212.07
Rwanda,RWA,Sub-Saharan Africa,Low income,2008,60.612,29.5,560.0000024,7.5351038,3.504080057,1.024000049,3.5,,450604.35,3241657.46,1465096.05
Saudi Arabia,SAU,Middle East & North Africa,High income,2008,73.598,5.5,389720.0012,2.97100425,5.13781023,5.079999924,,44.55354762,1544044.48,760027.12,3955524.47
Sudan,SDN,Sub-Saharan Africa,Low income,2008,61.879,16.3,14949.99981,5.42313623,1.851500034,14.80000019,2,,1528468.19,7201594.42,6383086.91
Senegal,SEN,Sub-Saharan Africa,Lower middle income,2008,62.88,11.9,6440.000057,3.50687575,4.025680065,10.13300037,3,16.7035364,321085.94,3768005.67,1841615.71
Singapore,SGP,East Asia & Pacific,High income,2008,80.7902439,,38419.99817,3.19488454,2.764600039,3.960000038,,100,85586.08,70160.39,682920.19
Solomon Islands,SLB,East Asia & Pacific,Lower middle income,2008,70.063,13.2,319.9999928,5.68918657,7.656330109,1.893000007,3,,33751.78,111396.9,140810.47
Sierra Leone,SLE,Sub-Saharan Africa,Low income,2008,47.508,40.3,519.9999809,9.87387085,2.413170099,3.91899991,2.5,10.85889068,257011.4,4095875.88,1126564.54
El Salvador,SLV,Latin America & Caribbean,Lower middle income,2008,70.756,9.9,6909.999847,7.66487646,4.458109856,5.880000114,,,371941.13,273764.27,1025954.67
San Marino,SMR,Europe & Central Asia,High income,2008,,,,5.45987749,,,,70.3715,654.9,340.39,6893.12
Somalia,SOM,Sub-Saharan Africa,Low income,2008,53.326,70.8,620.0000048,,,18.91699982,,20.53167246,860654.95,8935770.33,2205104.68
Serbia,SRB,Europe & Central Asia,Upper middle income,2008,73.88536585,2.5,49830.00183,9.47590065,4.441999912,13.69999981,,20.17332053,317004.39,130231.39,3084988.57
South Sudan,SSD,Sub-Saharan Africa,Low income,2008,53.6,,1240.00001,,,12.14999962,,,309317.42,4878371.66,1245995.56
Sao Tome and Principe,STP,Sub-Saharan Africa,Lower middle income,2008,66.412,11.1,90.00000358,7.11202765,5.554490089,15.63099957,3.5,21.30656861,4948.35,27718.05,27121.43
Suriname,SUR,Latin America & Caribbean,Upper middle income,2008,69.91,8.3,1460.000038,5.08278036,,8.875,,29.18094451,25094.27,41929.48,108374.66
Slovenia,SVN,Europe & Central Asia,High income,2008,78.76585366,2.5,17360.00061,7.85466576,5.109519958,4.369999886,,42.53065154,97082.52,23660.99,498690.34
Sweden,SWE,Europe & Central Asia,High income,2008,81.1,2.5,46150.00153,8.20824242,6.344550133,6.230000019,,93.61668288,235079.23,95522.78,2262759.14
Eswatini,SWZ,Sub-Saharan Africa,Lower middle income,2008,44.17,10.9,629.9999952,8.85792923,6.618120193,27.67900085,,,72788,776399.29,202241.09
Seychelles,SYC,Sub-Saharan Africa,High income,2008,73.16341463,,419.9999869,3.98245716,,,,,2538.56,4103.12,19694.38
Chad,TCD,Sub-Saharan Africa,Low income,2008,49.82,40.1,540.0000215,4.0595479,,0.941999972,2,8.782082065,550541.32,8239160.1,1800557.28
Togo,TGO,Sub-Saharan Africa,Low income,2008,56.178,25.5,1570.000052,3.84063792,3.285300016,3.335000038,2,6.989899173,218187.25,2915004.77,914401.38
Thailand,THA,East Asia & Pacific,Upper middle income,2008,73.341,10.6,227580.0018,3.45933914,3.508500099,1.179999948,,21.86139241,2937318.57,2886179.07,12892537.7
Tajikistan,TJK,Europe & Central Asia,Lower middle income,2008,67.911,,3039.999962,5.91206694,3.459830046,11.97900009,2,,224377.57,877239.5,1278102.16
Turkmenistan,TKM,Europe & Central Asia,Upper middle income,2008,66.031,4,59279.99878,5.90518856,,4.951000214,,,155188.9,423974.84,1024487.92
Tonga,TON,East Asia & Pacific,Upper middle income,2008,69.921,,129.9999952,6.21641684,,1.351999998,3.5,35.43356344,2286.73,6470.13,19446.77
Trinidad and Tobago,TTO,Latin America & Caribbean,High income,2008,71.464,9.6,20020.00046,3.65757036,,4.630000114,,,71707.07,55484.23,319556.88
Tunisia,TUN,Middle East & North Africa,Lower middle income,2008,74.72,3.8,25250,5.41714668,6.271570206,12.43999958,,64.32807405,316781.93,346203.13,1943894.57
Tuvalu,TUV,East Asia & Pacific,Upper middle income,2008,,,9.999999776,10.74156666,,,,5.611628653,445.84,733.41,2927.72
Tanzania,TZA,Sub-Saharan Africa,Lower middle income,2008,56.777,25.9,6079.999924,5.55704832,4.185910225,2.769000053,3,14.67210672,1264044.59,19265916.12,6776601.32
Uganda,UGA,Sub-Saharan Africa,Low income,2008,54.984,,2970.000029,5.45659018,1.960000038,3.148999929,3,,944071.65,16319456.67,4159415.46
Ukraine,UKR,Europe & Central Asia,Lower middle income,2008,68.25146341,2.5,301200.0122,5.49728012,6.152420044,6.360000134,,45.73839854,3022491.75,1688488.95,19132061.61
Uruguay,URY,Latin America & Caribbean,High income,2008,76.437,2.5,7750,8.12533188,,8.029999733,,,129816.92,84841.98,812102.51
United States,USA,North America,High income,2008,78.03902439,2.5,5558379.883,15.2670145,,5.78000021,,98.02142764,9357473.2,5090579.58,79951728.24
Uzbekistan,UZB,Europe & Central Asia,Lower middle income,2008,69.193,11.2,128880.0049,4.98551559,,4.889999866,1.5,,1038962.75,2597441.21,5970965.95
Vietnam,VNM,East Asia & Pacific,Lower middle income,2008,74.625,12.9,117589.9963,4.05425787,4.886740208,1.927000046,3,,3094544.83,4656562.96,15277495.04
Vanuatu,VUT,East Asia & Pacific,Lower middle income,2008,68.824,5.9,100.0000015,3.13810229,5.951509953,1.751000047,3,,10623.81,28659.7,51265.34
Samoa,WSM,East Asia & Pacific,Lower middle income,2008,71.158,4,170.0000018,4.65748072,5.144209862,5.580999851,4,48.33979685,5995.53,8678.45,38213.38
South Africa,ZAF,Sub-Saharan Africa,Upper middle income,2008,55.36,3.6,426739.9902,7.88024807,4.374249935,22.40999985,,,3839038.77,23707915.28,9670774.64
Zambia,ZMB,Sub-Saharan Africa,Low income,2008,52.606,,2190.000057,4.01207542,1.099720001,7.929999828,3,,451612.05,7043666.79,2001264.17
Zimbabwe,ZWE,Sub-Saharan Africa,Lower middle income,2008,46.504,,7599.999905,,,5.013999939,1,29.23253016,526598.32,8201565.33,1953714.53
Afghanistan,AFG,South Asia,Low income,2009,60.484,23.3,4880.000114,9.81848717,3.730000019,11.31099987,2,,2397829.51,7555498.66,6346743.24
Angola,AGO,Sub-Saharan Africa,Lower middle income,2009,54.311,33.1,21149.99962,3.84260869,3.210000038,3.779999971,2.5,,1261180.24,9690114.79,3327472.94
Albania,ALB,Europe & Central Asia,Upper middle income,2009,76.221,6.3,4219.99979,4.6022253,,13.67000008,,43.8438649,80509.96,72799.63,556687.48
Andorra,AND,Europe & Central Asia,High income,2009,,,519.9999809,6.23957682,3.142920017,,,79.26565868,2075.7,848.54,17329.91
United Arab Emirates,ARE,Middle East & North Africa,High income,2009,76.145,8,157020.0043,4.04999352,,2.678999901,,79.69170759,358480.76,111188.91,1039224.78
Argentina,ARG,Latin America & Caribbean,Upper middle income,2009,75.116,3.2,156570.0073,9.45598793,5.531050205,8.649999619,,49.75629799,1398097.29,1490845.69,8554280.25
Armenia,ARM,Europe & Central Asia,Upper middle income,2009,73.118,4.4,4510.000229,8.44377995,3.840790033,18.44000053,3,52.42774152,90683.22,94419.59,800241.45
American Samoa,ASM,East Asia & Pacific,Upper middle income,2009,,,,,,,,,3543.36,2192.31,11713.59
Antigua and Barbuda,ATG,Latin America & Caribbean,High income,2009,75.683,,1389.999986,4.19123125,2.508889914,,,,2217.79,2586.94,16465.78
Australia,AUS,East Asia & Pacific,High income,2009,81.54390244,2.5,395290.0085,8.56316471,5.084519863,5.559999943,,63.62345662,658193.07,208003.61,4522625.2
Austria,AUT,Europe & Central Asia,High income,2009,80.33170732,2.5,64419.99817,10.22582531,5.730249882,5.300000191,,99.64897038,228336.17,74331.63,2128101.77
Azerbaijan,AZE,Europe & Central Asia,Upper middle income,2009,70.597,2.5,25500,2.6137836,3.224309921,5.739999771,2.5,24.50816483,237392.31,718762.42,2118300.33
Burundi,BDI,Sub-Saharan Africa,Low income,2009,56.488,,180.0000072,10.35021877,6.171949863,1.623000026,2,,496965.56,4262363.75,1300544.45
Belgium,BEL,Europe & Central Asia,High income,2009,80.03414634,2.5,99669.99817,10.35455036,6.458099842,7.909999847,,79.13136904,397587.41,165066.15,2735586.89
Benin,BEN,Sub-Saharan Africa,Lower middle income,2009,59.009,8.8,4420.000076,2.82528329,3.089270115,0.995000005,3.5,,345471.5,4402031.35,1474479.6
Burkina Faso,BFA,Sub-Saharan Africa,Low income,2009,56.377,14.1,1730.000019,5.08159304,,3.559000015,3.5,,634729.56,9902639.48,2888787.63
Bangladesh,BGD,South Asia,Lower middle income,2009,69.485,14.8,44750,2.56097794,1.939419985,5,3,27.35956418,4132735.05,19197079.73,23932837.15
Bulgaria,BGR,Europe & Central Asia,Upper middle income,2009,73.41219512,4.1,42909.99985,6.59577608,4.274290085,6.820000172,,51.41793406,306840.18,151309.79,2996261.56
Bahrain,BHR,Middle East & North Africa,High income,2009,75.913,,24719.99931,4.05684614,3.339999914,1.139000058,,79.09745833,27182.73,18573.25,166265.31
Bosnia and Herzegovina,BIH,Europe & Central Asia,Upper middle income,2009,75.844,2.5,20590.00015,9.02212143,,24.06999969,3,22.59390874,124169.78,57108.84,1005457.78
Belarus,BLR,Europe & Central Asia,Upper middle income,2009,70.40731707,2.5,57400.00153,5.39037848,4.368939877,6.099999905,,80.38677775,705243.41,203550.32,3436276.5
Belize,BLZ,Latin America & Caribbean,Upper middle income,2009,71.541,6.9,1460.000038,5.85314894,6.178170204,8.25,,,15200.84,19132.25,47465.46
Bermuda,BMU,North America,High income,2009,79.38843902,,,,2.289200068,,,,1246.24,1253.51,14187.11
Bolivia,BOL,Latin America & Caribbean,Lower middle income,2009,67.476,22.9,14000,5.17444515,,2.970000029,3.5,37.35459872,392048.69,1257903.98,1839949.68
Brazil,BRA,Latin America & Caribbean,Upper middle income,2009,73.3,4.3,350000,8.39480209,5.463550091,8.520000458,,39.4570433,9712939.03,11590058.82,40783707.64
Barbados,BRB,Latin America & Caribbean,High income,2009,78.272,4.5,4619.999886,7.1486845,5.116179943,10.02000046,,,6640.9,9831.28,68062.31
Bhutan,BTN,South Asia,Lower middle income,2009,67.882,,319.9999928,3.5476253,4.741740227,3.960000038,4.5,64.78265275,22658.09,95844.76,117610.88
Botswana,BWA,Sub-Saharan Africa,Upper middle income,2009,58.447,21.9,4190.000057,6.5250082,9.632920265,16.17000008,,,115999.75,770227.5,341342.31
Central African Republic,CAF,Sub-Saharan Africa,Low income,2009,46.719,31.9,170.0000018,4.81901073,1.254580021,5.486999989,2.5,17.53225618,362707.02,3649902.63,879031.95
Canada,CAN,North America,High income,2009,80.99512195,2.5,521320.0073,10.71716499,4.840579987,8.340000153,,80.46202275,847215.82,409039.81,7292835.52
Switzerland,CHE,Europe & Central Asia,High income,2009,82.04390244,2.5,43669.99817,10.06906986,4.89041996,4.119999886,,99.61718556,221920.51,78929.86,1793092.89
Chile,CHL,Latin America & Caribbean,High income,2009,78.558,3.5,65449.99695,7.20918465,4.230649948,11.31000042,,61.22076212,527775.46,305782.84,3162679.85
China,CHN,East Asia & Pacific,Upper middle income,2009,74.119,2.8,7719069.824,4.3495841,3.75,4.71999979,,32.22411192,42609219.04,28486642,289173436.4
Cote d'Ivoire,CIV,Sub-Saharan Africa,Lower middle income,2009,52.313,16.3,6030.00021,4.46970177,3.173939943,6.592999935,2.5,,709348.47,11434947.12,3152349.08
Cameroon,CMR,Sub-Saharan Africa,Lower middle income,2009,54.627,8.8,7030.00021,3.73933601,2.907900095,3.76699996,2.5,,771630.5,10826338.15,3292491.62
Colombia,COL,Latin America & Caribbean,Upper middle income,2009,75.193,12.1,62009.99832,7.31134653,4.776519775,11.28999996,,16.63217499,2410733.07,1791204.73,7017879.98
Comoros,COM,Sub-Saharan Africa,Lower middle income,2009,61.475,,140.0000006,4.92694378,,6.337999821,2.5,,29451.56,172748.11,99517.35
Costa Rica,CRI,Latin America & Caribbean,Upper middle income,2009,78.626,4.3,7199.999809,7.86019039,6.010300159,7.710000038,,35.77657392,119780.88,87854.72,665674.75
Cuba,CUB,Latin America & Caribbean,Upper middle income,2009,78.256,2.5,26979.99954,12.29053974,13.12485981,1.669999957,,38.28220647,319490.44,238564.53,2547608.32
Cyprus,CYP,Europe & Central Asia,High income,2009,79.245,4.7,8279.999733,6.46531582,7.205450058,5.360000134,,76.48196428,27004.25,10665.48,228031.14
Germany,DEU,Europe & Central Asia,High income,2009,79.83658537,2.5,734809.9976,11.23758507,4.909510136,7.739999771,,96.38563061,1857716.09,930010.76,23049660.6
Djibouti,DJI,Middle East & North Africa,Lower middle income,2009,59.561,23.1,469.9999988,3.21451879,,27.22100067,2.5,28.96435636,31768.7,308276.12,133086.5
Dominica,DMA,Latin America & Caribbean,Upper middle income,2009,,4.5,500,4.98329306,,,4,,2431.16,3132.34,17960.66
Denmark,DNK,Europe & Central Asia,High income,2009,78.59756098,2.5,47930.00031,10.67432022,8.448880196,6.409999847,,87.70534319,123016.86,74563.22,1467776.06
Dominican Republic,DOM,Latin America & Caribbean,Upper middle income,2009,71.806,15.2,19659.99985,5.08706808,,5.46999979,,,406382.5,809201.33,1664282.07
Algeria,DZA,Middle East & North Africa,Lower middle income,2009,74.644,5.1,112169.9982,5.3593955,6.03000021,10.15999985,,20.01637628,1291012.47,1893227.66,6111864.09
Ecuador,ECU,Latin America & Caribbean,Upper middle income,2009,74.895,16,34500,5.6990099,4.342420101,4.610000134,,40.90037094,788986.56,857882.16,2471501.7
Eritrea,ERI,Sub-Saharan Africa,Low income,2009,61.602,,469.9999988,5.38878536,,5.244999886,2,,266871.88,1877152.1,818499.04
Spain,ESP,Europe & Central Asia,High income,2009,81.47560976,2.5,287489.9902,9.10707188,4.912000179,17.86000061,,94.33500698,986580.45,548897.14,10781023.4
Estonia,EST,Europe & Central Asia,High income,2009,74.82439024,2.5,15050.00019,6.51218891,5.960050106,13.55000019,,92.67935265,60903.87,21706.49,416769.23
Ethiopia,ETH,Sub-Saharan Africa,Low income,2009,60.645,28.5,6530.00021,4.64983416,4.422070026,2.380000114,2.5,4.305104889,3047373.39,33446873.58,11190496.84
Finland,FIN,Europe & Central Asia,High income,2009,79.7195122,2.5,54180.00031,9.16122246,6.459559917,8.25,,82.3016292,208306.53,41667.16,1378925.33
Fiji,FJI,East Asia & Pacific,Upper middle income,2009,66.559,4.8,970.0000286,3.53587651,4.498479843,4.309999943,,,25922.25,55926.27,224453.1
France,FRA,Europe & Central Asia,High income,2009,81.41463415,2.5,343730.011,11.28756237,,8.739999771,,78.96081965,2012789.44,776699.35,14510653.98
Gabon,GAB,Sub-Saharan Africa,Upper middle income,2009,60.637,16.3,5199.999809,3.83981347,,19.76399994,,,58815.45,380822.08,265801.93
United Kingdom,GBR,Europe & Central Asia,High income,2009,80.05121951,2.5,466489.9902,9.8809166,5.046319962,7.539999962,,97.90168872,1241980.85,1016576.25,16078148.87
Georgia,GEO,Europe & Central Asia,Upper middle income,2009,71.18,5,5619.999886,9.56681633,3.222379923,20.70999908,3,41.57598549,151567.36,138845.93,1347172.87
Ghana,GHA,Sub-Saharan Africa,Lower middle income,2009,60.645,6.6,10010.00023,4.42220068,5.317440033,5.217000008,4,8.164356208,731211.02,8504992.66,3925633.79
Guinea,GIN,Sub-Saharan Africa,Low income,2009,56.279,,2119.999886,3.57716823,2.207250118,4.806000233,2,,428770.27,5474182.5,1840202.54
Guinea-Bissau,GNB,Sub-Saharan Africa,Low income,2009,54.113,,230.0000042,6.94844484,,5.895999908,2.5,6.864368532,89692.63,730600.55,292115.2
Equatorial Guinea,GNQ,Sub-Saharan Africa,Upper middle income,2009,55.329,,9710.000038,1.84398258,,8.548999786,,,28089.83,314071.21,122867.69
Greece,GRC,Europe & Central Asia,High income,2009,80.18780488,2.5,94739.99786,9.40688515,,9.619999886,,83.16533611,264167.03,114844.92,2954352.8
Grenada,GRD,Latin America & Caribbean,Upper middle income,2009,72.96,,810.0000024,5.43471003,,,4,,3232.12,4130.11,23309.52
Greenland,GRL,Europe & Central Asia,High income,2009,70.53195122,,,,,,,86.75118704,4209.55,1425.85,14887.51
Guatemala,GTM,Latin America & Caribbean,Upper middle income,2009,71.108,17.6,11850.00038,6.33950901,,3.512000084,,,945257.46,1474018.15,2255072.43
Guam,GUM,East Asia & Pacific,High income,2009,77.71,,,,,9.300000191,,,4369.85,5860.81,31266.66
Guyana,GUY,Latin America & Caribbean,Upper middle income,2009,67.792,8.4,1629.999995,4.35117102,2.150579929,11.52600002,3,,47118.6,74233.42,177896.09
Honduras,HND,Latin America & Caribbean,Lower middle income,2009,73.061,18.3,8069.999695,8.9959259,,3.289999962,3,45.25911527,393655.45,506492.84,1293276.65
Croatia,HRV,Europe & Central Asia,High income,2009,76.16829268,2.5,20309.99947,8.17583179,4.358089924,9.199999809,,78.39827327,173146.96,54675.01,1318120.05
Haiti,HTI,Latin America & Caribbean,Lower middle income,2009,60.148,45.8,1990.00001,3.60447621,,15.65699959,2.5,,642367.35,2714446.99,2377998.64
Hungary,HUN,Europe & Central Asia,High income,2009,73.90487805,2.5,47840.00015,7.2392807,4.944660187,10.02999973,,73.17910955,398497.72,125586.21,3426188.72
Indonesia,IDN,East Asia & Pacific,Lower middle income,2009,68.853,15.4,391079.9866,2.62324095,3.525130033,6.110000134,,,5922454.1,23753521.06,48051280.1
India,IND,South Asia,Lower middle income,2009,66.244,16.3,1564880.005,3.48537874,3.278249979,5.544000149,3.5,23.3386407,54420117.23,217642490.3,222096113.7
Ireland,IRL,Europe & Central Asia,High income,2009,80.1902439,2.5,40560.00137,10.5062685,6.15610981,12.60999966,,68.48680663,103694.96,50496.62,948428.34
Iraq,IRQ,Middle East & North Africa,Upper middle income,2009,68.34,15.8,94199.99695,3.76825881,,8.392999649,,37.43362493,2364857.56,2344495.72,5316421.79
Iceland,ISL,Europe & Central Asia,High income,2009,81.75121951,2.5,2109.999895,8.77518463,7.189849854,7.21999979,,60.54281939,6369.72,3254.51,60389.39
Israel,ISR,Middle East & North Africa,High income,2009,81.40487805,2.5,65730.00336,7.06538868,5.481719971,9.529999733,,86.6396076,184730.91,96005.47,1308848.56
Italy,ITA,Europe & Central Asia,High income,2009,81.63658537,2.5,397059.9976,8.95162296,4.523719788,7.75,,95.68907928,1187635.85,589857.82,15738920.89
Jamaica,JAM,Latin America & Caribbean,Upper middle income,2009,74.071,9.6,7880.000114,5.14652538,6.198480129,11.35999966,,,94301.06,115106.24,539363.79
Jordan,JOR,Middle East & North Africa,Upper middle income,2009,73.266,6.4,20659.99985,9.22397041,3.589999914,12.89999962,,78.7555666,141602.5,262589.84,918673.45
Japan,JPN,East Asia & Pacific,High income,2009,82.93146341,2.6,1100979.98,8.9587822,,5.070000172,,76.94002381,3572240.11,2001384.82,29795348.06
Kazakhstan,KAZ,Europe & Central Asia,Upper middle income,2009,68.39,3.7,213610.0006,3.49913716,3.060719967,6.550000191,,,1088263.65,826504.3,4520250
Kenya,KEN,Sub-Saharan Africa,Lower middle income,2009,59.932,24.7,11710.00004,6.02780342,,2.884000063,3,,1070799.72,13566824.61,5046911.37
Cambodia,KHM,East Asia & Pacific,Lower middle income,2009,66.014,13,4750,7.58330584,1.665680051,0.579999983,2,,525390.44,2417889.72,2643649.37
Kiribati,KIR,East Asia & Pacific,Lower middle income,2009,65.48,5.4,59.99999866,13.43940926,,,3,22.21374831,4573.18,18327.21,31734.22
Kuwait,KWT,Middle East & North Africa,High income,2009,74.162,2.5,77650.00153,2.70638752,3.579999924,1.639999986,,100,67220.03,58481.36,392082.73
Lebanon,LBN,Middle East & North Africa,Lower middle income,2009,78.161,7.6,21899.99962,7.00737476,1.765709996,6.349999905,,12.37913363,95632.78,136313.07,908391.1
Liberia,LBR,Sub-Saharan Africa,Low income,2009,58.971,33.1,540.0000215,9.40705395,,2.253000021,3,,105251.21,1604635.56,550813.11
Libya,LBY,Middle East & North Africa,Upper middle income,2009,72.129,,56400.00153,4.28816032,,19.37299919,,23.03527376,228892.45,163787.13,974123.62
Sri Lanka,LKA,South Asia,Lower middle income,2009,75.286,9.8,12289.99996,4.19338846,2.055900097,5.849999905,3,,1397866.2,719501.23,3875317.56
Lesotho,LSO,Sub-Saharan Africa,Lower middle income,2009,44.146,11.9,529.9999714,8.99738979,,28.02499962,3.5,26.52821508,159963.95,1273532.85,412022.31
Lithuania,LTU,Europe & Central Asia,High income,2009,72.91463415,2.5,11689.99958,7.36587334,5.585239887,13.78999996,,83.77004563,213961.15,60097.55,1032267.73
Luxembourg,LUX,Europe & Central Asia,High income,2009,80.63658537,2.5,10439.99958,7.33979321,,5.119999886,,91.77678176,11978.8,5290.8,111962.85
Latvia,LVA,Europe & Central Asia,High income,2009,73.0804878,2.5,7360.000134,6.11926985,5.522659779,17.51000023,,59.83809642,119914.28,43183.64,751740.38
Morocco,MAR,Middle East & North Africa,Lower middle income,2009,74.003,5.4,48750,5.8412447,5.260640144,8.960000038,,35.80967302,1311650.68,2537964.38,6428883.5
Monaco,MCO,Europe & Central Asia,High income,2009,,,,2.27634358,1.354590058,,,100,941.35,523.24,11792.28
Moldova,MDA,Europe & Central Asia,Upper middle income,2009,69.119,,7639.999866,13.6766243,9.509759903,6.400000095,3,,207894.24,143451.84,1274632.59
Madagascar,MDG,Sub-Saharan Africa,Low income,2009,62.944,29.7,1690.000057,4.41676188,2.825129986,3.974999905,2.5,6.692416517,539464.12,7098257.26,3234177.99
Maldives,MDV,South Asia,Upper middle income,2009,75.499,,910.0000262,10.0928812,5.081689835,11.69999981,3,,6095.87,16703.49,45798.52
Mexico,MEX,Latin America & Caribbean,Upper middle income,2009,75.128,4.7,448369.9951,6.12978458,5.187940121,5.360000134,,32.0685671,4333523.28,4575608.7,20218181.87
Marshall Islands,MHL,East Asia & Pacific,Upper middle income,2009,,,140.0000006,16.42785454,23.27000046,,,,2726.25,5164.1,12810.32
North Macedonia,MKD,Europe & Central Asia,Upper middle income,2009,74.44634146,3.1,8869.999886,6.52846384,,32.18000031,,12.76497902,60487.62,39774.95,613898.97
Mali,MLI,Sub-Saharan Africa,Low income,2009,54.756,7.4,2509.99999,5.22657919,3.869040012,9.286999702,3.5,12.15677504,631624.62,10192848.16,2562387.48
Malta,MLT,Middle East & North Africa,High income,2009,80.24146341,2.5,2509.99999,7.9238286,5.070390224,6.889999866,,91.86797469,8779.58,5493.62,98315.14
Myanmar,MMR,East Asia & Pacific,Lower middle income,2009,63.089,12.9,7489.999771,2.15950108,,0.711000025,,61.0463221,2160132.11,9320244.14,11946501.29
Montenegro,MNE,Europe & Central Asia,Upper middle income,2009,75.14390244,2.5,1750,,,19.09000015,,32.46812393,22876.45,9940.16,176554.35
Mongolia,MNG,East Asia & Pacific,Lower middle income,2009,66.916,19.6,13640.00034,4.45979881,5.144849777,5.860000134,3,40.50110307,173488.53,231302.13,675940.46
Northern Mariana Islands,MNP,East Asia & Pacific,High income,2009,,,,,,,,,2006.28,1535.17,12007.5
Mozambique,MOZ,Sub-Saharan Africa,Low income,2009,51.738,25.8,2490.00001,5.21038246,,3.174999952,3,,890243.34,14006878.14,3579384.73
Mauritania,MRT,Sub-Saharan Africa,Lower middle income,2009,62.266,7.8,2349.999905,3.11034536,,9.873999596,2.5,,105346.36,804285.46,443215.18
Mauritius,MUS,Sub-Saharan Africa,Upper middle income,2009,72.88243902,4.7,3420.000076,4.2265029,3.047310114,7.260000229,,,32103.02,37951.48,316900.09
Malawi,MWI,Sub-Saharan Africa,Low income,2009,53.888,17.1,980.0000191,8.26966286,,5.872000217,3,21.43700182,382374.15,7577334.05,2055236.52
Malaysia,MYS,East Asia & Pacific,Upper middle income,2009,74.305,3.7,181929.9927,3.2610569,5.974180222,3.660000086,,68.14477223,745935.5,1106633.62,4460380.85
Namibia,NAM,Sub-Saharan Africa,Upper middle income,2009,55.207,29.5,3019.999981,9.04967022,,22.20899963,,,104059.37,671830.77,321759.88
Niger,NER,Sub-Saharan Africa,Low income,2009,56.557,,1080.000043,5.33016539,3.335880041,1.26699996,2.5,11.39895417,582174.58,11006383.61,2313866.09
Nigeria,NGA,Sub-Saharan Africa,Lower middle income,2009,50.422,7.5,76949.99695,3.58019733,,3.796000004,3,24.60127561,4802906.41,97783183.19,25918773.5
Nicaragua,NIC,Latin America & Caribbean,Lower middle income,2009,72.167,20.8,4389.999866,7.68584394,,8.159999847,3,,167300.27,269176.31,852833.8
Netherlands,NLD,Europe & Central Asia,High income,2009,80.54878049,2.5,160490.0055,9.99291134,5.43156004,4.349999905,,97.46266315,307013.51,210575.62,3838597.17
Norway,NOR,Europe & Central Asia,High income,2009,80.79512195,2.5,37430.00031,9.07431507,7.10337019,3.099999905,,61.59292008,122448.11,58994.17,1113214.47
Nepal,NPL,South Asia,Lower middle income,2009,67.178,11.2,3880.000114,3.89314747,4.663760185,1.550999999,3,24.97934304,841919.02,4368416.56,4572360.62
Nauru,NRU,East Asia & Pacific,High income,2009,,,39.99999911,12.31575871,,,,,756.34,1347.22,2757.29
New Zealand,NZL,East Asia & Pacific,High income,2009,80.70243902,2.5,31170.00008,9.62076378,6.288169861,6.119999886,,79.39735158,153549.49,46474.21,890440.35
Oman,OMN,Middle East & North Africa,High income,2009,75.44,8.6,43590.00015,2.8300879,4.187739849,4.051000118,,,147126.52,82167.5,393948.88
Pakistan,PAK,South Asia,Lower middle income,2009,64.969,15.6,145139.9994,2.61331201,2.59078002,0.540000021,2.5,,5555695.36,54489186.04,32792807.62
Panama,PAN,Latin America & Caribbean,High income,2009,76.6,12.4,8699.999809,6.99648428,,3.851999998,,,129379.61,156537,537968.1
Peru,PER,Latin America & Caribbean,Upper middle income,2009,74.12,9.7,41169.99817,4.97619247,3.139940023,3.980000019,,27.4986565,924006.66,1866205.2,4279562.88
Philippines,PHL,East Asia & Pacific,Lower middle income,2009,69.667,11.5,76300.00305,4.16451931,2.537770033,3.859999895,,48.16415377,2957950.93,9541899.15,16844157.04
Palau,PLW,East Asia & Pacific,Upper middle income,2009,,,200.000003,10.30606079,7.570000172,,,,1099.04,1171.48,5517.62
Papua New Guinea,PNG,East Asia & Pacific,Lower middle income,2009,61.739,26.6,5030.00021,2.32937527,,2.121999979,3,,326736.31,1863632.15,1476091.47
Poland,POL,Europe & Central Asia,High income,2009,75.69512195,2.5,297260.0098,6.587708,4.989769936,8.170000076,,85.03951283,1624942.56,575816.27,10504954.25
Puerto Rico,PRI,Latin America & Caribbean,High income,2009,78.191,,,,,15,,32.51856129,135901.61,104915.74,869286.51
Portugal,PRT,Europe & Central Asia,High income,2009,78.72682927,2.5,56299.99924,10.13070393,5.563149929,9.430000305,,64.41629085,256870.71,207143.73,2871453.93
Paraguay,PRY,Latin America & Caribbean,Upper middle income,2009,72.45,8.8,4570.000172,5.52839279,,5.460000038,,51.88697503,213253.24,311977.66,970351.02
Qatar,QAT,Middle East & North Africa,High income,2009,78.945,,54069.99969,2.38356304,3.413150072,0.310000002,,74,64778.3,22282.22,181771.82
Romania,ROU,Europe & Central Asia,High income,2009,73.3097561,2.5,80709.99908,5.27841282,4.002130032,6.860000134,,60.47825864,847091.45,504147.42,6647195.83
Rwanda,RWA,Sub-Saharan Africa,Low income,2009,62.129,29.9,589.9999738,7.77558613,,1.059999943,3.5,,549737.49,3008348.19,1450920.95
Saudi Arabia,SAU,Middle East & North Africa,High income,2009,73.75,5.6,406529.9988,4.29041958,,5.380000114,,45.76492703,1614283.59,740212.52,4074296.32
Sudan,SDN,Sub-Saharan Africa,Low income,2009,62.33,16.5,15479.99954,6.39496279,2.022130013,13,1.5,,1619250.95,6955980.69,6410583.81
Senegal,SEN,Sub-Saharan Africa,Lower middle income,2009,63.607,11,6670.000076,3.84157085,4.920730114,10.21100044,3,17.03991637,326440.72,3653873.89,1894866.64
Singapore,SGP,East Asia & Pacific,High income,2009,81.24146341,,38830.00183,3.39853096,3.010129929,5.860000134,,100,86393.86,71573.43,699697.48
Solomon Islands,SLB,East Asia & Pacific,Lower middle income,2009,70.366,13,330.0000131,7.03139544,7.288499832,2.019999981,3,,36029.76,108078.97,145928.68
Sierra Leone,SLE,Sub-Saharan Africa,Low income,2009,48.468,34.9,519.9999809,11.09847832,2.778140068,4.048999786,3,11.12304167,273162.17,4016372.81,1142794.92
El Salvador,SLV,Latin America & Caribbean,Lower middle income,2009,70.978,10.2,6679.999828,8.39771748,4.659500122,7.329999924,,,397834.6,273836.67,1064475.52
San Marino,SMR,Europe & Central Asia,High income,2009,,,,6.24213982,,,,70.3715,662.17,341.41,7000.46
Somalia,SOM,Sub-Saharan Africa,Low income,2009,53.654,70.9,610.0000143,,,18.93700027,,21.60144962,888139.73,8911677.75,2277249.67
Serbia,SRB,Europe & Central Asia,Upper middle income,2009,73.98536585,2.5,46869.99893,9.3397665,4.483980179,16.13999939,,19.90669626,309311.36,134592.1,3051641.08
South Sudan,SSD,Sub-Saharan Africa,Low income,2009,54.219,,1289.999962,,,12.17800045,,,469662.82,4876739.94,1272181.64
Sao Tome and Principe,STP,Sub-Saharan Africa,Lower middle income,2009,66.938,12.1,90.00000358,7.19514179,10.67790031,15.19900036,3.5,22.39898353,3792.05,25773.81,27489.54
Suriname,SUR,Latin America & Caribbean,Upper middle income,2009,70.209,7.7,1450.000048,5.33047295,,8.720000267,,28.85917719,24039.73,41082.58,110082.07
Slovenia,SVN,Europe & Central Asia,High income,2009,78.97073171,2.5,15510.00023,8.540802,5.554969788,5.860000134,,45.01978158,94456.43,23064.57,496450.4
Sweden,SWE,Europe & Central Asia,High income,2009,81.35121951,2.5,42880.00107,8.77037907,6.749710083,8.350000381,,93.75016349,234726.34,97264.62,2267559.66
Eswatini,SWZ,Sub-Saharan Africa,Lower middle income,2009,45.275,15,699.9999881,8.63292217,6.471350193,27.05200005,,,72787.43,743931.8,202749.06
Seychelles,SYC,Sub-Saharan Africa,High income,2009,73.08292683,,449.9999881,3.88551354,,,,,2565.39,4162.53,19940.41
Chad,TCD,Sub-Saharan Africa,Low income,2009,50.346,35.7,790.0000215,4.44166517,2.311739922,0.958999991,2,8.834288152,498366.08,8264334,1852401.46
Togo,TGO,Sub-Saharan Africa,Low income,2009,56.818,23,2819.999933,4.07617235,3.867880106,2.882999897,2,7.174695269,227044.31,2848275.56,947402.74
Thailand,THA,East Asia & Pacific,Upper middle income,2009,73.766,10.3,220259.9945,3.61939621,3.861939907,0.949000001,,22.2145,2835107.27,2739691.96,12876762.35
Tajikistan,TJK,Europe & Central Asia,Lower middle income,2009,68.36,,2410.000086,5.85579777,4.098309994,11.5,2,,227736.89,863697.69,1313646.96
Turkmenistan,TKM,Europe & Central Asia,Upper middle income,2009,66.355,4.2,52389.99939,4.81248379,,4,,,144174.76,410614.44,982866.12
Tonga,TON,East Asia & Pacific,Upper middle income,2009,69.982,,140.0000006,4.09607935,,1.674000025,3.5,35.97228477,6811.93,6384.19,19571.52
Trinidad and Tobago,TTO,Latin America & Caribbean,High income,2009,71.71,9.1,19040.00092,5.48676443,,5.28000021,,,68446.77,53871.77,314336.74
Tunisia,TUN,Middle East & North Africa,Lower middle income,2009,74.88,3.6,25290.00092,5.67045975,6.528480053,13.28999996,,65.72345586,318754.96,339530.32,1977017.43
Tuvalu,TUV,East Asia & Pacific,Upper middle income,2009,,,9.999999776,14.3572998,,,,5.885049226,448.91,712.08,2953.52
Tanzania,TZA,Sub-Saharan Africa,Lower middle income,2009,57.666,26.7,5929.999828,5.0630641,3.960760117,2.5,3,15.81176345,1314777.36,18661267.73,6984309.68
Uganda,UGA,Sub-Saharan Africa,Low income,2009,56.06,,3359.999895,5.78845501,1.649999976,3.599999905,2.5,,939494.29,15848437.99,4196515.22
Ukraine,UKR,Europe & Central Asia,Lower middle income,2009,69.19,2.5,251619.9951,6.60771894,7.050749779,8.840000153,,48.56326727,2564710.17,1522581.55,17611611.19
Uruguay,URY,Latin America & Caribbean,High income,2009,76.603,2.5,7670.000076,7.9498806,,7.739999771,,,130713.11,82626,807971.47
United States,USA,North America,High income,2009,78.3902439,2.5,5156430.176,16.23350334,,9.25,,98.08593485,9260416.68,4988516.17,80752382.91
Uzbekistan,UZB,Europe & Central Asia,Lower middle income,2009,69.435,8.4,116529.9988,5.08302879,,5,1.5,,1018359.37,2537001.57,5943333.1
Vietnam,VNM,East Asia & Pacific,Lower middle income,2009,74.745,11.7,132289.9933,4.16906261,4.816500187,1.74000001,3,,3127554.21,4532433.04,15665668.89
Vanuatu,VUT,East Asia & Pacific,Lower middle income,2009,68.974,6.1,129.9999952,3.25197911,5.160510063,1.807999969,3,,10802.66,28748.08,52843.31
Samoa,WSM,East Asia & Pacific,Lower middle income,2009,71.412,3.9,180.0000072,5.26653099,,5.828000069,4,48.27012427,15012.08,8658.84,38556.9
South Africa,ZAF,Sub-Saharan Africa,Upper middle income,2009,56.46,3.6,404200.0122,8.52350235,4.761189938,23.52000046,,,3659292.03,22010179.64,9714662.44
Zambia,ZMB,Sub-Saharan Africa,Low income,2009,54.13,,2490.00001,4.42680454,2.940000057,10.55799961,3,,448760.51,6594447.33,2032598.38
Zimbabwe,ZWE,Sub-Saharan Africa,Lower middle income,2009,48.449,,7750,,,5.083000183,1.5,28.93564191,516331.83,7759798.13,1997505.29
Afghanistan,AFG,South Asia,Low income,2010,61.028,21.2,7110.000134,8.56967163,3.479449987,11.35200024,2,,2498918.49,7326163.85,6443903.94
Angola,AGO,Sub-Saharan Africa,Lower middle income,2010,55.35,23.9,22799.99924,2.69510007,3.421319962,9.430000305,2.5,,1267430.98,9369345.53,3427812.06
Albania,ALB,Europe & Central Asia,Upper middle income,2010,76.562,5.8,4449.999809,4.7457962,,14.09000015,,44.29658365,81439.75,68800.04,560636.42
Andorra,AND,Europe & Central Asia,High income,2010,,,519.9999809,6.58006001,2.976629972,,,86.45028444,2073.89,839.87,17588.81
United Arab Emirates,ARE,Middle East & North Africa,High income,2010,76.332,8.4,162789.9933,3.87874508,,2.480999947,,81.71197912,367868.72,114073.05,1096321.03
Argentina,ARG,Latin America & Caribbean,Upper middle income,2010,75.278,3.1,167220.0012,9.44546986,5.019710064,7.710000038,,49.97256189,1401304.9,1493603.73,8651598.48
Armenia,ARM,Europe & Central Asia,Upper middle income,2010,73.331,3.7,4340.000153,9.23539066,3.249000072,19.01000023,3,53.90871358,89368.82,91218.33,796897.9
American Samoa,ASM,East Asia & Pacific,Upper middle income,2010,,,,,,,,,1512.61,2116.36,11769.31
Antigua and Barbuda,ATG,Latin America & Caribbean,High income,2010,75.823,,490.0000095,5.37907028,,,,,2168.34,2591.07,16747.9
Australia,AUS,East Asia & Pacific,High income,2010,81.69512195,2.5,387540.0085,8.4308424,5.543039799,5.210000038,,64.59036915,657309.78,208415.22,4567494.91
Austria,AUT,Europe & Central Asia,High income,2010,80.5804878,2.5,69959.99908,10.22101879,5.700479984,4.820000172,,99.6449621,227369.12,74422.54,2132385.61
Azerbaijan,AZE,Europe & Central Asia,Upper middle income,2010,70.938,2.5,24309.99947,2.48996663,2.780620098,5.630000114,2.5,24.60805925,241384.76,704355.35,2151954.91
Burundi,BDI,Sub-Saharan Africa,Low income,2010,57.228,,300.0000119,11.27637577,6.775249958,1.60800004,2,,487992.15,4160708.09,1343395.29
Belgium,BEL,Europe & Central Asia,High income,2010,80.18292683,2.5,106720.0012,10.23324585,6.442590237,8.289999962,,80.01221709,397127.5,165518.95,2746867.34
Benin,BEN,Sub-Saharan Africa,Lower middle income,2010,59.318,8.2,4829.999924,2.99710441,3.679970026,1.039999962,3.5,,358838.81,4407049.57,1529753.16
Burkina Faso,BFA,Sub-Saharan Africa,Low income,2010,57.096,13.3,2289.999962,5.2395854,3.502229929,3.644999981,3.5,,664795.35,9908386.92,2997249.18
Bangladesh,BGD,South Asia,Lower middle income,2010,69.881,15.2,50580.00183,2.68101048,,3.380000114,3,28.42291983,3976868.77,18296336.81,24298328.4
Bulgaria,BGR,Europe & Central Asia,Upper middle income,2010,73.51219512,4,44740.00168,7.13800573,3.857969999,10.27999973,,53.13918148,295829.03,145212.14,2973689.77
Bahrain,BHR,Middle East & North Africa,High income,2010,76.057,,25969.99931,3.84291482,3.190000057,1.129999995,,80.31126813,27371.12,18699.83,175114.84
Bosnia and Herzegovina,BIH,Europe & Central Asia,Upper middle income,2010,76.031,2.5,20840.00015,9.01888275,,27.30999947,3,24.79573784,120791.51,55304.67,998312.86
Belarus,BLR,Europe & Central Asia,Upper middle income,2010,70.40487805,2.5,61669.99817,5.65693998,5.220039845,6.252999783,,79.73070574,685399.54,200578.84,3477496.69
Belize,BLZ,Latin America & Caribbean,Upper middle income,2010,72.057,6.5,560.0000024,5.68149519,6.719759941,8.241999626,,,16005.67,19343.98,49514.06
Bermuda,BMU,North America,High income,2010,79.28853659,,,,2.306689978,,,,1243.41,1231.96,14292.55
Bolivia,BOL,Latin America & Caribbean,Lower middle income,2010,68.007,20.4,15170.00008,5.20230532,7.809999943,2.614000082,3.5,38.6975507,394579.2,1235114.31,1877780.69
Brazil,BRA,Latin America & Caribbean,Upper middle income,2010,73.619,3.7,397929.9927,7.94515991,5.648799896,7.274000168,,39.85950934,9807710.71,11306312.16,41368511.16
Barbados,BRB,Latin America & Caribbean,High income,2010,78.364,4.3,1549.999952,6.77398682,6.054399967,10.68999958,,,6718.24,9848.53,69104.12
Bhutan,BTN,South Asia,Lower middle income,2010,68.384,,400.000006,3.55879474,4.12473011,3.319999933,4.5,64.55864346,21470.06,91370.74,119876.79
Botswana,BWA,Sub-Saharan Africa,Upper middle income,2010,60.211,21.5,3369.999886,6.19402504,,17.86000061,,,118433.85,734109.9,351063.36
Central African Republic,CAF,Sub-Saharan Africa,Low income,2010,47.312,30.3,170.0000018,3.8270402,1.117609978,5.665999889,2.5,17.15613616,376495.66,3632631.56,908155.73
Canada,CAN,North America,High income,2010,81.24634146,2.5,537010.0098,10.69585419,5.356369972,8.06000042,,80.85439848,850899.83,411017.19,7358845.41
Switzerland,CHE,Europe & Central Asia,High income,2010,82.24634146,2.5,45209.99908,9.94159698,4.765629768,4.800000191,,99.61746539,218311.67,78326.76,1805859.58
Chile,CHL,Latin America & Caribbean,High income,2010,78.779,3.4,69750,6.77489328,4.162089825,8.420000076,,62.85662723,550065.92,301674.32,3216236.06
China,CHN,East Asia & Pacific,Upper middle income,2010,74.409,2.5,8474919.922,4.23068333,3.75,4.53000021,,35.32940402,42227314.12,27013155.69,293019139
Cote d'Ivoire,CIV,Sub-Saharan Africa,Lower middle income,2010,52.964,13.6,6349.999905,4.41580963,3.246510029,6.835000038,2,,727460.5,11289768.35,3206164.59
Cameroon,CMR,Sub-Saharan Africa,Lower middle income,2010,55.101,7.1,7010.000229,3.75891471,2.84803009,4.110000134,2.5,,810727.96,10651070.45,3427699.31
Colombia,COL,Latin America & Caribbean,Upper middle income,2010,75.424,12.9,63560.00137,7.07130146,4.83382988,10.97999954,,16.79012145,2358413.49,1719543.35,7082340.16
Comoros,COM,Sub-Saharan Africa,Lower middle income,2010,61.862,,170.0000018,4.99181557,,6.690000057,2.5,,16709.47,173026.25,97904.97
Costa Rica,CRI,Latin America & Caribbean,Upper middle income,2010,78.769,4.6,7110.000134,8.02937698,6.565740108,7.170000076,,35.12155593,131821.1,93146.07,712371.8
Cuba,CUB,Latin America & Caribbean,Upper middle income,2010,78.338,2.5,28110.00061,10.6880827,12.83730984,2.5,,37.95822131,320745.16,239205.16,2586474.71
Cyprus,CYP,Europe & Central Asia,High income,2010,79.43,3,7900.000095,6.51767111,6.54279995,6.260000229,,76.53244972,26183.58,10625.94,230258.71
Germany,DEU,Europe & Central Asia,High income,2010,79.98780488,2.5,773070.0073,11.09557819,4.94367981,6.96999979,,96.47614557,1862602.48,932582.66,23010063.28
Djibouti,DJI,Middle East & North Africa,Lower middle income,2010,60.062,22.4,519.9999809,3.06150365,4.49022007,27.05800056,2.5,29.77494809,32076.62,307613.45,138892.23
Dominica,DMA,Latin America & Caribbean,Upper middle income,2010,,4.8,180.0000072,5.1571188,,,4,,2585.3,3154.59,18147.05
Denmark,DNK,Europe & Central Asia,High income,2010,79.1,2.5,48119.99893,10.33315945,8.559550285,7.75,,88.1587008,119178.93,74074.82,1459483
Dominican Republic,DOM,Latin America & Caribbean,Upper middle income,2010,72.046,13,20680.00031,5.57940006,,5.210000038,,,407265.64,803213.44,1688807.16
Algeria,DZA,Middle East & North Africa,Lower middle income,2010,74.938,4.3,114180.0003,5.11717176,,9.960000038,,19.84678822,1246848.01,1869500.26,6219718.07
Ecuador,ECU,Latin America & Caribbean,Upper middle income,2010,75.089,12.3,37250,6.11657906,4.507430077,4.090000153,,41.03788243,795157.6,831465.28,2522263.15
Eritrea,ERI,Sub-Saharan Africa,Low income,2010,62.193,,500,4.92946005,,5.494999886,2,,266251.19,1852688.88,831262.13
Spain,ESP,Europe & Central Asia,High income,2010,81.62682927,2.5,273250,9.1185751,4.856080055,19.86000061,,94.52545982,957877.13,538228.09,10789191.33
Estonia,EST,Europe & Central Asia,High income,2010,75.42926829,2.5,19000,6.27124023,5.517789841,16.70999908,,92.69742932,54940.36,20308.76,398004.87
Ethiopia,ETH,Sub-Saharan Africa,Low income,2010,61.627,24.7,6469.99979,5.46637249,4.496590137,2.338999987,2.5,4.5424233,2922804.32,31853490.97,11192274.62
Finland,FIN,Europe & Central Asia,High income,2010,79.87073171,2.5,62529.99878,9.14202785,6.504449844,8.390000343,,82.5585174,203753.61,40718.86,1386952.68
Fiji,FJI,East Asia & Pacific,Upper middle income,2010,66.655,5.6,1159.999967,3.416641,4.824359894,4.309999943,,,25208.96,55285.37,227552.88
France,FRA,Europe & Central Asia,High income,2010,81.66341463,2.5,347779.9988,11.22560215,,8.869999886,,78.92085652,2001325.5,770606.29,14550144.65
Gabon,GAB,Sub-Saharan Africa,Upper middle income,2010,61.4,14.7,5760.000229,2.47556782,3.078089952,20.38999939,,,57263.44,373708.57,265041.92
United Kingdom,GBR,Europe & Central Asia,High income,2010,80.40243902,2.5,482440.0024,9.83532333,5.66824007,7.789999962,,97.92715808,1221344.51,1004807.32,16073404.35
Georgia,GEO,Europe & Central Asia,Upper middle income,2010,71.46,6.7,5320.000172,9.07341194,2.803649902,20.20000076,3.5,40.85714085,149699.88,131901.06,1339635.97
Ghana,GHA,Sub-Saharan Africa,Lower middle income,2010,61.03,6.1,11189.99958,4.25117254,5.540599823,5.380000114,4,8.638307608,741245.03,8350244.97,4016839.41
Guinea,GIN,Sub-Saharan Africa,Low income,2010,56.861,,2500,3.42734981,2.551189899,4.772999763,2,,425423.09,5424579.17,1885707.84
Guinea-Bissau,GNB,Sub-Saharan Africa,Low income,2010,54.628,,239.9999946,6.2611661,1.860820055,6.080999851,2.5,7.306968688,86193.65,708195.56,294911.45
Equatorial Guinea,GNQ,Sub-Saharan Africa,Upper middle income,2010,55.622,,9949.999809,1.81856561,,8.81799984,,,28401.23,318455.36,126533.36
Greece,GRC,Europe & Central Asia,High income,2010,80.38780488,2.5,87580.00183,9.59662342,,12.71000004,,83.83710579,257459.36,115455.6,2946368.09
Grenada,GRD,Latin America & Caribbean,Upper middle income,2010,72.867,,289.9999917,5.41881227,,,4,,3230.76,4119.1,23573.09
Greenland,GRL,Europe & Central Asia,High income,2010,70.29195122,,,,,,,87.37089352,4155.17,1398.35,14954.36
Guatemala,GTM,Latin America & Caribbean,Upper middle income,2010,71.481,16.4,11439.99958,6.12487125,2.848649979,3.5,,,906683.08,1409193.12,2359988.55
Guam,GUM,East Asia & Pacific,High income,2010,77.941,,,,,8.199999809,,,4464.93,5917.13,31831.3
Guyana,GUY,Latin America & Caribbean,Upper middle income,2010,68.059,8.7,1759.99999,4.21897697,2.409389973,11.79800034,2.5,,48720.51,72800.95,181095.86
Honduras,HND,Latin America & Caribbean,Lower middle income,2010,73.317,15.8,8180.000305,8.72536373,6.800000191,4.119999886,3,45.71609364,403953.05,505166.42,1338914.59
Croatia,HRV,Europe & Central Asia,High income,2010,76.47560976,2.5,19459.99908,8.0887022,4.19863987,11.61999989,,78.45720647,168923.68,50766.49,1310874.84
Haiti,HTI,Latin America & Caribbean,Lower middle income,2010,60.511,44.4,2460.000038,4.62583256,,15.37899971,2.5,,14125354.87,2821266.39,2401520.42
Hungary,HUN,Europe & Central Asia,High income,2010,74.20731707,2.5,47880.00107,7.46319818,4.721759796,11.17000008,,75.04872452,384455.55,123222.98,3376183.2
Indonesia,IDN,East Asia & Pacific,Lower middle income,2010,69.205,13,415519.989,2.7908783,2.81227994,5.610000134,,,5728815.31,22901985.11,48708035.12
India,IND,South Asia,Lower middle income,2010,66.693,15.9,1659979.98,3.27211905,3.377690077,5.546000004,3.5,25.37938816,55078934.61,210484107.4,226910608.8
Ireland,IRL,Europe & Central Asia,High income,2010,80.74390244,2.5,40189.99863,10.50632477,6.05136013,14.52999973,,70.18702353,98775.64,49366.94,942653.61
Iraq,IRQ,Middle East & North Africa,Upper middle income,2010,68.567,15,108550.0031,3.23055601,,8.251000404,,38.02676549,2264835.37,2252212.61,5436985.65
Iceland,ISL,Europe & Central Asia,High income,2010,81.89756098,2.5,1960.000038,8.36173058,6.944240093,7.559999943,,62.6839614,6325.92,3224.28,60654.82
Israel,ISR,Middle East & North Africa,High income,2010,81.60243902,2.5,70519.99664,7.01663876,5.5198102,8.479999542,,87.39807077,148791.93,96647.11,1327440.18
Italy,ITA,Europe & Central Asia,High income,2010,82.03658537,2.5,405269.989,8.91602039,4.334119797,8.359999657,,95.69591975,1158817.56,583721.58,15713183.83
Jamaica,JAM,Latin America & Caribbean,Upper middle income,2010,74.038,9.7,7480.000019,5.29506874,6.370600224,12.36999989,,,65340.34,122749.22,510292.31
Jordan,JOR,Middle East & North Africa,Upper middle income,2010,73.428,6.2,20200.00076,8.17025661,3.099999905,12.5,,79.28402184,140750.19,260476.31,953681.16
Japan,JPN,East Asia & Pacific,High income,2010,82.84268293,2.7,1156479.98,9.0630064,3.599519968,5.099999905,,77.36110128,3543927.03,2023257.29,30129010.97
Kazakhstan,KAZ,Europe & Central Asia,Upper middle income,2010,68.45,3.2,229699.9969,2.73641348,3.462260008,5.769999981,,,1076538.42,796329.72,4541357.58
Kenya,KEN,Sub-Saharan Africa,Lower middle income,2010,60.959,22.2,12640.00034,6.11675262,4.815489769,2.838999987,3,,1087597.04,13018387.28,5224568.63
Cambodia,KHM,East Asia & Pacific,Lower middle income,2010,66.56,11.2,5139.999866,6.91169882,1.533789992,0.769999981,2,,547632.06,2296066.97,2695119.17
Kiribati,KIR,East Asia & Pacific,Lower middle income,2010,65.769,4.4,50.00000075,9.20724678,,,3,22.71219897,4629.02,18239.06,32180.47
Kuwait,KWT,Middle East & North Africa,High income,2010,74.358,2.5,80720.00122,2.67879915,3.569999933,1.820000052,,100,61536.43,57066.9,394507.09
Lebanon,LBN,Middle East & North Africa,Lower middle income,2010,78.36,5.7,20860.00061,7.43862009,1.613309979,6.842999935,,12.80108615,97558.3,133422.69,926496.44
Liberia,LBR,Sub-Saharan Africa,Low income,2010,59.6,34.5,730.0000191,8.94644737,,2.269999981,3,,111381.46,1596682.54,575941.18
Libya,LBY,Middle East & North Africa,Upper middle income,2010,72.044,,59549.99924,3.58541131,,19.26799965,,22.83564949,224723.94,157803.33,982769.88
Sri Lanka,LKA,South Asia,Lower middle income,2010,75.439,9.6,13069.99969,3.86745453,1.717740059,4.78000021,3,,1232293.65,683982.99,3908468
Lesotho,LSO,Sub-Saharan Africa,Lower middle income,2010,45.1,11.6,550.0000119,8.41961861,,27.07900047,3.5,28.56272937,162722.92,1216618.77,418187.33
Lithuania,LTU,Europe & Central Asia,High income,2010,73.26829268,2.5,12600.00038,6.81462288,5.297860146,17.80999947,,84.23002089,206468.99,57932.45,1027700.97
Luxembourg,LUX,Europe & Central Asia,High income,2010,80.63170732,2.5,11029.99973,7.03158236,,4.360000134,,92.41794701,12069.53,5357.33,113192.32
Latvia,LVA,Europe & Central Asia,High income,2010,73.48292683,2.5,8520.000458,6.11952686,5.03881979,19.47999954,,61.80530966,114264.36,42094.56,738393.66
Morocco,MAR,Middle East & North Africa,Lower middle income,2010,74.382,5.1,51759.99832,5.86408854,,9.090000153,,36.13419969,1307549.1,2405151.27,6514665.57
Monaco,MCO,Europe & Central Asia,High income,2010,,,,2.33074474,1.31735003,,,100,948.18,525.12,11872.25
Moldova,MDA,Europe & Central Asia,Upper middle income,2010,69.616,,8300.000191,10.13112831,7.592299938,7.449999809,3,,209404.98,141030.03,1295402.61
Madagascar,MDG,Sub-Saharan Africa,Low income,2010,63.388,28.2,1870.000005,4.65100336,2.75,4.28000021,2.5,7.041632577,535392.1,7090977.06,3291985.37
Maldives,MDV,South Asia,Upper middle income,2010,75.905,,959.9999785,8.48759079,3.633280039,11.28800011,3,,6251.15,16736.63,47260.12
Mexico,MEX,Latin America & Caribbean,Upper middle income,2010,75.065,4.8,462869.9951,5.73688889,5.159220219,5.300000191,,34.20129298,4424916.24,4435030.2,20382411.52
Marshall Islands,MHL,East Asia & Pacific,Upper middle income,2010,,,140.0000006,15.85092354,20.59000015,,,,2703,4973.2,12976.56
North Macedonia,MKD,Europe & Central Asia,Upper middle income,2010,74.99756098,3.4,8640.000343,6.71369648,,32.02000046,,12.72318656,58427.2,35762.9,613761.11
Mali,MLI,Sub-Saharan Africa,Low income,2010,55.251,5.8,2779.999971,4.67865038,3.343889952,8.069999695,3.5,12.85689472,631314.28,10248188.83,2618578.83
Malta,MLT,Middle East & North Africa,High income,2010,81.39756098,2.5,2589.999914,7.95211124,6.250040054,6.849999905,,91.86797469,8800.89,5472.77,99017.54
Myanmar,MMR,East Asia & Pacific,Lower middle income,2010,63.525,10.2,8130.000114,1.95585954,0.899999976,0.72299999,,61.03403892,2080898.49,8789899.61,11868646.88
Montenegro,MNE,Europe & Central Asia,Upper middle income,2010,75.9902439,2.5,2579.999924,,,19.64999962,,33.88081713,22090.6,9576.33,176085.07
Mongolia,MNG,East Asia & Pacific,Lower middle income,2010,67.38,16.5,14310.00042,3.73945618,4.645100117,6.550000191,3,41.47895886,174690.42,229006.07,694500.77
Northern Mariana Islands,MNP,East Asia & Pacific,High income,2010,,,,,,,,,1877.63,1462.75,12000.02
Mozambique,MOZ,Sub-Saharan Africa,Low income,2010,52.31,24.1,2680.000067,5.44726419,5.952929974,3.217000008,3,,898338.51,14018851.69,3658618.25
Mauritania,MRT,Sub-Saharan Africa,Lower middle income,2010,62.527,8.2,2400.000095,2.63619399,,9.862000465,2.5,,103656.12,792053.19,445700.41
Mauritius,MUS,Sub-Saharan Africa,Upper middle income,2010,72.96731707,4.3,3660.000086,4.57982111,3.551470041,7.650000095,,,31785,38312.06,316424.1
Malawi,MWI,Sub-Saharan Africa,Low income,2010,55.564,15.5,889.9999857,7.24138308,3.539799929,5.894000053,3,21.68798232,392139.91,7074948.69,2114559.41
Malaysia,MYS,East Asia & Pacific,Upper middle income,2010,74.493,3.4,200220.0012,3.16474295,4.966450214,3.390000105,,69.0410832,737898.7,1103581.67,4509795.64
Namibia,NAM,Sub-Saharan Africa,Upper middle income,2010,56.665,28.8,3130.000114,9.72781372,8.243300438,22.12000084,,,99222.03,644030.53,325810.33
Niger,NER,Sub-Saharan Africa,Low income,2010,57.333,,1370.000005,5.02160501,2.721950054,0.778999984,3,11.897061,578465.35,11163495.38,2353951.58
Nigeria,NGA,Sub-Saharan Africa,Lower middle income,2010,50.896,8.2,90059.99756,3.29653287,,3.778000116,3,25.07123103,4831859.73,96168098.81,26408705.15
Nicaragua,NIC,Latin America & Caribbean,Lower middle income,2010,72.428,20,4510.000229,7.71019173,4.484240055,7.829999924,2.5,,167233.43,261129.48,866543.54
Netherlands,NLD,Europe & Central Asia,High income,2010,80.70243902,2.5,171110.0006,10.15515518,5.489089966,4.989999771,,97.4661496,310087.79,205478.35,3856890.51
Norway,NOR,Europe & Central Asia,High income,2010,80.99756098,2.5,41409.99985,8.90553188,6.746339798,3.519999981,,61.93395739,122551.48,57923.99,1115943.63
Nepal,NPL,South Asia,Lower middle income,2010,67.611,9.9,4639.999866,4.35166264,3.631720066,1.820000052,2.5,26.86283221,841754.17,4140126.84,4673871.13
Nauru,NRU,East Asia & Pacific,High income,2010,,,39.99999911,12.6964016,,,,,732.41,1261.66,2704.27
New Zealand,NZL,East Asia & Pacific,High income,2010,80.70243902,2.5,31049.99924,9.59277534,7.000390053,6.559999943,,79.96293988,151870.71,47721.72,894347.53
Oman,OMN,Middle East & North Africa,High income,2010,75.682,7.7,47080.00183,2.82071519,,3.990999937,,,152354.47,85622.78,412725.8
Pakistan,PAK,South Asia,Lower middle income,2010,65.264,15.4,140619.9951,2.59675789,2.286870003,0.649999976,2.5,,6011592.75,54309381.79,33497999.47
Panama,PAN,Latin America & Caribbean,High income,2010,76.792,10.9,9189.99958,7.08509684,,3.720000029,,,127236.42,159458.92,549793.23
Peru,PER,Latin America & Caribbean,Upper middle income,2010,74.41,8.7,45000,4.71548748,2.867300034,3.579999924,,29.5867664,924917.68,1842330.66,4396011.35
Philippines,PHL,East Asia & Pacific,Lower middle income,2010,69.823,12.2,81930.00031,4.1310792,2.309999943,3.609999895,,49.15443034,2784619.1,9548767.85,17222843.84
Palau,PLW,East Asia & Pacific,Upper middle income,2010,,,209.9999934,11.54552078,7.760000229,,,,1069.66,1144.08,5510.89
Papua New Guinea,PNG,East Asia & Pacific,Lower middle income,2010,62.029,26.2,5019.999981,2.10756016,,2,3,,342469.35,1853149.08,1536444.28
Poland,POL,Europe & Central Asia,High income,2010,76.24634146,2.5,313739.9902,6.41223288,5.063020229,9.640000343,,85.70428767,1578600.33,563574.42,10372527.3
Puerto Rico,PRI,Latin America & Caribbean,High income,2010,78.41909756,,,,,16.10000038,,32.51634448,132374.54,99340.81,850659.6
Portugal,PRT,Europe & Central Asia,High income,2010,79.02682927,2.5,50939.99863,10.03250504,5.412489891,10.77000046,,66.67505885,249969.8,202138.23,2867524.36
Paraguay,PRY,Latin America & Caribbean,Upper middle income,2010,72.653,7.7,5039.999962,5.47032022,2.770720005,4.570000172,,52.70109861,211634.73,305535.51,993600.5
Qatar,QAT,Middle East & North Africa,High income,2010,79.108,,60580.00183,1.87017775,4.539659977,0.449999988,,76.9,69129.47,24076.27,202372.09
Romania,ROU,Europe & Central Asia,High income,2010,73.45853659,2.5,77620.00275,5.76614237,3.493609905,6.960000038,,62.35767609,823143.44,483434.4,6603982.79
Rwanda,RWA,Sub-Saharan Africa,Low income,2010,63.433,31.4,600.0000238,8.05313301,4.633840084,1.077999949,3.5,,442415.94,2862099.89,1481781.05
Saudi Arabia,SAU,Middle East & North Africa,High income,2010,73.917,5.9,446130.0049,3.647856,,5.550000191,,46.97630645,1682103.34,724537.7,4203214.74
Sudan,SDN,Sub-Saharan Africa,Low income,2010,62.764,16.5,16420.00008,5.05810213,,15.19799995,1.5,,1457685.86,6775142.35,6393744.62
Senegal,SEN,Sub-Saharan Africa,Lower middle income,2010,64.284,11.3,7030.00021,4.02764177,5.217740059,10.26399994,3,17.67660035,296715.82,3716347.24,1830704.3
Singapore,SGP,East Asia & Pacific,High income,2010,81.54146341,,42409.99985,3.20265365,3.080440044,4.119999886,,100,85959.81,72250.92,715019.06
Solomon Islands,SLB,East Asia & Pacific,Lower middle income,2010,70.674,13.7,340.0000036,8.38949013,7.931739807,1.577999949,3,,35120.1,107162.61,148553.19
Sierra Leone,SLE,Sub-Saharan Africa,Low income,2010,49.382,29.1,560.0000024,10.94338036,2.588639975,4.170000076,3,11.38759339,267320,3911711.83,1178263.76
El Salvador,SLV,Latin America & Caribbean,Lower middle income,2010,71.21,10.5,6539.999962,8.23629189,4.048079967,4.889999866,,,362567.71,259492.56,1046264.66
San Marino,SMR,Europe & Central Asia,High income,2010,,,,6.61328411,2.62883997,,,70.3715,668.06,343.03,7107.54
Somalia,SOM,Sub-Saharan Africa,Low income,2010,53.99,70.4,629.9999952,,,18.95800018,,22.68708445,984747.7,9659188.07,2338540.7
Serbia,SRB,Europe & Central Asia,Upper middle income,2010,74.33658537,2.5,47099.99847,9.52071667,4.327809811,19.21999931,,19.6433945,298582.94,132606.22,2989272.2
South Sudan,SSD,Sub-Saharan Africa,Low income,2010,54.8,,1309.999943,,,12.17700005,,,352933.17,4896288.32,1291844.73
Sao Tome and Principe,STP,Sub-Saharan Africa,Lower middle income,2010,67.43,13,100.0000015,6.84464884,9.651470184,14.60499954,3.5,23.49769521,3945.29,23395.06,28459.76
Suriname,SUR,Latin America & Caribbean,Upper middle income,2010,70.465,7.3,1740.00001,5.03042459,,7.150000095,,28.53333707,24175.03,40673.77,112196.24
Slovenia,SVN,Europe & Central Asia,High income,2010,79.42195122,2.5,15779.99973,8.56503296,5.545460224,7.239999771,,47.56590823,92954.65,22791.81,497767.64
Sweden,SWE,Europe & Central Asia,High income,2010,81.45121951,2.5,48130.00107,8.31963825,6.522689819,8.609999657,,93.88175299,233586.63,96994.36,2270106.19
Eswatini,SWZ,Sub-Saharan Africa,Lower middle income,2010,46.601,17.6,649.9999762,8.59125805,6.118370056,26.40600014,,,72061.52,675840.86,201230.17
Seychelles,SYC,Sub-Saharan Africa,High income,2010,73.19756098,,439.9999976,4.82908678,3.548259974,,,,2721.9,4217.62,20116.53
Chad,TCD,Sub-Saharan Africa,Low income,2010,50.89,31.4,1240.00001,4.06023169,1.981940031,0.963999987,2,8.895495427,506975.65,8262666.88,1910734.73
Togo,TGO,Sub-Saharan Africa,Low income,2010,57.468,20.8,2630.000114,4.45492935,4.096350193,2.431999922,2.5,7.361118863,231107.15,2765905.69,972039.15
Thailand,THA,East Asia & Pacific,Upper middle income,2010,74.184,9.9,234380.0049,3.39009833,3.508440018,0.620000005,,22.57295996,2813080.54,2668490.55,13064717.55
Tajikistan,TJK,Europe & Central Asia,Lower middle income,2010,68.736,,2450.000048,5.73543406,4.006750107,10.89000034,2,,239458,844738.67,1364156.97
Turkmenistan,TKM,Europe & Central Asia,Upper middle income,2010,66.657,4.3,59180.00031,4.9963603,,4,,,145003.06,395568.69,981065.16
Tonga,TON,East Asia & Pacific,Upper middle income,2010,70.059,,119.9999973,4.98202562,,1.736999989,3.5,36.41198999,2270.86,6268.7,19679.83
Trinidad and Tobago,TTO,Latin America & Caribbean,High income,2010,71.946,8.2,21459.99908,5.08042908,,4.03000021,,,65071.39,51936.07,314737.07
Tunisia,TUN,Middle East & North Africa,Lower middle income,2010,75.041,3.4,27520.00046,5.88395596,5.963039875,13.05000019,,67.13144299,311965,337080.14,2013924.8
Tuvalu,TUV,East Asia & Pacific,Upper middle income,2010,,,9.999999776,16.88332939,,,,6.150751889,452.37,696.32,2983.17
Tanzania,TZA,Sub-Saharan Africa,Lower middle income,2010,58.584,25.6,6909.999847,5.22392178,4.541699886,2.986000061,2.5,16.93562275,1325388.44,18104420.09,7111755.48
Uganda,UGA,Sub-Saharan Africa,Low income,2010,57.099,,3329.999924,6.80890226,1.727399945,3.585999966,2.5,,992139.97,15361819.23,4301843.86
Ukraine,UKR,Europe & Central Asia,Lower middle income,2010,70.26536585,2.5,268920.0134,6.8122654,7.397079945,8.100000381,,51.38794236,2362736.62,1445437.06,17050942.9
Uruguay,URY,Latin America & Caribbean,High income,2010,76.75,2.5,6280.00021,7.91117096,,7.159999847,,,132756.49,83475.85,814647.57
United States,USA,North America,High income,2010,78.54146341,2.5,5392109.863,16.25922203,,9.630000114,,98.13517396,9180413.52,4853056.73,81408526.69
Uzbekistan,UZB,Europe & Central Asia,Lower middle income,2010,69.672,5.4,126239.9979,5.22166872,,5.400000095,1.5,,1016841.98,2478444.37,5986582.34
Vietnam,VNM,East Asia & Pacific,Lower middle income,2010,74.837,10.9,151410.0037,4.69927359,5.137219906,1.110000014,3,,3146870.04,4397798.89,16008602.35
Vanuatu,VUT,East Asia & Pacific,Lower middle income,2010,69.123,6.3,129.9999952,3.52656102,,1.850000024,3,,10985.24,28250.08,54428.35
Samoa,WSM,East Asia & Pacific,Lower middle income,2010,71.663,4.2,189.9999976,5.29189062,5.849999905,5.728000164,4,48.20075591,6176.83,8627.32,38898.3
South Africa,ZAF,Sub-Saharan Africa,Upper middle income,2010,57.669,3.7,425309.9976,8.66596985,5.134970188,24.68000031,,,3481498.84,20398176.2,9737605.2
Zambia,ZMB,Sub-Saharan Africa,Low income,2010,55.655,,2660.000086,3.71929598,3.700000048,13.18999958,2.5,,454697.47,6343330.62,2091138.62
Zimbabwe,ZWE,Sub-Saharan Africa,Lower middle income,2010,50.64,,9600.000381,10.47583866,1.544059992,5.209000111,1.5,28.64037306,522321.99,6911187.16,2026311.5
Afghanistan,AFG,South Asia,Low income,2011,61.553,20.2,8930.000305,8.56190681,3.462009907,11.0539999,2,,2540038.63,7181018.86,6539124.12
Angola,AGO,Sub-Saharan Africa,Lower middle income,2011,56.33,16.4,23870.00084,2.64560795,3.029999971,7.360000134,2.5,,1263108.34,9114917.42,3506251.22
Albania,ALB,Europe & Central Asia,Upper middle income,2011,76.914,5.4,4849.999905,4.79534149,3.079999924,13.47999954,,44.73359433,80572.2,66856.83,571613.21
Andorra,AND,Europe & Central Asia,High income,2011,,,490.0000095,6.08633614,2.98706007,,,93.63490505,1927.65,790.79,16498.56
United Arab Emirates,ARE,Middle East & North Africa,High income,2011,76.521,8.8,165600.0061,3.67007303,,2.302000046,,83.73527727,372530.97,115961.29,1150518.74
Argentina,ARG,Latin America & Caribbean,Upper middle income,2011,75.439,2.9,176639.9994,9.41821575,5.290629864,7.179999828,,50.18866086,1420669.31,1490301.03,8739679.99
Armenia,ARM,Europe & Central Asia,Upper middle income,2011,73.572,3.4,4940.000057,9.37587833,3.143850088,18.44000053,3,55.40847555,88337.73,88024.47,793471.02
American Samoa,ASM,East Asia & Pacific,Upper middle income,2011,,,,,,,,,1496.97,2048.51,11928.15
Antigua and Barbuda,ATG,Latin America & Caribbean,High income,2011,75.956,,540.0000215,5.44257212,,,,,2158.79,2559.51,17051.53
Australia,AUS,East Asia & Pacific,High income,2011,81.89512195,2.5,386380.0049,8.54153824,5.069950104,5.079999924,,65.55728167,663308.41,208749.35,4626553.29
Austria,AUT,Europe & Central Asia,High income,2011,80.98292683,2.5,68269.99664,10.02613258,5.592269897,4.559999943,,99.64096875,224081.37,73137.18,2140932.71
Azerbaijan,AZE,Europe & Central Asia,Upper middle income,2011,71.234,2.5,27280.00069,2.44641805,2.435640097,5.420000076,,24.69717328,241187.41,684477.49,2188172.16
Burundi,BDI,Sub-Saharan Africa,Low income,2011,57.925,,360.0000143,10.06997776,6.319250107,1.601999998,2,,487312.18,4059643.21,1380500.76
Belgium,BEL,Europe & Central Asia,High income,2011,80.58536585,2.5,96480.00336,10.39208412,6.431990147,7.139999866,,80.89307217,395231.44,165055.78,2759657.34
Benin,BEN,Sub-Saharan Africa,Lower middle income,2011,59.59,7.9,4650.000095,3.09628272,4.397880077,2.650000095,3.5,,366036.74,4426822.58,1584822.13
Burkina Faso,BFA,Sub-Saharan Africa,Low income,2011,57.761,12.6,2460.000038,4.6486845,3.985150099,3.785000086,3.5,,684298.08,9934204.66,3090218.4
Bangladesh,BGD,South Asia,Lower middle income,2011,70.256,15.8,54419.99817,2.76118398,2.132699966,3.770999908,2.5,29.48124444,3763712.05,17357602.04,24215321.21
Bulgaria,BGR,Europe & Central Asia,Upper middle income,2011,74.16341463,4,49639.99939,7.13881254,3.546979904,11.26000023,,54.93685786,284499.2,136293.57,2944689.74
Bahrain,BHR,Middle East & North Africa,High income,2011,76.2,,26020.00046,3.57691312,3.029999971,1.180999994,,81.5250393,29145.54,18801.02,182058.11
Bosnia and Herzegovina,BIH,Europe & Central Asia,Upper middle income,2011,76.219,2.5,23739.99977,9.17856026,,27.57999992,3,27.07620718,118027.79,52977.04,996554.11
Belarus,BLR,Europe & Central Asia,Upper middle income,2011,70.55365854,2.5,58549.99924,4.87438536,4.684790134,6.165999889,,79.07971425,687636,198734.37,3508893.94
Belize,BLZ,Latin America & Caribbean,Upper middle income,2011,72.57,6.4,670.0000167,5.72256994,,8.284000397,,,16441.63,19235.79,51127.1
Bermuda,BMU,North America,High income,2011,81.15268293,,,,,,,,1229,1212.6,14429.85
Bolivia,BOL,Latin America & Caribbean,Lower middle income,2011,68.521,17.3,16610.00061,5.17306805,7.070000172,2.25,3.5,40.05816061,394903.49,1217027.11,1919423.49
Brazil,BRA,Latin America & Caribbean,Upper middle income,2011,73.921,3.2,418309.9976,7.78819466,5.737410069,6.920000076,,40.26155659,9965592.64,11022674.56,42029886.81
Barbados,BRB,Latin America & Caribbean,High income,2011,78.456,4.2,1759.99999,6.89933872,,11.18999958,,,6901.09,9751.29,70121.88
Bhutan,BTN,South Asia,Lower middle income,2011,68.84,,589.9999738,3.34921789,4.765230179,3.230000019,4.5,64.29753151,21520.01,87773.12,121917.53
Botswana,BWA,Sub-Saharan Africa,Upper middle income,2011,61.91,21,3880.000114,5.77690315,,18.41699982,,,118430.11,707092.13,360530.3
Central African Republic,CAF,Sub-Saharan Africa,Low income,2011,47.95,29.6,189.9999976,3.87377,1.107920051,5.614999771,2.5,16.78457431,378078.61,3600491.46,926514.7
Canada,CAN,North America,High income,2011,81.44878049,2.5,549289.978,10.40052414,5.262050152,7.510000229,,81.24600912,848603.78,410613.02,7428503.05
Switzerland,CHE,Europe & Central Asia,High income,2011,82.69512195,2.5,41189.99863,10.0191288,4.815269947,4.400000095,,99.62057864,216254.59,78602.34,1817156.91
Chile,CHL,Latin America & Caribbean,High income,2011,78.986,3.3,76470.00122,6.7717886,4.045189857,7.340000153,,64.50452638,512645.84,302734.23,3251142.12
China,CHN,East Asia & Pacific,Upper middle income,2011,74.708,2.5,9282549.805,4.34274435,3.52196002,4.550000191,,38.5387437,40355424,26127233.19,295761448.8
Cote d'Ivoire,CIV,Sub-Saharan Africa,Lower middle income,2011,53.62,10.9,6119.999886,4.39704227,2.865760088,7.125,2.5,,849300.73,11079198.68,3249636.43
Cameroon,CMR,Sub-Saharan Africa,Lower middle income,2011,55.581,5.6,6809.999943,4.01686049,2.653369904,3.964999914,2.5,,838416.29,10501727.96,3554344.44
Colombia,COL,Latin America & Caribbean,Upper middle income,2011,75.655,12.3,69099.99847,6.78076839,4.466080189,10.10999966,,16.94703883,2247301.64,1610981.22,7059412.34
Comoros,COM,Sub-Saharan Africa,Lower middle income,2011,62.24,,150.000006,5.3021183,2.830450058,7.045000076,2.5,,24436.46,165565.24,100954.77
Costa Rica,CRI,Latin America & Caribbean,Upper middle income,2011,78.919,5,7429.999828,8.1219759,6.379889965,10.14000034,,34.47217035,127156.28,91471.86,712788.12
Cuba,CUB,Latin America & Caribbean,Upper middle income,2011,78.4,2.5,27590.00015,11.31298637,,3.180000067,,37.79736744,312074.59,238864.68,2542574.3
Cyprus,CYP,Europe & Central Asia,High income,2011,79.621,2.5,7630.000114,6.44928503,6.538539886,7.860000134,,76.58348614,26316.51,10607.68,232357.14
Germany,DEU,Europe & Central Asia,High income,2011,80.43658537,2.5,746479.9805,10.77818966,4.82487011,5.820000172,,96.56662709,1851767.58,933546.12,22934622.59
Djibouti,DJI,Middle East & North Africa,Lower middle income,2011,60.667,21.3,479.9999893,3.3765645,,26.88800049,2.5,30.58511912,32576.87,303424.46,143462.19
Dominica,DMA,Latin America & Caribbean,Upper middle income,2011,,5.2,180.0000072,5.33450365,,,4,,2405.09,3155.81,18369.6
Denmark,DNK,Europe & Central Asia,High income,2011,79.8,2.5,43099.99847,10.15291023,8.48486042,7.769999981,,88.61322378,116817.14,72677.14,1442636.22
Dominican Republic,DOM,Latin America & Caribbean,Upper middle income,2011,72.284,11.1,20909.99985,5.66509867,,6.090000153,,,415154.62,821367.3,1730642.5
Algeria,DZA,Middle East & North Africa,Lower middle income,2011,75.199,3.8,120790.0009,5.26748085,,9.960000038,,19.67709013,1242386.26,1848694.18,6345217.75
Ecuador,ECU,Latin America & Caribbean,Upper middle income,2011,75.289,8.4,37099.99847,6.47737551,4.726890087,3.460000038,,41.17477529,767785.44,770988.02,2544333.76
Eritrea,ERI,Sub-Saharan Africa,Low income,2011,62.732,,569.9999928,5.21969032,,5.520999908,2,,265422.96,1819263.84,843185.02
Spain,ESP,Europe & Central Asia,High income,2011,82.47560976,2.5,274399.9939,9.16859245,4.896920204,21.38999939,,94.71583292,939226.53,532269.64,10864926.7
Estonia,EST,Europe & Central Asia,High income,2011,76.22926829,2.5,18170.00008,5.7667613,5.014490128,12.32999992,,92.71435562,54035.18,20445.82,401057.25
Ethiopia,ETH,Sub-Saharan Africa,Low income,2011,62.505,20.9,7539.999962,4.46897888,5.485760212,2.312000036,3,4.775775962,2868780.28,30193812.97,11354780.29
Finland,FIN,Europe & Central Asia,High income,2011,80.47073171,2.5,55119.99893,9.22303009,6.445049763,7.78000021,,82.81539387,197412.09,39712.07,1389221.96
Fiji,FJI,East Asia & Pacific,Upper middle income,2011,66.759,6.6,1110.000014,3.14293504,4.17305994,4.409999847,,,25123.61,54900.2,230895.92
France,FRA,Europe & Central Asia,High income,2011,82.11463415,2.5,335140.0146,11.18497658,,8.81000042,,78.88084305,1973238.44,756829.57,14590199.3
Gabon,GAB,Sub-Saharan Africa,Upper middle income,2011,62.168,13.1,5780.00021,2.55771661,2.987459898,20.42900085,,,57449.66,364178.42,267991.11
United Kingdom,GBR,Europe & Central Asia,High income,2011,80.95121951,2.5,445589.9963,9.84848499,5.559599876,8.039999962,,97.95247102,1203634.57,996706.76,16078595.31
Georgia,GEO,Europe & Central Asia,Upper middle income,2011,71.773,8.2,6519.999981,8.0144434,2.576139927,19.62999916,3.5,40.13608668,146777.11,126577.49,1323257.05
Ghana,GHA,Sub-Saharan Africa,Lower middle income,2011,61.381,6.1,11750,4.71008253,8.14097023,5.596000195,4,9.112390354,756012.61,8061889.11,4131445.02
Guinea,GIN,Sub-Saharan Africa,Low income,2011,57.387,,2619.999886,3.78955078,2.287420034,4.793000221,2,,432988.4,5390312.17,1912809.5
Guinea-Bissau,GNB,Sub-Saharan Africa,Low income,2011,55.144,,239.9999946,6.21634817,1.857859969,5.981999874,2.5,7.757049724,83039.5,687873.74,295668.06
Equatorial Guinea,GNQ,Sub-Saharan Africa,Upper middle income,2011,55.945,,9989.999771,1.55349779,,8.727999687,,,29339.4,336207.63,132251.67
Greece,GRC,Europe & Central Asia,High income,2011,80.73170732,2.5,84550.00305,9.19330311,,17.86000061,,84.54404272,250675.07,115468.96,2965569.3
Grenada,GRD,Latin America & Caribbean,Upper middle income,2011,72.768,,310.0000024,5.80423355,,,4,,3170.24,4081.11,23831.84
Greenland,GRL,Europe & Central Asia,High income,2011,69.85414634,,,,,,,87.99264118,4080.31,1378.8,15000.33
Guatemala,GTM,Latin America & Caribbean,Upper middle income,2011,71.861,16.3,11739.99977,5.96316576,2.968650103,3.085000038,,,869790.46,1356113.32,2452579.78
Guam,GUM,East Asia & Pacific,High income,2011,78.173,,,,,13.30000019,,,4300.07,5937.7,32203.78
Guyana,GUY,Latin America & Caribbean,Upper middle income,2011,68.321,8.6,1830.000043,4.17213488,2.506690025,12.05700016,2.5,,49185.93,73723.47,181919.06
Honduras,HND,Latin America & Caribbean,Lower middle income,2011,73.569,13.4,8810.00042,8.79187012,6.099999905,4.46999979,3,46.15566379,385112.29,491783.46,1396227.52
Croatia,HRV,Europe & Central Asia,High income,2011,76.77560976,2.5,19030.00069,7.76850891,4.096549988,13.68000031,,78.51590818,166065.31,48526.9,1299407.29
Haiti,HTI,Latin America & Caribbean,Lower middle income,2011,60.879,44,2700.000048,5.91197777,,14.52799988,2.5,,747871.06,3084207.79,2445175.78
Hungary,HUN,Europe & Central Asia,High income,2011,74.85853659,2.5,46909.99985,7.49094248,4.561329842,11.02999973,,76.96630383,373885.63,122404.11,3340722.27
Indonesia,IDN,East Asia & Pacific,Lower middle income,2011,69.542,10.7,475309.9976,2.98942471,3.189440012,5.150000095,,,5570396.56,21879142.03,49484282.53
India,IND,South Asia,Lower middle income,2011,67.13,15.4,1756739.99,3.24634194,3.79618001,5.426000118,3.5,27.42892062,55636759.3,204096428.2,233318867.6
Ireland,IRL,Europe & Central Asia,High income,2011,80.74634146,2.5,36680.00031,10.676898,5.829040051,15.35000038,,71.8998541,98202.53,48647.74,961485.39
Iraq,IRQ,Middle East & North Africa,Upper middle income,2011,68.848,15.9,113040.0009,2.79131818,,8.121999741,,38.6246988,2290396.82,2157170.33,5584646.49
Iceland,ISL,Europe & Central Asia,High income,2011,82.35853659,2.5,1889.999986,8.20293236,6.789979935,7.03000021,,64.83842538,6289.11,3177.02,60951.92
Israel,ISR,Middle East & North Africa,High income,2011,81.65609756,2.5,69819.99969,6.99058676,5.549369812,7.139999866,,88.1539945,147900.98,98116.46,1353692.53
Italy,ITA,Europe & Central Asia,High income,2011,82.18780488,2.5,396690.0024,8.77413177,4.115680218,8.359999657,,95.70273971,1151902.59,581645.05,15798223.5
Jamaica,JAM,Latin America & Caribbean,Upper middle income,2011,74.012,9.9,7530.00021,5.23800802,6.266640186,12.69999981,,,73257.79,115723.27,532734.9
Jordan,JOR,Middle East & North Africa,Upper middle income,2011,73.581,6.1,20760.00023,8.14807701,3.400000095,12.89999962,,79.77651924,144564.32,262499.37,1002280.94
Japan,JPN,East Asia & Pacific,High income,2011,82.59121951,2.5,1213520.02,10.48780155,3.605279922,4.550000191,,77.77969418,3858529.87,2033074.43,30473949.56
Kazakhstan,KAZ,Europe & Central Asia,Upper middle income,2011,68.69,2.6,245449.9969,2.60236716,3.493520021,5.389999866,,,1051817.35,756544.34,4525787.33
Kenya,KEN,Sub-Saharan Africa,Lower middle income,2011,61.851,20.6,13029.99973,5.81170082,4.700129986,2.836999893,3,,1114789.94,12528123.46,5394770.69
Cambodia,KHM,East Asia & Pacific,Lower middle income,2011,67.043,9.7,5360.000134,7.50353193,1.510689974,0.579999983,2,,533101.56,2180968.84,2739470.54
Kiribati,KIR,East Asia & Pacific,Lower middle income,2011,66.072,3.5,50.00000075,8.58405113,12.97000027,,3.5,23.19251245,4653.82,18153.49,32622.41
Kuwait,KWT,Middle East & North Africa,High income,2011,74.55,2.5,83290.00092,2.33303523,3.420000076,2.038000107,,100,61220.57,57053.23,405847.34
Lebanon,LBN,Middle East & North Africa,Lower middle income,2011,78.507,4.2,21180.00031,8.17742538,1.652519941,7.386000156,,13.22303866,97121.92,134459.48,960836.51
Liberia,LBR,Sub-Saharan Africa,Low income,2011,60.146,35.7,850.0000238,9.4238615,,2.217999935,3,,112472.09,1567236.35,590450.29
Libya,LBY,Middle East & North Africa,Upper middle income,2011,71.956,,41950.00076,6.05012751,,19.38699913,,22.63602522,659171.57,154299.43,1007244.64
Sri Lanka,LKA,South Asia,Lower middle income,2011,75.614,8.9,15420.00008,3.71693492,1.808609962,4.119999886,3,,737535.61,682394.02,4003453.42
Lesotho,LSO,Sub-Saharan Africa,Lower middle income,2011,46.207,12,569.9999928,9.56151676,8.165100098,26.24399948,3.5,30.57155201,166606.46,1215897.94,423405.45
Lithuania,LTU,Europe & Central Asia,High income,2011,73.56341463,2.5,11850.00038,6.4878149,5.113430023,15.39000034,,85.51934704,193389.14,55391.55,1013686.4
Luxembourg,LUX,Europe & Central Asia,High income,2011,80.98780488,2.5,10899.99962,6.11205053,,4.900000095,,93.05898132,12270.12,5396.7,114455.55
Latvia,LVA,Europe & Central Asia,High income,2011,73.57560976,2.5,7900.000095,5.54237556,5.071619987,16.20999908,,63.78957804,104860.64,40755.31,718489.75
Morocco,MAR,Middle East & North Africa,Lower middle income,2011,74.696,4.6,55939.99863,5.7329936,,8.909999847,,36.45766568,1291123.13,2269661.31,6598830.91
Monaco,MCO,Europe & Central Asia,High income,2011,,,,2.17874694,1.589890003,,,100,954.14,525.92,11943.22
Moldova,MDA,Europe & Central Asia,Upper middle income,2011,70.119,,8340.000153,9.09670353,7.136380196,6.679999828,3.5,,185370.38,128783.84,1195110.48
Madagascar,MDG,Sub-Saharan Africa,Low income,2011,63.836,27.3,2190.000057,4.43843079,2.381680012,2.444000006,2.5,7.388017703,539357.48,7002948.1,3370290.96
Maldives,MDV,South Asia,Upper middle income,2011,76.293,,1009.99999,7.92251587,3.080729961,10.47200012,3,,6414.63,17015.26,48757.89
Mexico,MEX,Latin America & Caribbean,Upper middle income,2011,75.011,4.7,478399.9939,5.51883602,5.105649948,5.170000076,,36.3676703,4477229.47,4323209.8,20646095.42
Marshall Islands,MHL,East Asia & Pacific,Upper middle income,2011,,,140.0000006,14.93981457,19.70999908,,3.5,,2678.98,4791.12,13152.16
North Macedonia,MKD,Europe & Central Asia,Upper middle income,2011,75.1,3.6,9520.000458,6.51887369,,31.37999916,,12.67861077,57338.09,34984.46,610370.43
Mali,MLI,Sub-Saharan Africa,Low income,2011,55.701,4.2,3119.999886,4.01483822,3.754230022,6.900000095,3.5,13.56074692,631356.62,10277501.22,2666047.9
Malta,MLT,Middle East & North Africa,High income,2011,80.74634146,2.5,2569.999933,8.4481411,7.696129799,6.380000114,,91.86797469,8854.52,5508.92,100342.54
Myanmar,MMR,East Asia & Pacific,Lower middle income,2011,63.983,7.8,8689.99958,1.92666924,0.850319982,0.76700002,,61.01879819,2072410.32,8231646.17,11893863.57
Montenegro,MNE,Europe & Central Asia,Upper middle income,2011,75.98292683,2.5,2539.999962,7.96692228,,19.67000008,,35.27822121,21679.88,8950.81,176381.73
Mongolia,MNG,East Asia & Pacific,Lower middle income,2011,67.818,14.1,15729.99954,3.58612156,4.60902977,4.769999981,3.5,42.88071215,174316.8,225564.87,707671.86
Northern Mariana Islands,MNP,East Asia & Pacific,High income,2011,,,,,,,,,1774.73,1406.28,12007.56
Mozambique,MOZ,Sub-Saharan Africa,Low income,2011,53.043,21.8,3349.999905,5.00311899,6.260409832,3.255000114,3,,887184.64,14069832.25,3715014.37
Mauritania,MRT,Sub-Saharan Africa,Lower middle income,2011,62.799,8.3,2460.000038,2.47383666,2.331020117,9.857000351,2.5,,105277.55,773874.33,453848.47
Mauritius,MUS,Sub-Saharan Africa,Upper middle income,2011,73.26682927,4.5,3640.000105,4.3078289,3.332070112,7.449999809,,,31829.07,38303.73,316519.8
Malawi,MWI,Sub-Saharan Africa,Low income,2011,57.161,13.7,930.0000072,7.49375153,4.152619839,5.920000076,3,21.93948986,408466.55,6554340.48,2183126.5
Malaysia,MYS,East Asia & Pacific,Upper middle income,2011,74.683,3.3,202740.0055,3.31451941,5.76293993,3.049999952,,69.94101839,741774.17,1140127.71,4600436.42
Namibia,NAM,Sub-Saharan Africa,Upper middle income,2011,58.085,25.5,3329.999924,9.83193302,,19.45599937,,,103302.22,609716.27,327053.85
Niger,NER,Sub-Saharan Africa,Low income,2011,58.081,,1409.999967,4.87324095,3.077620029,0.319999993,3,12.37990497,606037.05,11255019.58,2455241.41
Nigeria,NGA,Sub-Saharan Africa,Lower middle income,2011,51.346,8.8,95000,3.32077932,,3.769999981,3,25.55433685,4874719.86,94488547.54,26925253.83
Nicaragua,NIC,Latin America & Caribbean,Lower middle income,2011,72.692,19.2,4769.999981,7.44982004,,6.495999813,2.5,,167642.36,255106.61,897868.16
Netherlands,NLD,Europe & Central Asia,High income,2011,81.20487805,2.5,158770.0043,10.23353291,5.463039875,4.980000019,,97.469611,314695.44,200710.84,3879731.91
Norway,NOR,Europe & Central Asia,High income,2011,81.29512195,2.5,39599.99847,8.78868103,6.454520226,3.210000038,,62.27569439,128326.17,58358.76,1127269.46
Nepal,NPL,South Asia,Lower middle income,2011,68.028,8.6,5199.999809,4.44234991,3.842619896,2.029999971,3,28.78532019,846442.97,3941513.66,4788783.14
Nauru,NRU,East Asia & Pacific,High income,2011,,,39.99999911,9.81177711,,,,,707.03,1181.39,2653.62
New Zealand,NZL,East Asia & Pacific,High income,2011,80.90487805,2.5,30290.00092,9.51987362,6.939690113,6.489999771,,80.53025844,159677.51,47376.17,905167.92
Oman,OMN,Middle East & North Africa,High income,2011,75.916,6.8,53619.99893,2.54776597,,3.86500001,,,169658.34,92379.33,453876.4
Pakistan,PAK,South Asia,Lower middle income,2011,65.562,15.1,141699.9969,2.34442639,2.221750021,0.800000012,2.5,,5580436.7,53776234,34185086.94
Panama,PAN,Latin America & Caribbean,High income,2011,76.989,9.1,9989.999771,6.59314489,3.159009933,2.378999949,,,127644.06,157962.31,567250.29
Peru,PER,Latin America & Caribbean,Upper middle income,2011,74.697,7.7,48430.00031,4.53341627,2.663500071,3.480000019,,31.71782788,893717.01,1790026.35,4461754.31
Philippines,PHL,East Asia & Pacific,Lower middle income,2011,69.984,12.4,82629.99725,4.02518606,,3.589999914,,50.24239538,2895861.63,9449463.15,17660943.45
Palau,PLW,East Asia & Pacific,Upper middle income,2011,,,209.9999934,10.81779194,7.53000021,,,,1048.9,1117.05,5513.58
Papua New Guinea,PNG,East Asia & Pacific,Lower middle income,2011,62.316,25,5159.999847,2.29397798,,2.619999886,3,,356849.14,1853758.91,1589151.98
Poland,POL,Europe & Central Asia,High income,2011,76.69512195,2.5,310589.9963,6.2400856,4.824969769,9.630000114,,86.37192487,1558840.13,557907.22,10371410.11
Puerto Rico,PRI,Latin America & Caribbean,High income,2011,78.64065854,,,,,15.69999981,,32.51412767,137151.82,97228.96,877867.62
Portugal,PRT,Europe & Central Asia,High income,2011,80.47073171,2.5,49869.99893,9.73071671,5.123330116,12.68000031,,68.94796515,241678.63,200179.39,2860300.17
Paraguay,PRY,Latin America & Caribbean,Upper middle income,2011,72.86,7.2,5219.99979,5.82928896,,4.670000076,,53.50459838,209504.19,305293.33,1007985.99
Qatar,QAT,Middle East & North Africa,High income,2011,79.26,,68190.00244,1.59996212,4.012239933,0.560000002,,79.8,72932.38,25612.92,220818.11
Romania,ROU,Europe & Central Asia,High income,2011,74.4097561,2.5,84059.99756,4.70199966,3.061369896,7.179999828,,64.31002278,767919.54,458820.19,6353018.64
Rwanda,RWA,Sub-Saharan Africa,Low income,2011,64.523,34.3,680.0000072,7.90435696,4.385980129,1.098999977,3.5,,432341.51,2717789.79,1510703.76
Saudi Arabia,SAU,Middle East & North Africa,High income,2011,74.089,5.4,463769.989,3.71177721,,5.769999981,,48.18768586,1737728.15,704145.48,4303808.3
Sudan,SDN,Sub-Saharan Africa,Low income,2011,63.171,15.5,15920.00008,5.61579561,,17.44000053,1.5,,1626500.66,6504760.09,6408379.06
Senegal,SEN,Sub-Saharan Africa,Lower middle income,2011,64.898,11.5,7570.000172,4.21416569,4.903029919,10.35999966,3.5,18.32118637,303726.52,3621193.52,1878086.5
Singapore,SGP,East Asia & Pacific,High income,2011,81.74390244,,44770.00046,3.15792179,3.030770063,3.890000105,,100,86545.47,73235.74,732877.83
Solomon Islands,SLB,East Asia & Pacific,Lower middle income,2011,70.985,14.7,349.999994,6.01607323,8.125189781,1.297000051,3,,35854.57,101426.83,154455.51
Sierra Leone,SLE,Sub-Saharan Africa,Low income,2011,50.234,24.4,740.0000095,13.28134346,2.668900013,4.294000149,3,11.65258804,269043.49,3819282.92,1202219.09
El Salvador,SLV,Latin America & Caribbean,Lower middle income,2011,71.449,10.7,6780.00021,8.14439964,3.89854002,4.300000191,,,362842.74,255827.64,1073670.73
San Marino,SMR,Europe & Central Asia,High income,2011,,,,7.3972249,2.702960014,,,70.3715,675.69,344.7,7211.83
Somalia,SOM,Sub-Saharan Africa,Low income,2011,54.342,68.7,629.9999952,,,18.97900009,,23.78602649,936363.43,9699173.78,2394501.11
Serbia,SRB,Europe & Central Asia,Upper middle income,2011,74.53658537,2.6,51229.99954,9.10749245,4.238359928,22.96999931,,19.38878773,292953.57,136233.92,2951693.11
South Sudan,SSD,Sub-Saharan Africa,Low income,2011,55.325,,1279.999971,,0.962890029,12.19999981,,,445679.95,4903017.03,1315569.64
Sao Tome and Principe,STP,Sub-Saharan Africa,Lower middle income,2011,67.885,13.5,100.0000015,6.75577354,8.89109993,14.1079998,3.5,24.60197624,3659.3,23856.95,27821.03
Suriname,SUR,Latin America & Caribbean,Upper middle income,2011,70.676,7.4,1950.000048,4.72143984,,7.539999962,,28.20326493,23854.6,39243.92,113579.96
Slovenia,SVN,Europe & Central Asia,High income,2011,79.97073171,2.5,15699.99981,8.53639603,5.541259766,8.170000076,,50.16903148,90831.5,22613.32,496305.7
Sweden,SWE,Europe & Central Asia,High income,2011,81.80243902,2.5,44580.00183,10.41646767,6.366919994,7.800000191,,94.01674339,232986.64,97848.99,2280580.66
Eswatini,SWZ,Sub-Saharan Africa,Lower middle income,2011,48.141,19.3,660.0000262,8.46997261,6.864329815,25.81100082,,,71381.46,606333.78,199356.74
Seychelles,SYC,Sub-Saharan Africa,High income,2011,72.72439024,,409.9999964,4.80053091,3.606440067,,,,2802.83,4277.29,20374.78
Chad,TCD,Sub-Saharan Africa,Low income,2011,51.424,26,1100.000024,3.91046619,2.2579,1,2,8.966240509,508571.08,8347816.19,1960084.81
Togo,TGO,Sub-Saharan Africa,Low income,2011,58.092,19.4,2519.999981,4.55412006,4.309299946,1.980000019,2.5,7.550551024,233789.42,2681025.22,995472.41
Thailand,THA,East Asia & Pacific,Upper middle income,2011,74.593,9,233600.0061,3.56825471,4.805550098,0.660000026,,22.90759893,2788362.99,2625710.21,13235877.17
Tajikistan,TJK,Europe & Central Asia,Lower middle income,2011,69.055,,2559.999943,5.85971785,3.935110092,10.24100018,2.5,,230840.14,826442.4,1415154.12
Turkmenistan,TKM,Europe & Central Asia,Upper middle income,2011,66.928,4.3,65449.99695,4.89650869,,4.089000225,,,139354.25,384934.83,1008862.69
Tonga,TON,East Asia & Pacific,Upper middle income,2011,70.148,,109.9999994,4.00464964,,1.789000034,3.5,36.34107512,2249.58,6110.11,19765.3
Trinidad and Tobago,TTO,Latin America & Caribbean,High income,2011,72.17,7.2,22260.00023,4.72197914,4.296020031,3.430000067,,,59140.82,50196.49,314475.4
Tunisia,TUN,Middle East & North Africa,Lower middle income,2011,75.206,3.2,26340.00015,6.43202877,7.554369926,18.32999992,,68.55261662,329072.39,330419.67,2047029.96
Tuvalu,TUV,East Asia & Pacific,Upper middle income,2011,,,9.999999776,15.80998898,,,,6.408771122,452.02,685.39,3010.94
Tanzania,TZA,Sub-Saharan Africa,Lower middle income,2011,59.525,24.2,8189.99958,5.05598497,3.558290005,3.470000029,3,17.97844691,1361380.27,17588670.86,7262892.15
Uganda,UGA,Sub-Saharan Africa,Low income,2011,58.087,,3740.00001,6.69590998,2.298909903,3.513000011,2.5,,970478.21,14571706.19,4406339.42
Ukraine,UKR,Europe & Central Asia,Lower middle income,2011,70.80926829,2.5,283339.9963,6.81617689,5.937709808,7.849999905,,54.19714552,2239060.68,1394747.14,16558788.61
Uruguay,URY,Latin America & Caribbean,High income,2011,76.882,2.5,7610.000134,7.94895601,4.355269909,6.309999943,,,136370.79,83963.24,825602.5
United States,USA,North America,High income,2011,78.64146341,2.5,5173600.098,16.1985054,,8.949999809,,98.18494766,9275729.97,4845739.01,82659770.15
Uzbekistan,UZB,Europe & Central Asia,Lower middle income,2011,69.91,2.5,128630.0049,5.14376926,6.195859909,5,2,,1023657.31,2432981.62,6141571.02
Vietnam,VNM,East Asia & Pacific,Lower middle income,2011,74.904,9.8,155970.0012,4.6128521,4.813720226,1,3,,3157833.63,4303663.95,16367289.36
Vanuatu,VUT,East Asia & Pacific,Lower middle income,2011,69.272,6.9,129.9999952,3.59819388,,1.81099999,3,,11241.17,27590.95,56563.87
Samoa,WSM,East Asia & Pacific,Lower middle income,2011,71.906,4.1,200.000003,5.4401269,6.610000134,5.679999828,4,48.13180091,6202.06,8637.94,39343.92
South Africa,ZAF,Sub-Saharan Africa,Upper middle income,2011,58.895,3.8,409260.0098,8.74146175,5.288980007,24.63999939,,,3249388.73,18802995.44,9656368.15
Zambia,ZMB,Sub-Saharan Africa,Low income,2011,57.126,,3049.999952,3.46053243,3.799999952,10.55099964,2.5,,468173.45,6091832.77,2153563.55
Zimbabwe,ZWE,Sub-Saharan Africa,Lower middle income,2011,52.896,,11409.99985,8.08173752,,5.369999886,1.5,28.34660816,535671.86,6198229.83,2047951.44
Afghanistan,AFG,South Asia,Low income,2012,62.054,21.1,8079.999924,7.89717579,3.319999933,11.3409996,2,,2715550.23,7036448.02,6640268.93
Angola,AGO,Sub-Saharan Africa,Lower middle income,2012,57.236,15.1,23870.00084,2.39574957,3.081910849,7.347000122,2.5,,1245939.46,8866604.66,3590872.46
Albania,ALB,Europe & Central Asia,Upper middle income,2012,77.252,5.1,4360.000134,5.05526543,2.930000067,13.38000011,,45.15484031,80941.92,64252.13,578042.75
Andorra,AND,Europe & Central Asia,High income,2012,,,490.0000095,6.12628031,,,,100.0000035,1884.14,771.98,16233.52
United Arab Emirates,ARE,Middle East & North Africa,High income,2012,76.711,7.9,175589.9963,3.42520428,,2.184999943,,85.75870566,375908.59,117610.75,1205051.19
Argentina,ARG,Latin America & Caribbean,Upper middle income,2012,75.598,2.8,177960.0067,9.82728195,5.345829964,7.21999979,,50.40496589,1443818.05,1471872.18,8820699
Armenia,ARM,Europe & Central Asia,Upper middle income,2012,73.82,3.2,5719.99979,9.134552,2.772480011,17.29999924,3.5,56.92706363,87241.65,83418.32,784451.29
American Samoa,ASM,East Asia & Pacific,Upper middle income,2012,,,,,,,,,1488.16,1993.14,12089.46
Antigua and Barbuda,ATG,Latin America & Caribbean,High income,2012,76.087,,699.9999881,5.47921419,,,,,2179.43,2500.19,17329.92
Australia,AUS,East Asia & Pacific,High income,2012,82.04634146,2.5,386970.0012,8.67564774,4.867879868,5.21999979,,66.5241942,665745.89,206754.22,4660903.82
Austria,AUT,Europe & Central Asia,High income,2012,80.93658537,2.5,65110.00061,10.19915581,5.480400085,4.869999886,,99.6394239,222823.18,71933.91,2157893.31
Azerbaijan,AZE,Europe & Central Asia,Upper middle income,2012,71.506,2.5,30110.00061,2.96481562,2.067630053,5.190000057,,24.77528518,239277.56,662588.92,2216053.68
Burundi,BDI,Sub-Saharan Africa,Low income,2012,58.568,,370.0000048,8.52668476,6.167860031,1.590000033,2,,477647.14,3962425.4,1424818.01
Belgium,BEL,Europe & Central Asia,High income,2012,80.38536585,2.5,95269.99664,10.50650597,,7.539999962,,81.77391689,387926.91,166922.52,2783281.6
Benin,BEN,Sub-Saharan Africa,Lower middle income,2012,59.842,7.6,4440.000057,3.41449857,3.562020063,2.470999956,3.5,,379641.63,4431124.17,1640358.13
Burkina Faso,BFA,Sub-Saharan Africa,Low income,2012,58.374,12.2,2940.000057,4.60266972,3.603159904,3.913000107,3.5,,735556.78,9914060.44,3235972.27
Bangladesh,BGD,South Asia,Lower middle income,2012,70.606,15.3,57990.00168,2.74823475,2.175499916,4.118999958,2.5,30.533663,3592971.18,16307103.64,24339817.55
Bulgaria,BGR,Europe & Central Asia,Upper middle income,2012,74.31463415,3.7,45020.00046,7.57609081,3.476370096,12.27000046,,56.76194021,279352.94,130210.12,2894311.31
Bahrain,BHR,Middle East & North Africa,High income,2012,76.342,,27170.00008,4.10642147,2.645309925,1.200000048,,82.73877185,28933.98,19066.12,188078.35
Bosnia and Herzegovina,BIH,Europe & Central Asia,Upper middle income,2012,76.401,2.5,21959.99908,9.49001503,,28.01000023,3,29.36756438,115607.31,51192.19,988858.78
Belarus,BLR,Europe & Central Asia,Upper middle income,2012,71.96585366,2.5,59939.99863,5.245327,4.959640026,6.051000118,,78.42808759,589536.13,181143.47,3230403.5
Belize,BLZ,Latin America & Caribbean,Upper middle income,2012,73.044,6.8,670.0000167,5.46800852,,8.305999756,,,16515.11,18923.72,52399.97
Bermuda,BMU,North America,High income,2012,81.67780488,,,,,,,,1234.48,1190.87,14605.77
Bolivia,BOL,Latin America & Caribbean,Lower middle income,2012,69.01,16.7,17420.00008,5.2539444,7.900000095,2.069999933,3.5,41.43604754,388682.16,1199665.22,1960091.85
Brazil,BRA,Latin America & Caribbean,Upper middle income,2012,74.209,3,454230.011,7.73637724,5.855100155,7.190000057,,41.15432283,9996262.81,10710305.65,42430117.33
Barbados,BRB,Latin America & Caribbean,High income,2012,78.547,4.4,2119.999886,7.77819967,5.262740135,11.59000015,,,6757.48,9468.91,70950.09
Bhutan,BTN,South Asia,Lower middle income,2012,69.263,,639.9999857,3.61913657,,2.049999952,4.5,63.99818885,21146.84,85062.61,123402.57
Botswana,BWA,Sub-Saharan Africa,Upper middle income,2012,63.511,20.3,3410.000086,6.14145994,,18.95100021,,,118230.42,674783.69,368312.44
Central African Republic,CAF,Sub-Saharan Africa,Low income,2012,48.638,33,200.000003,3.94020414,1.980347276,5.546000004,2.5,16.41748307,368406.98,3538256.66,930466.58
Canada,CAN,North America,High income,2012,81.64878049,2.5,546210.022,10.50637913,,7.289999962,,81.636549,857974.4,413596.43,7543640.66
Switzerland,CHE,Europe & Central Asia,High income,2012,82.69756098,2.5,42520.00046,10.24875641,4.8583498,4.480000019,,99.62366575,215261.55,79646.41,1839644.57
Chile,CHL,Latin America & Caribbean,High income,2012,79.176,3.1,78410.00366,7.0209198,,6.659999847,,66.16412487,503015.03,300146.24,3296844.44
China,CHN,East Asia & Pacific,Upper middle income,2012,75.013,2.5,9541870.117,4.56584787,4.077429771,4.570000172,,41.85739972,38861111.88,25662831.22,297330095.4
Cote d'Ivoire,CIV,Sub-Saharan Africa,Lower middle income,2012,54.271,10,8039.999962,4.42740583,3.434469938,7.21999979,2.5,,748659.4,10592375.49,3339845.49
Cameroon,CMR,Sub-Saharan Africa,Lower middle income,2012,56.073,5.2,6880.000114,4.0731349,2.603060007,3.822000027,2.5,,847966.27,10257029.46,3654241.25
Colombia,COL,Latin America & Caribbean,Upper middle income,2012,75.882,10.7,69699.99695,6.74599648,4.370389938,9.739999771,,17.1028812,2176554.62,1570657.61,7161912.66
Comoros,COM,Sub-Saharan Africa,Lower middle income,2012,62.595,,159.9999964,5.17421341,2.747839928,7.410999775,2.5,,19781.55,160099.48,102471.25
Costa Rica,CRI,Latin America & Caribbean,Upper middle income,2012,79.074,5,7449.999809,7.78642225,6.582399845,9.779999733,,33.83103036,128123.97,92145.71,725058.26
Cuba,CUB,Latin America & Caribbean,Upper middle income,2012,78.446,2.5,28690.00053,9.29940987,,3.460000038,,37.64129587,322404.65,243429.23,2612485.71
Cyprus,CYP,Europe & Central Asia,High income,2012,79.812,2.5,7099.999905,6.55474567,,11.80000019,,76.63537909,25532.45,10669.63,235738.5
Germany,DEU,Europe & Central Asia,High income,2012,80.53902439,2.5,760130.0049,10.85323715,4.956580162,5.380000114,,96.64418546,1844242.6,931912.11,23010048.9
Djibouti,DJI,Middle East & North Africa,Lower middle income,2012,61.395,19.8,500,3.299927,,26.77799988,2.5,31.39471353,33108.65,297986.16,148481.11
Dominica,DMA,Latin America & Caribbean,Upper middle income,2012,,5.4,250,5.79509926,,,4,,2294.02,3168.64,18601.73
Denmark,DNK,Europe & Central Asia,High income,2012,80.05121951,2.5,38220.00122,10.24135303,7.237820148,7.800000191,,89.06891755,114101.92,72074.12,1436730.83
Dominican Republic,DOM,Latin America & Caribbean,Upper middle income,2012,72.523,9.8,21680.00031,5.88520575,2.49751997,6.71999979,,,437914.51,843512.14,1810507.27
Algeria,DZA,Middle East & North Africa,Lower middle income,2012,75.436,3.2,134929.9927,6.00050974,,10.97000027,,19.44541349,1230346.36,1822766.32,6466706.55
Ecuador,ECU,Latin America & Caribbean,Upper middle income,2012,75.495,8.8,37090.00015,6.7622118,4.643070221,3.230000019,,41.3104759,751515.27,747123.95,2618242.92
Eritrea,ERI,Sub-Saharan Africa,Low income,2012,63.238,,620.0000048,3.78068161,,5.53000021,2,,264527.12,1768767.88,858230.98
Spain,ESP,Europe & Central Asia,High income,2012,82.42682927,2.5,269269.989,9.15699196,4.469339848,24.79000092,,94.90613154,917083.33,523150.17,10912937.74
Estonia,EST,Europe & Central Asia,High income,2012,76.32682927,2.5,16889.99939,5.79034519,4.717720032,10.02000046,,92.73001559,52793.3,19851.54,399489.03
Ethiopia,ETH,Sub-Saharan Africa,Low income,2012,63.281,19.4,8479.999542,4.53959608,5.56678009,2.286999941,3,5.005476723,2822539.39,28896006.08,11433835.45
Finland,FIN,Europe & Central Asia,High income,2012,80.62682927,2.5,49409.99985,9.5857954,7.148039818,7.690000057,,83.07227101,191037.89,39019.09,1395633.34
Fiji,FJI,East Asia & Pacific,Upper middle income,2012,66.859,6.5,1029.999971,3.2655499,4.722650051,4.420000076,,,26436.51,54322,234364.94
France,FRA,Europe & Central Asia,High income,2012,81.96829268,2.5,338420.0134,11.29740047,,9.399999619,,78.84078069,1938548.1,760694.86,14667303.24
Gabon,GAB,Sub-Saharan Africa,Upper middle income,2012,62.924,12.8,5599.999905,2.42097521,3.013400078,20.48800087,,,55994.03,344629.96,269178.15
United Kingdom,GBR,Europe & Central Asia,High income,2012,80.90487805,2.5,467779.9988,9.91419888,,7.880000114,,97.97774099,1194374.99,989259.98,16183374.25
Georgia,GEO,Europe & Central Asia,Upper middle income,2012,72.097,7.8,7190.000057,8.04715919,1.906100035,19.64999962,3.5,39.41262002,149763.54,123804.5,1294070.7
Ghana,GHA,Sub-Saharan Africa,Lower middle income,2012,61.72,6.4,14609.99966,4.03214407,7.919139862,5.910999775,4,9.586205656,767848.3,7806557.59,4227053.48
Guinea,GIN,Sub-Saharan Africa,Low income,2012,57.905,,2480.000019,3.50398302,1.833709955,4.81799984,2,,435784,5384691.48,1937105.34
Guinea-Bissau,GNB,Sub-Saharan Africa,Low income,2012,55.645,,250,5.94403839,2.001060009,5.869999886,2,8.214834018,81631.67,675923.63,293668.01
Equatorial Guinea,GNQ,Sub-Saharan Africa,Upper middle income,2012,56.288,,9819.999695,1.26357603,,8.612999916,,,29299.66,339359,135774.74
Greece,GRC,Europe & Central Asia,High income,2012,80.63414634,2.5,80089.99634,8.92377281,,24.44000053,,85.3791089,244149.73,116868,2974577.96
Grenada,GRD,Latin America & Caribbean,Upper middle income,2012,72.669,,409.9999964,5.82235813,,,4,,3068.83,4028.51,23783.47
Greenland,GRL,Europe & Central Asia,High income,2012,70.55,,,,,,,88.61642673,3930.66,1356.62,15026.32
Guatemala,GTM,Latin America & Caribbean,Upper middle income,2012,72.236,16.8,12149.99962,6.07307673,3.005249977,2.75999999,,,842754.53,1318676.37,2520554.45
Guam,GUM,East Asia & Pacific,High income,2012,78.408,,,,,12.19999981,,,4343.44,5956.8,32966.25
Guyana,GUY,Latin America & Caribbean,Upper middle income,2012,68.575,8,2000,3.7081871,2.241319895,12.33500004,2.5,,49741.75,72925.31,185105.01
Honduras,HND,Latin America & Caribbean,Lower middle income,2012,73.814,13.4,9239.999771,8.65655136,,3.75,3,46.57726204,645658.46,470908.63,1452404.13
Croatia,HRV,Europe & Central Asia,High income,2012,76.92439024,2.5,17409.99985,7.78380489,,15.93000031,,78.10613114,164765.12,46630.16,1295921.42
Haiti,HTI,Latin America & Caribbean,Lower middle income,2012,61.26,44.7,2420.000076,5.56462383,,14.10000038,2.5,,768462.68,2576791.88,2505378.33
Hungary,HUN,Europe & Central Asia,High income,2012,75.06341463,2.5,43430.00031,7.43017483,4.141119957,11,,78.91964952,365265.67,122047.51,3308366.13
Indonesia,IDN,East Asia & Pacific,Lower middle income,2012,69.866,9.3,481510.0098,2.91427088,3.407480001,4.46999979,,,5497924.19,20938460.11,50358807.37
India,IND,South Asia,Lower middle income,2012,67.545,14.9,1909439.941,3.32935309,3.867500067,5.414000034,3.5,29.48719818,55112092.7,195404051.7,238189861.2
Ireland,IRL,Europe & Central Asia,High income,2012,80.84634146,2.5,37130.00107,10.65266323,5.752689838,15.44999981,,73.62523247,95395.11,48069.41,969229.42
Iraq,IRQ,Middle East & North Africa,Upper middle income,2012,69.148,16.6,129000,2.69039416,,7.960000038,,39.22949542,2417376.67,2052392.57,5736364.41
Iceland,ISL,Europe & Central Asia,High income,2012,82.91707317,2.5,1860.000014,8.18118858,7.582230091,6,,67.00581901,6308.69,3168.51,61482.98
Israel,ISR,Middle East & North Africa,High income,2012,81.70487805,2.5,76059.99756,7.11508703,5.672530174,6.860000134,,88.91001016,145453.06,99669.31,1371985.47
Italy,ITA,Europe & Central Asia,High income,2012,82.23902439,2.5,376750,8.78352833,4.056019783,10.64999962,,95.71214036,1144821.37,582257.58,15849779.37
Jamaica,JAM,Latin America & Caribbean,Upper middle income,2012,74.001,9.7,6960.000038,4.88511038,6.112460136,13.93000031,,,54766.46,115878.61,520099.44
Jordan,JOR,Middle East & North Africa,Upper middle income,2012,73.722,6.3,24120.00084,7.81799555,3.5,12.19999981,,80.23583486,152392.29,268844.84,1063737.72
Japan,JPN,East Asia & Pacific,High income,2012,83.09609756,2.5,1253609.985,10.67169189,3.64741993,4.360000134,,78.19580321,3441927.33,2028717.45,30590225.7
Kazakhstan,KAZ,Europe & Central Asia,Upper middle income,2012,69.52,2.5,244600.0061,3.03725958,3.901690006,5.289999962,,,1029917.3,723795.29,4497691.72
Kenya,KEN,Sub-Saharan Africa,Lower middle income,2012,62.659,19.8,12149.99962,5.61369753,4.931210041,2.83100009,3,,1138229.44,12147734.03,5519886.52
Cambodia,KHM,East Asia & Pacific,Lower middle income,2012,67.48,9.5,5670.000076,7.26115417,1.560899973,0.50999999,2,,520524.39,2070708.32,2793475.74
Kiribati,KIR,East Asia & Pacific,Lower middle income,2012,66.381,3.3,59.99999866,8.59842396,13.38438034,,3.5,23.6544549,4650.51,18040.54,33009.04
Kuwait,KWT,Middle East & North Africa,High income,2012,74.728,2.5,85309.99756,2.33311439,3.75,2.319999933,,100,64303.48,58836.97,427768.97
Lebanon,LBN,Middle East & North Africa,Lower middle income,2012,78.611,4.6,23469.99931,7.00111389,2.148089886,7.84800005,,13.64499118,106727.64,138241.62,1005150.52
Liberia,LBR,Sub-Saharan Africa,Low income,2012,60.663,36.2,949.9999881,8.7670517,1.777119994,2.170000076,3,,114754.03,1507176.84,608333.76
Libya,LBY,Middle East & North Africa,Upper middle income,2012,71.901,,57630.00107,,,19.03000069,,22.43640095,247739.28,148180.26,1027020.87
Sri Lanka,LKA,South Asia,Lower middle income,2012,75.796,8.1,16850.00038,3.40384722,1.496170044,3.880000114,3,,714278.59,652911.4,4051204.26
Lesotho,LSO,Sub-Saharan Africa,Lower middle income,2012,47.416,14.8,620.0000048,9.25281525,7.666059971,25.36899948,3.5,32.55780071,168314.52,1241929.83,432016.17
Lithuania,LTU,Europe & Central Asia,High income,2012,73.86341463,2.5,11930.00031,6.2759347,4.758029938,13.35999966,,86.84890821,186601.48,53153.65,1001779.67
Luxembourg,LUX,Europe & Central Asia,High income,2012,81.39268293,2.5,10689.99958,5.58377266,3.87816,5.139999866,,93.69938139,12450.03,5433.91,116055.94
Latvia,LVA,Europe & Central Asia,High income,2012,73.77804878,2.5,7570.000172,5.38090277,6.582709789,15.05000019,,65.7907638,100899.99,40377.1,706135.84
Morocco,MAR,Middle East & North Africa,Lower middle income,2012,74.97,4.4,58080.00183,5.74942255,,8.989999771,,36.78012361,1270502.59,2165064.7,6705797.57
Monaco,MCO,Europe & Central Asia,High income,2012,,,,2.23475242,1.780040026,,,100,958.8,528.56,12012.47
Moldova,MDA,Europe & Central Asia,Upper middle income,2012,70.581,,8140.000343,9.13962078,6.983389854,5.579999924,3.5,,182086.81,124282.47,1191533.53
Madagascar,MDG,Sub-Saharan Africa,Low income,2012,64.28,29.4,2740.00001,3.82249737,2.340670109,0.600000024,2.5,7.731595239,554903.03,6906885.91,3444239.82
Maldives,MDV,South Asia,Upper middle income,2012,76.664,,1139.999986,8.67304802,3.34085989,9.472000122,3,,6550.13,16882.16,50430.12
Mexico,MEX,Latin America & Caribbean,Upper middle income,2012,74.966,4.6,486450.0122,5.66522121,5.103099823,4.889999866,,38.56730401,4418153.67,4229085.36,21118932.18
Marshall Islands,MHL,East Asia & Pacific,Upper middle income,2012,,,140.0000006,14.78048515,15.59000015,,3.5,,2651.39,4629.69,13320.97
North Macedonia,MKD,Europe & Central Asia,Upper middle income,2012,74.90243902,3.7,9050.000191,6.61468363,,31.02000046,,12.63115036,57824.51,37192.14,618848.71
Mali,MLI,Sub-Saharan Africa,Low income,2012,56.135,3.9,3109.999895,3.7521615,3.479490042,6.650000095,3,14.26768035,670394.26,10357571.28,2733586.8
Malta,MLT,Middle East & North Africa,High income,2012,80.74634146,2.5,2720.000029,8.37802982,6.345459938,6.199999809,,91.86797469,8873.48,5540.22,101312.91
Myanmar,MMR,East Asia & Pacific,Lower middle income,2012,64.453,7.1,11960.00004,2.41021132,1.600000024,0.753000021,,61.00058701,1998823.19,7797628.22,11844089.31
Montenegro,MNE,Europe & Central Asia,Upper middle income,2012,76.2,2.5,2329.999924,8.29550457,,19.96999931,,36.66026671,21520.08,8651.08,175871.48
Mongolia,MNG,East Asia & Pacific,Lower middle income,2012,68.217,12.5,17139.99939,3.85493326,5.19520998,3.900000095,3.5,44.26673656,173876.54,221033.83,714912.91
Northern Mariana Islands,MNP,East Asia & Pacific,High income,2012,,,,,,,,,1685.68,1359.83,11929.32
Mozambique,MOZ,Sub-Saharan Africa,Low income,2012,53.931,21,3680.000067,5.24640608,5.672160149,3.298000097,3,,905584.98,14069305.36,3823496.66
Mauritania,MRT,Sub-Saharan Africa,Lower middle income,2012,63.079,7.9,2730.000019,2.64919353,2.158210039,9.859999657,2.5,,108836.96,743968.61,469608.4
Mauritius,MUS,Sub-Saharan Africa,Upper middle income,2012,73.86341463,4.9,3730.000019,4.27675056,3.418200016,7.46999979,,,30661.29,39428.52,319023.31
Malawi,MWI,Sub-Saharan Africa,Low income,2012,58.629,14,949.9999881,8.47898579,,5.952000141,3,22.19137194,410318.43,6071111,2217410.86
Malaysia,MYS,East Asia & Pacific,Upper middle income,2012,74.877,3.3,205809.9976,3.45786357,5.739029884,3.099999905,,70.84699981,743903.68,1181791.14,4694473.58
Namibia,NAM,Sub-Saharan Africa,Upper middle income,2012,59.387,23.5,3529.999971,9.26659298,,16.77000046,,,95206.65,571980.48,331121.25
Niger,NER,Sub-Saharan Africa,Low income,2012,58.79,,1889.999986,4.30732203,3.18682003,2.180000067,3,12.84800105,628478.34,11407312.96,2544286.92
Nigeria,NGA,Sub-Saharan Africa,Lower middle income,2012,51.786,9.1,95339.99634,3.35984278,,3.742000103,3,26.05075831,4994726.03,92772069.15,27609123.96
Nicaragua,NIC,Latin America & Caribbean,Lower middle income,2012,72.951,19,4690.000057,7.48836899,,5.210000038,2.5,,168189.83,250173.1,923510.54
Netherlands,NLD,Europe & Central Asia,High income,2012,81.10487805,2.5,157470.0012,10.53905964,5.410220146,5.820000172,,97.47306851,321784.83,197577.55,3925586.72
Norway,NOR,Europe & Central Asia,High income,2012,81.45121951,2.5,38490.00168,8.77787876,7.374700069,3.119999886,,62.61814245,121060.55,58589.07,1126723.59
Nepal,NPL,South Asia,Lower middle income,2012,68.426,7.7,6000,4.49078512,3.29008007,2.329999924,3,30.74644232,841036.28,3739562.67,4902448.82
Nauru,NRU,East Asia & Pacific,High income,2012,,,39.99999911,9.21772385,,,,,686.79,1114.32,2618
New Zealand,NZL,East Asia & Pacific,High income,2012,81.15609756,2.5,32110.00061,9.65163612,7.159930229,6.929999828,,81.09930065,151165.09,47331.23,914631.3
Oman,OMN,Middle East & North Africa,High income,2012,76.149,6.6,60549.99924,2.5522778,,3.678999901,,,181404.1,99324.53,497515.02
Pakistan,PAK,South Asia,Lower middle income,2012,65.849,14.7,143809.9976,2.35939932,2.13628006,1.847000003,2.5,,5802104.54,53233829.41,35019531.23
Panama,PAN,Latin America & Caribbean,High income,2012,77.188,8.4,10460.00004,6.56412029,,2.388999939,,,128115.28,162246.62,585275.16
Peru,PER,Latin America & Caribbean,Upper middle income,2012,74.981,6.7,48119.99893,4.74023867,2.92276001,3.24000001,,33.89185843,893898.59,1764321.12,4522742.99
Philippines,PHL,East Asia & Pacific,Lower middle income,2012,70.149,12.1,86180.00031,4.1770916,,3.5,,51.35972448,2977028.72,9204021.71,18184709.94
Palau,PLW,East Asia & Pacific,Upper middle income,2012,,,219.9999988,11.58289433,7.650000095,,,,1029.44,1091.9,5540.14
Papua New Guinea,PNG,East Asia & Pacific,Lower middle income,2012,62.604,24,4889.999866,2.66693544,,2.54399991,3,,388891.77,1856184.92,1636188.92
Poland,POL,Europe & Central Asia,High income,2012,76.74634146,2.5,303350.0061,6.22393656,4.829549789,10.09000015,,87.03980893,1533666.55,559843.9,10457618.21
Puerto Rico,PRI,Latin America & Caribbean,High income,2012,78.84758537,,,,,14.5,,32.51191086,130036.74,92246.93,856327.83
Portugal,PRT,Europe & Central Asia,High income,2012,80.37317073,2.5,48220.00122,9.65393162,4.949409962,15.52999973,,71.23466536,235332.36,197276.06,2852932.5
Paraguay,PRY,Latin America & Caribbean,Upper middle income,2012,73.068,7.2,5179.999828,6.52922678,,4.090000153,,54.29749062,209894.88,297126.03,1026846.54
Qatar,QAT,Middle East & North Africa,High income,2012,79.399,,75080.00183,1.74822152,3.50744009,0.479999989,,82.7,76766.92,26937.74,237577.34
Romania,ROU,Europe & Central Asia,High income,2012,74.41219512,2.5,81849.99847,4.73353195,2.963799953,6.789999962,,66.3035304,758695.25,448434.32,6376646.98
Rwanda,RWA,Sub-Saharan Africa,Low income,2012,65.438,34.5,750,8.06890869,4.423520088,1.118000031,3.5,,428090.7,2630183.99,1551004.86
Saudi Arabia,SAU,Middle East & North Africa,High income,2012,74.254,5.4,492470.0012,4.01962376,,5.519999981,,49.39906528,1792308.07,686517.27,4416631.08
Sudan,SDN,Sub-Saharan Africa,Low income,2012,63.542,13.5,15800.00019,5.68827009,,17.45499992,1.5,,1409929.05,6231287.6,6470355.32
Senegal,SEN,Sub-Saharan Africa,Lower middle income,2012,65.448,11.9,7449.999809,4.26687956,4.776989937,9.437999725,3.5,18.97369368,297815.94,3579299.05,1886908.86
Singapore,SGP,East Asia & Pacific,High income,2012,81.99512195,,43689.99863,3.32783675,3.070859909,3.720000029,,100,88049.57,76258.57,757595.3
Solomon Islands,SLB,East Asia & Pacific,Lower middle income,2012,71.296,16.5,349.999994,4.99881887,8.087030411,1.054999948,3,,36013.07,98601.36,158281.02
Sierra Leone,SLE,Sub-Saharan Africa,Low income,2012,51.018,24.3,860.0000143,10.59041977,2.872040033,4.397999763,3,11.91794768,271775.55,3717277.13,1228975.45
El Salvador,SLV,Latin America & Caribbean,Lower middle income,2012,71.692,10.7,6769.999981,7.53931999,3.712440014,3.839999914,,,518643.63,249327.78,1052337.24
San Marino,SMR,Europe & Central Asia,High income,2012,,,,7.95256329,,,,70.3715,684.45,346.75,7322.71
Somalia,SOM,Sub-Saharan Africa,Low income,2012,54.713,65.9,629.9999952,,,18.97400093,,24.60296685,1037133.09,8807091.92,2458187.34
Serbia,SRB,Europe & Central Asia,Upper middle income,2012,74.83658537,2.6,45790.00092,9.32176399,4.164209843,24,,19.19874028,286496.73,120970.69,2925758.07
South Sudan,SSD,Sub-Saharan Africa,Low income,2012,55.791,,1419.999957,,,12.19799995,2,,393912.47,4856688.51,1335759.4
Sao Tome and Principe,STP,Sub-Saharan Africa,Lower middle income,2012,68.306,13.3,119.9999973,6.47629499,6.339509964,13.59000015,3.5,25.71140334,3597.16,24466.1,27950.51
Suriname,SUR,Latin America & Caribbean,Upper middle income,2012,70.851,7.4,2440.000057,4.58755207,,8.100000381,,27.86895969,23164.05,38588.13,115065.26
Slovenia,SVN,Europe & Central Asia,High income,2012,80.12439024,2.5,15119.99989,8.71509933,5.620230198,8.840000153,,52.82915133,89844.64,22341.9,501986.72
Sweden,SWE,Europe & Central Asia,High income,2012,81.70487805,2.5,42139.99939,10.73515224,7.536970139,7.980000019,,94.15444583,233071.01,99974.06,2290824.87
Eswatini,SWZ,Sub-Saharan Africa,Lower middle income,2012,49.862,16.2,680.0000072,7.82028151,,25.14900017,,,71010.85,570250.01,199316.31
Seychelles,SYC,Sub-Saharan Africa,High income,2012,74.27560976,,430.0000072,5.73247576,2.613929987,,,,2727.74,4364.39,20826.86
Chad,TCD,Sub-Saharan Africa,Low income,2012,51.928,25.4,1860.000014,3.85607743,2.206150055,1.006000042,2,9.047280285,516302.81,8341857.37,2012701.21
Togo,TGO,Sub-Saharan Africa,Low income,2012,58.661,19.4,2240.00001,4.80786562,4.719200134,2.03399992,2.5,7.742055644,230228.19,2624143.03,1011255.29
Thailand,THA,East Asia & Pacific,Upper middle income,2012,74.992,8.8,250679.9927,3.5229404,4.536709785,0.579999983,,23.2398738,2716802.77,2650923.91,13412205.93
Tajikistan,TJK,Europe & Central Asia,Lower middle income,2012,69.34,,3019.999981,5.98185873,4.018030167,9.576000214,2.5,,233011.74,814230.89,1453465.05
Turkmenistan,TKM,Europe & Central Asia,Upper middle income,2012,67.167,4.3,69010.00214,4.77595139,3.049249887,4.085999966,,,137043.46,371187.63,1032618.68
Tonga,TON,East Asia & Pacific,Upper middle income,2012,70.242,,109.9999994,5.0140667,,2.065999985,3.5,36.14073249,2224.86,5958.72,19830.47
Trinidad and Tobago,TTO,Latin America & Caribbean,High income,2012,72.382,6.7,21520.00046,4.87719965,4.54982996,3.720000029,,,55815.09,49592.14,312705.65
Tunisia,TUN,Middle East & North Africa,Lower middle income,2012,75.376,3,27790.00092,6.6064229,5.950860023,17.62999916,,69.98637881,305014.09,315127.54,2076828.02
Tuvalu,TUV,East Asia & Pacific,Upper middle income,2012,,,9.999999776,15.32846642,,,3,6.659141442,455.48,671.8,3042.93
Tanzania,TZA,Sub-Saharan Africa,Lower middle income,2012,60.47,23.2,9869.999886,5.01779366,3.470930099,3.227999926,3,18.99554088,1393313.64,16794202.08,7477715.31
Uganda,UGA,Sub-Saharan Africa,Low income,2012,59.017,,3779.999971,6.10853958,1.797469974,3.549999952,2,,982126.22,13742252.41,4529091.48
Ukraine,UKR,Europe & Central Asia,Lower middle income,2012,70.94414634,2.5,277109.9854,7.11665535,6.442699909,7.53000021,,56.99066912,2206146.53,1369074.68,16558845.1
Uruguay,URY,Latin America & Caribbean,High income,2012,77.004,2.5,8520.000458,8.0675621,,6.449999809,,,138621.59,82595.26,827044.3
United States,USA,North America,High income,2012,78.74146341,2.5,4956060.059,16.17543411,,8.069999695,,98.2352578,9300454.25,4839113.48,83800975.21
Uzbekistan,UZB,Europe & Central Asia,Lower middle income,2012,70.155,2.5,113139.9994,5.45723581,6.395229816,4.900000095,2,,1046763.64,2375124.42,6292295.35
Vietnam,VNM,East Asia & Pacific,Lower middle income,2012,74.958,9.2,155520.0043,5.00178242,5.533289909,1.029999971,3,,3164890.14,4169813.69,16727175.25
Vanuatu,VUT,East Asia & Pacific,Lower middle income,2012,69.421,7.4,119.9999973,3.9356277,,1.851999998,3.5,,11318.49,27274.5,58051.91
Samoa,WSM,East Asia & Pacific,Lower middle income,2012,72.136,4,200.000003,5.07944012,5.159999847,8.75,4,48.06493129,6966.62,8680.42,39794.95
South Africa,ZAF,Sub-Saharan Africa,Upper middle income,2012,60.06,3.9,426779.9988,8.77310753,5.523230076,24.72999954,,,3167744.13,17267220.16,9670388.37
Zambia,ZMB,Sub-Saharan Africa,Low income,2012,58.502,,4030.00021,3.93052912,4.199999809,7.849999905,3,,463128.61,5845327,2191035.35
Zimbabwe,ZWE,Sub-Saharan Africa,Lower middle income,2012,55.032,,12010.00023,6.91835356,6.07020998,5.152999878,1.5,28.05442527,538461.92,5658194.13,2073488.75
Afghanistan,AFG,South Asia,Low income,2013,62.525,20.7,5989.999771,8.80594063,3.454459906,11.19299984,2,,2807904.86,6813189.19,6799914.37
Angola,AGO,Sub-Saharan Africa,Lower middle income,2013,58.054,14.3,26959.99908,2.73282766,4.438949585,7.366000175,2.5,,1215812.93,8611584.35,3654037.29
Albania,ALB,Europe & Central Asia,Upper middle income,2013,77.554,5,4440.000057,5.38561106,3.539299965,15.86999989,,45.56157447,79780.26,61591.37,584989.5
Andorra,AND,Europe & Central Asia,High income,2013,,,479.9999893,6.15502787,2.506160021,,,99.99999528,1880.47,763.11,16424.38
United Arab Emirates,ARE,Middle East & North Africa,High income,2013,76.903,7.1,184470.0012,3.59299517,,2.04399991,,87.78226429,375315.67,118938.93,1264983.47
Argentina,ARG,Latin America & Caribbean,Upper middle income,2013,75.756,2.6,183250,9.78097343,5.436610222,7.099999905,,50.61825328,1458094.44,1487174.67,8906865.36
Armenia,ARM,Europe & Central Asia,Upper middle income,2013,74.056,3.2,5500,10.32344532,2.650180101,16.18000031,3.5,58.46433021,82888.24,79985.07,769111.51
American Samoa,ASM,East Asia & Pacific,Upper middle income,2013,,,,,,,,,1602.89,1960.59,12256.06
Antigua and Barbuda,ATG,Latin America & Caribbean,High income,2013,76.218,,469.9999988,5.50909281,,,,,2179.84,2469.44,17595.18
Australia,AUS,East Asia & Pacific,High income,2013,82.14878049,2.5,380279.9988,8.76116371,5.229239941,5.659999847,,67.49110673,672344.84,208087.64,4721750.29
Austria,AUT,Europe & Central Asia,High income,2013,81.13658537,2.5,65750,10.28574944,5.547110081,5.329999924,,99.63907975,221039.53,72469.03,2170714.25
Azerbaijan,AZE,Europe & Central Asia,Upper middle income,2013,71.768,2.5,30940.00053,3.03672314,2.442130089,4.96999979,,24.84187106,240576.8,640168.09,2239681.23
Burundi,BDI,Sub-Saharan Africa,Low income,2013,59.148,,389.9999857,8.53728485,5.995359898,1.577999949,2,,483446.5,3869111.82,1464415.43
Belgium,BEL,Europe & Central Asia,High income,2013,80.58780488,2.5,96589.99634,10.56133938,6.630529881,8.430000305,,82.65476737,378210.24,167005.65,2790129.6
Benin,BEN,Sub-Saharan Africa,Lower middle income,2013,60.092,7.5,4679.999828,2.85861206,3.327510118,2.286999941,3.5,,380523.72,4454652.08,1680437.81
Burkina Faso,BFA,Sub-Saharan Africa,Low income,2013,58.937,11.8,3130.000114,5.56331158,4.083439827,4.046999931,3.5,,780010.74,9832252.31,3405841.19
Bangladesh,BGD,South Asia,Lower middle income,2013,70.93,15,60599.99847,2.65446854,1.966160059,4.429999828,2.5,31.57950162,3502632.64,15514496.01,24678300.55
Bulgaria,BGR,Europe & Central Asia,Upper middle income,2013,74.86097561,3.2,39659.99985,7.16768599,4.058229923,12.93999958,,58.61381858,270838.27,125555.73,2858919.46
Bahrain,BHR,Middle East & North Africa,High income,2013,76.484,,28850.00038,4.30853891,2.476890087,1.184000015,,83.95246578,29657.62,19242.15,194181.23
Bosnia and Herzegovina,BIH,Europe & Central Asia,Upper middle income,2013,76.569,2.5,21850.00038,9.44886494,,27.48999977,3,31.59672788,114361.05,50702.92,994558.23
Belarus,BLR,Europe & Central Asia,Upper middle income,2013,72.47073171,2.5,59990.00168,5.69559479,5.009419918,6.006000042,,77.7751513,553105.47,172739.42,3199517.31
Belize,BLZ,Latin America & Caribbean,Upper middle income,2013,73.452,7.4,460.0000083,5.65393209,6.425370216,8.350000381,,,16645.07,19096.44,54208.74
Bermuda,BMU,North America,High income,2013,80.57243902,,,,,,,,1237.83,1174.46,14809.78
Bolivia,BOL,Latin America & Caribbean,Lower middle income,2013,69.468,16.5,18739.99977,5.57465124,7.579999924,2.440000057,3.5,42.81789635,391072.36,1188492.09,2000513.57
Brazil,BRA,Latin America & Caribbean,Upper middle income,2013,74.483,2.8,486839.9963,7.97659969,5.838850021,6.980000019,,42.06269659,10091101.27,10463191.61,42962136.88
Barbados,BRB,Latin America & Caribbean,High income,2013,78.633,4.4,1440.000057,7.49560881,5.148990154,11.55000019,,,6801.89,9382.96,72466.86
Bhutan,BTN,South Asia,Lower middle income,2013,69.662,,670.0000167,3.70787191,5.722750187,2.869999886,4.5,63.66085999,21032.16,81837.57,125047.11
Botswana,BWA,Sub-Saharan Africa,Upper middle income,2013,64.976,19.7,5420.000076,6.22438812,,19.40099907,,,118664.07,644107.74,376913.69
Central African Republic,CAF,Sub-Saharan Africa,Low income,2013,49.371,40.2,119.9999973,4.95162487,2.63821435,5.515999794,2.5,16.0545444,673263.38,3487458.4,935570.39
Canada,CAN,North America,High income,2013,81.74878049,2.5,555659.9731,10.40513706,,7.070000172,,82.02636889,864454.58,417926.69,7649399.15
Switzerland,CHE,Europe & Central Asia,High income,2013,82.79756098,2.5,43529.99878,10.46214485,4.869029999,4.75,,99.62673767,214059.57,80597.96,1858931.39
Chile,CHL,Latin America & Caribbean,High income,2013,79.349,3.1,83000,7.44478321,4.529429913,6.210000038,,67.83556426,501882.49,301047.21,3354244.48
China,CHN,East Asia & Pacific,Upper middle income,2013,75.321,2.5,9984570.313,4.71490669,3.852509975,4.590000153,,45.29026847,37905717.62,24935273.19,299286678.6
Cote d'Ivoire,CIV,Sub-Saharan Africa,Lower middle income,2013,54.906,9.9,8689.99958,3.71776819,3.458600044,4.25,3,,776749.53,10237887.79,3449697.49
Cameroon,CMR,Sub-Saharan Africa,Lower middle income,2013,56.576,5.2,7550.000191,3.78499365,2.655479908,3.674999952,2.5,,871207.01,10125119.15,3764509.61
Colombia,COL,Latin America & Caribbean,Upper middle income,2013,76.105,8.9,76860.00061,7.01724052,4.878550053,9.050000191,,17.25773154,2104774.22,1547554.23,7249130.14
Comoros,COM,Sub-Saharan Africa,Lower middle income,2013,62.922,,189.9999976,5.09434605,2.382760048,7.757999897,2.5,,19968.17,152718.9,104316.33
Costa Rica,CRI,Latin America & Caribbean,Upper middle income,2013,79.234,4.9,7780.00021,7.68229151,6.687399864,8.770000458,,33.23163572,128751.26,90382.9,740594.32
Cuba,CUB,Latin America & Caribbean,Upper middle income,2013,78.485,2.5,28870.00084,10.43099499,,3.289999962,,37.49970725,321280.97,247794.97,2656421.17
Cyprus,CYP,Europe & Central Asia,High income,2013,79.999,2.5,6429.999828,6.94518471,6.483779907,15.86999989,,76.69428457,25786.82,10643.84,240745.97
Germany,DEU,Europe & Central Asia,High income,2013,80.4902439,2.5,776150.0244,10.99795437,4.935389996,5.230000019,,96.72174779,1854831.7,942525.23,23248776.9
Djibouti,DJI,Middle East & North Africa,Lower middle income,2013,62.239,17.8,560.0000024,2.92013574,,26.63800049,2.5,32.20396651,33827.93,292904.93,153025.28
Dominica,DMA,Latin America & Caribbean,Upper middle income,2013,,5.5,170.0000018,5.30803347,,,4,,2297.12,3182.78,18815.03
Denmark,DNK,Europe & Central Asia,High income,2013,80.3,2.5,39959.99908,10.16958141,8.494429588,7.380000114,,89.52578015,112636.77,72050.86,1434026.1
Dominican Republic,DOM,Latin America & Caribbean,Upper middle income,2013,72.763,8.8,21290.00092,5.76407719,3.480540037,7.349999905,,,456753.89,850021.46,1904988.48
Algeria,DZA,Middle East & North Africa,Lower middle income,2013,75.661,3,139020.0043,6.03576279,,9.819999695,,19.21417987,1222810.78,1813987.84,6603616.61
Ecuador,ECU,Latin America & Caribbean,Upper middle income,2013,75.707,8.8,39700.00076,6.80123425,5.004640102,3.079999924,,41.44122458,715326.28,731246.65,2664348.28
Eritrea,ERI,Sub-Saharan Africa,Low income,2013,63.726,,639.9999857,5.00735378,,5.579999924,2,,268645.77,1709201.47,875232.58
Spain,ESP,Europe & Central Asia,High income,2013,83.07804878,2.5,242809.9976,9.06737709,4.351019859,26.09000015,,95.09634501,896640.97,507675.66,10876308.25
Estonia,EST,Europe & Central Asia,High income,2013,77.14146341,2.5,19319.99969,5.97791481,4.843880177,8.630000114,,92.74418092,48177.8,19316.26,389546.13
Ethiopia,ETH,Sub-Saharan Africa,Low income,2013,63.961,17.7,10079.99992,4.07506514,4.498549938,2.25,3,5.224650007,2729926.96,27856067.8,11553683.41
Finland,FIN,Europe & Central Asia,High income,2013,80.97560976,2.5,50189.99863,9.80534649,7.124040127,8.18999958,,83.32916207,185091.53,37508.44,1399918.3
Fiji,FJI,East Asia & Pacific,Upper middle income,2013,66.95,6.7,1129.999995,3.20040703,3.882889986,4.327000141,,,25640.65,53635.1,236982.68
France,FRA,Europe & Central Asia,High income,2013,82.2195122,2.5,338559.9976,11.41635036,,9.920000076,,78.80066533,1906190.34,760543.86,14698198.58
Gabon,GAB,Sub-Saharan Africa,Upper middle income,2013,63.648,12.9,5789.999962,2.8408711,3.029710054,20.52099991,,,56756.69,324085.52,270508.53
United Kingdom,GBR,Europe & Central Asia,High income,2013,81.00487805,2.5,453760.0098,9.97566223,5.500780106,7.519999981,,97.99806,1198171.47,984256.71,16334511.96
Georgia,GEO,Europe & Central Asia,Upper middle income,2013,72.412,7.9,7840.000153,7.88304806,2.886719942,19.42000008,3.5,38.6870698,146181.92,117587.8,1259026.94
Ghana,GHA,Sub-Saharan Africa,Lower middle income,2013,62.064,6.6,15630.00011,4.62300539,4.576469898,6.203000069,4,10.05936669,785815.44,7640207.16,4330458.57
Guinea,GIN,Sub-Saharan Africa,Low income,2013,58.447,,2180.000067,3.46079683,2.63421011,4.866000175,2.5,,463705.42,5337464.03,1989471.33
Guinea-Bissau,GNB,Sub-Saharan Africa,Low income,2013,56.117,,250,7.03947115,2.13248992,5.809000015,2,8.680282118,81555.61,654473.89,300784.63
Equatorial Guinea,GNQ,Sub-Saharan Africa,Upper middle income,2013,56.642,,9180.000305,1.87566769,,8.512999535,,,28826,321323.37,137928.71
Greece,GRC,Europe & Central Asia,High income,2013,81.28536585,2.5,72480.00336,8.36682224,,27.46999931,,86.21128004,234751.3,120322.48,2931564.38
Grenada,GRD,Latin America & Caribbean,Upper middle income,2013,72.579,,319.9999928,5.62652922,,,4,,3080.45,4032.67,24099.93
Greenland,GRL,Europe & Central Asia,High income,2013,71.57341463,,,,,,,89.24225078,3834.91,1338.45,15043.51
Guatemala,GTM,Latin America & Caribbean,Upper middle income,2013,72.596,17.5,13000,5.77188921,2.888089895,3.019999981,,,846597.84,1286220.5,2585340.47
Guam,GUM,East Asia & Pacific,High income,2013,78.649,,,,,11.5,,,4495.56,5979.48,33908.96
Guyana,GUY,Latin America & Caribbean,Upper middle income,2013,68.819,7.4,1980.000019,3.80231333,,12.62800026,3,,49668.24,70436.7,184809.77
Honduras,HND,Latin America & Caribbean,Lower middle income,2013,74.051,14.2,9369.999886,8.47723007,5.874929905,5.650000095,3,46.98211459,613162.01,471844.65,1490765.88
Croatia,HRV,Europe & Central Asia,High income,2013,77.12682927,2.5,17010.00023,6.51796293,4.500390053,17.25,,76.82368176,159681.94,45804.62,1270814.71
Haiti,HTI,Latin America & Caribbean,Lower middle income,2013,61.658,43.7,2650.000095,4.21974993,,13.99600029,2.5,,770275.42,2588187.84,2567904
Hungary,HUN,Europe & Central Asia,High income,2013,75.56585366,2.5,40759.99832,7.24897766,4.187729836,10.18000031,,80.91432991,352549.2,121498.58,3242293.04
Indonesia,IDN,East Asia & Pacific,Lower middle income,2013,70.179,8.2,447940.0024,2.86934805,3.359040022,4.340000153,,,5453746.5,20189162.08,51212004.77
India,IND,South Asia,Lower middle income,2013,67.931,14.9,1972430.054,3.74944162,3.844670057,5.423999786,3.5,31.55352208,53868774.94,187804148.7,242690488.6
Ireland,IRL,Europe & Central Asia,High income,2013,80.94878049,2.5,35709.99908,10.29696083,5.342050076,13.72999954,,75.4535305,92327.07,47943.96,975865.03
Iraq,IRQ,Middle East & North Africa,Upper middle income,2013,69.437,16.8,139100.0061,2.81939769,,9.263999939,,39.84130348,3131861.95,1960684.76,5874200.24
Iceland,ISL,Europe & Central Asia,High income,2013,82.06097561,2.5,2029.999971,8.17555237,7.448689938,5.380000114,,69.21235616,6305.56,3171.86,61789.42
Israel,ISR,Middle East & North Africa,High income,2013,82.05609756,2.5,67000,7.07797098,5.854259968,6.210000038,,89.66614967,141633.7,99774.67,1392270.55
Italy,ITA,Europe & Central Asia,High income,2013,82.6902439,2.5,346459.9915,8.77543831,4.143670082,12.14999962,,95.72269582,1131485.55,571755.92,15790852.47
Jamaica,JAM,Latin America & Caribbean,Upper middle income,2013,74.01,9.7,7400.000095,4.95442057,6.251080036,15.25,,,52078.89,114525.98,524681.84
Jordan,JOR,Middle East & North Africa,Upper middle income,2013,73.851,6,23799.99924,7.1659236,3.5,12.60000038,,80.66259802,160124.84,275120.9,1127227.31
Japan,JPN,East Asia & Pacific,High income,2013,83.33195122,2.5,1262780.029,10.67438602,3.624969959,4,,78.60942908,3376679.85,2016343.36,30706298.8
Kazakhstan,KAZ,Europe & Central Asia,Upper middle income,2013,70.62,2.5,260010.0098,2.66286707,3.437370062,5.199999809,,,986658.58,690504.27,4392183.2
Kenya,KEN,Sub-Saharan Africa,Lower middle income,2013,63.419,19.5,14100.00038,5.51942158,4.837210178,2.808000088,3,,1174955.78,11867652.04,5641066.58
Cambodia,KHM,East Asia & Pacific,Lower middle income,2013,67.888,9.4,5739.999771,7.10386801,2.05053997,0.439999998,2,,528837.63,1986796.51,2844585.2
Kiribati,KIR,East Asia & Pacific,Lower middle income,2013,66.69,3.3,59.99999866,9.46005249,12.02653027,,3.5,24.09765465,4660.15,17765.39,33419.34
Kuwait,KWT,Middle East & North Africa,High income,2013,74.885,2.5,87360.00061,2.48789287,3.880000114,2.622999907,,100,65722.19,61569,446826.18
Lebanon,LBN,Middle East & North Africa,Lower middle income,2013,78.683,5,23239.99977,7.0635767,2.432450056,8.31400013,,14.06694369,118773.3,140902.02,1041634.71
Liberia,LBR,Sub-Saharan Africa,Low income,2013,61.186,36.1,920.0000167,8.28010082,1.690780044,2.118999958,3,,115561.81,1458135.39,617568.94
Libya,LBY,Middle East & North Africa,Upper middle income,2013,71.907,,58610.00061,,,19.45400047,,22.23677667,233248.67,145147.99,1055736.65
Sri Lanka,LKA,South Asia,Lower middle income,2013,75.974,7,14479.99954,3.82698822,1.621070027,4.239999771,3,,689186.08,638052.45,4069353.6
Lesotho,LSO,Sub-Saharan Africa,Lower middle income,2013,48.663,19.3,610.0000143,9.5466814,7.29226017,24.57999992,3.5,34.52124304,168863.73,1252935.18,439624.29
Lithuania,LTU,Europe & Central Asia,High income,2013,73.91463415,2.5,11329.99992,6.12593651,4.602330208,11.77000046,,88.19050536,181245.5,52613.52,1003935.84
Luxembourg,LUX,Europe & Central Asia,High income,2013,81.8,2.5,10149.99962,5.52774715,,5.849999905,,94.33895392,12609.43,5532.96,117763.39
Latvia,LVA,Europe & Central Asia,High income,2013,73.98292683,2.5,7449.999809,5.36752796,6.996970177,11.86999989,,67.80872487,100230.9,40385.05,708002.83
Morocco,MAR,Middle East & North Africa,Lower middle income,2013,75.227,4.2,57590.00015,5.68743515,,9.229999542,,37.10148724,1158621.06,2059582.98,6938557.4
Monaco,MCO,Europe & Central Asia,High income,2013,,,,2.14983034,1.334400058,,,100,962.8,528.64,12068.12
Moldova,MDA,Europe & Central Asia,Upper middle income,2013,70.968,,7179.999828,8.68300343,5.909759998,5.099999905,3.5,,171618.4,119307.41,1164932.19
Madagascar,MDG,Sub-Saharan Africa,Low income,2013,64.713,33,2930.000067,3.73896837,1.776939988,0.995000005,2,8.072330014,557501,6833119.98,3509795.74
Maldives,MDV,South Asia,Upper middle income,2013,77.018,,1129.999995,8.13609314,3.388299942,8.727000237,3,,6737.3,16909.29,52305.67
Mexico,MEX,Latin America & Caribbean,Upper middle income,2013,74.93,4.2,475739.9902,5.80923605,4.696050167,4.909999847,,40.80011597,4432165.91,4155322.14,21923760.82
Marshall Islands,MHL,East Asia & Pacific,Upper middle income,2013,,,140.0000006,15.13492775,15.98999977,,3.5,,2620.66,4490.81,13497.13
North Macedonia,MKD,Europe & Central Asia,Upper middle income,2013,75.4,3.6,8140.000343,6.7192831,,29,,12.58054455,57368.77,37577.29,615115.41
Mali,MLI,Sub-Saharan Africa,Low income,2013,56.578,3.7,3220.000029,3.96750712,3.284650087,6.349999905,3,14.97708308,730859.94,10595151,2800653.79
Malta,MLT,Middle East & North Africa,High income,2013,81.74634146,2.5,2369.999886,8.49665737,7.579239845,6.110000134,,91.86797469,8893.11,5583.13,101898.04
Myanmar,MMR,East Asia & Pacific,Lower middle income,2013,64.921,6.1,13600.00038,3.20071578,2.099999905,0.746999979,2.5,60.97943074,1932768.39,7240966.7,11963331.35
Montenegro,MNE,Europe & Central Asia,Upper middle income,2013,76.4902439,2.5,2269.999981,8.47144604,,19.5,,38.02689641,22114.62,8391.13,177229.89
Mongolia,MNG,East Asia & Pacific,Lower middle income,2013,68.566,11.4,18379.99916,4.06616068,4.940770149,4.230000019,3.5,45.67278651,173565.48,215230.16,721723.81
Northern Mariana Islands,MNP,East Asia & Pacific,High income,2013,,,,,,,,,1622.45,1324.87,11867.23
Mozambique,MOZ,Sub-Saharan Africa,Low income,2013,54.949,22.4,4199.999809,6.12555981,6.115330219,3.342000008,3,,925715.99,13873504.92,3912747.4
Mauritania,MRT,Sub-Saharan Africa,Lower middle income,2013,63.366,7.9,2589.999914,2.86799884,2.293540001,9.956999779,2.5,,111887.61,723629.75,478194.75
Mauritius,MUS,Sub-Saharan Africa,Upper middle income,2013,74.01707317,5.2,3819.999933,4.68303633,3.61578989,7.320000172,,,30900.62,39509.26,318292.56
Malawi,MWI,Sub-Saharan Africa,Low income,2013,59.931,14.8,980.0000191,11.57910728,5.41617012,5.949999809,2.5,22.44363817,405779.44,5709964.03,2242633.92
Malaysia,MYS,East Asia & Pacific,Upper middle income,2013,75.072,3.5,223660.0037,3.51275206,5.481200218,3.160000086,,71.75945971,726646.06,1166296.26,4728365.81
Namibia,NAM,Sub-Saharan Africa,Upper middle income,2013,60.513,22.2,3789.999962,9.06448746,8.609332085,19.03000069,,,99407.34,555838.2,338641.31
Niger,NER,Sub-Saharan Africa,Low income,2013,59.455,,1970.000029,4.46635866,3.689529896,1.368999958,3,13.30108842,670757.77,11370157.59,2667354.98
Nigeria,NGA,Sub-Saharan Africa,Lower middle income,2013,52.228,9.1,108129.9973,3.42069316,,3.700000048,3,26.56055695,5253874.49,91427866.22,28118617.51
Nicaragua,NIC,Latin America & Caribbean,Lower middle income,2013,73.197,19.3,4469.99979,7.6386919,,5.28000021,3,,169392.04,248085.86,948464.91
Netherlands,NLD,Europe & Central Asia,High income,2013,81.30487805,2.5,157089.9963,10.5835619,5.52655983,7.239999771,,97.47650192,325884.74,191327.48,3954299.1
Norway,NOR,Europe & Central Asia,High income,2013,81.75121951,2.5,39500,8.92953396,7.485350132,3.420000076,,62.96143165,121933.63,58052.04,1129481.24
Nepal,NPL,South Asia,Lower middle income,2013,68.806,6.8,6090.000153,4.63011789,3.018110037,2.551000118,3,32.74574866,859305.23,3538986.78,5031592.92
Nauru,NRU,East Asia & Pacific,High income,2013,,,50.00000075,9.4396801,,,,,662.19,1040.11,2575.11
New Zealand,NZL,East Asia & Pacific,High income,2013,81.40731707,2.5,31889.99939,9.3601923,6.701550007,5.840000153,,81.14355385,149085.24,46895.68,921473.73
Oman,OMN,Middle East & North Africa,High income,2013,76.388,6.6,63009.99832,2.79134297,4.98458004,3.61500001,,,177920.95,103489.15,516079.05
Pakistan,PAK,South Asia,Lower middle income,2013,66.117,14.2,146059.9976,2.6028018,2.493439913,2.950000048,2.5,,5864613.61,52925382.7,36067300.58
Panama,PAN,Latin America & Caribbean,High income,2013,77.386,8.2,10250,6.65125561,3.400000095,2.285000086,,,123267.01,165548.8,599576.95
Peru,PER,Latin America & Caribbean,Upper middle income,2013,75.258,5.7,49750,4.76035166,3.297290087,3.569999933,,36.10843125,874443.54,1770444.17,4599897.69
Philippines,PHL,East Asia & Pacific,Lower middle income,2013,70.315,11.6,95500,4.27408791,3.019999981,3.5,,52.48718451,3553105.38,9078828.79,18647665.62
Palau,PLW,East Asia & Pacific,Upper middle income,2013,,,219.9999988,12.06837177,6.889999866,,,,1030.47,1078.16,5628.02
Papua New Guinea,PNG,East Asia & Pacific,Lower middle income,2013,62.892,23.3,5239.999771,2.99727893,,2.546000004,3,,369904.63,1867049.15,1678148.9
Poland,POL,Europe & Central Asia,High income,2013,77,2.5,298299.9878,6.41485739,4.970620155,10.32999992,,87.71099039,1493177.37,558818.69,10405877.89
Puerto Rico,PRI,Latin America & Caribbean,High income,2013,79.03434146,,,,6.481080055,14.30000019,,32.50969404,126733.02,87171.67,868842.13
Portugal,PRT,Europe & Central Asia,High income,2013,80.72195122,2.5,46560.00137,9.40486622,5.270969868,16.18000031,,73.53443323,230152.68,193681.65,2841082.2
Paraguay,PRY,Latin America & Caribbean,Upper middle income,2013,73.274,7.4,5300.000191,6.05105257,4.809329987,4.380000114,,55.0820425,212798.59,294162.55,1059786.33
Qatar,QAT,Middle East & North Africa,High income,2013,79.527,,76169.99817,2.07620168,4.073840141,0.280000001,,85.6,78513.51,28042.29,252509.38
Romania,ROU,Europe & Central Asia,High income,2013,75.06341463,2.5,72089.99634,5.19664145,3.051739931,7.099999905,,68.35781158,721516.1,432005.25,6219904.52
Rwanda,RWA,Sub-Saharan Africa,Low income,2013,66.219,34.8,810.0000024,6.74579239,4.744919777,1.15199995,3.5,,409029.01,2380031.96,1555737.73
Saudi Arabia,SAU,Middle East & North Africa,High income,2013,74.402,4.6,503209.9915,4.46568298,,5.570000172,,50.61044469,1835538.51,673769.58,4563662.06
Sudan,SDN,Sub-Saharan Africa,Low income,2013,63.875,11.7,15220.00027,6.96487522,,17.40999985,1.5,,1475280.53,5964967.1,6514674.55
Senegal,SEN,Sub-Saharan Africa,Lower middle income,2013,65.939,12,8010.000229,4.38575172,5.686560154,8.578000069,3.5,19.63411955,305516.48,3473914.77,1943531.97
Singapore,SGP,East Asia & Pacific,High income,2013,82.24634146,,43909.99985,3.68562651,2.85435009,3.859999895,,100,87850.96,77646.94,773833.84
Solomon Islands,SLB,East Asia & Pacific,Lower middle income,2013,71.601,18,389.9999857,4.7872014,10.17469978,0.689999998,3,,37166,96097.43,162390.17
Sierra Leone,SLE,Sub-Saharan Africa,Low income,2013,51.731,25.4,1039.999962,11.56772041,2.379810095,4.510000229,3,12.18336482,278524.58,3559689.4,1253119.6
El Salvador,SLV,Latin America & Caribbean,Lower middle income,2013,71.935,10.7,6460.000038,7.71839237,3.801490068,3.690000057,,,508822.73,249666.99,1084776.65
San Marino,SMR,Europe & Central Asia,High income,2013,,,,7.72582674,,,,70.3715,694.07,348.6,7434.26
Somalia,SOM,Sub-Saharan Africa,Low income,2013,55.104,62.4,649.9999762,,,18.95199966,,25.43063619,937615.65,8812377.22,2527297.01
Serbia,SRB,Europe & Central Asia,Upper middle income,2013,75.18536585,3.2,46470.00122,9.30588913,,22.14999962,,19.01331061,279935.68,131575.05,2905044.15
South Sudan,SSD,Sub-Saharan Africa,Low income,2013,56.2,,1450.000048,,1.024500012,12.12800026,2,,563604.47,4741992.37,1345376.89
Sao Tome and Principe,STP,Sub-Saharan Africa,Lower middle income,2013,68.695,12.9,119.9999973,7.93743801,5.939690113,13.64900017,3.5,26.82325371,3761.59,23236.75,28865.32
Suriname,SUR,Latin America & Caribbean,Upper middle income,2013,71.002,7.1,2289.999962,4.80475569,,6.599999905,,27.53041248,23167.12,37949.98,118953
Slovenia,SVN,Europe & Central Asia,High income,2013,80.32195122,2.5,14550.00019,8.74028301,5.405729771,10.10000038,,55.54626778,87981.98,22301.75,500001.46
Sweden,SWE,Europe & Central Asia,High income,2013,81.95609756,2.5,40540.00092,10.9049139,7.611209869,8.050000191,,94.28948204,234278.92,100400.69,2301043.66
Eswatini,SWZ,Sub-Saharan Africa,Lower middle income,2013,51.699,13.8,750,7.45686579,,24.54999924,,,69997.78,530112.9,199198.18
Seychelles,SYC,Sub-Saharan Africa,High income,2013,73.1195122,,419.9999869,4.50912476,3.608129978,,,,2754.54,4444.01,21191.38
Chad,TCD,Sub-Saharan Africa,Low income,2013,52.386,25.6,2190.000057,4.06645155,2.850709915,1.029000044,2,9.138990094,535850.59,8348645.12,2074392.68
Togo,TGO,Sub-Saharan Africa,Low income,2013,59.16,19.4,1750,4.94373512,4.423649788,2.088999987,2.5,7.934418179,229444.19,2568922.36,1026225.01
Thailand,THA,East Asia & Pacific,Upper middle income,2013,75.378,8.2,260700.0122,3.45313334,4.1240201,0.25,,23.57552282,2642597.84,2730364.61,13538432.53
Tajikistan,TJK,Europe & Central Asia,Lower middle income,2013,69.609,,3200.000048,6.53226376,,8.907999992,2.5,,227912.57,801642.95,1485118.42
Turkmenistan,TKM,Europe & Central Asia,Upper middle income,2013,67.375,3.9,70220.00122,5.15063286,,4.110000134,,,135003.95,362325.05,1065909.74
Tonga,TON,East Asia & Pacific,Upper middle income,2013,70.335,,119.9999973,4.23476315,,2.242000103,3.5,35.84877537,2188.53,5811.23,19897.84
Trinidad and Tobago,TTO,Latin America & Caribbean,High income,2013,72.582,6.6,22209.99908,5.02981281,5.118800163,2.680000067,,,55156.17,49653.78,321121.88
Tunisia,TUN,Middle East & North Africa,Lower middle income,2013,75.552,2.8,27850.00038,6.85662031,6.967450142,15.93000031,,71.43182927,305388.52,304158.4,2112693.81
Tuvalu,TUV,East Asia & Pacific,Upper middle income,2013,,,9.999999776,18.60474205,,,3,6.50481613,458.13,658.03,3074.22
Tanzania,TZA,Sub-Saharan Africa,Lower middle income,2013,61.398,22.7,10810.00042,4.64643383,3.357959986,2.930000067,3,20.01674595,1418615.33,15987629.6,7651634.66
Uganda,UGA,Sub-Saharan Africa,Low income,2013,59.881,,3690.000057,5.78252459,1.871140003,1.909999967,2,,1059277.81,12907875.8,4771554.97
Ukraine,UKR,Europe & Central Asia,Lower middle income,2013,71.1595122,2.5,270269.989,6.94155264,6.41989994,7.170000076,,59.74003524,2189977.63,1204938.86,16514830.92
Uruguay,URY,Latin America & Caribbean,High income,2013,77.124,2.5,7360.000134,8.11896133,4.519380093,6.440000057,,,138608.97,80229.51,826341.43
United States,USA,North America,High income,2013,78.74146341,2.5,5092100.098,16.06451797,,7.369999886,,98.28612717,9347766.06,4868199.41,85182531.4
Uzbekistan,UZB,Europe & Central Asia,Lower middle income,2013,70.41,2.5,111860.0006,5.66173697,5.741909981,4.900000095,2,,1052822.92,2312223.41,6372448.63
Vietnam,VNM,East Asia & Pacific,Lower middle income,2013,75.006,8.7,164300.0031,5.07556248,5.65199995,1.320000052,3,,3144255.01,4074775.19,17101850.03
Vanuatu,VUT,East Asia & Pacific,Lower middle income,2013,69.57,8.1,109.9999994,4.39234543,,1.861999989,3.5,,11464.41,26851.54,59693.84
Samoa,WSM,East Asia & Pacific,Lower middle income,2013,72.351,3.7,200.000003,6.44957209,4.670000076,8.666999817,4,47.99940824,6312.04,8715.34,40239.28
South Africa,ZAF,Sub-Saharan Africa,Upper middle income,2013,61.099,4.3,436920.0134,8.85552406,5.350719929,24.55999947,,,3086893.81,16095601.28,9752918.28
Zambia,ZMB,Sub-Saharan Africa,Low income,2013,59.746,,4239.999771,4.69091034,4.300000191,8.611000061,3,,470976,5620478.82,2252997.1
Zimbabwe,ZWE,Sub-Saharan Africa,Lower middle income,2013,56.897,,12279.99973,7.11014795,5.995979786,4.981999874,1.5,27.76370358,540075.16,5320259.07,2091782.64
Afghanistan,AFG,South Asia,Low income,2014,62.966,20.7,4880.000114,9.52887058,3.695219994,11.1420002,2,,3267937.78,6649335.87,6900348.4
Angola,AGO,Sub-Saharan Africa,Lower middle income,2014,58.776,13.7,29629.99916,2.43412852,3.122917652,7.372000217,,,1182079.97,8309452.09,3692435.18
Albania,ALB,Europe & Central Asia,Upper middle income,2014,77.813,5,4820.000172,5.50347328,3.049999952,18.04999924,,45.95406239,80269.4,59159.9,595449.46
Andorra,AND,Europe & Central Asia,High income,2014,,,460.0000083,6.13150549,3.074209929,,,100.0000012,1900.55,762.45,16754.95
United Arab Emirates,ARE,Middle East & North Africa,High income,2014,77.095,6.6,184759.9945,3.63020945,,1.911000013,,89.80595317,380725.34,119748.55,1319406.57
Argentina,ARG,Latin America & Caribbean,Upper middle income,2014,75.913,2.5,179600.0061,9.67129135,5.361440182,7.269999981,,50.83251634,1443221.24,1492330.31,8969158.26
Armenia,ARM,Europe & Central Asia,Upper middle income,2014,74.273,2.8,5480.000019,10.17827034,2.247240067,17.5,,60.02100199,82132.09,77987.01,767444.84
American Samoa,ASM,East Asia & Pacific,Upper middle income,2014,,,,,,,,,1481.9,1938.09,12407.77
Antigua and Barbuda,ATG,Latin America & Caribbean,High income,2014,76.349,,479.9999893,5.87269974,,,,,2141.9,2553.2,18048.32
Australia,AUS,East Asia & Pacific,High income,2014,82.3,2.5,371630.0049,9.03597069,5.164690018,6.079999924,,68.45801925,687545.02,208396.13,4811317.03
Austria,AUT,Europe & Central Asia,High income,2014,81.4902439,2.5,62049.99924,10.36809254,5.447619915,5.619999886,,99.63873134,220416.34,72492.17,2184339.79
Azerbaijan,AZE,Europe & Central Asia,Upper middle income,2014,72.022,2.5,32240.00168,3.37713742,2.633039951,4.909999847,,24.71672828,242605.73,615808.67,2268409.04
Burundi,BDI,Sub-Saharan Africa,Low income,2014,59.665,,379.9999952,7.31549168,6.784520149,1.570000052,2.5,,486259.19,3776957.68,1484056
Belgium,BEL,Europe & Central Asia,High income,2014,81.28780488,2.5,90139.99939,10.59411144,6.590469837,8.520000458,,83.53561715,368986.46,164185.19,2771935.14
Benin,BEN,Sub-Saharan Africa,Lower middle income,2014,60.345,7.4,5190.000057,2.66743827,3.161789894,2.132999897,3.5,,382478.94,4477933.5,1713228.66
Burkina Faso,BFA,Sub-Saharan Africa,Low income,2014,59.45,11.8,3180.000067,5.00026941,4.053299904,4.188000202,3.5,,820466.59,9683414.06,3543233.67
Bangladesh,BGD,South Asia,Lower middle income,2014,71.231,14.1,63830.00183,2.65588379,,4.383999825,2.5,32.6181748,3387642.84,14912730.97,25199776.96
Bulgaria,BGR,Europe & Central Asia,Upper middle income,2014,74.46585366,3.3,42049.99924,7.70713234,,11.42000008,,60.58086782,266966.44,125818.29,2917079.85
Bahrain,BHR,Middle East & North Africa,High income,2014,76.624,,30280.00069,4.40681839,2.467459917,1.190000057,,85.16612107,29857.48,19445.29,201024.21
Bosnia and Herzegovina,BIH,Europe & Central Asia,Upper middle income,2014,76.723,2.5,19489.99977,9.49011135,,27.52000046,,33.67336859,113441.33,49276.35,996845.85
Belarus,BLR,Europe & Central Asia,Upper middle income,2014,72.97073171,2.5,59500,5.38793373,4.818309784,5.993999958,,77.11997598,525845.02,166686.91,3169225.89
Belize,BLZ,Latin America & Caribbean,Upper middle income,2014,73.782,7.7,479.9999893,6.19277191,6.614689827,8.239999771,,,16724.44,19714.49,56416.36
Bermuda,BMU,North America,High income,2014,80.79731707,,,,1.536880016,,,,1218.22,1229.18,15012.2
Bolivia,BOL,Latin America & Caribbean,Lower middle income,2014,69.891,15.6,20409.99985,5.89613628,8.260000229,2.019999981,3.5,44.20886732,388997.23,1174510.14,2034470.93
Brazil,BRA,Latin America & Caribbean,Upper middle income,2014,74.745,2.5,511619.9951,8.39644623,5.948480129,6.659999847,,42.98721103,10124654.62,10134098.55,43400114.72
Barbados,BRB,Latin America & Caribbean,High income,2014,78.717,4.4,1269.999981,6.99789667,6.143499851,12.17000008,,,6751.68,9446.95,74081.35
Bhutan,BTN,South Asia,Lower middle income,2014,70.046,,699.9999881,3.55791116,6.04489994,2.630000114,4.5,63.28595222,20874.88,78563.43,126554.11
Botswana,BWA,Sub-Saharan Africa,Upper middle income,2014,66.265,19.3,6989.999771,5.59793139,,19.99099922,,,117986.96,623388.27,386150.16
Central African Republic,CAF,Sub-Saharan Africa,Low income,2014,50.129,47.9,129.9999952,4.91660213,2.220153332,5.528999805,2.5,15.6952343,741570.76,3412716.46,936532.5
Canada,CAN,North America,High income,2014,81.8,2.5,561679.9927,10.24852657,,6.909999847,,82.41547978,875884.89,419991.86,7786472.13
Switzerland,CHE,Europe & Central Asia,High income,2014,83.19756098,2.5,39790.00092,10.61642265,4.877799988,4.829999924,,99.62981829,211493.72,81637.19,1871728.63
Chile,CHL,Latin America & Caribbean,High income,2014,79.504,3,76559.99756,7.80729866,4.730949879,6.659999847,,69.51881798,505420.69,305106.81,3399687.35
China,CHN,East Asia & Pacific,Upper middle income,2014,75.629,2.5,10006669.92,4.77790594,3.726639986,4.610000134,,48.83494578,37275651.93,24230855.78,301933553.1
Cote d'Ivoire,CIV,Sub-Saharan Africa,Lower middle income,2014,55.508,9.2,9199.999809,3.73104811,3.314169884,3.700999975,3,,795877.15,9889009.04,3526084.18
Cameroon,CMR,Sub-Saharan Africa,Lower middle income,2014,57.083,5.3,8250,3.95117664,2.583960056,3.529999971,2.5,,960420.26,9975235.58,3854031.9
Colombia,COL,Latin America & Caribbean,Upper middle income,2014,76.322,7.5,79199.99695,7.18553209,4.629459858,8.569999695,,17.41161543,2007407.83,1501732.1,7351939.2
Comoros,COM,Sub-Saharan Africa,Lower middle income,2014,63.214,,170.0000018,5.23187876,2.744729996,8.140000343,2.5,,23096.37,134784.26,112959.71
Costa Rica,CRI,Latin America & Caribbean,Upper middle income,2014,79.398,4.7,7829.999924,7.66376114,6.67952013,9.06000042,,32.65021912,132020.05,90641.58,753753.66
Cuba,CUB,Latin America & Caribbean,Upper middle income,2014,78.521,2.5,26690.00053,12.1412344,,2.700000048,,37.36530044,320241.95,251795.84,2705280.54
Cyprus,CYP,Europe & Central Asia,High income,2014,80.178,2.5,6809.999943,6.95228958,6.440499783,16.09000015,,76.75914525,26119.36,10884.31,246909.13
Germany,DEU,Europe & Central Asia,High income,2014,81.0902439,2.5,736010.0098,11.02157784,4.921020031,4.980000019,,96.79930775,1860265.25,943026.02,23281754.1
Djibouti,DJI,Middle East & North Africa,Lower middle income,2014,63.171,15.7,400.000006,2.96522927,,26.47500038,2.5,33.0125062,32854.02,290381.16,154743.94
Dominica,DMA,Latin America & Caribbean,Upper middle income,2014,,5.3,180.0000072,5.22792864,,,4,,2277.98,3255.87,18994.08
Denmark,DNK,Europe & Central Asia,High income,2014,80.7,2.5,35819.99969,10.17190456,7.634850025,6.929999828,,89.98381156,112363.06,71563.21,1430545.73
Dominican Republic,DOM,Latin America & Caribbean,Upper middle income,2014,73.003,8.2,21450.00076,5.75101709,3.963769913,6.71999979,,,465465.5,815614.6,1971560.66
Algeria,DZA,Middle East & North Africa,Lower middle income,2014,75.878,2.9,147740.0055,6.54721403,,10.21000004,,18.98335316,1220395.16,1808593,6752637.69
Ecuador,ECU,Latin America & Caribbean,Upper middle income,2014,75.923,8.7,41799.99924,6.72399426,5.260990143,3.480000019,,41.56719676,691240.72,713737.04,2695996.32
Eritrea,ERI,Sub-Saharan Africa,Low income,2014,64.201,,649.9999762,4.05707884,,5.672999859,2,,266289.21,1653687.38,889238.27
Spain,ESP,Europe & Central Asia,High income,2014,83.22926829,2.5,240960.0067,9.08936405,4.303380013,24.44000053,,95.28644895,881953.41,506672.67,10912577.67
Estonia,EST,Europe & Central Asia,High income,2014,77.03414634,2.5,17940.00053,6.08077621,4.394330025,7.349999905,,92.7569146,47137.01,19176.07,393340.21
Ethiopia,ETH,Sub-Saharan Africa,Low income,2014,64.547,15.9,12340.00015,4.03363609,4.602019787,2.262000084,3,5.439999707,2743703.69,26644753.5,11853944.35
Finland,FIN,Europe & Central Asia,High income,2014,81.1804878,2.5,46159.99985,9.78115082,7.102369785,8.659999847,,83.58606658,179544.94,37415.44,1401496.01
Fiji,FJI,East Asia & Pacific,Upper middle income,2014,67.03,6.3,1289.999962,3.3686049,4.268219948,4.289999962,,,25349.74,53128.92,239816.61
France,FRA,Europe & Central Asia,High income,2014,82.7195122,2.5,306100.0061,11.54441643,,10.28999996,,78.76050083,1878083.26,747847.16,14698369.42
Gabon,GAB,Sub-Saharan Africa,Upper middle income,2014,64.318,13.3,5960.000038,2.53282118,2.666670084,20.57299995,,,55756.16,310316.94,274643.08
United Kingdom,GBR,Europe & Central Asia,High income,2014,81.30487805,2.5,415600.0061,9.95041275,5.564509869,6.110000134,,98.01222443,1200015.45,980262.38,16410158.58
Georgia,GEO,Europe & Central Asia,Upper middle income,2014,72.707,7.9,8470.000267,7.90386868,2.997679949,17.44000053,,37.95905461,145545.51,113435.75,1237641.98
Ghana,GHA,Sub-Saharan Africa,Lower middle income,2014,62.416,7.1,15090.00015,4.10044813,4.39978981,6.524000168,3.5,10.53152455,813168.55,7454029.49,4467086.86
Guinea,GIN,Sub-Saharan Africa,Low income,2014,59.016,,2240.00001,4.78097677,2.422810078,4.895999908,2.5,,468223.89,5502774.05,2037925.71
Guinea-Bissau,GNB,Sub-Saharan Africa,Low income,2014,56.556,,270.0000107,9.96897316,2.200000048,5.802999973,2,9.153628548,84716.01,639906.87,305650.1
Equatorial Guinea,GNQ,Sub-Saharan Africa,Upper middle income,2014,57.001,,7909.999847,2.19292378,,8.482999802,,,29421.23,314640.68,141694.44
Greece,GRC,Europe & Central Asia,High income,2014,81.38536585,2.5,69550.00305,7.90779018,,26.48999977,,87.04057237,232030.02,128547.69,2904417.22
Grenada,GRD,Latin America & Caribbean,Upper middle income,2014,72.503,,250,4.77353573,,,4,,3033.19,4088.85,24489.31
Greenland,GRL,Europe & Central Asia,High income,2014,71.98560976,,,,,,,89.8701133,3741.72,1317.85,15045.77
Guatemala,GTM,Latin America & Caribbean,Upper middle income,2014,72.935,17.7,13949.99981,5.8885684,2.985620022,2.720000029,,,851689.75,1248643.46,2659341.71
Guam,GUM,East Asia & Pacific,High income,2014,78.895,,,,,7.599999905,,,4399.39,6046.29,34774.64
Guyana,GUY,Latin America & Caribbean,Upper middle income,2014,69.049,7,2059.999943,3.94755459,4.360330105,12.92399979,3,,50618.3,66555.36,189322.1
Honduras,HND,Latin America & Caribbean,Lower middle income,2014,74.278,14.6,9460.000038,7.91455746,7.090119839,7.079999924,3,47.36961725,619290.64,462392.77,1526581.72
Croatia,HRV,Europe & Central Asia,High income,2014,77.47804878,2.5,16239.99977,6.70013046,,17.29000092,,75.54176099,157805.96,45068.2,1278720.3
Haiti,HTI,Latin America & Caribbean,Lower middle income,2014,62.069,42.6,3019.999981,4.62687111,1.753149986,13.95100021,2.5,,789277.72,2531572.63,2621599.32
Hungary,HUN,Europe & Central Asia,High income,2014,75.76341463,2.5,40630.00107,7.06011677,4.600399971,7.730000019,,82.95392947,347861.81,121126.77,3249939.52
Indonesia,IDN,East Asia & Pacific,Lower middle income,2014,70.481,7.9,483910.0037,2.96433592,3.288009882,4.050000191,,,5407430.74,19449922.03,51971910.13
India,IND,South Asia,Lower middle income,2014,68.286,14.8,2147110.107,3.61956549,,5.43599987,,33.62723216,51306707.19,178076592.8,244693422.6
Ireland,IRL,Europe & Central Asia,High income,2014,81.34878049,2.5,35529.99878,9.53489971,4.878499985,11.85999966,,77.29145367,90896.21,47253.06,980097.47
Iraq,IRQ,Middle East & North Africa,Upper middle income,2014,69.7,17.3,134039.9933,2.79654908,,10.59000015,,40.46022406,4359774.97,1881477.41,5994035.87
Iceland,ISL,Europe & Central Asia,High income,2014,82.86097561,2.5,2049.999952,8.22888947,7.641409874,4.900000095,,71.59272112,6238.05,3144.46,61639.13
Israel,ISR,Middle East & North Africa,High income,2014,82.15365854,2.5,64720.00122,7.14262056,5.766819954,5.889999866,,90.42238955,242106.46,101008.35,1411951.48
Italy,ITA,Europe & Central Asia,High income,2014,83.0902439,2.5,327500,8.86791897,4.061279774,12.68000031,,95.73321016,1115822.93,563068.46,15777169.98
Jamaica,JAM,Latin America & Caribbean,Upper middle income,2014,74.042,9.3,7190.000057,5.16565466,6.015860081,13.73999977,,,52662.48,116391.56,555394.71
Jordan,JOR,Middle East & North Africa,Upper middle income,2014,73.969,6,25549.99924,7.20892906,3.799999952,11.89999962,,81.06033197,166933.09,284562.99,1198207.85
Japan,JPN,East Asia & Pacific,High income,2014,83.58780488,2.5,1217119.995,10.7290144,3.551589966,3.599999905,,79.02057249,3320559.59,1995303.24,30780369.83
Kazakhstan,KAZ,Europe & Central Asia,Upper middle income,2014,71.44,2.5,209229.9957,2.97468472,3.421649933,5.059999943,,,938838.13,657539.94,4321617.49
Kenya,KEN,Sub-Saharan Africa,Lower middle income,2014,64.135,19.6,15149.99962,5.4593358,4.717299938,2.795000076,3,,1144149.55,11611948.93,5765346.72
Cambodia,KHM,East Asia & Pacific,Lower middle income,2014,68.273,9.2,6949.999809,6.70157766,1.909389973,0.689999998,2,,523441.59,1909627.85,2906239.53
Kiribati,KIR,East Asia & Pacific,Lower middle income,2014,66.995,3.2,59.99999866,9.93768883,11.23237038,,3.5,24.52203802,4662.08,17595.45,33784.19
Kuwait,KWT,Middle East & North Africa,High income,2014,75.019,2.5,85569.99969,2.9159987,4.400000095,2.900000095,,100,67848.88,65206.73,467555.55
Lebanon,LBN,Middle East & North Africa,Lower middle income,2014,78.732,5.5,25149.99962,7.51670218,2,8.809000015,,14.48889621,129613.52,139167.66,1061250.12
Liberia,LBR,Sub-Saharan Africa,Low income,2014,61.723,36.8,1220.000029,9.20679283,2.200050116,2.079999924,3,,113695.88,1792166.04,618467.58
Libya,LBY,Middle East & North Africa,Upper middle income,2014,71.981,,58000,,,19.46299934,,22.0371524,541652.35,144215.31,1089480.44
Sri Lanka,LKA,South Asia,Lower middle income,2014,76.147,6,17600.00038,3.60648084,1.932880044,4.190000057,3,,698580.36,628171.86,4143465.91
Lesotho,LSO,Sub-Saharan Africa,Lower middle income,2014,49.891,26.1,610.0000143,9.17449284,7.198599815,24.22100067,3,36.46185622,170333.19,1255235.49,445592.04
Lithuania,LTU,Europe & Central Asia,High income,2014,74.51707317,2.5,10859.99966,6.19332647,4.486579895,10.69999981,,89.5537888,169819.88,51137.11,977838.37
Luxembourg,LUX,Europe & Central Asia,High income,2014,82.22926829,2.5,9649.999619,5.43687868,3.855690002,5.849999905,,94.97834957,12946.22,5585.82,119189.55
Latvia,LVA,Europe & Central Asia,High income,2014,74.12439024,2.5,7280.00021,5.46614885,5.281229973,10.85000038,,69.84332806,95051.57,38578.79,691529.97
Morocco,MAR,Middle East & North Africa,Lower middle income,2014,75.477,4.1,58689.99863,5.27820778,,9.699999809,,37.42180347,1156523.93,1929252.68,7040546.03
Monaco,MCO,Europe & Central Asia,High income,2014,,,,2.0869267,1.021950006,,,100,963.97,527.02,12097.26
Moldova,MDA,Europe & Central Asia,Upper middle income,2014,71.267,,7710.000038,8.63275719,6.266019821,3.730000019,3,,172459.69,119823.13,1197767.68
Madagascar,MDG,Sub-Saharan Africa,Low income,2014,65.133,37.6,3009.99999,4.42833662,2.381230116,1.389999986,2.5,8.410305357,583329.37,6703446.7,3594928.09
Maldives,MDV,South Asia,Upper middle income,2014,77.36,,1370.000005,7.90784121,3.088589907,7.867000103,3,,6948.09,16961.68,54321.71
Mexico,MEX,Latin America & Caribbean,Upper middle income,2014,74.908,4.4,462239.9902,5.55341005,5.257470131,4.809999943,,43.06591674,4353964.28,4058536.94,22463160.26
Marshall Islands,MHL,East Asia & Pacific,Upper middle income,2014,,,150.000006,14.93682289,15.67000008,,3.5,,2598.13,4374.92,13688.05
North Macedonia,MKD,Europe & Central Asia,Upper middle income,2014,75.45121951,3.5,7699.999809,6.28993368,,28.03000069,,12.52660764,57510.25,37508.35,625327.08
Mali,MLI,Sub-Saharan Africa,Low income,2014,57.036,3.6,3380.000114,4.48156309,3.648190022,6.380000114,3,15.68827712,691349.01,10693305.91,2886516.86
Malta,MLT,Middle East & North Africa,High income,2014,82.04634146,2.5,2359.999895,9.08505249,7.004209995,5.71999979,,91.86797469,8871.45,5577.96,102786.46
Myanmar,MMR,East Asia & Pacific,Lower middle income,2014,65.378,5.1,17040.00092,4.39346027,1.899999976,0.754999995,3,60.95525265,1885762.4,6725248.8,12053745.79
Montenegro,MNE,Europe & Central Asia,Upper middle income,2014,76.44146341,2.5,2220.000029,8.00086784,,18,,39.37808478,21480.48,8248.71,178939.39
Mongolia,MNG,East Asia & Pacific,Lower middle income,2014,68.863,10.1,18120.00084,4.1765728,4.714849949,4.800000191,3.5,47.09869731,173743.43,206045.66,729264.08
Northern Mariana Islands,MNP,East Asia & Pacific,High income,2014,,,,,,,,,1573.71,1299.57,11868.06
Mozambique,MOZ,Sub-Saharan Africa,Low income,2014,56.062,25.7,4860.000134,6.33231783,6.876329899,3.382999897,3,,931664.25,13402161.27,3989934.61
Mauritania,MRT,Sub-Saharan Africa,Lower middle income,2014,63.654,8,2900.000095,3.46724391,,10.05099964,3,,106649.7,717445.72,476925.8
Mauritius,MUS,Sub-Saharan Africa,Upper middle income,2014,74.19439024,5.3,3950.000048,5.49399614,4.916950226,7.46999979,,,30226.7,40124.47,325883.23
Malawi,MWI,Sub-Saharan Africa,Low income,2014,61.042,15.4,850.0000238,9.71205044,4.839839935,5.897999763,2.5,22.69608387,405444.72,5453776.36,2275648.62
Malaysia,MYS,East Asia & Pacific,Upper middle income,2014,75.268,3.6,236649.9939,3.71036983,5.212639809,2.880000114,,72.67845877,758203.92,1224238.38,4918744.73
Namibia,NAM,Sub-Saharan Africa,Upper middle income,2014,61.425,21.5,3950.000048,8.40890884,9.577854156,18.52000046,,,99499.58,561571.16,346743.52
Niger,NER,Sub-Saharan Africa,Low income,2014,60.07,,2150.000095,4.45376825,5.103680134,0.519999981,3,13.74334085,708327.23,11336267.51,2795116.13
Nigeria,NGA,Sub-Saharan Africa,Lower middle income,2014,52.672,9.2,114830.0018,3.34840369,,4.559999943,3,27.08385391,5910646.52,89927174.48,28563400.14
Nicaragua,NIC,Latin America & Caribbean,Lower middle income,2014,73.429,19.7,4760.000229,7.97716141,4.0832901,4.519999981,3,,172864.02,243965.54,976942.09
Netherlands,NLD,Europe & Central Asia,High income,2014,81.70731707,2.5,149789.9933,10.56706905,5.458899975,7.420000076,,97.47990711,339046.78,186614.38,3973410.58
Norway,NOR,Europe & Central Asia,High income,2014,82.1,2.5,39110.00061,9.34493351,7.695040226,3.480000019,,63.305572,121011.77,57783.78,1123550.65
Nepal,NPL,South Asia,Lower middle income,2014,69.168,6.1,7130.000114,5.07548285,3.47213006,2.944000006,3,34.78278188,878958.61,3377955.5,5133253
Nauru,NRU,East Asia & Pacific,High income,2014,,,50.00000075,7.94534922,,,,,634.29,976.4,2526.98
New Zealand,NZL,East Asia & Pacific,High income,2014,81.40487805,2.5,31969.99931,9.40168381,6.342430115,5.429999828,,81.18582771,149526.58,48121.64,936967.41
Oman,OMN,Middle East & North Africa,High income,2014,76.634,7.1,66389.99939,3.52693391,,3.542999983,,,171264.85,105540.75,524807.7
Pakistan,PAK,South Asia,Lower middle income,2014,66.36,13.4,154240.0055,2.72200799,2.465929985,1.830000043,2.5,,5893886.31,52666277.03,37036863.69
Panama,PAN,Latin America & Caribbean,High income,2014,77.583,8.3,10760.00023,6.92144489,,2.707000017,,,123710.76,161566.22,614742.37
Peru,PER,Latin America & Caribbean,Upper middle income,2014,75.529,5.4,53169.99817,4.978508,3.695990086,3.210000038,,38.36746413,872511.43,1751246.49,4644638.24
Philippines,PHL,East Asia & Pacific,Lower middle income,2014,70.481,11.1,101819.9997,3.70313644,2.789999962,3.599999905,,53.62477569,2903652.39,9039371.07,19119134.9
Palau,PLW,East Asia & Pacific,Upper middle income,2014,,,219.9999988,12.1215744,6.550000191,,,,1025.01,1062.81,5749.36
Papua New Guinea,PNG,East Asia & Pacific,Lower middle income,2014,63.181,23.1,5889.999866,3.27119088,,2.375,3,,375558.92,1861710.4,1726913.28
Poland,POL,Europe & Central Asia,High income,2014,77.60243902,2.5,285730.011,6.38664055,4.935540199,8.989999771,,88.38511039,1445794.88,548314.14,10273458.06
Puerto Rico,PRI,Latin America & Caribbean,High income,2014,79.20246341,,,,6.072659969,13.89999962,,32.50916088,118028.96,84263.8,863615.78
Portugal,PRT,Europe & Central Asia,High income,2014,81.12195122,2.5,45930.00031,9.34288025,5.124000072,13.89000034,,75.84735746,226694.03,188740.02,2827210.72
Paraguay,PRY,Latin America & Caribbean,Upper middle income,2014,73.473,7.1,5630.000114,6.64387417,4.789110184,5.03000021,,55.85809387,212907.49,286334,1073104.2
Qatar,QAT,Middle East & North Africa,High income,2014,79.646,,81660.00366,2.42293572,3.605350018,0.200000003,,88.5,80156.13,28912.69,265500.66
Romania,ROU,Europe & Central Asia,High income,2014,74.9097561,2.5,71540.00092,5.02168465,3.121220112,6.800000191,,70.48701356,725797.12,439279.1,6364772.44
Rwanda,RWA,Sub-Saharan Africa,Low income,2014,66.884,35.1,860.0000143,6.95749235,4.19878006,1.169999957,3.5,,416658.4,2283131.49,1604944.25
Saudi Arabia,SAU,Middle East & North Africa,High income,2014,74.533,4.3,540520.0195,5.22795486,,5.71999979,,51.82182411,1891868.19,663708.46,4713008.36
Sudan,SDN,Sub-Saharan Africa,Low income,2014,64.169,11.1,16120.00084,5.67619705,,17.43099976,1.5,,1461511.4,5612200.26,6625696.54
Senegal,SEN,Sub-Saharan Africa,Lower middle income,2014,66.37,11.8,8569.999695,4.39605808,5.720210075,7.645999908,3.5,20.3024708,328669.46,3317058.41,2045935.25
Singapore,SGP,East Asia & Pacific,High income,2014,82.49512195,,44400.00153,3.87155676,2.92437005,3.74000001,,100,87584.47,78771.69,789329.13
Solomon Islands,SLB,East Asia & Pacific,Lower middle income,2014,71.896,18.7,340.0000036,5.06938744,9.812000275,0.73299998,3,,39869.95,92632.03,166812.58
Sierra Leone,SLE,Sub-Saharan Africa,Low income,2014,52.372,25,1149.999976,19.72741699,2.662919998,4.679999828,3,12.44899359,281476.52,3730231.5,1278082.77
El Salvador,SLV,Latin America & Caribbean,Lower middle income,2014,72.175,10.8,6590.000153,7.68152761,3.824160099,4.150000095,,,534253.54,246858.53,1137641.21
San Marino,SMR,Europe & Central Asia,High income,2014,,,,7.52978706,,,,70.3715,703.76,350.32,7548.89
Somalia,SOM,Sub-Saharan Africa,Low income,2014,55.509,60.4,649.9999762,,,18.93000031,,26.26924638,927824.4,8832418.12,2598701.96
Serbia,SRB,Europe & Central Asia,Upper middle income,2014,75.33658537,3.7,38959.99908,9.23958969,3.926980019,19.21999931,,18.82964332,278555.12,128049.48,2908499.04
South Sudan,SSD,Sub-Saharan Africa,Low income,2014,56.552,,1529.999971,,1.232460022,12.18799973,2,,596198.93,4594240.2,1339024.07
Sao Tome and Principe,STP,Sub-Saharan Africa,Lower middle income,2014,69.052,13,119.9999973,6.73101854,3.749059916,13.70499992,3.5,27.93752832,4149,20123.09,30638.16
Suriname,SUR,Latin America & Caribbean,Upper middle income,2014,71.133,7.3,2619.999886,4.84127617,,6.940000057,,27.18519424,22799.72,38529.59,122518.79
Slovenia,SVN,Europe & Central Asia,High income,2014,81.07804878,2.5,13109.99966,8.50197506,5.291699886,9.670000076,,58.32038084,84191.16,21276.11,487237.05
Sweden,SWE,Europe & Central Asia,High income,2014,82.25365854,2.5,39080.00183,10.9479475,7.573729992,7.949999809,,94.42198503,233387.57,98951.18,2309056.07
Eswatini,SWZ,Sub-Saharan Africa,Lower middle income,2014,53.569,12.7,750,7.25702429,7.070590019,23.9659996,,,70299.66,487089.16,199556.33
Seychelles,SYC,Sub-Saharan Africa,High income,2014,73.22926829,,469.9999988,4.7388773,4.083680153,,,,2862.36,4519.71,21642.79
Chad,TCD,Sub-Saharan Africa,Low income,2014,52.789,27,2259.99999,4.27316856,2.599999905,1.046000004,2.5,9.241946941,543497.87,8362977.31,2123729.73
Togo,TGO,Sub-Saharan Africa,Low income,2014,59.58,20.2,1590.000033,5.07536507,4.78455019,2.144999981,2.5,8.127651473,238396.33,2488549.27,1054239.77
Thailand,THA,East Asia & Pacific,Upper middle income,2014,75.747,7.8,256799.9878,3.68448091,3.723560095,0.579999983,,23.91465201,2569412,2806526.49,13804815.63
Tajikistan,TJK,Europe & Central Asia,Lower middle income,2014,69.874,,4579.999924,6.6654973,,8.229999542,2.5,,230074.42,794860.01,1536926.49
Turkmenistan,TKM,Europe & Central Asia,Upper middle income,2014,67.552,3.6,71400.00153,5.49777317,,4.144999981,,,132635.68,350599.16,1094926.22
Tonga,TON,East Asia & Pacific,Upper middle income,2014,70.427,,109.9999994,5.29359198,,2.36500001,3.5,35.55715146,2221.58,5668.41,19944.59
Trinidad and Tobago,TTO,Latin America & Caribbean,High income,2014,72.768,6.6,22040.00092,5.20177984,5.331940174,2.480000019,,,54036.11,49118.9,328971.08
Tunisia,TUN,Middle East & North Africa,Lower middle income,2014,75.734,2.7,29950.00076,6.80739641,6.881869793,15.05700016,,72.88986104,304812.12,293346.31,2147724.36
Tuvalu,TUV,East Asia & Pacific,Upper middle income,2014,,,9.999999776,16.86151695,,,3.5,6.195572325,460.75,648.2,3105.34
Tanzania,TZA,Sub-Saharan Africa,Lower middle income,2014,62.288,22.5,10710.00004,4.01492023,3.384880066,2.119999886,3,21.04205092,1381519.43,15573574,7664356.39
Uganda,UGA,Sub-Saharan Africa,Low income,2014,60.669,,4110.000134,5.33653069,1.914720058,1.906000018,2,,1173810.45,12390715.46,4932531.59
Ukraine,UKR,Europe & Central Asia,Lower middle income,2014,71.18658537,2.5,237729.9957,7.18958139,5.874939919,9.270000458,,62.41621185,2542362.71,1258408.6,15881735.14
Uruguay,URY,Latin America & Caribbean,High income,2014,77.244,2.5,6500,8.07321835,4.584980011,6.550000191,,,136578.48,77652.96,824476.11
United States,USA,North America,High income,2014,78.84146341,2.5,5107209.961,16.25333214,,6.170000076,,98.33755989,9469808.68,4890436.7,86706771.17
Uzbekistan,UZB,Europe & Central Asia,Lower middle income,2014,70.671,2.5,104870.0027,4.6729269,5.713230133,5.099999905,2,,1048503.8,2254922.84,6486328.23
Vietnam,VNM,East Asia & Pacific,Lower middle income,2014,75.056,8.6,180869.9951,4.6127553,,1.25999999,3,,3128545.47,3923026.73,17497680.01
Vanuatu,VUT,East Asia & Pacific,Lower middle income,2014,69.719,8.8,159.9999964,3.64668846,5.181950092,1.807999969,3,,12370.1,26451.3,61338.91
Samoa,WSM,East Asia & Pacific,Lower middle income,2014,72.549,4.1,209.9999934,6.60753155,5.409999847,8.720000267,4,47.9340833,6364.5,8774.2,40766.81
South Africa,ZAF,Sub-Saharan Africa,Upper middle income,2014,61.968,4.8,447929.9927,8.55091476,5.489779949,24.88999939,,,3091471.33,15505942.05,9976272.1
Zambia,ZMB,Sub-Saharan Africa,Low income,2014,60.831,,4690.000057,3.82924223,5.199999809,9.362000465,3,,477110.36,5484188.87,2306969.21
Zimbabwe,ZWE,Sub-Saharan Africa,Lower middle income,2014,58.41,,12079.99992,8.13352489,6.13835001,4.769999981,1.5,27.47101543,537357.53,5116508.56,2133039.24
Afghanistan,AFG,South Asia,Low income,2015,63.377,21.5,5949.999809,10.10534763,3.255800009,11.12699986,2,,3673696.62,6528888.62,6988545.28
Angola,AGO,Sub-Saharan Africa,Lower middle income,2015,59.398,14.5,31649.99962,2.60579491,3.4868958,7.392000198,,,1176597.19,8056503.17,3778744.4
Albania,ALB,Europe & Central Asia,Upper middle income,2015,78.025,4.9,4619.999886,4.89631176,3.437969923,17.19000053,,46.33301305,80908.83,57284.75,607281.32
Andorra,AND,Europe & Central Asia,High income,2015,,,469.9999988,6.28353453,3.28034997,,,99.99999755,1928.58,765.96,17120.05
United Arab Emirates,ARE,Middle East & North Africa,High income,2015,77.285,6.5,195240.0055,3.58359432,,1.768000007,,91.8297723,380850.3,120097.1,1379068.24
Argentina,ARG,Latin America & Caribbean,Upper middle income,2015,76.068,2.5,185550.0031,10.22933865,5.776110172,7.520999908,,51.04761816,1424177.46,1474333.51,9112348.45
Armenia,ARM,Europe & Central Asia,Upper middle income,2015,74.467,2.8,5340.000153,10.11763382,2.80591011,18.26000023,,61.59785326,83366.36,76354.25,777344.69
American Samoa,ASM,East Asia & Pacific,Upper middle income,2015,,,,,,,,,1476.02,1925.11,12563.31
Antigua and Barbuda,ATG,Latin America & Caribbean,High income,2015,76.483,,490.0000095,5.27965546,,,,,2127.43,2554.74,18383.25
Australia,AUS,East Asia & Pacific,High income,2015,82.4,2.5,377799.9878,9.32758904,5.315839767,6.050000191,,69.42493178,703952.21,212457.42,4903709.39
Austria,AUT,Europe & Central Asia,High income,2015,81.1902439,2.5,63240.00168,10.36746693,5.456580162,5.71999979,,99.63836064,223311.72,73858.54,2207913.77
Azerbaijan,AZE,Europe & Central Asia,Upper middle income,2015,72.266,2.5,31770.00046,4.10663605,2.951679945,4.960000038,,24.52326138,244774.93,591168.71,2291755.1
Burundi,BDI,Sub-Saharan Africa,Low income,2015,60.123,,400.000006,6.42882729,6.370540142,1.600000024,2,,521354.94,3716569.72,1491125.68
Belgium,BEL,Europe & Central Asia,High income,2015,80.99268293,2.5,95129.99725,10.43065357,6.451570034,8.479999542,,84.41646718,366867.64,166456.13,2795114.45
Benin,BEN,Sub-Saharan Africa,Lower middle income,2015,60.608,7.3,5510.000229,2.90741682,3.17298007,2.006999969,3.5,,403246.09,4438452.55,1776280.17
Burkina Faso,BFA,Sub-Saharan Africa,Low income,2015,59.919,12,3700.000048,5.13192463,3.67008996,4.321000099,3.5,,869232.53,9505462.1,3715389.89
Bangladesh,BGD,South Asia,Lower middle income,2015,71.514,14,72190.00244,2.63947296,,4.366000175,2.5,33.64912089,3317922.18,14120850.87,25660876.32
Bulgaria,BGR,Europe & Central Asia,Upper middle income,2015,74.61463415,3.4,44560.00137,7.41093588,,9.140000343,,62.62218021,263025.64,120152.55,2897449.16
Bahrain,BHR,Middle East & North Africa,High income,2015,76.762,,30579.99992,4.9869976,2.674540043,1.202000022,,86.37973774,29827.74,19327.96,207986.36
Bosnia and Herzegovina,BIH,Europe & Central Asia,Upper middle income,2015,76.865,2.5,19620.00084,9.35174561,,27.69000053,,35.32234032,112259.51,49863.89,1010470.49
Belarus,BLR,Europe & Central Asia,Upper middle income,2015,73.62439024,2.5,54819.99969,6.06533337,4.787519932,5.840000153,,75.97225663,499483.1,159890.1,3110516.95
Belize,BLZ,Latin America & Caribbean,Upper middle income,2015,74.034,7.8,680.0000072,5.9350915,6.870150089,7.579999924,,,17372.57,20249.17,58533.04
Bermuda,BMU,North America,High income,2015,81.01219512,,,,1.501639962,,,,1206.07,1238.67,15177.98
Bolivia,BOL,Latin America & Caribbean,Lower middle income,2015,70.277,14.3,20760.00023,6.55064964,8.93999958,3.109999895,3,45.61717777,384525.73,1145952.9,2076103.12
Brazil,BRA,Latin America & Caribbean,Upper middle income,2015,74.994,2.5,485339.9963,8.90929508,6.24105978,8.430000305,,43.92766119,10026453.53,9905071.45,44042099.88
Barbados,BRB,Latin America & Caribbean,High income,2015,78.801,4.3,1269.999981,6.7748456,5.382918835,9.800000191,,,6828.34,9446.81,75435.55
Bhutan,BTN,South Asia,Lower middle income,2015,70.419,,769.9999809,3.75701189,7.590099812,2.450000048,4.5,62.87392457,20643.37,75187.95,128080.24
Botswana,BWA,Sub-Saharan Africa,Upper middle income,2015,67.338,19.6,6949.999809,5.72629929,7.806508541,20.57099915,,,117803.11,609513.32,394811.75
Central African Republic,CAF,Sub-Saharan Africa,Low income,2015,50.881,49.9,189.9999976,5.0343523,1.91022861,5.605999947,2.5,15.33947083,430688.65,3311386.42,946013.03
Canada,CAN,North America,High income,2015,81.9,2.5,558700.0122,10.73320484,,6.909999847,,82.80387768,887780.23,422462.93,7899559.44
Switzerland,CHE,Europe & Central Asia,High income,2015,82.89756098,2.5,39090.00015,11.00794983,4.93844986,4.800000191,,99.63288821,212156.09,83421.77,1889027.17
Chile,CHL,Latin America & Caribbean,High income,2015,79.646,3.1,82230.00336,8.30269146,4.875309944,6.510000229,,71.18451893,515692.98,297241.91,3454934.73
China,CHN,East Asia & Pacific,Upper middle income,2015,75.928,2.5,9861099.609,4.93827963,3.82487011,4.630000114,,52.48634689,36439359.09,24577256.72,304811336.4
Cote d'Ivoire,CIV,Sub-Saharan Africa,Lower middle income,2015,56.065,8.3,9810.00042,3.21990895,3.494159937,3.148999929,3,,802042.17,9448726.17,3593280.13
Cameroon,CMR,Sub-Saharan Africa,Lower middle income,2015,57.583,5.4,8460.000038,3.74879193,2.657919884,3.551000118,2.5,,993628.09,9747538.12,3906695.46
Colombia,COL,Latin America & Caribbean,Upper middle income,2015,76.531,6.5,80230.00336,7.52338552,4.470389843,8.300000191,,17.5644759,1994453.54,1481026.09,7520023.09
Comoros,COM,Sub-Saharan Africa,Lower middle income,2015,63.471,,189.9999976,4.60089922,2.545059919,8.13599968,2.5,,23220.04,129710.13,114511.19
Costa Rica,CRI,Latin America & Caribbean,Upper middle income,2015,79.565,4.1,7539.999962,7.59196186,6.87349987,9,,32.08354676,141995.06,89679.89,777667.29
Cuba,CUB,Latin America & Caribbean,Upper middle income,2015,78.561,2.5,29209.99908,12.81401348,,2.400000095,,37.23542419,327655.84,261383.25,2783037.06
Cyprus,CYP,Europe & Central Asia,High income,2015,80.35,2.5,6849.999905,6.75352287,6.326129913,14.90999985,,76.83065699,26397.31,11185.33,252801.19
Germany,DEU,Europe & Central Asia,High income,2015,80.64146341,2.5,742309.9976,11.18370342,4.855150223,4.619999886,,96.87687416,1899521.32,968428.74,23702567.92
Djibouti,DJI,Middle East & North Africa,Lower middle income,2015,64.136,14.2,460.0000083,3.07556486,3.590240002,26.32500076,2.5,33.82096425,34730.9,281206.35,159849.74
Dominica,DMA,Latin America & Caribbean,Upper middle income,2015,,5.3,180.0000072,5.15941811,3.408580065,,4,,3087.96,3284.07,19123.99
Denmark,DNK,Europe & Central Asia,High income,2015,80.70243902,2.5,33700.00076,10.22716618,,6.28000021,,90.44301167,112427.33,71435.01,1434723.45
Dominican Republic,DOM,Latin America & Caribbean,Upper middle income,2015,73.241,7.4,23590.00015,5.78463221,3.816240072,7.610000134,,,471872.88,801652.36,2039450.77
Algeria,DZA,Middle East & North Africa,Lower middle income,2015,76.09,2.8,156270.0043,6.9784894,,11.21000004,,18.75313209,1209097.11,1779055.15,6890763.97
Ecuador,ECU,Latin America & Caribbean,Upper middle income,2015,76.143,9,41520.00046,7.49149466,4.998700142,3.619999886,,41.68797239,675104.72,700293.6,2731793.75
Eritrea,ERI,Sub-Saharan Africa,Low income,2015,64.664,,649.9999762,4.45335484,,5.828000069,2,,268163.3,1593183.47,908879.06
Spain,ESP,Europe & Central Asia,High income,2015,82.83170732,2.5,256279.9988,9.12617207,4.286570072,22.05999947,,95.47630733,880281.16,505652.91,11024053.46
Estonia,EST,Europe & Central Asia,High income,2015,77.5902439,2.5,15539.99996,6.34629202,5.144189835,6.190000057,,92.82388663,44831.21,18685.71,386097.76
Ethiopia,ETH,Sub-Saharan Africa,Low income,2015,65.048,14.8,12890.00034,3.82317114,4.737919807,2.273999929,3,5.654994616,2738822.83,25713232.62,12011987.27
Finland,FIN,Europe & Central Asia,High income,2015,81.4804878,2.5,42819.99969,9.64523888,7.032080173,9.380000114,,83.84297108,174898.77,36570.47,1402720.88
Fiji,FJI,East Asia & Pacific,Upper middle income,2015,67.103,6.5,1379.999995,3.32468939,4.809319973,4.295000076,,,25141.57,52926.87,242828.97
France,FRA,Europe & Central Asia,High income,2015,82.32195122,2.5,311299.9878,11.4475565,,10.35000038,,78.7202854,1909829.03,761851.3,14904272.39
Gabon,GAB,Sub-Saharan Africa,Upper middle income,2015,64.913,13.9,6119.999886,2.6574378,2.991663933,20.61300087,,,56032.03,300422.91,280020.65
United Kingdom,GBR,Europe & Central Asia,High income,2015,80.95609756,2.5,401079.9866,9.90072441,5.514110088,5.300000191,,98.02628399,1211396.08,997436.89,16612137.64
Georgia,GEO,Europe & Central Asia,Upper middle income,2015,72.973,8.1,9199.999809,7.42301512,3.164870024,16.51000023,,37.22872931,144207.18,109314.53,1229672.49
Ghana,GHA,Sub-Saharan Africa,Lower middle income,2015,62.772,7.7,15779.99973,4.62171459,4.434050083,6.809999943,3.5,11.00233495,855628.63,7313162.89,4611697.34
Guinea,GIN,Sub-Saharan Africa,Low income,2015,59.598,,2539.999962,5.80920601,2.517139912,4.922999859,2.5,,477448.85,5404889.08,2080929.06
Guinea-Bissau,GNB,Sub-Saharan Africa,Low income,2015,56.959,,280.0000012,8.13228226,2.299999952,5.869999886,2,9.63497749,82079,625826.06,308810.73
Equatorial Guinea,GNQ,Sub-Saharan Africa,Upper middle income,2015,57.359,,6570.000172,2.91533303,,8.543999672,,,30089.92,321990.04,146446.76
Greece,GRC,Europe & Central Asia,High income,2015,81.03658537,2.5,68010.00214,8.06892395,3.661390066,24.89999962,,87.83493406,246675.84,135029.92,2915985.43
Grenada,GRD,Latin America & Caribbean,Upper middle income,2015,72.445,,270.0000107,4.64675617,4.238609791,,4,,3010.42,4074.88,24734.81
Greenland,GRL,Europe & Central Asia,High income,2015,71.97731707,,,,12.00459957,,,90.50001399,3638.58,1298.49,15016.01
Guatemala,GTM,Latin America & Caribbean,Upper middle income,2015,73.25,17.3,16340.00015,6.00602055,3.030329943,2.50999999,,,869789.18,1211410.01,2739705.81
Guam,GUM,East Asia & Pacific,High income,2015,79.144,,,,,6.900000095,,,4414.07,6133.84,35461.59
Guyana,GUY,Latin America & Caribbean,Upper middle income,2015,69.262,6.8,2079.999924,4.02264786,3.895699978,13.21199989,3,,49234.69,63710.69,189779.15
Honduras,HND,Latin America & Caribbean,Lower middle income,2015,74.495,14.5,9930.000305,7.48378992,6.412970066,6.150000095,3,47.74141572,658492.84,455716.08,1562803.02
Croatia,HRV,Europe & Central Asia,High income,2015,77.27560976,2.5,16600.00038,6.78702879,,16.18000031,,74.25955209,158573.78,45421.24,1308910.32
Haiti,HTI,Latin America & Caribbean,Lower middle income,2015,62.485,42.4,3279.999971,5.06690121,1.857040048,13.96199989,2.5,,798114.5,2493195.69,2685499.92
Hungary,HUN,Europe & Central Asia,High income,2015,75.56829268,2.5,43380.00107,6.85949564,4.494100094,6.809999943,,85.03813531,349200.33,122183.87,3291057.08
Indonesia,IDN,East Asia & Pacific,Lower middle income,2015,70.768,7.2,488549.9878,2.92428517,3.583600044,4.510000229,,,5339545.63,18782361.44,52836885.21
India,IND,South Asia,Lower middle income,2015,68.607,14.5,2158020.02,3.59565997,4.114570141,5.434999943,,35.70761814,50561002,170784765.2,250844868.6
Ireland,IRL,Europe & Central Asia,High income,2015,81.45365854,2.5,37060.00137,7.31605005,3.758769989,9.909999847,,79.13883688,88352.96,47725.67,990465.88
Iraq,IRQ,Middle East & North Africa,Upper middle income,2015,69.929,18.4,133169.9982,3.14434433,4.489999771,10.72500038,,41.08641063,3872516.92,1794110.64,6121837.63
Iceland,ISL,Europe & Central Asia,High income,2015,82.46829268,2.5,2059.999943,8.06978989,7.457970142,3.980000019,,73.98600849,6323.28,3183.49,62691.82
Israel,ISR,Middle East & North Africa,High income,2015,82.05121951,2.5,66139.99939,7.09919786,5.862110138,5.25,,91.17874112,146666.47,103003.9,1443315.58
Italy,ITA,Europe & Central Asia,High income,2015,82.54390244,2.5,337859.9854,8.85689163,4.073629856,11.89999962,,95.74372839,1122428.49,567661.78,15993244.29
Jamaica,JAM,Latin America & Caribbean,Upper middle income,2015,74.098,9.7,7090.000153,5.62469387,5.455210209,13.51000023,,,57320.15,112595.46,563653.3
Jordan,JOR,Middle East & North Africa,Upper middle income,2015,74.078,6.3,25309.99947,7.4609561,3.450000048,13.07999992,,81.27478999,174132.04,292873.44,1268626.33
Japan,JPN,East Asia & Pacific,High income,2015,83.79390244,2.5,1179439.941,10.74969959,,3.400000095,,79.42923417,3254159.33,1983045.88,30823034.74
Kazakhstan,KAZ,Europe & Central Asia,Upper middle income,2015,71.97,2.5,190729.9957,3.04051137,2.788579941,4.929999828,,,902595.4,633299.63,4288052.52
Kenya,KEN,Sub-Saharan Africa,Lower middle income,2015,64.798,21.5,17209.99908,5.21938562,4.743500233,2.77699995,3,,1157115.86,11220647.59,5880993.92
Cambodia,KHM,East Asia & Pacific,Lower middle income,2015,68.637,8.9,8430.000305,6.19431591,2.599999905,0.389999986,2,,522651.16,1843916.36,2970829.73
Kiribati,KIR,East Asia & Pacific,Lower middle income,2015,67.291,3.2,59.99999866,7.98818541,9.862959862,,3.5,24.92736807,4667.8,17315.26,34201.3
Kuwait,KWT,Middle East & North Africa,High income,2015,75.13,2.5,89019.99664,4.21497965,4.771480083,2.200000048,,100,73736.65,68379.47,494987.74
Lebanon,LBN,Middle East & North Africa,Lower middle income,2015,78.768,5.9,27010.00023,7.41442871,2.099999905,9.317000389,,14.91084872,127414.72,134657.91,1074402.7
Liberia,LBR,Sub-Saharan Africa,Low income,2015,62.269,36.4,1259.99999,10.63758373,2.170830011,2.079999924,3,,110574.86,1544823.86,623187.63
Libya,LBY,Middle East & North Africa,Upper middle income,2015,72.121,,51330.00183,,,19.53100014,,21.83752813,489227.67,143638.85,1121526.9
Sri Lanka,LKA,South Asia,Lower middle income,2015,76.316,5.2,20360.00061,3.88992095,2.22874999,4.519999981,3,,699874.19,604503.73,4175119.4
Lesotho,LSO,Sub-Saharan Africa,Lower middle income,2015,51.038,30.3,649.9999762,8.99539375,9,23.8409996,3,38.37956927,171049.25,1220944.95,448728.27
Lithuania,LTU,Europe & Central Asia,High income,2015,74.32195122,2.5,11069.99969,6.49043989,4.227190018,9.119999886,,90.92168865,162765.27,50524.51,984178.45
Luxembourg,LUX,Europe & Central Asia,High income,2015,82.29268293,2.5,9130.000114,5.28378248,3.767920017,6.670000076,,95.61716798,13319.92,5695.83,120553.41
Latvia,LVA,Europe & Central Asia,High income,2015,74.4804878,2.5,7320.000172,5.65469503,5.282519817,9.869999886,,72.04224815,90434.13,37827.54,678284.49
Morocco,MAR,Middle East & North Africa,Lower middle income,2015,75.726,3.8,60409.99985,5.06548977,4.645984173,9.460000038,,37.74099097,1142433.48,1817539.73,7138701.68
Monaco,MCO,Europe & Central Asia,High income,2015,,,,2.02846766,,,,100,964.58,525.23,12108.38
Moldova,MDA,Europe & Central Asia,Upper middle income,2015,71.478,,8020.000458,8.55763531,5.805689812,4.699999809,2.5,,170275.5,118837.27,1223332.64
Madagascar,MDG,Sub-Saharan Africa,Low income,2015,65.539,40.2,3279.999971,4.97224474,2.210119963,1.789999962,2.5,8.745424596,577487.78,6588260.75,3673974.47
Maldives,MDV,South Asia,Upper middle income,2015,77.691,,1370.000005,8.6903019,3.887510061,6.928999901,3,,7168.2,17051.85,56389.07
Mexico,MEX,Latin America & Caribbean,Upper middle income,2015,74.904,5,471630.0049,5.72277403,5.229420185,4.309999943,,45.36435171,4400865.03,3957337.98,22899107.82
Marshall Islands,MHL,East Asia & Pacific,Upper middle income,2015,,,150.000006,17.03569794,17.62999916,,3.5,,2583.47,4271.7,13906.67
North Macedonia,MKD,Europe & Central Asia,Upper middle income,2015,75.40243902,3.3,7409.999847,6.34227896,,26.06999969,,12.46933043,58626.06,36780.55,635926.18
Mali,MLI,Sub-Saharan Africa,Low income,2015,57.509,3.4,3650.000095,4.11143351,3.801520109,7.730000019,3,16.40083107,734243.79,10713095.47,3002249.94
Malta,MLT,Middle East & North Africa,High income,2015,81.89756098,2.5,1659.999967,8.89759541,5.023980141,5.380000114,,91.86797469,8838.27,5607,102832.16
Myanmar,MMR,East Asia & Pacific,Lower middle income,2015,65.81,4.2,19040.00092,5.47780514,2.099999905,0.769999981,3,60.92729913,1909908.95,6326942.92,12138060.84
Montenegro,MNE,Europe & Central Asia,Upper middle income,2015,76.44878049,2.5,2359.999895,9.02188778,,17.54000092,,40.71380573,21219.66,7759.2,180159.94
Mongolia,MNG,East Asia & Pacific,Lower middle income,2015,69.111,8.4,17299.99924,4.23834085,4.223619938,4.860000134,3.5,48.54463438,172001.73,188603.91,741458.44
Northern Mariana Islands,MNP,East Asia & Pacific,High income,2015,,,,,,,,,1549.4,1286.95,12034.54
Mozambique,MOZ,Sub-Saharan Africa,Low income,2015,57.206,29.7,5519.999981,6.7166338,6.010829926,3.430000067,2.5,,956260.3,12955070.5,4054041.84
Mauritania,MRT,Sub-Saharan Africa,Lower middle income,2015,63.936,8.3,3559.999943,3.67363763,,10.13799953,3,,106015.29,698992.14,485736.86
Mauritius,MUS,Sub-Saharan Africa,Upper middle income,2015,74.35317073,5.6,3960.000038,5.6999588,4.886670113,7.409999847,,,30757.48,38611.04,331007.95
Malawi,MWI,Sub-Saharan Africa,Low income,2015,61.953,16,930.0000072,9.33334064,5.608660221,5.863999844,2.5,22.94875758,425979.48,5286826.68,2318005.94
Malaysia,MYS,East Asia & Pacific,Upper middle income,2015,75.461,3.8,236539.9933,3.81819606,4.894869804,3.099999905,,73.44444153,766883.23,1255870.78,5069652
Namibia,NAM,Sub-Saharan Africa,Upper middle income,2015,62.119,21,4199.999809,9.98109627,9.850768089,20.9109993,,,100473.94,557023,354543.67
Niger,NER,Sub-Saharan Africa,Low income,2015,60.631,,2109.999895,5.34746218,4.486690044,0.529999971,3,14.1756123,777675.19,11346021.67,2926049.63
Nigeria,NGA,Sub-Saharan Africa,Lower middle income,2015,53.112,9.2,107760.0021,3.58194971,,4.309999943,3,27.62076539,5966517.42,87952359.98,29211555.01
Nicaragua,NIC,Latin America & Caribbean,Lower middle income,2015,73.649,19,5269.999981,7.96303225,4.078430176,4.699999809,3,,161529.9,239134.59,981963.96
Netherlands,NLD,Europe & Central Asia,High income,2015,81.5097561,2.5,157410.0037,10.32393837,5.34815979,6.869999886,,97.48330602,337596.48,185258.11,4035919.56
Norway,NOR,Europe & Central Asia,High income,2015,82.30487805,2.5,39490.00168,10.13146877,7.569330215,4.300000191,,63.65054922,119943.65,57806.7,1124877.15
Nepal,NPL,South Asia,Lower middle income,2015,69.515,5.3,7190.000057,5.46615076,3.25902009,3.099999905,3,36.85708854,1391558.42,3235798.89,5255331.43
Nauru,NRU,East Asia & Pacific,High income,2015,,,59.99999866,13.73628521,5.594433784,,,,616.94,921.49,2502.98
New Zealand,NZL,East Asia & Pacific,High income,2015,81.45682927,2.5,32279.99878,9.28344345,6.325059891,5.409999847,,81.22610678,150693.24,45784.65,946017.69
Oman,OMN,Middle East & North Africa,High income,2015,76.887,8.1,70129.99725,4.3044014,,3.39199996,,,169320.23,108897.75,544615.3
Pakistan,PAK,South Asia,Lower middle income,2015,66.577,12.8,164130.0049,2.68711925,2.650019884,3.569999933,3,,6002149.07,51760291.82,37884791.05
Panama,PAN,Latin America & Caribbean,High income,2015,77.776,8.1,10699.99981,6.8090291,2.836289883,2.976999998,,,115378.13,161776.88,626214.55
Peru,PER,Latin America & Caribbean,Upper middle income,2015,75.792,5.9,54549.99924,4.97963047,3.969330072,3.269999981,,40.66890798,844422.64,1708881.84,4707375.62
Philippines,PHL,East Asia & Pacific,Lower middle income,2015,70.644,10.2,111010.0021,3.89827442,3.329999924,3.069999933,,54.77230402,2978770.39,9108160.27,19672519.65
Palau,PLW,East Asia & Pacific,Upper middle income,2015,,,209.9999934,11.43467426,5.710000038,,,,1019.09,1049.2,5880.16
Papua New Guinea,PNG,East Asia & Pacific,Lower middle income,2015,63.466,23,6510.000229,1.81881714,,2.476000071,3,,384098.12,1865815.61,1785078.51
Poland,POL,Europe & Central Asia,High income,2015,77.45121951,2.5,289079.9866,6.39477158,4.809939861,7.5,,89.06251536,1437044.95,554389.98,10434503.58
Puerto Rico,PRI,Latin America & Caribbean,High income,2015,79.3534878,,,,,12,,32.50916088,112754.28,79706.72,849290.61
Portugal,PRT,Europe & Central Asia,High income,2015,81.12439024,2.5,49849.99847,9.31645775,4.885540009,12.43999958,,78.1730268,220572.72,192591.61,2825713.56
Paraguay,PRY,Latin America & Caribbean,Upper middle income,2015,73.662,7.4,6369.999886,6.70042467,3.338150024,4.559999943,,56.62507469,217588.39,270531.73,1097479.41
Qatar,QAT,Middle East & North Africa,High income,2015,79.758,,84779.99878,3.00097346,,0.170000002,,91.4,78921.04,29469.42,276810.15
Romania,ROU,Europe & Central Asia,High income,2015,74.91219512,2.5,73319.99969,4.94721556,3.109630108,6.809999943,,72.69717227,712596.55,429049.72,6335571.07
Rwanda,RWA,Sub-Saharan Africa,Low income,2015,67.45,35.3,980.0000191,6.62107325,3.649159908,1.148000002,3.5,,419560.12,2270928.85,1647263.74
Saudi Arabia,SAU,Middle East & North Africa,High income,2015,74.651,3.7,565190.0024,5.9983449,,5.590000153,,53.03320352,2084340.33,653651.81,4881762.45
Sudan,SDN,Sub-Saharan Africa,Low income,2015,64.429,11.2,18709.99908,7.26747084,,17.48999977,1.5,,1475783,5363737.04,6696063.11
Senegal,SEN,Sub-Saharan Africa,Lower middle income,2015,66.747,10.7,9289.999962,4.38257313,5.45637989,6.760000229,3.5,20.97874665,331271.48,3264833.98,2091107.35
Singapore,SGP,East Asia & Pacific,High income,2015,82.74390244,,45430.00031,4.18069839,2.863090038,3.789999962,,100,88055.28,79422.82,805629.55
Solomon Islands,SLB,East Asia & Pacific,Lower middle income,2015,72.173,18.5,310.0000024,4.63923359,10.13490009,0.734000027,3,,38199.75,89797.41,170833.72
Sierra Leone,SLE,Sub-Saharan Africa,Low income,2015,52.941,25.8,910.0000262,20.413414,3.057290077,4.742000103,3,12.71464273,276914.76,3511791.97,1292235.02
El Salvador,SLV,Latin America & Caribbean,Lower middle income,2015,72.412,10.6,7000,7.63034058,3.909879923,4,,,559110.27,239721.91,1151284.62
San Marino,SMR,Europe & Central Asia,High income,2015,,,,7.17826128,,,,70.3715,713.28,353.1,7660.08
Somalia,SOM,Sub-Saharan Africa,Low income,2015,55.92,59.9,649.9999762,,,18.90299988,,27.11873811,938597.15,8896476.22,2668800.41
Serbia,SRB,Europe & Central Asia,Upper middle income,2015,75.28780488,4.1,45389.99939,8.8132,3.78640008,17.65999985,,18.6479067,274641.43,125280.99,2912924.95
South Sudan,SSD,Sub-Saharan Africa,Low income,2015,56.855,,1970.000029,,1.465559959,12.27499962,1.5,,464497.83,4297812.39,1307230.86
Sao Tome and Principe,STP,Sub-Saharan Africa,Lower middle income,2015,69.377,12.9,119.9999973,5.34009647,3.864599943,13.8210001,3.5,29.05384394,4162.92,19209.21,31084.18
Suriname,SUR,Latin America & Caribbean,Upper middle income,2015,71.249,7.8,2720.000029,6.21926689,5.534684658,7.21999979,,26.83321407,23702.96,37633.82,126877.98
Slovenia,SVN,Europe & Central Asia,High income,2015,80.77560976,2.5,13140.00034,8.49823952,4.909530163,8.960000038,,61.41714762,85612.92,21476.96,502403.27
Sweden,SWE,Europe & Central Asia,High income,2015,82.20487805,2.5,39189.99863,10.80418396,7.443900108,7.429999828,,94.55197972,234619.41,101450.01,2325044.45
Eswatini,SWZ,Sub-Saharan Africa,Lower middle income,2015,55.359,12.8,769.9999809,7.05950689,5.355750084,23.32900047,,,69806.37,448878.94,199981.93
Seychelles,SYC,Sub-Saharan Africa,High income,2015,74.29512195,,509.9999905,4.5895319,4.222899914,,,,2934.61,4597.91,22231.08
Chad,TCD,Sub-Saharan Africa,Low income,2015,53.137,28,2390.000105,4.52395439,2.400000095,1.07099998,2.5,9.356973052,594022.47,8317417.06,2194597.11
Togo,TGO,Sub-Saharan Africa,Low income,2015,59.927,20.5,1830.000043,4.9564662,5.10860014,2.200000048,2.5,8.321616697,236202.63,2405029.12,1081590.89
Thailand,THA,East Asia & Pacific,Upper middle income,2015,76.091,7.3,264000,3.66788888,3.759670019,0.600000024,,24.25724286,2565360.74,2821774.21,14072331.45
Tajikistan,TJK,Europe & Central Asia,Lower middle income,2015,70.137,,4900.000095,6.9073596,4.967740059,7.553999901,2.5,,235117.17,775728.24,1592467.75
Turkmenistan,TKM,Europe & Central Asia,Upper middle income,2015,67.704,3.4,73400.00153,6.29793644,,4.138999939,,,131258.16,339430.54,1113760.29
Tonga,TON,East Asia & Pacific,Upper middle income,2015,70.517,,119.9999973,4.68395281,,2.549999952,3.5,35.26561548,2141.01,5526.47,19985.65
Trinidad and Tobago,TTO,Latin America & Caribbean,High income,2015,72.941,6.8,21329.99992,6.07862949,3.387208223,2.430000067,,,52815.78,48408.34,336228.88
Tunisia,TUN,Middle East & North Africa,Lower middle income,2015,75.922,2.5,30479.99954,6.62154102,6.220449924,15.15999985,,74.36254533,306137.97,282398.61,2184201.93
Tuvalu,TUV,East Asia & Pacific,Upper middle income,2015,,,9.999999776,16.69959259,,,3.5,6.174528522,462.59,638.84,3133.87
Tanzania,TZA,Sub-Saharan Africa,Lower middle income,2015,63.111,22.5,11689.99958,3.64969921,4.194869995,2.142999887,3,22.07175817,1446560.26,15042934.66,7895135.19
Uganda,UGA,Sub-Saharan Africa,Low income,2015,61.373,,4719.99979,5.11239147,2.32152009,1.911000013,2,,1094873.74,12166070.37,4971138.68
Ukraine,UKR,Europe & Central Asia,Lower middle income,2015,71.1895122,2.5,191070.0073,7.77609348,5.74255991,9.140000343,,64.83414272,2949060.32,1412922.91,18179882.61
Uruguay,URY,Latin America & Caribbean,High income,2015,77.369,2.5,6639.999866,8.29223633,4.554249763,7.489999771,,,136599.44,76504.12,831733.85
United States,USA,North America,High income,2015,78.6902439,2.5,4990709.961,16.52407265,4.953410149,5.28000021,,98.32452877,9767940.25,4915047.69,88510700.99
Uzbekistan,UZB,Europe & Central Asia,Lower middle income,2015,70.928,2.5,99169.99817,4.98760509,5.494440079,5.199999809,2,,1077251.11,2189289.62,6599658.85
Vietnam,VNM,East Asia & Pacific,Lower middle income,2015,75.11,8.1,220649.9939,4.56543732,4.465760231,1.850000024,3,,3137512.24,3771358.83,17852566.19
Vanuatu,VUT,East Asia & Pacific,Lower middle income,2015,69.869,10.3,140.0000006,4.32168341,5.603380203,1.861999989,3,,12433.06,26435.49,62843.49
Samoa,WSM,East Asia & Pacific,Lower middle income,2015,72.73,4.4,239.9999946,5.78755045,4.857729912,8.501000404,4,47.86920748,6445.02,8806.61,41367.55
South Africa,ZAF,Sub-Saharan Africa,Upper middle income,2015,62.649,5.2,424809.9976,8.79018974,5.482850075,25.14999962,,,3056205.04,15134752.41,10134305.69
Zambia,ZMB,Sub-Saharan Africa,Low income,2015,61.737,,4960.000038,4.43510246,4.624330044,10.125,3,,487045.93,5382022.48,2366657.89
Zimbabwe,ZWE,Sub-Saharan Africa,Lower middle income,2015,59.534,,12430.00031,7.45206605,5.812789917,4.777999878,2,27.17584196,558777.68,4914787.34,2183134.86
Afghanistan,AFG,South Asia,Low income,2016,63.763,22.2,5300.000191,11.81856155,3.511980057,11.15799999,2,,3994872.78,6411537.51,7138225.3
Angola,AGO,Sub-Saharan Africa,Lower middle income,2016,59.925,15.4,29760.00023,2.71314907,2.754936457,7.412000179,,,1151526.25,7928961.23,3845106.11
Albania,ALB,Europe & Central Asia,Upper middle income,2016,78.194,4.7,4480.000019,4.91601658,3.962090015,15.42000008,,46.69888959,81528.11,55750.85,614034.75
Andorra,AND,Europe & Central Asia,High income,2016,,,469.9999988,6.30526257,3.237070084,,,99.99999506,1962.26,762.12,17430.55
United Arab Emirates,ARE,Middle East & North Africa,High income,2016,77.47,6.3,201080.0018,3.46601534,,1.639999986,,93.85372167,381304.8,120197.31,1438908.36
Argentina,ARG,Latin America & Caribbean,Upper middle income,2016,76.221,2.6,183160.0037,9.00189686,5.545489788,8.111000061,,51.26354091,1437579.67,1493347.53,9356521.8
Armenia,ARM,Europe & Central Asia,Upper middle income,2016,74.64,2.7,5070.000172,9.95196629,2.75812006,17.62000084,,63.13672983,85975.39,75795.64,773727.64
American Samoa,ASM,East Asia & Pacific,Upper middle income,2016,,,,,,,,,1486.12,1926.84,12720.39
Antigua and Barbuda,ATG,Latin America & Caribbean,High income,2016,76.617,,500,5.12190151,2.430804491,,,,2129.76,2505.09,18713.09
Australia,AUS,East Asia & Pacific,High income,2016,82.44878049,2.5,384989.9902,9.24815178,5.286230087,5.710000038,,70.39184431,715219.73,214189.82,4970102.42
Austria,AUT,Europe & Central Asia,High income,2016,81.64146341,2.5,63680.00031,10.3522625,5.47961998,6.010000229,,99.63798849,222291.57,74719.76,2209407.67
Azerbaijan,AZE,Europe & Central Asia,Upper middle income,2016,72.493,2.5,32240.00168,4.03655434,2.903409958,5,,23.65736781,246723.85,563663.79,2328939.55
Burundi,BDI,Sub-Saharan Africa,Low income,2016,60.528,,439.9999976,7.71920919,4.691999912,1.590000033,2,,490740.42,3687758.77,1500648.12
Belgium,BEL,Europe & Central Asia,High income,2016,81.43902439,2.5,94220.00122,10.77319717,6.461730003,7.829999924,,85.29732015,371660.45,165459.73,2789788.63
Benin,BEN,Sub-Saharan Africa,Lower middle income,2016,60.885,7.6,6739.999771,2.73950028,2.899100065,1.827999949,3.5,,410687.18,4413077.11,1823980.36
Burkina Faso,BFA,Sub-Saharan Africa,Low income,2016,60.354,12.3,3700.000048,5.95963097,,4.434000015,3.5,,926993.85,9357345.94,3878145.25
Bangladesh,BGD,South Asia,Lower middle income,2016,71.785,13.3,74379.99725,2.47291207,1.535539985,4.349999905,2.5,34.67175069,3273604.39,13504962.58,26200586.73
Bulgaria,BGR,Europe & Central Asia,Upper middle income,2016,74.81219512,3.5,41590.00015,7.47690725,,7.570000172,,64.69305504,260107.65,118423.43,2889971
Bahrain,BHR,Middle East & North Africa,High income,2016,76.899,,30299.99924,4.86063528,2.869999886,1.190999985,,87.59331579,29116.97,18945.73,214816.71
Bosnia and Herzegovina,BIH,Europe & Central Asia,Upper middle income,2016,76.998,2.5,22340.00015,9.24976635,,25.40999985,,36.97916446,111930.32,49167.55,999129.9
Belarus,BLR,Europe & Central Asia,Upper middle income,2016,73.82682927,2.5,55139.99939,5.91054153,4.946549892,5.840000153,,74.83018213,478368.04,155883.56,3103665.33
Belize,BLZ,Latin America & Caribbean,Upper middle income,2016,74.219,7.2,649.9999762,6.14959431,7.29365015,7,,,18388.07,19817.56,60684.09
Bermuda,BMU,North America,High income,2016,81.22707317,,,,,,,,1219.76,1181.64,15378.14
Bolivia,BOL,Latin America & Caribbean,Lower middle income,2016,70.626,13.1,22010.00023,6.83333063,8.850000381,3.5,,47.04296958,384813.02,1106522.19,2124493.34
Brazil,BRA,Latin America & Caribbean,Upper middle income,2016,75.23,2.5,447079.9866,9.16901207,6.314040184,11.60000038,,44.88398291,10146877.67,9744185.18,45028754.5
Barbados,BRB,Latin America & Caribbean,High income,2016,78.888,4.4,1289.999962,6.68155098,4.707320213,8.25,,,6904.85,9427.94,76840.72
Bhutan,BTN,South Asia,Lower middle income,2016,70.781,,930.0000072,3.57613945,6.993330002,2.493000031,4.5,62.90754042,20517.95,71735.42,129337.37
Botswana,BWA,Sub-Saharan Africa,Upper middle income,2016,68.178,20.1,6630.000114,5.56052208,7.974824905,21.02899933,,,116807.64,594402.72,401807.52
Central African Republic,CAF,Sub-Saharan Africa,Low income,2016,51.593,48.6,209.9999934,5.44400311,1.754088998,5.65199995,2.5,14.98715727,422223.77,3228300.21,956539.23
Canada,CAN,North America,High income,2016,81.9,2.5,556830.0171,11.02296066,,7,,83.1915656,907554.56,424395.22,8078667.56
Switzerland,CHE,Europe & Central Asia,High income,2016,83.60243902,2.5,39669.99817,11.30005455,4.926459789,4.920000076,,99.63594918,214359.62,82664.29,1900848.83
Chile,CHL,Latin America & Caribbean,High income,2016,79.779,3.1,86489.99786,8.51866722,5.342010021,6.739999771,,72.75744191,505648.64,291300.96,3491639.52
China,CHN,East Asia & Pacific,Upper middle income,2016,76.21,2.5,9874660.156,4.97955608,3.79362011,4.53000021,,56.24054077,36187303.51,24902750.82,310204381.1
Cote d'Ivoire,CIV,Sub-Saharan Africa,Lower middle income,2016,56.567,6.9,9590.000153,3.35172296,3.97232008,2.599999905,3,,783652.89,9046859.52,3588318.12
Cameroon,CMR,Sub-Saharan Africa,Lower middle income,2016,58.063,5.9,9079.999924,3.72950816,2.562340021,3.575000048,2.5,,972488.42,9324693.48,4022546.32
Colombia,COL,Latin America & Caribbean,Upper middle income,2016,76.732,6,82680.00031,7.53117037,4.477210045,8.68999958,,17.71633204,2027639.76,1403918.21,7688695.06
Comoros,COM,Sub-Saharan Africa,Lower middle income,2016,63.7,,219.9999988,4.65263557,,8.102000237,2.5,,23292.23,125425.59,115987.4
Costa Rica,CRI,Latin America & Caribbean,Upper middle income,2016,79.738,3.6,8079.999924,7.31724358,6.893959999,8.600000381,,31.53311961,152550.72,90956.71,809024.14
Cuba,CUB,Latin America & Caribbean,Upper middle income,2016,78.607,2.5,27170.00008,12.2177515,,2,,37.1105788,328936.45,256462.4,2806649.63
Cyprus,CYP,Europe & Central Asia,High income,2016,80.513,2.5,7219.99979,6.62359428,6.145410061,12.94999981,,76.90836255,26960.02,11359.66,256909.36
Germany,DEU,Europe & Central Asia,High income,2016,80.9902439,2.5,747150.0244,11.23563671,4.839230061,4.119999886,,96.95542656,1937140.97,975592.03,23829341.15
Djibouti,DJI,Middle East & North Africa,Lower middle income,2016,65.064,13.6,419.9999869,2.7274003,3.924390078,26.19300079,2.5,34.62876351,33453.84,272081.02,164595.32
Dominica,DMA,Latin America & Caribbean,Upper middle income,2016,,5.4,180.0000072,5.12967396,5.129720211,,4,,2267.84,3203.98,19174.1
Denmark,DNK,Europe & Central Asia,High income,2016,80.85365854,2.5,35319.99969,10.14456177,,5.989999771,,90.90338049,115145.74,71674.47,1451897.79
Dominican Republic,DOM,Latin America & Caribbean,Upper middle income,2016,73.471,6.8,24590.00015,5.82760334,3.850500107,7.28000021,,,474502.21,784850.65,2085169.61
Algeria,DZA,Middle East & North Africa,Lower middle income,2016,76.298,2.8,154910.0037,6.60749578,7.344359875,10.19999981,,18.52347293,1184780.1,1716609.07,7007974.48
Ecuador,ECU,Latin America & Caribbean,Upper middle income,2016,76.365,9.7,39810.00137,7.27991486,4.362750053,4.599999905,,41.80394258,703670.02,697031.33,2807419.59
Eritrea,ERI,Sub-Saharan Africa,Low income,2016,65.111,,660.0000262,3.518888,,5.90199995,2,,271261.51,1544266.44,927075.78
Spain,ESP,Europe & Central Asia,High income,2016,83.32926829,2.5,247029.9988,8.9523859,4.227640152,19.62999916,,95.66609688,884009.41,504087.67,11013426.31
Estonia,EST,Europe & Central Asia,High income,2016,77.64146341,2.5,15989.99977,6.42956781,5.15763998,6.760000229,,92.88954827,44527.39,18520.08,392396.89
Ethiopia,ETH,Sub-Saharan Africa,Low income,2016,65.482,14.4,14970.00027,3.60033059,5.061510086,2.288000107,3,5.866489062,2851050.31,24764043.94,12236105.64
Finland,FIN,Europe & Central Asia,High income,2016,81.42926829,2.5,45700.00076,9.37796021,6.851530075,8.819999695,,84.09987555,175853.25,36679.32,1415176.59
Fiji,FJI,East Asia & Pacific,Upper middle income,2016,67.175,6.3,1519.999981,3.27979708,4.83589983,4.320000172,,,27964.9,52840.03,245474.87
France,FRA,Europe & Central Asia,High income,2016,82.57317073,2.5,313920.0134,11.47163677,,10.05000019,,78.68002145,1880594.38,757347.53,14866292.63
Gabon,GAB,Sub-Saharan Africa,Upper middle income,2016,65.418,15.1,6420.000076,3.10769749,2.662058353,20.66900063,,,57809.46,289887.42,285760.09
United Kingdom,GBR,Europe & Central Asia,High income,2016,81.15609756,2.5,380809.9976,9.87313271,5.375329971,4.809999943,,98.04028692,1241383.18,1001216.92,16742623.76
Georgia,GEO,Europe & Central Asia,Upper middle income,2016,73.207,8.3,9649.999619,7.99670744,3.593869925,16.60000038,,36.49444378,141954.74,105091.99,1244800.61
Ghana,GHA,Sub-Saharan Africa,Lower middle income,2016,63.124,7.7,16069.99969,3.46157742,4.394529819,5.52699995,3,11.47145828,878314.83,7111442.22,4761360.78
Guinea,GIN,Sub-Saharan Africa,Low income,2016,60.17,,2819.999933,5.39708233,2.544500113,4.880000114,2.5,,481323.19,5251606.87,2115804.68
Guinea-Bissau,GNB,Sub-Saharan Africa,Low income,2016,57.328,,310.0000024,8.32881451,2.299999952,5.951000214,2,10.1242777,83176.62,600541.02,315960.36
Equatorial Guinea,GNQ,Sub-Saharan Africa,Upper middle income,2016,57.713,,6659.999847,3.14450336,,8.62899971,,,31512.32,315196.88,152359.88
Greece,GRC,Europe & Central Asia,High income,2016,81.38780488,2.5,66849.99847,8.32109451,,23.54000092,,88.6157321,240993.64,139694.33,2927822.69
Grenada,GRD,Latin America & Caribbean,Upper middle income,2016,72.408,,280.0000012,4.43910027,,,4,,2975.66,3971.56,25307.46
Greenland,GRL,Europe & Central Asia,High income,2016,71.82512195,,,,11.08613968,,,91.13195538,3584.4,1256.86,15147.99
Guatemala,GTM,Latin America & Caribbean,Upper middle income,2016,73.541,16.4,17489.99977,6.07008219,2.944740057,2.579999924,,,881774.54,1193831.2,2818299.6
Guam,GUM,East Asia & Pacific,High income,2016,79.391,,,,,5.400000095,,,4449.15,6185.83,35943.59
Guyana,GUY,Latin America & Caribbean,Upper middle income,2016,69.454,6.4,2480.000019,4.01842117,4.737750053,13.46399975,3,,49089.28,62786.04,191758.28
Honduras,HND,Latin America & Caribbean,Lower middle income,2016,74.701,13.8,9470.000267,7.69098616,5.159619808,6.730000019,3,48.1578315,373951.84,448708.47,1601073.7
Croatia,HRV,Europe & Central Asia,High income,2016,78.02195122,2.5,16879.99916,6.82921791,,13.10000038,,72.97693078,154950.18,44544.64,1262923.99
Haiti,HTI,Latin America & Caribbean,Lower middle income,2016,62.896,43.2,3359.999895,4.90023947,1.395859957,13.92500019,2.5,,838946.42,2453743.52,2733731.33
Hungary,HUN,Europe & Central Asia,High income,2016,76.06341463,2.5,44250,6.99535179,4.6145401,5.110000134,,86.093358,344350.67,117794.37,3235406.56
Indonesia,IDN,East Asia & Pacific,Lower middle income,2016,71.035,6.6,482510.0098,3.02147222,3.5,4.300000191,,,5317133.63,17986841.39,53524222.05
India,IND,South Asia,Lower middle income,2016,68.897,13.9,2195250,3.50430417,4.254079819,5.422999859,,37.79397393,50122107.76,158681750.8,255353220.7
Ireland,IRL,Europe & Central Asia,High income,2016,81.65365854,2.5,38819.99969,7.4248991,3.742120028,8.369999886,,80.99589882,88020.64,47335.23,999539.71
Iraq,IRQ,Middle East & North Africa,Upper middle income,2016,70.122,19.1,142229.9957,3.492342,4.710000038,10.81999969,,41.7197168,4006033.25,1713320.87,6248076.84
Iceland,ISL,Europe & Central Asia,High income,2016,82.20487805,2.5,1629.999995,8.09714699,7.432199955,2.980000019,,76.39218888,6494.55,3226.83,63722.14
Israel,ISR,Middle East & North Africa,High income,2016,82.40731707,2.5,64980.00336,7.17326927,5.855780125,4.800000191,,91.93520069,150512.95,104386.57,1464322.17
Italy,ITA,Europe & Central Asia,High income,2016,83.24390244,2.5,333339.9963,8.72533035,3.815789938,11.68999958,,95.75417839,1119645.39,560414.13,15916543.54
Jamaica,JAM,Latin America & Caribbean,Upper middle income,2016,74.175,9.3,7570.000172,5.70086861,5.314610004,13.18999958,,,59047.24,110316.12,570273.44
Jordan,JOR,Middle East & North Africa,Upper middle income,2016,74.184,7.1,24819.99969,7.15642214,3.452820063,15.27999973,,81.48468365,190870.5,307188.19,1351058.35
Japan,JPN,East Asia & Pacific,High income,2016,83.98487805,2.5,1167790.039,10.65891647,3.146430016,3.099999905,,79.8354148,3267793.72,1979373.56,30930863.67
Kazakhstan,KAZ,Europe & Central Asia,Upper middle income,2016,72.41,2.5,202149.9939,3.42235565,2.978100061,4.960000038,,,859965.94,607825.28,4282763.68
Kenya,KEN,Sub-Saharan Africa,Lower middle income,2016,65.393,23.3,19110.00061,5.14090776,4.895180225,2.75999999,3,,1149212.57,10802501.3,6013473.15
Cambodia,KHM,East Asia & Pacific,Lower middle income,2016,68.977,8.5,11069.99969,6.11648464,2.799999952,0.720000029,2,,524862.16,1780182.65,3036171.35
Kiribati,KIR,East Asia & Pacific,Lower middle income,2016,67.577,3.3,70.0000003,9.32036781,10.09358978,,3.5,25.31323293,4701.73,16972.63,34703.89
Kuwait,KWT,Middle East & North Africa,High income,2016,75.224,2.5,91550.00305,4.73096323,5.847710133,2.160000086,,100,72940.81,67637.51,520373.14
Lebanon,LBN,Middle East & North Africa,Lower middle income,2016,78.8,6.2,27809.99947,7.914958,2.123929977,9.782999992,,15.33280124,126606,130498.96,1086974.89
Liberia,LBR,Sub-Saharan Africa,Low income,2016,62.802,36.3,1409.999967,9.85343266,2.14812994,3.079999924,3,,110487.06,1364474.81,628845.81
Libya,LBY,Middle East & North Africa,Upper middle income,2016,72.311,,50950.00076,,,19.52799988,,21.61605785,527629.5,143490.18,1156446.48
Sri Lanka,LKA,South Asia,Lower middle income,2016,76.482,4.7,21930.00031,3.86425042,,4.239999771,,,721171.48,590151.2,4235907.76
Lesotho,LSO,Sub-Saharan Africa,Lower middle income,2016,52.059,32,689.9999976,8.75972462,7.760749817,23.47500038,3,40.27448781,169438.9,1145360.63,446822.92
Lithuania,LTU,Europe & Central Asia,High income,2016,74.67073171,2.5,11199.99981,6.63746214,4.004310131,7.860000134,,92.29599606,154814.19,50057.26,974118.96
Luxembourg,LUX,Europe & Central Asia,High income,2016,82.68536585,2.5,8850.000381,5.19496346,,6.289999962,,96.25536822,13536.24,5767.23,121566.48
Latvia,LVA,Europe & Central Asia,High income,2016,74.5804878,2.5,7150.000095,6.13591957,4.65749979,9.640000343,,74.26633217,85679.37,35554.05,659527.59
Morocco,MAR,Middle East & North Africa,Lower middle income,2016,75.974,3.8,60319.99969,5.23985195,,9.300000191,,38.05909803,1123777.57,1709596.99,7248941.7
Monaco,MCO,Europe & Central Asia,High income,2016,,,,1.62753129,1.370929956,,,100,974.79,521.15,12132.53
Moldova,MDA,Europe & Central Asia,Upper middle income,2016,71.617,,8140.000343,7.53552246,5.608449936,4.019999981,2.5,,162985.92,112981.03,1194280.9
Madagascar,MDG,Sub-Saharan Africa,Low income,2016,65.931,41.6,3180.000067,5.25697422,2.687190056,1.804999948,2.5,9.07777163,576993.67,6469074.71,3759391.31
Maldives,MDV,South Asia,Upper middle income,2016,78.013,,1759.99999,10.28107738,3.686990023,6.119999886,3,,7495.8,17182.57,58882.02
Mexico,MEX,Latin America & Caribbean,Upper middle income,2016,74.917,5.8,473309.9976,5.55345869,4.90681982,3.859999895,,47.69541008,4617131.95,3853912.09,23550661.72
Marshall Islands,MHL,East Asia & Pacific,Upper middle income,2016,,,180.0000072,17.37360954,15.27999973,,3.5,,2574.76,4186.83,14128.37
North Macedonia,MKD,Europe & Central Asia,Upper middle income,2016,75.4,3,7300.000191,6.37943363,,23.71999931,,12.40835639,60176.3,39762.54,642195.86
Mali,MLI,Sub-Saharan Africa,Low income,2016,57.987,3.1,4670.000076,3.77377391,3.094779968,7.570000172,3,17.11413871,785125.44,10541209.83,3201311.76
Malta,MLT,Middle East & North Africa,High income,2016,82.45365854,2.5,1350.000024,8.94369507,5.084459782,4.690000057,,91.86797469,9011.72,5676.47,104383.91
Myanmar,MMR,East Asia & Pacific,Lower middle income,2016,66.205,3.5,21860.00061,5.11349964,1.899999976,1.177000046,3,60.89505922,1869195.7,5884063.57,12281024.58
Montenegro,MNE,Europe & Central Asia,Upper middle income,2016,76.44146341,2.5,2150.000095,8.63302994,,17.71999931,,42.03397976,21341.53,7693.18,180910.13
Mongolia,MNG,East Asia & Pacific,Lower middle income,2016,69.321,7.4,18170.00008,4.42355633,5.183100224,7.239999771,3.5,50.01042959,171238.58,179891.78,764574.07
Northern Mariana Islands,MNP,East Asia & Pacific,High income,2016,,,,,,,,,1529.44,1274.47,12167.84
Mozambique,MOZ,Sub-Saharan Africa,Low income,2016,58.309,31.5,7280.00021,7.17241096,5.865039825,3.447000027,2.5,,950629.37,12607178.23,4099490.25
Mauritania,MRT,Sub-Saharan Africa,Lower middle income,2016,64.208,8.5,3259.99999,3.09649324,1.944059968,10.26099968,3,,103368.87,682418.58,488427.71
Mauritius,MUS,Sub-Saharan Africa,Upper middle income,2016,74.39487805,5.8,4039.999962,5.70678568,5.013599873,6.809999943,,,30368.54,39577.87,336756.96
Malawi,MWI,Sub-Saharan Africa,Low income,2016,62.681,16.1,1120.000005,10.87966633,4.748569965,5.816999912,2.5,23.20140918,408325.5,5189008.69,2355866.72
Malaysia,MYS,East Asia & Pacific,Upper middle income,2016,75.649,3.5,235960.0067,3.68569684,4.751920223,3.440000057,,74.2848702,784585.39,1234672.25,5215452.63
Namibia,NAM,Sub-Saharan Africa,Upper middle income,2016,62.625,20.2,4130.000114,9.3223238,10.63879585,23.35000038,,,100873.94,549512.29,361780.92
Niger,NER,Sub-Saharan Africa,Low income,2016,61.137,,2109.999895,4.53239059,2.958430052,0.533999979,3,14.59767048,792035.9,11341084.16,3058147.87
Nigeria,NGA,Sub-Saharan Africa,Lower middle income,2016,53.541,9.4,110830.0018,3.64773679,,7.059999943,3,28.17119796,5428544.09,85901410.12,29811144.13
Nicaragua,NIC,Latin America & Caribbean,Lower middle income,2016,73.86,18,5380.000114,8.04877567,4.081140041,3.900000095,2.5,,170570.28,234076.9,1020565.54
Netherlands,NLD,Europe & Central Asia,High income,2016,81.56097561,2.5,158539.9933,10.2942524,5.479599953,6.010000229,,97.48670933,344829.07,187570.57,4086538.48
Norway,NOR,Europe & Central Asia,High income,2016,82.40731707,2.5,38759.99832,10.59129524,8.030550003,4.679999828,,63.99637237,122117.24,58276.06,1135893.58
Nepal,NPL,South Asia,Lower middle income,2016,69.848,4.5,10409.99985,5.42379808,3.903209925,2.868000031,3,38.9681496,882345.07,3091083.68,5365146.03
Nauru,NRU,East Asia & Pacific,High income,2016,,,59.99999866,10.74993038,6.195279121,,,,602.41,877.73,2487.82
New Zealand,NZL,East Asia & Pacific,High income,2016,81.61243902,2.5,31190.00053,9.23865223,6.411789894,5.150000095,,81.264409,152379.74,43823.25,956071.92
Oman,OMN,Middle East & North Africa,High income,2016,77.142,8.4,72129.99725,4.35671568,,3.269999981,,,173799.88,113302.97,571141.02
Pakistan,PAK,South Asia,Lower middle income,2016,66.77,12.4,181110.0006,2.89286923,3.002919912,3.779000044,3,,5938856.25,51287017.53,38844960.12
Panama,PAN,Latin America & Caribbean,High income,2016,77.964,7.8,10770.00046,7.32181311,2.846080065,3.263000011,,,113570.22,160091.37,642576.25
Peru,PER,Latin America & Caribbean,Upper middle income,2016,76.044,6.9,56860.00061,4.97274113,3.813169956,3.74000001,,43.01230098,843541.59,1696453.37,4801033.81
Philippines,PHL,East Asia & Pacific,Lower middle income,2016,70.802,8.8,121959.9991,3.95484376,3.569999933,2.700000048,,55.92972932,3105670.74,8998455.19,20078964.33
Palau,PLW,East Asia & Pacific,Upper middle income,2016,,,250,12.1238575,5.860000134,,,,1013.6,1039.46,6002.5
Papua New Guinea,PNG,East Asia & Pacific,Lower middle income,2016,63.744,23.2,7659.999847,2.33063054,,2.483999968,3,,391043.91,1889092.97,1833823.25
Poland,POL,Europe & Central Asia,High income,2016,77.85121951,2.5,299799.9878,6.53473806,4.633399963,6.159999847,,89.74680971,1432787.7,551758.13,10420149.88
Puerto Rico,PRI,Latin America & Caribbean,High income,2016,79.49497561,,,,,11.80000019,,32.50916088,114389.07,81874.08,871208.97
Portugal,PRT,Europe & Central Asia,High income,2016,81.12439024,2.5,48759.99832,9.39439583,,11.06999969,,80.51119333,217892.67,194882.47,2855020.85
Paraguay,PRY,Latin America & Caribbean,Upper middle income,2016,73.836,7.7,7179.999828,6.68209553,,5.25,,57.3829395,226507.88,266370.69,1141936.38
Qatar,QAT,Middle East & North Africa,High income,2016,79.868,,86919.99817,3.24747443,,0.150000006,,94.3,80413.56,29886.53,288517.61
Romania,ROU,Europe & Central Asia,High income,2016,75.2097561,2.5,71589.99634,5.00346899,2.979890108,5.900000095,,74.98827061,705282.37,421733.11,6338398.74
Rwanda,RWA,Sub-Saharan Africa,Low income,2016,67.93,34.9,1159.999967,6.92619371,3.436729908,1.144000053,3.5,,436845.54,2263839.34,1686311.3
Saudi Arabia,SAU,Middle East & North Africa,High income,2016,74.761,3.7,561229.9805,5.83562946,8.510457993,5.650000095,,54.24458293,1980780.14,649277.3,5044183.94
Sudan,SDN,Sub-Saharan Africa,Low income,2016,64.663,11.8,21129.99916,5.48409986,,17.52000046,1.5,,1438030.29,5160833.96,6771233.18
Senegal,SEN,Sub-Saharan Africa,Lower middle income,2016,67.078,9.5,10130.00011,4.26078129,5.113090038,4.460000038,3.5,21.66300532,340945.55,3175625.12,2155535.42
Singapore,SGP,East Asia & Pacific,High income,2016,82.84634146,,46099.99847,4.39192295,2.874830008,4.079999924,,100,89945.63,80481.42,819948.83
Solomon Islands,SLB,East Asia & Pacific,Lower middle income,2016,72.424,18.1,360.0000143,4.51225424,12,0.698000014,3,,37673.62,89703.51,173317.16
Sierra Leone,SLE,Sub-Saharan Africa,Low income,2016,53.444,25.9,930.0000072,16.5259552,3.060230017,4.663000107,3,12.98034479,279141.79,3307688.86,1314401.46
El Salvador,SLV,Latin America & Caribbean,Lower middle income,2016,72.644,9.9,7170.000076,7.70530415,3.825239897,4.420000076,,,362868.88,232717.39,1157377.98
San Marino,SMR,Europe & Central Asia,High income,2016,,,,6.72881317,,,,70.3715,729.18,353.2,7764.56
Somalia,SOM,Sub-Saharan Africa,Low income,2016,56.324,59.7,660.0000262,,,18.88899994,,27.9790365,1044568.06,8974864.31,2762661.65
Serbia,SRB,Europe & Central Asia,Upper middle income,2016,75.68780488,4.2,46619.99893,8.4589138,3.63470006,15.26000023,,18.46798096,271283.71,122266.47,2854815.07
South Sudan,SSD,Sub-Saharan Africa,Low income,2016,57.12,,1730.000019,,1.543900013,12.29500008,1.5,,420676.45,3971992.3,1263717.05
Sao Tome and Principe,STP,Sub-Saharan Africa,Lower middle income,2016,69.67,12.9,129.9999952,6.43088818,5.173039913,13.89400005,3.5,30.17199252,4170.61,18418.71,31549.51
Suriname,SUR,Latin America & Caribbean,Upper middle income,2016,71.358,8.3,2950.000048,6.35384083,5.640516758,7.920000076,,26.47466859,24120.74,36615.53,129944.63
Slovenia,SVN,Europe & Central Asia,High income,2016,81.17560976,2.5,13899.99962,8.4630394,4.792669773,8,,65.21045217,85807.01,21440.94,501700.25
Sweden,SWE,Europe & Central Asia,High income,2016,82.30731707,2.5,38779.99878,10.85240364,7.618619919,6.989999771,,94.67042316,236954.31,102803.71,2339413.66
Eswatini,SWZ,Sub-Saharan Africa,Lower middle income,2016,56.962,13,839.9999738,6.82044792,5.414669991,22.71999931,,,68127.26,417776.24,200407.52
Seychelles,SYC,Sub-Saharan Africa,High income,2016,74.3097561,,579.9999833,5.18561649,4.421020031,,,,3007.18,4636.29,22870.36
Chad,TCD,Sub-Saharan Africa,Low income,2016,53.438,28.5,2210.000038,5.05077505,2.299999952,1.103999972,2.5,9.484698858,566362.83,8354586.23,2256107.35
Togo,TGO,Sub-Saharan Africa,Low income,2016,60.22,21.2,2299.999952,5.35245514,3.686490059,2.96600008,2.5,8.516427013,241851.57,2294813.98,1114774.54
Thailand,THA,East Asia & Pacific,Upper middle income,2016,76.403,7.5,261600.0061,3.7540946,3.637520075,0.689999998,,24.60270448,2612921.14,2816084.21,14486294.43
Tajikistan,TJK,Europe & Central Asia,Lower middle income,2016,70.397,,6090.000153,7.00427723,5.763679981,6.900000095,2.5,,237944.48,758088.53,1656004.99
Turkmenistan,TKM,Europe & Central Asia,Upper middle income,2016,67.835,3.4,73339.99634,6.62305355,,4.169000149,,,131708.38,325280.34,1125919.92
Tonga,TON,East Asia & Pacific,Upper middle income,2016,70.607,,150.000006,5.04334545,,2.569000006,3.5,34.97427521,2132.11,5391.82,20033.03
Trinidad and Tobago,TTO,Latin America & Caribbean,High income,2016,73.1,6.8,18309.99947,6.83270836,3.953912735,3.210000038,,,52245.44,47728.74,345368.56
Tunisia,TUN,Middle East & North Africa,Lower middle income,2016,76.115,2.5,29610.00061,6.60998964,7.32434988,15.56000042,,75.84910852,299235.49,271670.12,2222393.49
Tuvalu,TUV,East Asia & Pacific,Upper middle income,2016,,,9.999999776,15.60996437,,,3.5,6.154131175,466.25,631.03,3168.97
Tanzania,TZA,Sub-Saharan Africa,Lower middle income,2016,63.844,22.7,11199.99981,3.9635036,4.101970196,2.157999992,3,23.10593379,1460702.22,14726558.92,8051900.37
Uganda,UGA,Sub-Saharan Africa,Low income,2016,61.986,,4949.999809,4.9682045,2.1378901,1.919999957,2,,1123402.69,12398329.45,5116218.62
Ukraine,UKR,Europe & Central Asia,Lower middle income,2016,71.47634146,2.5,201660.0037,7.54540205,5.00977993,9.350000381,,67.25893125,2833919.33,1390069.09,17760343.3
Uruguay,URY,Latin America & Caribbean,High income,2016,77.498,2.5,6519.999981,8.67533779,4.382810116,7.840000153,,,135291.19,76600.73,834572.32
United States,USA,North America,High income,2016,78.53902439,2.5,4894500,16.84432411,4.798150063,4.869999886,,98.31176198,10076308.82,4954745.24,90538405.96
Uzbekistan,UZB,Europe & Central Asia,Lower middle income,2016,71.171,2.5,105230.0034,4.96638346,5.380899906,5.199999809,2,,1096097.05,2117923.62,6726519.52
Vietnam,VNM,East Asia & Pacific,Lower middle income,2016,75.172,7.8,223720.0012,4.51853609,4.344810009,1.850000024,,,3144550.88,3638231.18,18243139.86
Vanuatu,VUT,East Asia & Pacific,Lower middle income,2016,70.021,11.2,180.0000072,2.93130064,,1.776000023,3,,12069.17,26150.22,64585.53
Samoa,WSM,East Asia & Pacific,Lower middle income,2016,72.895,4.7,300.0000119,5.4250021,4.164060116,8.30700016,4,47.80464214,6538.85,8838.61,41984.04
South Africa,ZAF,Sub-Saharan Africa,Upper middle income,2016,63.153,5.4,425140.0146,8.82142925,5.444240093,26.54000092,,,2942310.94,15022794.19,10168732.47
Zambia,ZMB,Sub-Saharan Africa,Low income,2016,62.464,,5320.000172,4.47720718,3.747920036,10.87199974,3,,493151.86,5256716.78,2435959.9
Zimbabwe,ZWE,Sub-Saharan Africa,Lower middle income,2016,60.294,,11020.00046,7.67516281,5.47262001,4.788000107,2,26.87790899,576934.87,4705251.43,2231062.45
Afghanistan,AFG,South Asia,Low income,2017,64.13,23,4780.00021,12.62081718,3.373310089,11.18000031,2,,3469080.74,6301361.92,7307944.71
Angola,AGO,Sub-Saharan Africa,Lower middle income,2017,60.379,15.4,24250,2.79150295,2.466878891,7.407999992,,,1155447.76,7697608.85,3949010.17
Albania,ALB,Europe & Central Asia,Upper middle income,2017,78.333,4.7,5139.999866,5.01263571,3.611730099,13.61999989,,47.05228993,81733.67,54297.2,619848.51
Andorra,AND,Europe & Central Asia,High income,2017,,,469.9999988,6.58945513,3.217089891,,,99.99999876,2030.39,769.12,17980.89
United Arab Emirates,ARE,Middle East & North Africa,High income,2017,77.647,6.4,197039.9933,4.05959463,,2.460000038,,95.87780128,382300.29,120496.08,1502019.1
Argentina,ARG,Latin America & Caribbean,Upper middle income,2017,76.372,3.1,179320.0073,10.44225502,5.454319954,8.350000381,,,1453282.85,1467504.75,9489390.39
Armenia,ARM,Europe & Central Asia,Upper middle income,2017,74.797,2.8,5369.999886,10.36270523,2.707590103,17.70000076,,64.61479069,78192.14,71411.13,775713.1
American Samoa,ASM,East Asia & Pacific,Upper middle income,2017,,,,,,,,,1501.31,1909.75,12855.96
Antigua and Barbuda,ATG,Latin America & Caribbean,High income,2017,76.752,,500,4.87493944,2.448477507,,,,2200.63,2449.17,19017.32
Australia,AUS,East Asia & Pacific,High income,2017,82.5,2.5,389160.0037,9.26682281,5.136809826,5.590000153,,71.35875683,729732.72,214605.47,5081739.38
Austria,AUT,Europe & Central Asia,High income,2017,81.64390244,2.5,65860.00061,10.38460541,5.371590137,5.5,,99.63759412,222679.74,75555.41,2206395.42
Azerbaijan,AZE,Europe & Central Asia,Upper middle income,2017,72.693,2.5,31959.99908,3.73651457,2.473819971,5,,22.78796404,243624.94,534197.47,2374777.3
Burundi,BDI,Sub-Saharan Africa,Low income,2017,60.898,,529.9999714,7.90301847,4.762020111,1.588999987,1.5,,483363.11,3652454.48,1538396.26
Belgium,BEL,Europe & Central Asia,High income,2017,81.49268293,2.5,92720.00122,10.78312588,6.425340176,7.090000153,,86.1781663,373426.56,166023.54,2814461.08
Benin,BEN,Sub-Saharan Africa,Lower middle income,2017,61.174,7.9,6869.999886,2.61910868,3.535589933,1.644000053,3.5,,415779,4364456.64,1868698.83
Burkina Faso,BFA,Sub-Saharan Africa,Low income,2017,60.768,12.4,4269.999981,6.02940798,5.628469944,4.563000202,3.5,,958167.58,9229332.69,4017993.4
Bangladesh,BGD,South Asia,Lower middle income,2017,72.052,12.5,79339.99634,2.43180156,,4.369999886,2.5,35.68556584,3272909.01,12901412.65,26986384.74
Bulgaria,BGR,Europe & Central Asia,Upper middle income,2017,74.81463415,3,43880.00107,7.5206337,4.075270176,6.159999847,,66.79304934,257836.61,117513.48,2880930.27
Bahrain,BHR,Middle East & North Africa,High income,2017,77.032,,30520.00046,4.74279165,2.324520111,1.182999969,,88.80685521,29804.09,18594.35,222732.81
Bosnia and Herzegovina,BIH,Europe & Central Asia,Upper middle income,2017,77.128,2.5,22680.00031,8.93797779,,20.53000069,,38.64421651,111427.14,47345.16,994524.82
Belarus,BLR,Europe & Central Asia,Upper middle income,2017,74.12926829,2.5,56009.99832,5.75974846,4.794990063,5.650000095,,74.58773863,472077.41,152785.68,3120829.36
Belize,BLZ,Latin America & Caribbean,Upper middle income,2017,74.365,7,639.9999857,5.79241371,7.45028019,6.599999905,,,18992.66,19676.22,62813.22
Bermuda,BMU,North America,High income,2017,81.44195122,,,,1.324959993,,,,1237.84,1165.36,15591.46
Bolivia,BOL,Latin America & Caribbean,Lower middle income,2017,70.945,12.5,22750,6.4901948,8.659999847,3.650000095,,48.48564858,385733.21,1085318.1,2165543.09
Brazil,BRA,Latin America & Caribbean,Upper middle income,2017,75.456,2.5,456489.9902,9.47124863,6.32047987,12.81999969,,45.85641823,9953971.87,9524933.94,45356076.39
Barbados,BRB,Latin America & Caribbean,High income,2017,78.981,4.3,1179.999948,6.62216997,4.366380215,8.619999886,,,7014.9,9410.52,78355.59
Bhutan,BTN,South Asia,Lower middle income,2017,71.129,,970.0000286,3.3407371,7.225739956,2.453000069,4.5,63.47546086,20321.2,68198.47,130475.87
Botswana,BWA,Sub-Saharan Africa,Upper middle income,2017,68.812,21.3,7329.999924,6.13453388,7.299754143,21.56599998,,,117980.88,589850.77,412633.19
Central African Republic,CAF,Sub-Saharan Africa,Low income,2017,52.24,46.1,219.9999988,6.6654377,1.753650188,5.647999763,2.5,14.63759225,518597.96,3141782.06,970329.56
Canada,CAN,North America,High income,2017,81.9,2.5,568080.0171,10.83538342,,6.340000153,,83.5785755,916116.34,423971.32,8248757.31
Switzerland,CHE,Europe & Central Asia,High income,2017,83.55121951,2.5,38700.00076,11.48099899,4.951570034,4.800000191,,99.63774647,218316.77,82960,1918975.58
Chile,CHL,Latin America & Caribbean,High income,2017,79.909,2.9,87069.99969,9.06854153,5.419660091,6.960000038,,74.37180759,514381.86,289766.66,3574168.77
China,CHN,East Asia & Pacific,Upper middle income,2017,76.47,2.5,10096009.77,5.06592178,3.667449951,4.440000057,,60.09072637,35833684.58,23696346.15,314747193.3
Cote d'Ivoire,CIV,Sub-Saharan Africa,Lower middle income,2017,57.017,6,10560.00042,3.30509853,3.80347991,3.269999981,3,,767828.8,8650820.17,3612443.56
Cameroon,CMR,Sub-Saharan Africa,Lower middle income,2017,58.511,6.6,9170.000076,3.49216461,3.059629917,3.599999905,2.5,,967929.8,8910577.79,4098811.04
Colombia,COL,Latin America & Caribbean,Upper middle income,2017,76.925,5.9,74989.99786,7.67864275,4.535510063,8.869999886,,17.86728223,2094580.61,1381619.53,7876594.76
Comoros,COM,Sub-Saharan Africa,Lower middle income,2017,63.912,,280.0000012,5.26807404,,8.086000443,2.5,,23535.24,120860.37,117779.74
Costa Rica,CRI,Latin America & Caribbean,Upper middle income,2017,79.914,3.2,8260.000229,7.04522943,7.069809914,8.140000343,,31.00045795,152956.02,88243.37,826233.01
Cuba,CUB,Latin America & Caribbean,Upper middle income,2017,78.662,2.5,26239.99977,11.7113266,,1.700000048,,36.98810077,335704.93,257306.08,2880050.1
Cyprus,CYP,Europe & Central Asia,High income,2017,80.672,2.5,7360.000134,6.59893894,5.718530178,11.05000019,,76.99207458,27693.4,11426.31,262089.83
Germany,DEU,Europe & Central Asia,High income,2017,80.99268293,2.5,732200.0122,11.32935143,4.871829987,3.75,,97.03491046,1967044.13,962702.59,23932073.56
Djibouti,DJI,Middle East & North Africa,Lower middle income,2017,65.893,13.5,419.9999869,2.46476841,3.748559952,26.05999947,2.5,35.43612633,34283.22,261281.81,170428.77
Dominica,DMA,Latin America & Caribbean,Upper middle income,2017,,5.7,170.0000018,5.45470619,4.766749859,,4,,3732.64,3156.36,19307.94
Denmark,DNK,Europe & Central Asia,High income,2017,81.10243902,2.5,33130.00107,10.03963375,7.752439976,5.829999924,,91.36491906,117724.08,71965.1,1469118.18
Dominican Republic,DOM,Latin America & Caribbean,Upper middle income,2017,73.689,6.2,23549.99924,5.83058023,3.920269966,5.829999924,,,464648.77,761055.21,2102180.97
Algeria,DZA,Middle East & North Africa,Lower middle income,2017,76.499,2.7,158339.9963,6.27938414,6.505380154,10.33300018,,18.29457734,1172714.95,1638780.89,7133155.49
Ecuador,ECU,Latin America & Caribbean,Upper middle income,2017,76.584,10.7,38549.99924,7.42857885,4.614260197,3.839999914,,41.81090851,675633.44,703318.46,2884441.89
Eritrea,ERI,Sub-Saharan Africa,Low income,2017,65.538,,720.0000286,3.72767901,,5.94299984,2,,270432.93,1499613.11,946177.96
Spain,ESP,Europe & Central Asia,High income,2017,83.28292683,2.5,263450.0122,8.9569416,4.207779884,17.21999931,,95.6660506,892822.05,498868.3,11075081.76
Estonia,EST,Europe & Central Asia,High income,2017,78.09268293,2.5,16709.99908,6.59183788,4.961319923,5.760000229,,92.95386558,45156.52,18159.77,392883.17
Ethiopia,ETH,Sub-Saharan Africa,Low income,2017,65.872,15.7,15819.99969,3.45336151,5.64951992,2.299000025,3,6.074356692,2836330.73,23661556.53,12572982.27
Finland,FIN,Europe & Central Asia,High income,2017,81.63170732,2.5,43020.00046,9.12670135,6.363110065,8.640000343,,84.09987264,177508.98,37107.98,1428930.64
Fiji,FJI,East Asia & Pacific,Upper middle income,2017,67.252,6.2,1649.999976,3.18689561,4.651189804,4.277999878,,,25333.33,52109.32,247917.81
France,FRA,Europe & Central Asia,High income,2017,82.57560976,2.5,317829.9866,11.33276176,5.451600075,9.409999847,,78.639709,1889770.76,756973.25,15034474.26
Gabon,GAB,Sub-Saharan Africa,Upper middle income,2017,65.839,16.1,5329.999924,2.78068829,3.32681179,20.72100067,,,56809.98,279516.87,291836.09
United Kingdom,GBR,Europe & Central Asia,High income,2017,81.25609756,2.5,367000,9.80787468,5.384990215,4.329999924,,98.05412839,1270755.98,1003700.03,16863088.23
Georgia,GEO,Europe & Central Asia,Upper middle income,2017,73.414,8.1,9729.999542,7.05804443,3.574429989,13.93999958,,35.75669287,139649.84,100745.06,1240195.35
Ghana,GHA,Sub-Saharan Africa,Lower middle income,2017,63.463,7.1,17010.00023,3.35796332,3.533629894,4.21999979,3.5,11.93857292,892797.03,6911805.68,4884650.97
Guinea,GIN,Sub-Saharan Africa,Low income,2017,60.706,,3339.999914,3.91060591,2.320339918,4.914000034,2.5,,483212.47,5092018,2138146.98
Guinea-Bissau,GNB,Sub-Saharan Africa,Low income,2017,57.673,,310.0000024,7.00049543,2.200000048,5.986000061,1.5,10.62161617,82185.9,582637.26,318193.34
Equatorial Guinea,GNQ,Sub-Saharan Africa,Upper middle income,2017,58.061,,5800.000191,2.95976138,,8.647999763,,,32344.24,299884.87,157244.8
Greece,GRC,Europe & Central Asia,High income,2017,81.28780488,2.5,66800.00305,8.10309219,3.477089882,21.48999977,,89.39438524,230295.78,135186,2948435.63
Grenada,GRD,Latin America & Caribbean,Upper middle income,2017,72.388,,289.9999917,4.65701056,3.173799992,,4,,3094.67,3822.08,25357.84
Greenland,GRL,Europe & Central Asia,High income,2017,71.5797561,,,,11.02855968,,,91.42666624,3529.73,1226.99,15276.92
Guatemala,GTM,Latin America & Caribbean,Upper middle income,2017,73.81,16.3,16569.99969,6.13921785,2.950099945,2.460000038,,,901544.59,1158218.9,2873046.18
Guam,GUM,East Asia & Pacific,High income,2017,79.631,,,,,5.434999943,,,4484.47,6167.45,36459.88
Guyana,GUY,Latin America & Caribbean,Upper middle income,2017,69.624,6.1,2470.000029,4.31911182,4.66478014,13.74600029,3,,49500.19,62926.95,195117.89
Honduras,HND,Latin America & Caribbean,Lower middle income,2017,74.898,13.2,9260.000229,6.98996687,4.937019825,5.53000021,3,48.5590408,380152.5,440876.25,1640631.66
Croatia,HRV,Europe & Central Asia,High income,2017,77.82682927,2.5,17409.99985,6.75844765,3.854759932,11.21000004,,71.69353866,155164,43905.57,1267864.74
Haiti,HTI,Latin America & Caribbean,Lower middle income,2017,63.29,44.6,3329.999924,4.78747177,1.504230022,13.87699986,2.5,,809789.27,2308417.26,2771484.07
Hungary,HUN,Europe & Central Asia,High income,2017,75.81707317,2.5,46439.99863,6.75595856,4.614099979,4.159999847,,86.904568,346095.98,116478.26,3255999.59
Indonesia,IDN,East Asia & Pacific,Lower middle income,2017,71.282,5.9,517320.0073,2.90417194,2.669980049,3.880000114,,,5332255.23,17417906.86,54343419.73
India,IND,South Asia,Lower middle income,2017,69.165,13.2,2320409.912,2.93597651,4.305449963,5.357999802,,39.88551213,50513560.36,151917798.8,259790683.1
Ireland,IRL,Europe & Central Asia,High income,2017,82.15609756,2.5,37779.99878,7.06397724,3.50928998,6.710000038,,82.45330285,88856.95,47891.1,1015679.28
Iraq,IRQ,Middle East & North Africa,Upper middle income,2017,70.294,18.8,155080.0018,4.19215298,,13.02000046,,42.36033706,3770394.86,1629954.92,6395231.57
Iceland,ISL,Europe & Central Asia,High income,2017,82.66097561,2.5,1669.999957,8.30908108,7.583859921,2.74000001,,78.81124984,6705.44,3290.42,64831
Israel,ISR,Middle East & North Africa,High income,2017,82.55121951,2.5,65610.00061,7.28954744,6.057909966,4.21999979,,92.69180272,154911.86,104186.95,1494138.52
Italy,ITA,Europe & Central Asia,High income,2017,82.94634146,2.5,329190.0024,8.6777401,4.044939995,11.21000004,,95.76461446,1112726.24,553655.36,16040523.66
Jamaica,JAM,Latin America & Caribbean,Upper middle income,2017,74.267,9,7219.99979,6.14843798,5.260169983,11.63000011,,,60105.7,108412.39,577270.28
Jordan,JOR,Middle East & North Africa,Upper middle income,2017,74.292,8.8,26149.99962,7.98199606,3.228539944,18.13999939,,81.68932227,197923.96,317369.72,1434947.14
Japan,JPN,East Asia & Pacific,High income,2017,84.0997561,2.5,1155229.98,10.65627003,3.130579948,2.799999952,,80.23911509,3276201.53,1954915.02,30943062.1
Kazakhstan,KAZ,Europe & Central Asia,Upper middle income,2017,72.95,2.5,214580.0018,3.05244446,2.750819921,4.900000095,,,827947.52,588490.41,4268960.03
Kenya,KEN,Sub-Saharan Africa,Lower middle income,2017,65.909,25.1,18979.99954,4.1409831,4.963089943,3.513000011,3,,1193374.2,10403164.84,6175311.76
Cambodia,KHM,East Asia & Pacific,Lower middle income,2017,69.289,7.7,12689.99958,5.72757244,3.200000048,0.140000001,2,,523684.71,1720498.65,3103200.98
Kiribati,KIR,East Asia & Pacific,Lower middle income,2017,67.851,3.4,90.00000358,10.68678665,10.86316013,,3.5,25.67971129,4732.54,16588.61,35198.73
Kuwait,KWT,Middle East & North Africa,High income,2017,75.311,2.5,90730.00336,4.65326786,6.36548996,2.197000027,,100,75910.61,68669.19,547844.58
Lebanon,LBN,Middle East & North Africa,Lower middle income,2017,78.833,6.8,29319.99969,7.7873559,2.132940054,10.27400017,,15.75475375,130554.77,126819.57,1099126.37
Liberia,LBR,Sub-Saharan Africa,Low income,2017,63.295,36.6,1279.999971,9.09297276,2.663300037,3.049000025,3,,107955.67,1306118.65,632671.97
Libya,LBY,Middle East & North Africa,Upper middle income,2017,72.52,,55159.99985,,,19.37100029,,21.61655428,345469.25,143368.13,1191291.85
Sri Lanka,LKA,South Asia,Lower middle income,2017,76.648,4.3,23360.00061,3.59565234,,4.050000191,,,730252.13,597449.67,4291841.43
Lesotho,LSO,Sub-Saharan Africa,Lower middle income,2017,52.947,29.5,699.9999881,10.08778667,8.156889915,23.20000076,3,42.14656281,168813.85,1074969.92,445954.55
Lithuania,LTU,Europe & Central Asia,High income,2017,75.4804878,2.5,11220.00027,6.47513723,3.812200069,7.070000172,,93.35363524,140515.79,46017.08,927238.97
Luxembourg,LUX,Europe & Central Asia,High income,2017,82.09512195,2.5,9000,5.25779152,3.48645997,5.519999981,,96.72498505,13925.35,5850.54,124727.52
Latvia,LVA,Europe & Central Asia,High income,2017,74.62926829,2.5,7119.999886,5.97031736,4.366710186,8.720000267,,76.5155682,85209.57,34850.92,655828.16
Morocco,MAR,Middle East & North Africa,Lower middle income,2017,76.218,3.7,63520.00046,5.23467541,5.118315697,9.241999626,,38.37603783,1109674.53,1606372.32,7366849.1
Monaco,MCO,Europe & Central Asia,High income,2017,,,,1.64274836,1.457929969,,,100,983.52,517.37,12155.68
Moldova,MDA,Europe & Central Asia,Upper middle income,2017,71.717,,8060.00042,7.01328516,5.618440151,4.099999905,2.5,,149506.5,106426.6,1139638.64
Madagascar,MDG,Sub-Saharan Africa,Low income,2017,66.311,42.3,3470.000029,4.84431553,2.701374292,1.822999954,2.5,9.407308361,590791.34,6324134.17,3854013.73
Maldives,MDV,South Asia,Upper middle income,2017,78.325,,1860.000014,9.24117565,3.887470007,5.869999886,2.5,,7735.42,16926.23,61324.45
Mexico,MEX,Latin America & Caribbean,Upper middle income,2017,74.947,6.1,471579.9866,5.45759058,4.518219948,3.420000076,,50.0587208,5074970.67,3794766.45,24415569.65
Marshall Islands,MHL,East Asia & Pacific,Upper middle income,2017,,,180.0000072,16.07778358,15.22000027,,3.5,,2569.81,4085.19,14354.45
North Macedonia,MKD,Europe & Central Asia,Upper middle income,2017,75.95365854,2.8,7789.999962,6.5939827,,22.37999916,,12.34358909,59842.18,36031.29,645740.49
Mali,MLI,Sub-Saharan Africa,Low income,2017,58.452,3.1,5179.999828,3.67425632,3.789769888,7.409999847,3,17.82759777,861303.54,10455713.77,3330760.45
Malta,MLT,Middle East & North Africa,High income,2017,82.34634146,2.5,1519.999981,8.89494133,4.651629925,4,,91.86797469,9155.35,5663.39,105545.35
Myanmar,MMR,East Asia & Pacific,Lower middle income,2017,66.558,3,32500,5.08065748,2.32633996,1.559999943,2.5,60.85804939,2327896.89,5517990.29,12423589.64
Montenegro,MNE,Europe & Central Asia,Upper middle income,2017,76.48536585,2.5,2269.999981,7.98255444,,16.06999969,,43.33861243,21453.94,7595.39,181787.41
Mongolia,MNG,East Asia & Pacific,Lower middle income,2017,69.509,6.3,19579.99992,4.0050602,4.068970203,6.360000134,3.5,51.49591845,173870.3,174769.06,788018.91
Northern Mariana Islands,MNP,East Asia & Pacific,High income,2017,,,,,,,,,1506,1243.95,12224.61
Mozambique,MOZ,Sub-Saharan Africa,Low income,2017,59.309,31.4,7210.000038,7.75916147,5.505559921,3.450999975,2.5,,945027.37,12304175.53,4155584.34
Mauritania,MRT,Sub-Saharan Africa,Lower middle income,2017,64.464,8.5,3490.00001,3.33722878,,10.34000015,3,,105846.74,654014.08,500493.04
Mauritius,MUS,Sub-Saharan Africa,Upper middle income,2017,74.51463415,6,4170.000076,5.80943251,5.02312994,6.75,,,30743.78,38401.49,343050.3
Malawi,MWI,Sub-Saharan Africa,Low income,2017,63.279,16.6,1190.000057,10.88755989,4.031330109,5.760000229,2.5,23.45407277,406598.03,4948217.64,2389662.76
Malaysia,MYS,East Asia & Pacific,Upper middle income,2017,75.828,3.2,227619.9951,3.70413661,4.675310135,3.410000086,,75.86281624,801143.21,1233788.07,5354202.28
Namibia,NAM,Sub-Saharan Africa,Upper middle income,2017,63.021,19.9,4269.999981,8.72573948,9.708672523,21.63899994,,,101159.77,537805.1,368491.59
Niger,NER,Sub-Saharan Africa,Low income,2017,61.599,,1909.999967,5.57411432,2.578180075,0.541999996,3,15.01045325,815499.81,11334045.13,3166463.47
Nigeria,NGA,Sub-Saharan Africa,Lower middle income,2017,53.95,10,108500,3.75336528,,8.390000343,3,28.73534958,5448417.27,83459500.97,30200836.13
Nicaragua,NIC,Latin America & Caribbean,Lower middle income,2017,74.068,17.2,5480.000019,8.33672619,4.357699871,3.299999952,2.5,,167770.37,226754.35,1034566.37
Netherlands,NLD,Europe & Central Asia,High income,2017,81.76097561,2.5,155759.9945,10.1082983,5.17509985,4.840000153,,97.49010655,349343.72,189438.96,4134124.88
Norway,NOR,Europe & Central Asia,High income,2017,82.6097561,2.5,37720.00122,10.31589031,7.911980152,4.159999847,,64.34303832,122981.13,58362.57,1138352.82
Nepal,NPL,South Asia,Lower middle income,2017,70.169,4.2,12479.99954,4.72173262,4.76722002,3.318000078,3,41.1154797,885689.55,2954273.69,5479328.32
Nauru,NRU,East Asia & Pacific,High income,2017,,,70.0000003,11.5623312,6.616191864,,,,590.87,838.45,2481.82
New Zealand,NZL,East Asia & Pacific,High income,2017,81.65853659,2.5,32930.00031,9.01967621,6.259739876,4.739999771,,81.30071781,154255.43,44607.07,968990.18
Oman,OMN,Middle East & North Africa,High income,2017,77.393,8.4,71930.00031,3.97070861,5.840189934,2.565000057,,,174105.18,111292.38,585000.85
Pakistan,PAK,South Asia,Lower middle income,2017,66.947,12.1,198830.0018,2.90229392,2.89951992,3.915999889,3,,5945204.74,50472800.65,39693840.2
Panama,PAN,Latin America & Caribbean,High income,2017,78.149,6.7,10130.00011,6.90812922,2.882240057,3.858999968,,,117255.71,157790.85,658894.23
Peru,PER,Latin America & Caribbean,Upper middle income,2017,76.286,7.6,54270.00046,4.91776848,3.931309938,3.690000057,,45.39758923,851387.09,1649707.72,4902131.56
Philippines,PHL,East Asia & Pacific,Lower middle income,2017,70.952,7.5,133500,3.960428,4.400000095,2.549999952,,57.0956432,3221254.99,8991089.2,20421407.24
Palau,PLW,East Asia & Pacific,Upper middle income,2017,,,259.9999905,12.04422569,6.590000153,,,,1009.11,1032.29,6130.72
Papua New Guinea,PNG,East Asia & Pacific,Lower middle income,2017,64.01,23.1,7610.000134,2.22970963,1.964930058,2.506999969,3,,399664.47,1892832.31,1893152.72
Poland,POL,Europe & Central Asia,High income,2017,77.75365854,2.5,312859.9854,6.5601325,4.558460236,4.889999866,,90.15793759,1445093.65,538485.99,10494719.73
Puerto Rico,PRI,Latin America & Caribbean,High income,2017,79.63453659,,,,,10.80000019,,32.50916088,209467.8,80327.85,880029.73
Portugal,PRT,Europe & Central Asia,High income,2017,81.42439024,2.5,53330.00183,9.30583763,5.015610218,8.869999886,,82.78225037,219570.97,192038.99,2879525.78
Paraguay,PRY,Latin America & Caribbean,Upper middle income,2017,73.992,7.8,8060.00042,6.60703087,3.08968997,4.610000134,,58.12856063,228167.89,263073.84,1164671.83
Qatar,QAT,Middle East & North Africa,High income,2017,79.981,,87540.00092,2.977561,2.967459917,0.140000001,,97.2,81396.25,30267.94,301037.82
Romania,ROU,Europe & Central Asia,High income,2017,75.3097561,2.5,74209.99908,5.1508317,3.095390081,4.929999828,,77.35901664,702107.22,418365.8,6350644.02
Rwanda,RWA,Sub-Saharan Africa,Low income,2017,68.341,34.7,1190.000057,6.38999128,3.126460075,1.136999965,3.5,,419208.85,2209880.19,1722618.61
Saudi Arabia,SAU,Middle East & North Africa,High income,2017,74.874,3.7,545070.0073,6.26256323,8.016425133,5.889999866,,55.45596235,2000056.94,643663.66,5217010.11
Sudan,SDN,Sub-Saharan Africa,Low income,2017,64.881,11.8,20959.99908,6.05546141,,17.53300095,1.5,,1305714.68,5003909.71,6834392.54
Senegal,SEN,Sub-Saharan Africa,Lower middle income,2017,67.38,8.5,9800.000191,3.99707484,4.624969959,3.690000057,3.5,22.35530807,344250.34,3144770.08,2177014.17
Singapore,SGP,East Asia & Pacific,High income,2017,83.09512195,,49139.99939,4.36418819,2.768260002,4.199999809,,100,90858.29,81016.56,826454.97
Solomon Islands,SLB,East Asia & Pacific,Lower middle income,2017,72.645,17.7,349.999994,4.22589684,12.10999966,0.707000017,3,,38268.3,87626.32,177283.57
Sierra Leone,SLE,Sub-Saharan Africa,Low income,2017,53.895,27.2,939.9999976,9.39976025,4.660960197,4.663000107,3,13.24676127,370362.06,3212165.46,1345818.13
El Salvador,SLV,Latin America & Caribbean,Lower middle income,2017,72.872,9.2,6380.000114,7.21280336,3.725229979,4.389999866,,,360505.81,224784.4,1166204.07
San Marino,SMR,Europe & Central Asia,High income,2017,,,,7.22321129,3.369970083,,,70.3715,744.4,352.94,7858.88
Somalia,SOM,Sub-Saharan Africa,Low income,2017,56.709,58.9,660.0000262,,,18.88199997,1.5,28.8495718,1201178.36,9023240.99,2831333.39
Serbia,SRB,Europe & Central Asia,Upper middle income,2017,75.53902439,4,47340.00015,8.22039318,3.710160017,13.47999954,,18.28920415,273324.18,118619.37,2862947.16
South Sudan,SSD,Sub-Saharan Africa,Low income,2017,57.365,,1519.999981,8.23701382,,12.25399971,1.5,,445340.57,3765945.02,1255614.34
Sao Tome and Principe,STP,Sub-Saharan Africa,Lower middle income,2017,69.933,12.5,140.0000006,6.46091604,5.036369801,13.97399998,3.5,31.29180774,4243.95,17406.41,32227.24
Suriname,SUR,Latin America & Caribbean,Upper middle income,2017,71.463,8.3,2500,5.9441762,5.458669662,7.903999805,,26.10961233,24127.6,35739.78,132615.74
Slovenia,SVN,Europe & Central Asia,High income,2017,81.02926829,2.5,14119.99989,8.18522835,4.780539989,6.559999943,,68.07094176,86588.11,21435.93,508791.41
Sweden,SWE,Europe & Central Asia,High income,2017,82.4097561,2.5,38290.00092,10.78509998,7.568830013,6.71999979,,94.78554161,240969.41,103165.17,2355683.06
Eswatini,SWZ,Sub-Saharan Africa,Lower middle income,2017,58.319,12.4,889.9999857,6.98103666,6.138090134,22.75300026,,,68254.91,392042.64,201967.46
Seychelles,SYC,Sub-Saharan Africa,High income,2017,74.3,,579.9999833,4.90735865,3.677289963,,,,2990.76,4585.08,23343.37
Chad,TCD,Sub-Saharan Africa,Low income,2017,53.712,29.1,2150.000095,4.55722904,2.454819918,1.118999958,2.5,9.625769072,583681.28,8435895.84,2323389.14
Togo,TGO,Sub-Saharan Africa,Low income,2017,60.489,21,2069.999933,6.49387741,3.760529995,3.74000001,3,8.711846393,247347.61,2173030.66,1146840.78
Thailand,THA,East Asia & Pacific,Upper middle income,2017,76.683,7.7,258820.0073,3.84309888,3.355730057,0.829999983,,24.94249122,2588422.51,2735363.03,14760222.71
Tajikistan,TJK,Europe & Central Asia,Lower middle income,2017,70.647,,7369.999886,7.2288146,5.83796978,6.953999996,2.5,,243363.59,748344.86,1683184.04
Turkmenistan,TKM,Europe & Central Asia,Upper middle income,2017,67.956,3.5,73120.00275,6.93536758,,4.203999996,,,131525.95,312155.42,1137604
Tonga,TON,East Asia & Pacific,Upper middle income,2017,70.701,,180.0000072,5.09755182,,2.815000057,3.5,34.68312286,2122.62,5253.74,20076.84
Trinidad and Tobago,TTO,Latin America & Caribbean,High income,2017,73.245,6.9,18250,6.99457884,3.575496912,3.275000095,,,51684.72,47040.58,352172.25
Tunisia,TUN,Middle East & North Africa,Lower middle income,2017,76.31,2.5,29959.99908,6.84927845,,15.32999992,,77.34910318,297045.77,261565.4,2261628.44
Tuvalu,TUV,East Asia & Pacific,Upper middle income,2017,,,9.999999776,16.77852631,,,3.5,6.134402761,470.12,623.04,3204.72
Tanzania,TZA,Sub-Saharan Africa,Lower middle income,2017,64.479,23,11829.99992,4.08257437,4.430510044,2.177000046,3,24.1449869,1483112.46,14333067.67,8207830.3
Uganda,UGA,Sub-Saharan Africa,Low income,2017,62.516,,5170.000076,4.0002389,2.253639936,1.932000041,2,,1083543.73,11590015.68,5091861.91
Ukraine,UKR,Europe & Central Asia,Lower middle income,2017,71.78097561,2.5,174940.0024,7.43332481,5.417079926,9.5,,69.68638742,2821131.91,1351307.58,17577101.86
Uruguay,URY,Latin America & Caribbean,High income,2017,77.632,2.5,6099.999905,8.82179165,4.470970154,7.889999866,,,133496.62,75921.4,842492.77
United States,USA,North America,High income,2017,78.53902439,2.5,4819370.117,16.80583572,5.109220028,4.360000134,,98.29928582,10037852.7,4922672.64,91918644.11
Uzbekistan,UZB,Europe & Central Asia,Lower middle income,2017,71.388,2.5,109529.9988,5.07679939,5.032820225,5.800000191,2,,1089076.86,2041644.67,6832682.07
Vietnam,VNM,East Asia & Pacific,Lower middle income,2017,75.241,7.2,230449.9969,4.71283436,4.085539818,1.870000005,,,3145771.92,3504320.89,18633103.08
Vanuatu,VUT,East Asia & Pacific,Lower middle income,2017,70.172,12.3,170.0000018,2.7629149,4.533530235,1.745000005,3,,12256.16,26047.19,66130.73
Samoa,WSM,East Asia & Pacific,Lower middle income,2017,73.046,4.6,310.0000024,5.56750727,4.183159828,8.578000069,4,47.74011009,6621.84,8848.15,42609.98
South Africa,ZAF,Sub-Saharan Africa,Upper middle income,2017,63.538,5.5,435649.9939,8.72262383,5.598670006,27.04000092,,,2977216.27,14686445.75,10241059.2
Zambia,ZMB,Sub-Saharan Africa,Low income,2017,63.043,,6809.999943,4.37697697,3.729640007,11.63000011,3,,500913.94,5152430.9,2515400.8
Zimbabwe,ZWE,Sub-Saharan Africa,Lower middle income,2017,60.812,,10340.00015,7.46975242,5.818779945,4.784999847,2,26.57682351,602042.89,4521261.68,2272515.94
Afghanistan,AFG,South Asia,Low income,2018,64.486,24,6070.000172,14.12674332,3.199790001,11.15200043,2,,3639008.81,6196459.69,7433930.09
Angola,AGO,Sub-Saharan Africa,Lower middle income,2018,60.782,15.7,23959.99908,2.54010224,2.044701338,7.421000004,,,1158963.53,7474999.86,4055077.37
Albania,ALB,Europe & Central Asia,Upper middle income,2018,78.458,4.6,5110.000134,5.23207188,,12.30000019,,47.39384501,80863.83,53068.75,625477.23
Andorra,AND,Europe & Central Asia,High income,2018,,,490.0000095,6.75162506,3.246720076,,,100.0000012,2078.84,784.45,18509.85
United Arab Emirates,ARE,Middle East & North Africa,High income,2018,77.814,6.2,177119.9951,4.14545679,,2.351999998,,97.90201114,382398.7,120350.89,1568154.31
Argentina,ARG,Latin America & Caribbean,Upper middle income,2018,76.52,3.4,176899.9939,9.66646481,4.877739906,9.220000267,,,1455008.45,1444052.37,9562437.21
Armenia,ARM,Europe & Central Asia,Upper middle income,2018,74.945,2.9,5710.000038,10.00543404,2.255870104,18.96999931,,66.1091264,77822.54,68406.13,777588.26
American Samoa,ASM,East Asia & Pacific,Upper middle income,2018,,,,,,,,,1509.19,1886.81,12993.42
Antigua and Barbuda,ATG,Latin America & Caribbean,High income,2018,76.885,,509.9999905,4.85093021,2.644075632,,,,2162.06,2415.23,19329.36
Australia,AUS,East Asia & Pacific,High income,2018,82.74878049,2.5,387070.0073,9.1550045,5.123449802,5.300000191,,72.32566936,740289.3,215989.71,5215443.84
Austria,AUT,Europe & Central Asia,High income,2018,81.69268293,2.5,63060.00137,10.31750679,5.224520206,4.849999905,,99.63912654,223597.89,75111.35,2215363.91
Azerbaijan,AZE,Europe & Central Asia,Upper middle income,2018,72.864,2.5,32729.99954,3.55621028,2.455430031,4.900000095,,21.9151199,246823.74,508519.04,2388581.76
Burundi,BDI,Sub-Saharan Africa,Low income,2018,61.247,,689.9999976,8.2447691,5.078649998,1.587000012,1.5,,499014.05,3577579.26,1612728.54
Belgium,BEL,Europe & Central Asia,High income,2018,81.59512195,2.5,93660.00366,10.76469994,6.381370068,5.949999809,,87.05901486,371266.36,166632.87,2838541.08
Benin,BEN,Sub-Saharan Africa,Lower middle income,2018,61.47,8.1,7420.000076,2.50416446,2.931619883,1.470000029,3.5,,407410.44,4288970.49,1878390.43
Burkina Faso,BFA,Sub-Saharan Africa,Low income,2018,61.174,12.7,4670.000076,4.90988731,5.488609791,4.690000057,3.5,,982292.59,9144973.44,4134304.64
Bangladesh,BGD,South Asia,Lower middle income,2018,72.32,11.5,83449.99695,2.50803041,,4.413000107,2.5,36.69010606,3211723.45,12219443,27602139.69
Bulgaria,BGR,Europe & Central Asia,Upper middle income,2018,74.96341463,2.8,40900.00153,7.3434248,,5.210000038,,68.60083817,256934.63,115745.82,2893654.12
Bahrain,BHR,Middle East & North Africa,High income,2018,77.163,,30809.99947,4.14378214,2.366607189,1.200999975,,90.020356,28409.56,18139.26,230768.79
Bosnia and Herzegovina,BIH,Europe & Central Asia,Upper middle income,2018,77.262,2.5,22600.00038,8.89146042,,18.39999962,,40.31840048,109847.12,46050.71,997461.69
Belarus,BLR,Europe & Central Asia,Upper middle income,2018,74.17560976,2.5,58950.00076,5.52699471,5.381110191,4.760000229,,74.3512062,474553.12,149965.99,3106235.34
Belize,BLZ,Latin America & Caribbean,Upper middle income,2018,74.496,6.7,629.9999952,5.81922674,7.472270012,6.644000053,,,19315.44,19711.3,65346.14
Bermuda,BMU,North America,High income,2018,81.65170732,,,,,,,,1240,1150.88,15802.77
Bolivia,BOL,Latin America & Caribbean,Lower middle income,2018,71.239,12.1,23229.99954,6.64209032,8.899999619,3.519999981,,49.94654184,382903.33,1048425.1,2206065.07
Brazil,BRA,Latin America & Caribbean,Upper middle income,2018,75.672,2.5,433989.9902,9.46475124,6.088510036,12.32999992,,46.84473257,9760000.11,9296911.39,45986852.09
Barbados,BRB,Latin America & Caribbean,High income,2018,79.081,4.1,1240.00001,6.56259155,5.428860188,8.319999695,,,7027.68,9427.51,80292.08
Bhutan,BTN,South Asia,Lower middle income,2018,71.46,,1049.999952,3.2427721,6.850840092,2.444000006,4.5,64.04963687,20231.42,64127.81,131820.41
Botswana,BWA,Sub-Saharan Africa,Upper middle income,2018,69.275,21.5,7309.999943,5.96867228,6.721307278,22.07099915,,,118972.88,581464.01,423588.59
Central African Republic,CAF,Sub-Saharan Africa,Low income,2018,52.805,46.8,230.0000042,10.99530983,1.565876007,5.605000019,2.5,14.29069706,422377.57,3068867.31,985014.99
Canada,CAN,North America,High income,2018,82.04878049,2.5,580090.0269,10.80637455,,5.829999924,,83.97367373,920651.81,427680.55,8472235.28
Switzerland,CHE,Europe & Central Asia,High income,2018,83.75365854,2.5,37479.99954,11.37997055,4.863259792,4.710000038,,99.63810616,222056.47,83449.88,1931626.42
Chile,CHL,Latin America & Caribbean,High income,2018,80.042,2.7,86610.00061,9.15850449,5.433169842,7.230000019,,75.70739056,515863.26,289497.35,3643633.88
China,CHN,East Asia & Pacific,Upper middle income,2018,76.704,2.5,10502929.69,5.16790485,3.542490005,4.28000021,,64.02449293,35676249.85,22614056.41,319066226.4
Cote d'Ivoire,CIV,Sub-Saharan Africa,Lower middle income,2018,57.422,5.2,10189.99958,3.11891103,3.239939928,3.292999983,3,,771608.43,8216834,3688643.85
Cameroon,CMR,Sub-Saharan Africa,Lower middle income,2018,58.921,6.9,9590.000153,3.46510625,3.030960083,3.617000103,2.5,,1025036.88,8527449.18,4187538.6
Colombia,COL,Latin America & Caribbean,Upper middle income,2018,77.109,6.2,78589.99634,7.62541389,4.449100018,9.109999657,,18.01735351,2075076.15,1350135.13,8041279.13
Comoros,COM,Sub-Saharan Africa,Lower middle income,2018,64.118,,300.0000119,4.90244007,,8.079000473,2.5,,22878.13,119656.08,117403.68
Costa Rica,CRI,Latin America & Caribbean,Upper middle income,2018,80.095,3.2,8369.999886,7.29572248,6.769919872,9.630000114,,30.48677697,147258.66,86451.33,843271.68
Cuba,CUB,Latin America & Caribbean,Upper middle income,2018,78.726,2.5,26709.99908,11.18745422,,1.700000048,,36.86822005,339345.78,254303.55,2911280.03
Cyprus,CYP,Europe & Central Asia,High income,2018,80.828,2.5,7199.999809,6.77018547,,8.369999886,,77.08134013,30456.65,11564.29,269323.42
Germany,DEU,Europe & Central Asia,High income,2018,80.89268293,2.5,707700.0122,11.45038891,4.975769997,3.380000114,,97.11539497,1981296.29,961742.23,24120828.9
Djibouti,DJI,Middle East & North Africa,Lower middle income,2018,66.582,13.1,400.000006,2.26254249,3.627739906,26.18899918,2.5,36.24306807,35176.17,250590.33,176511.42
Dominica,DMA,Latin America & Caribbean,Upper middle income,2018,,5.7,170.0000018,6.47454262,5.571549892,,4,,2297.9,3147.25,19466.23
Denmark,DNK,Europe & Central Asia,High income,2018,80.95365854,2.5,33130.00107,10.0707159,6.792779922,5.130000114,,91.65793228,119128.15,72329.11,1488290.28
Dominican Republic,DOM,Latin America & Caribbean,Upper middle income,2018,73.892,6.1,25309.99947,5.73288918,3.928489923,5.860000134,,,454543.48,737609.71,2120634.55
Algeria,DZA,Middle East & North Africa,Lower middle income,2018,76.693,2.5,165539.9933,6.16302586,5.866350174,10.42000008,,18.06639486,1196186.9,1563511.22,7293784.24
Ecuador,ECU,Latin America & Caribbean,Upper middle income,2018,76.8,11.6,40139.99939,7.86490965,4.621459961,3.529999971,,41.75378947,682717.5,686986.96,2943202.18
Eritrea,ERI,Sub-Saharan Africa,Low income,2018,65.941,,850.0000238,4.12821102,,5.947000027,2.5,,273167,1457258.22,969662.21
Spain,ESP,Europe & Central Asia,High income,2018,83.43170732,2.5,257040.0085,8.99036121,4.181570053,15.25,,95.66577751,904550.92,496820.74,11148868.97
Estonia,EST,Europe & Central Asia,High income,2018,78.24390244,2.5,15319.99969,6.68642807,5.26320982,5.369999886,,93.00670163,45313.44,17849.5,393384.16
Ethiopia,ETH,Sub-Saharan Africa,Low income,2018,66.24,18.2,17239.99977,3.30818701,5.06867981,2.318000078,3,6.279053616,2880294.65,22770405.22,12862187.57
Finland,FIN,Europe & Central Asia,High income,2018,81.73414634,2.5,44580.00183,9.03608513,6.275420189,7.360000134,,84.09986931,176835.77,37528.11,1441475.16
Fiji,FJI,East Asia & Pacific,Upper middle income,2018,67.341,5.5,1629.999995,3.42045617,4.835710049,4.333000183,,,25704.54,51002.49,250626.68
France,FRA,Europe & Central Asia,High income,2018,82.67560976,2.5,307049.9878,11.18583012,5.407169819,9.020000458,,78.59934805,1911053.39,758017.04,15156654.55
Gabon,GAB,Sub-Saharan Africa,Upper middle income,2018,66.187,17,5119.999886,2.74500299,2.933458805,20.74900055,,,57056.05,269657.43,297537.37
United Kingdom,GBR,Europe & Central Asia,High income,2018,81.25609756,2.5,360730.011,9.90384102,5.167990208,4,,98.06786201,1294478.2,1019009.14,17161465.67
Georgia,GEO,Europe & Central Asia,Upper middle income,2018,73.6,7.8,9569.999695,7.11329746,3.52105999,12.67000008,,35.01946185,136647.96,96439.12,1231871.19
Ghana,GHA,Sub-Saharan Africa,Lower middle income,2018,63.78,6.2,18680.00031,3.48865867,3.886130095,4.276000023,3.5,12.4033639,866262.23,6647801.59,4906354.3
Guinea,GIN,Sub-Saharan Africa,Low income,2018,61.185,,3750,3.63913226,2.384320021,4.982999802,2.5,,484370.22,4935474.63,2164408.77
Guinea-Bissau,GNB,Sub-Saharan Africa,Low income,2018,58.003,,319.9999928,7.62560892,2.137870073,5.981999874,1.5,11.12725323,80147.21,572448.93,316533.37
Equatorial Guinea,GNQ,Sub-Saharan Africa,Upper middle income,2018,58.402,,6429.999828,3.06170225,,8.623999596,,,33723.75,296836.15,162585.54
Greece,GRC,Europe & Central Asia,High income,2018,81.78780488,2.5,65019.99664,7.95876884,3.597340107,19.29000092,,90.1711824,234273.1,135253.34,2993363.01
Grenada,GRD,Latin America & Caribbean,Upper middle income,2018,72.384,,319.9999928,4.57647324,3.552550077,,4,,2963.93,3772.77,25604.64
Greenland,GRL,Europe & Central Asia,High income,2018,71.88658537,,,,10.5601902,,,91.65793958,3483.78,1206.63,15393.2
Guatemala,GTM,Latin America & Caribbean,Upper middle income,2018,74.063,16.2,18319.99969,6.12415409,3.137049913,2.279999971,,,953616.01,1145763.68,2934349.58
Guam,GUM,East Asia & Pacific,High income,2018,79.859,,,,,5.559000015,,,4501.26,6155.89,37024.23
Guyana,GUY,Latin America & Caribbean,Upper middle income,2018,69.774,5.4,2589.999914,4.90492487,4.45058012,14.02000046,3,,49707.08,61099.04,198626.46
Honduras,HND,Latin America & Caribbean,Lower middle income,2018,75.088,13.1,10050.00019,7.21891975,6.056469917,5.650000095,3,48.9455273,385545.09,434515.72,1682928.09
Croatia,HRV,Europe & Central Asia,High income,2018,78.07073171,2.5,16430.00031,6.78430557,3.907550097,8.430000305,,70.39226157,155621.89,43376.34,1269946.12
Haiti,HTI,Latin America & Caribbean,Lower middle income,2018,63.66,45.4,3289.999962,4.57474232,1.632069945,13.85999966,2.5,,806255.53,2249356.04,2821355.09
Hungary,HUN,Europe & Central Asia,High income,2018,76.06585366,2.5,46400.00153,6.54620171,4.622829914,3.710000038,,87.72220637,347566.05,113914.14,3282122.47
Indonesia,IDN,East Asia & Pacific,Lower middle income,2018,71.509,5.9,576989.9902,2.86757827,3,4.400000095,,,5649586.46,16582460.39,55176593.98
India,IND,South Asia,Lower middle income,2018,69.416,13.3,2451929.932,2.95175385,4.363739967,5.329999924,,41.89591302,52638934.26,148011381.3,266014412.2
Ireland,IRL,Europe & Central Asia,High income,2018,82.20487805,2.5,37659.99985,6.86017275,3.392869949,5.739999771,,82.65620946,90089.29,48311.03,1031834.07
Iraq,IRQ,Middle East & North Africa,Upper middle income,2018,70.454,18.1,163149.9939,4.24407291,,12.9659996,,42.88862069,2071431.27,1548591,6584903.07
Iceland,ISL,Europe & Central Asia,High income,2018,82.86097561,2.5,1700.000048,8.44292068,7.561709881,2.700000048,,81.24319906,6652.81,3307.38,65972.43
Israel,ISR,Middle East & North Africa,High income,2018,82.80243902,2.5,61080.00183,7.53235054,6.112339973,4,,93.44852172,161447.84,104809.15,1533535.34
Italy,ITA,Europe & Central Asia,High income,2018,83.34634146,2.5,324880.0049,8.67509365,4.256140232,10.60999966,,95.77078165,1152439.59,552161.29,16205478.44
Jamaica,JAM,Latin America & Caribbean,Upper middle income,2018,74.368,8.1,8609.999657,5.96785641,5.413809776,9.100000381,,,60858.13,106672.33,584585.93
Jordan,JOR,Middle East & North Africa,Upper middle income,2018,74.405,11.2,24780.00069,7.78079128,2.984810114,18.27000046,,81.88884508,261018.55,316236.36,1518047.42
Japan,JPN,East Asia & Pacific,High income,2018,84.21097561,2.5,1116150.024,10.74838829,3.077820063,2.400000095,,80.64033577,3301608.04,1998135.77,31122112.3
Kazakhstan,KAZ,Europe & Central Asia,Upper middle income,2018,73.15,2.5,216600.0061,2.8178606,2.615950108,4.849999905,,,827780.84,578629.74,4333651.24
Kenya,KEN,Sub-Saharan Africa,Lower middle income,2018,66.342,24.7,17489.99977,4.30564117,5.107619762,4.249000072,3,,1197549.71,10118595.59,6341455.2
Cambodia,KHM,East Asia & Pacific,Lower middle income,2018,69.57,6.6,14579.99992,6.18275642,2.162859917,0.143000007,1.5,,525658.43,1654013.41,3174267.2
Kiribati,KIR,East Asia & Pacific,Lower middle income,2018,68.116,3.9,90.00000358,11.6983633,11.96829033,,3.5,26.02700336,9076.55,16230.91,35768.49
Kuwait,KWT,Middle East & North Africa,High income,2018,75.398,2.5,91389.99939,5.09953451,6.38917017,2.164999962,,100,78572.05,69544.88,577248.65
Lebanon,LBN,Middle East & North Africa,Lower middle income,2018,78.875,7.1,27790.00092,8.67463875,2.524470091,10.79599953,,16.17670627,160983.37,123396.31,1110483.26
Liberia,LBR,Sub-Saharan Africa,Low income,2018,63.73,37.5,1129.999995,9.03880787,2.503910065,3.029999971,2.5,,108670.33,1250924.56,642836.05
Libya,LBY,Middle East & North Africa,Upper middle income,2018,72.724,,56619.99893,,,19.45499992,,21.61704948,339636.81,141039.95,1225976.99
Sri Lanka,LKA,South Asia,Lower middle income,2018,76.812,4.1,21690.00053,3.91227865,2.135390043,4.320000172,,,733148.84,566939.22,4330028.67
Lesotho,LSO,Sub-Saharan Africa,Lower middle income,2018,53.705,28.7,730.0000191,10.90125179,7.285359859,22.81299973,3,43.99522997,169577.15,1037925.42,448950.43
Lithuania,LTU,Europe & Central Asia,High income,2018,75.6804878,2.5,11649.99962,6.53385353,3.892930031,6.150000095,,93.89547291,139007.81,44817.41,922744.61
Luxembourg,LUX,Europe & Central Asia,High income,2018,82.29512195,2.5,9319.999695,5.28587103,3.647490025,5.590000153,,96.74564966,14252.82,5939.56,128034.31
Latvia,LVA,Europe & Central Asia,High income,2018,74.78292683,2.5,7789.999962,6.19103575,4.243569851,7.409999847,,78.78852105,84545.49,33978.26,654273.71
Morocco,MAR,Middle East & North Africa,Lower middle income,2018,76.453,3.8,64959.99908,5.33230448,5.348847866,9.265000343,,38.69180171,1095318.8,1503202.42,7485985.9
Monaco,MCO,Europe & Central Asia,High income,2018,,,,1.59628761,,,,100,983.03,516.26,12183.11
Moldova,MDA,Europe & Central Asia,Upper middle income,2018,71.808,,8539.999962,6.58753443,5.439730167,4.110000134,2.5,,146864.99,102431.38,1130224.35
Madagascar,MDG,Sub-Saharan Africa,Low income,2018,66.681,44.3,3349.999905,4.19787312,2.844099998,1.843000054,2.5,9.734057566,596802.28,6206243.91,3952185.36
Maldives,MDV,South Asia,Upper middle income,2018,78.627,,2099.999905,7.65245056,3.912489891,5.618999958,2.5,,7937.37,16280.34,63942.91
Mexico,MEX,Latin America & Caribbean,Upper middle income,2018,74.992,6,452570.0073,5.37870932,4.254220009,3.279999971,,52.45421467,5039402.33,3738254.4,24918952.68
Marshall Islands,MHL,East Asia & Pacific,Upper middle income,2018,,,180.0000072,17.00218964,15.19999981,,3.5,,2556.83,4002.6,14592.37
North Macedonia,MKD,Europe & Central Asia,Upper middle income,2018,76.64878049,2.5,7300.000191,6.55475044,,20.73999977,,12.19801327,59853.39,34635.12,649639.4
Mali,MLI,Sub-Saharan Africa,Low income,2018,58.893,3.4,5469.99979,3.73249865,3.905565023,7.427999973,3,18.53257096,959531.67,10432991.12,3408505.59
Malta,MLT,Middle East & North Africa,High income,2018,82.44878049,2.5,1549.999952,8.81080437,,3.660000086,,91.86797469,9100.25,5662.63,106729.18
Myanmar,MMR,East Asia & Pacific,Lower middle income,2018,66.867,2.6,32939.99863,4.89992142,2.157480001,0.870000005,2.5,60.81572409,1727609.25,5230015.48,12563638.49
Montenegro,MNE,Europe & Central Asia,Upper middle income,2018,76.84146341,2.5,2500,8.34355545,,15.17000008,,44.62475289,21502.72,7455.5,181113.03
Mongolia,MNG,East Asia & Pacific,Lower middle income,2018,69.689,5.5,21549.99924,3.85443377,6.173019886,5.380000114,3,53.00287453,174178.57,168161.18,810397.74
Northern Mariana Islands,MNP,East Asia & Pacific,High income,2018,,,,,,,,,1572.52,1206.92,12236.51
Mozambique,MOZ,Sub-Saharan Africa,Low income,2018,60.163,31,6949.999809,8.09185696,5.452189922,3.45600009,2.5,,968964.87,12028210.96,4239750.86
Mauritania,MRT,Sub-Saharan Africa,Lower middle income,2018,64.704,8.6,3690.000057,3.57909012,,10.38500023,3,,103300.08,640828.86,504601.56
Mauritius,MUS,Sub-Saharan Africa,Upper middle income,2018,74.41634146,6,4130.000114,5.86705875,4.834589958,6.429999828,,,30212.24,37465.23,350359.44
Malawi,MWI,Sub-Saharan Africa,Low income,2018,63.798,16.8,1379.999995,9.82898998,3.3229599,5.757999897,2.5,23.70663177,414839.88,4705368.89,2456336.86
Malaysia,MYS,East Asia & Pacific,Upper middle income,2018,75.997,2.7,244410.0037,3.74833083,4.478650093,3.299999952,,77.45314542,806548.71,1205095.69,5497174.86
Namibia,NAM,Sub-Saharan Africa,Upper middle income,2018,63.373,20,4230.000019,8.31428051,8.881122589,19.87999916,,,102153.69,509671.41,376134.42
Niger,NER,Sub-Saharan Africa,Low income,2018,62.024,,1950.000048,5.28845072,3.457279921,0.545000017,3,15.41375964,819560.66,11378263.09,3216640.12
Nigeria,NGA,Sub-Saharan Africa,Lower middle income,2018,54.332,10.4,109889.9994,3.09069371,,8.456000328,3,29.31313945,5452378.35,81434372.38,30581674.68
Nicaragua,NIC,Latin America & Caribbean,Lower middle income,2018,74.275,17.4,5110.000134,8.58646584,4.46999979,5.199999809,2.5,,167701.16,217888.81,1054770.11
Netherlands,NLD,Europe & Central Asia,High income,2018,81.81219512,2.5,151360.0006,10.0318222,5.357649803,3.829999924,,97.49352997,356701.23,191499.7,4189744.26
Norway,NOR,Europe & Central Asia,High income,2018,82.75853659,2.5,37590.00015,10.02394581,7.644110203,3.799999952,,64.69055165,124351.27,58617.12,1159501.99
Nepal,NPL,South Asia,Lower middle income,2018,70.478,4.3,15189.99958,4.5284524,4.43445015,3.193000078,3,43.29851891,879337.45,2828672.94,5582374.84
Nauru,NRU,East Asia & Pacific,High income,2018,,,59.99999866,8.63223171,5.877160072,,,,583.21,808.84,2485.93
New Zealand,NZL,East Asia & Pacific,High income,2018,81.85853659,2.5,32360.00061,9.21034622,6.048500061,4.329999924,,81.33504336,155413.34,44832.83,997215.61
Oman,OMN,Middle East & North Africa,High income,2018,77.633,7.9,75599.99847,4.10356855,5.207230091,1.799999952,,,171992.71,106799.56,580035
Pakistan,PAK,South Asia,Lower middle income,2018,67.114,12.3,187309.9976,3.20214486,,4.079999924,3,,5968281.09,48138292.55,40365688.21
Panama,PAN,Latin America & Caribbean,High income,2018,78.329,6,10060.00042,7.28005838,2.88293004,3.832999945,,,118929.29,156047.93,673516.77
Peru,PER,Latin America & Caribbean,Upper middle income,2018,76.516,7.6,54590.00015,5.19757748,3.714299917,3.49000001,,47.82568336,850304.33,1607016.07,5002869.66
Philippines,PHL,East Asia & Pacific,Lower middle income,2018,71.095,6.2,138570.0073,3.95381904,3.133100033,2.339999914,,58.26934487,3105084.35,8671242.53,20730389.62
Palau,PLW,East Asia & Pacific,Upper middle income,2018,,,250,10.84888458,6.53000021,,,,1005.62,1029.38,6266.29
Papua New Guinea,PNG,East Asia & Pacific,Lower middle income,2018,64.263,22.6,7559.999943,2.26630354,1.874830008,2.563999891,3,,421080.04,1884295.82,1958986.36
Poland,POL,Europe & Central Asia,High income,2018,77.60243902,2.5,311910.0037,6.32764196,4.615799904,3.849999905,,90.35071493,1447441.57,531136.73,10597588.42
Puerto Rico,PRI,Latin America & Caribbean,High income,2018,79.77819512,,,,,9.199999809,,32.50916088,111908.94,79152.94,888273.29
Portugal,PRT,Europe & Central Asia,High income,2018,81.32439024,2.5,49500,9.4126482,4.675159931,6.989999771,,84.83351595,220932.61,191109.09,2900455.74
Paraguay,PRY,Latin America & Caribbean,Upper middle income,2018,74.131,7.8,8470.000267,6.71837997,3.283200026,6.21999979,,58.82281712,230371.04,255647.45,1187773.96
Qatar,QAT,Middle East & North Africa,High income,2018,80.1,,86419.99817,2.62514997,,0.109999999,,97.2,83839.49,30679.45,316189.08
Romania,ROU,Europe & Central Asia,High income,2018,75.35853659,2.5,75190.00244,5.56050777,3.344749928,4.190000057,,79.80953656,696304.49,403187.28,6362167.1
Rwanda,RWA,Sub-Saharan Africa,Low income,2018,68.7,34.7,1289.999962,6.6816082,3.073750019,1.110999942,3.5,,431008.59,2101015.45,1778540.73
Saudi Arabia,SAU,Middle East & North Africa,High income,2018,74.998,3.8,521260.0098,5.74845695,7.085813046,6.039999962,,56.60731319,2044416.59,638091.4,5406200.54
Sudan,SDN,Sub-Saharan Africa,Low income,2018,65.095,11.8,20860.00061,4.43653536,,17.57999992,1.5,,1326289.66,4676922.92,6910893.63
Senegal,SEN,Sub-Saharan Africa,Lower middle income,2018,67.665,7.8,10180.00031,4.23825741,4.8582201,3.275000095,3.5,23.05570889,336993.39,3019433.1,2179622.92
Singapore,SGP,East Asia & Pacific,High income,2018,83.29756098,,47400.00153,4.08520222,2.855979919,3.642999887,,100,91346.98,82677.24,848326.48
Solomon Islands,SLB,East Asia & Pacific,Lower middle income,2018,72.835,17.6,360.0000143,3.99611521,10.81000042,0.723999977,3,,38719.44,84584.86,182729.07
Sierra Leone,SLE,Sub-Saharan Africa,Low income,2018,54.309,27.7,860.0000143,8.28987408,6.989630222,4.659999847,3,13.51397705,289937.47,3111854.64,1377250.05
El Salvador,SLV,Latin America & Caribbean,Lower middle income,2018,73.096,8.4,6809.999943,7.09307051,3.605750084,4.010000229,,,360323.11,216761.53,1177931.02
San Marino,SMR,Europe & Central Asia,High income,2018,,,,6.91428852,3.555160046,,,70.3715,752.24,355.04,7943.65
Somalia,SOM,Sub-Saharan Africa,Low income,2018,57.068,56.6,660.0000262,,,18.85000038,,29.7302541,1150052.8,8986968.16,2933299.27
Serbia,SRB,Europe & Central Asia,Upper middle income,2018,75.8902439,3.8,46130.00107,8.5316782,3.582319975,12.72999954,,18.10589629,274175.32,115978.23,2880460.23
South Sudan,SSD,Sub-Saharan Africa,Low income,2018,57.604,,1549.999952,6.27566719,,12.23700047,1.5,,403964.22,3661446.73,1281883.67
Sao Tome and Principe,STP,Sub-Saharan Africa,Lower middle income,2018,70.17,12.8,140.0000006,5.84369802,5.235109806,14.06099987,3.5,32.41314828,4266.36,16675.36,32774.21
Suriname,SUR,Latin America & Caribbean,Upper middle income,2018,71.57,8,2210.000038,7.8974061,4.922540188,7.926000118,,25.73796269,24113.96,34944.94,134940.36
Slovenia,SVN,Europe & Central Asia,High income,2018,81.37804878,2.5,14069.99969,8.27940369,4.935870171,5.110000134,,69.23002672,85605.49,21445.6,515164
Sweden,SWE,Europe & Central Asia,High income,2018,82.55853659,2.5,36009.99832,10.94106293,7.640840054,6.360000134,,94.85217437,241198.36,102997.6,2381676.65
Eswatini,SWZ,Sub-Saharan Africa,Lower middle income,2018,59.401,11.8,910.0000262,7.2573719,5.679160118,22.79199982,,,68271.65,371374.33,204483.34
Seychelles,SYC,Sub-Saharan Africa,High income,2018,72.84146341,,579.9999833,5.26916742,4.498839855,,,,3009.92,4494.22,23868.74
Chad,TCD,Sub-Saharan Africa,Low income,2018,53.977,30.3,2190.000057,4.1669445,2.25948,1.129999995,2.5,9.781107203,614004.43,8464996.51,2393364.23
Togo,TGO,Sub-Saharan Africa,Low income,2018,60.76,20.7,2309.999943,6.08747768,4.043940067,3.729000092,3,8.907705985,245884.96,2072528.42,1165497.78
Thailand,THA,East Asia & Pacific,Upper middle income,2018,76.931,7.8,257049.9878,3.8184948,3.056770086,0.769999981,,25.28339393,2585944.47,2668121.35,15086619.99
Tajikistan,TJK,Europe & Central Asia,Lower middle income,2018,70.879,,8680.000305,7.2394805,5.5583601,7.012000084,2,,247193.88,727860.84,1694000.62
Turkmenistan,TKM,Europe & Central Asia,Upper middle income,2018,68.073,3.5,73050.00305,6.60684919,,4.234000206,,,131320.34,299501.56,1156587.36
Tonga,TON,East Asia & Pacific,Upper middle income,2018,70.801,,159.9999964,5.05481672,6.372910023,3.069999933,3.5,34.39018887,2105.09,5107.6,20125.94
Trinidad and Tobago,TTO,Latin America & Caribbean,High income,2018,73.38,7,17780.00069,6.70954943,3.304037809,3.336999893,,,51150.6,46304.1,358625.99
Tunisia,TUN,Middle East & North Africa,Lower middle income,2018,76.505,2.5,29889.99939,6.82099104,,15.46000004,,78.48172074,296670.63,250472.22,2301476.11
Tuvalu,TUV,East Asia & Pacific,Upper middle income,2018,,,9.999999776,19.03600502,,,3.5,6.115298329,472.67,616.38,3239.64
Tanzania,TZA,Sub-Saharan Africa,Lower middle income,2018,65.015,23.3,12000,4.15363026,3.696439981,2.20600009,2.5,25.18909089,1489983.48,13717505.82,8338480.23
Uganda,UGA,Sub-Saharan Africa,Low income,2018,62.973,,5860.000134,4.03115654,2.130520105,1.922999978,2.5,,1116262.16,10966789.74,5213183.69
Ukraine,UKR,Europe & Central Asia,Lower middle income,2018,71.58268293,2.5,185619.9951,7.51988459,5.319920063,8.800000191,,71.98945318,2736113.89,1315205.55,17715239.07
Uruguay,URY,Latin America & Caribbean,High income,2018,77.77,2.5,6539.999962,9.01455498,4.662799835,8.340000153,,,131804.51,74904.44,848692.83
United States,USA,North America,High income,2018,78.63902439,2.5,4975310.059,16.68710518,4.912330151,3.900000095,,98.28709462,10022875.26,4932258.13,93958048.53
Uzbekistan,UZB,Europe & Central Asia,Lower middle income,2018,71.573,2.5,112470.0012,5.30275869,5.900000095,5.835000038,2.5,,1084747.95,1972919.21,6953481.72
Vietnam,VNM,East Asia & Pacific,Lower middle income,2018,75.317,6.8,285600.0061,5.03448868,4.167449951,1.159999967,,,3131023.14,3376954.3,19029269.74
Vanuatu,VUT,East Asia & Pacific,Lower middle income,2018,70.323,12.6,209.9999934,3.3463788,,1.809000015,3,,12390.4,25984.63,67688.1
Samoa,WSM,East Asia & Pacific,Lower middle income,2018,73.187,4.5,289.9999917,5.47191095,4.532149792,8.68599987,4,47.6734285,6710.32,8783.21,43300.48
South Africa,ZAF,Sub-Saharan Africa,Upper middle income,2018,63.857,5.7,434350.0061,8.85829735,5.644010067,26.90999985,,,3106360.43,13713971.05,10148229.39
Zambia,ZMB,Sub-Saharan Africa,Low income,2018,63.51,,7730.000019,5.03271484,4.739749908,12.01000023,2.5,,504640.68,4986249.82,2576394.12
Zimbabwe,ZWE,Sub-Saharan Africa,Lower middle income,2018,61.195,,12380.00011,8.68006228,3.866110086,4.796000004,2.5,26.27207327,595808.24,4303993.57,2314452.55
Afghanistan,AFG,South Asia,Low income,2019,64.833,26.9,6079.999924,13.24220181,3.213779926,11.21700001,2,,3481166.42,6034434.86,7601757.82
Angola,AGO,Sub-Saharan Africa,Lower middle income,2019,61.147,17.9,25209.99908,2.53335953,1.927457333,7.421000004,,,1168866,7237433.13,4176568.27
Albania,ALB,Europe & Central Asia,Upper middle income,2019,78.573,4.3,4829.999924,,3.916650057,11.47000027,,47.57714147,82288.1,51797.42,631629.88
Andorra,AND,Europe & Central Asia,High income,2019,,,500,6.71158504,3.15060997,,,100.0000037,2124.01,800.5,19002.03
United Arab Emirates,ARE,Middle East & North Africa,High income,2019,77.972,6,188860.0006,4.27504921,3.86736989,2.230000019,,99.14769965,382562.41,120204.51,1637717.4
Argentina,ARG,Latin America & Caribbean,Upper middle income,2019,76.667,3.5,168100.0061,9.5100708,4.724170208,9.840000153,,,1454140.45,1433228.63,9699014.8
Armenia,ARM,Europe & Central Asia,Upper middle income,2019,75.087,3.1,6170.000076,11.33526421,2.561850071,18.29999924,,67.76279579,77080.05,65538.36,779634.15
American Samoa,ASM,East Asia & Pacific,Upper middle income,2019,,,,,,,,,1515.39,1869.17,13137.95
Antigua and Barbuda,ATG,Latin America & Caribbean,High income,2019,77.016,,519.9999809,4.44295979,2.831335068,,,,2170.33,2388.77,19679.1
Australia,AUS,East Asia & Pacific,High income,2019,82.9,2.5,386529.9988,9.91078568,,5.159999847,,73.29258189,748180.59,217234.75,5323684.11
Austria,AUT,Europe & Central Asia,High income,2019,81.89512195,2.5,64769.99664,10.43403149,,4.489999771,,99.64076649,225666.76,75664.3,2230867.28
Azerbaijan,AZE,Europe & Central Asia,Upper middle income,2019,73.005,2.5,35509.99832,4.03829002,2.681080103,4.849999905,,21.03918997,246274.45,485453.75,2425972.43
Burundi,BDI,Sub-Saharan Africa,Low income,2019,61.584,,720.0000286,7.99091434,5.346684456,1.588999987,1.5,,487718.13,3547847.19,1657543.9
Belgium,BEL,Europe & Central Asia,High income,2019,81.99512195,2.5,93010.00214,10.65604973,,5.360000134,,87.93986502,361437.86,167180.75,2868651.21
Benin,BEN,Sub-Saharan Africa,Lower middle income,2019,61.771,7.7,7300.000191,2.38842916,2.965199947,1.470000029,3.5,,408200.59,4206673.34,1914911.63
Burkina Faso,BFA,Sub-Saharan Africa,Low income,2019,61.577,14.1,5000,5.46494246,5.696845055,4.69299984,3.5,,1033604.87,9132747.88,4202706.27
Bangladesh,BGD,South Asia,Lower middle income,2019,72.591,11,90739.99786,2.48357606,1.326320052,4.438000202,2.5,37.68488358,3193719.6,11672523.04,28256673.9
Bulgaria,BGR,Europe & Central Asia,Upper middle income,2019,75.11219512,3,39139.99939,7.12611389,,4.230000019,,70.4127472,254301.74,113444.29,2885594.96
Bahrain,BHR,Middle East & North Africa,High income,2019,77.292,,33259.99832,4.01147509,2.094912291,1.19599998,,91.23381816,28136.51,17671.65,240114.56
Bosnia and Herzegovina,BIH,Europe & Central Asia,Upper middle income,2019,77.401,2.5,21069.99969,9.04909897,,15.68999958,,,108097.38,44868.5,997740.82
Belarus,BLR,Europe & Central Asia,Upper middle income,2019,74.22682927,2.5,57669.99817,5.86133957,4.97947979,4.159999847,,74.12021631,474116.11,147516.56,3119030.26
Belize,BLZ,Latin America & Caribbean,Upper middle income,2019,74.623,6.8,639.9999857,5.96689224,7.138390064,6.710999966,,,19723.08,19774.97,67569.35
Bermuda,BMU,North America,High income,2019,81.86658537,,,,,,,,1238.06,1136.35,15996.43
Bolivia,BOL,Latin America & Caribbean,Lower middle income,2019,71.513,11.9,22340.00015,6.9233799,,3.819999933,,51.4255202,384770.19,1018636.18,2247712.97
Brazil,BRA,Latin America & Caribbean,Upper middle income,2019,75.881,2.6,434299.9878,9.5912714,,11.93000031,,47.8493132,9674037.03,9098465.25,46635945.49
Barbados,BRB,Latin America & Caribbean,High income,2019,79.19,3.7,1250,6.29990387,3.203989983,8.409999847,,,7171.56,9497.04,82999.58
Bhutan,BTN,South Asia,Lower middle income,2019,71.777,,1049.999952,3.60761595,5.675891876,2.502000093,4.5,64.63002626,19966.53,61090.57,132917.78
Botswana,BWA,Sub-Saharan Africa,Upper middle income,2019,69.592,22.1,7250,6.04836559,6.914368629,22.61000061,,,118812.92,570962.71,433926.1
Central African Republic,CAF,Sub-Saharan Africa,Low income,2019,53.283,49.2,239.9999946,7.75300884,1.768712282,5.623000145,2.5,13.94619233,388818.06,3014630.66,1000223.98
Canada,CAN,North America,High income,2019,82.04878049,2.5,580210.022,10.84447765,,5.659999847,,84.36813002,919731.38,429529.27,8633778.43
Switzerland,CHE,Europe & Central Asia,High income,2019,83.90487805,2.5,37380.00107,11.29148102,,4.389999866,,99.63862569,222902.14,84137.81,1937774.53
Chile,CHL,Latin America & Caribbean,High income,2019,80.181,2.6,91370.00275,9.33272362,,7.289999962,,77.15227438,517285.68,289529.01,3710127.51
China,CHN,East Asia & Pacific,Upper middle income,2019,76.912,2.5,10707219.73,5.3502779,3.539999962,4.519999981,,68.03605785,35618966.21,21948791.67,324637810.5
Cote d'Ivoire,CIV,Sub-Saharan Africa,Lower middle income,2019,57.783,4.7,10829.99992,3.29862952,3.71638155,3.318000078,3.5,,759110.39,7944311.29,3722986.86
Cameroon,CMR,Sub-Saharan Africa,Lower middle income,2019,59.292,6.7,9430.000305,3.59539533,3.080876589,3.638000011,2.5,,965883.2,8291011.16,4275622.09
Colombia,COL,Latin America & Caribbean,Upper middle income,2019,77.287,7.2,81040.00092,7.70943594,4.506219864,9.960000038,,18.16657441,2057580.09,1329645.2,8180313.65
Comoros,COM,Sub-Saharan Africa,Lower middle income,2019,64.321,,319.9999928,5.17030334,,8.081999779,2.5,,22959.42,117613.24,118499.1
Costa Rica,CRI,Latin America & Caribbean,Upper middle income,2019,80.279,3.4,8239.999771,7.27393246,6.7958498,11.48999977,,30.33322335,146395.56,85036.5,858381.78
Cuba,CUB,Latin America & Caribbean,Upper middle income,2019,78.802,2.5,25909.99985,11.34020519,,1.735000014,,36.75134752,331637.83,249793.52,2899579.72
Cyprus,CYP,Europe & Central Asia,High income,2019,80.982,2.5,7190.000057,7.00903225,,7.070000172,,77.07995022,31860.45,11705.26,277136.75
Germany,DEU,Europe & Central Asia,High income,2019,81.29268293,2.5,657400.0244,11.69724941,,3.140000105,,97.11994168,1993729.93,964084.88,24352417.88
Djibouti,DJI,Middle East & North Africa,Lower middle income,2019,67.112,13.1,419.9999869,1.79826784,,26.35700035,2.5,37.04960313,40983.58,243553.53,181916.05
Dominica,DMA,Latin America & Caribbean,Upper middle income,2019,,6.5,170.0000018,5.46006632,5.576189995,,4,,2295.27,3135.19,19634.23
Denmark,DNK,Europe & Central Asia,High income,2019,81.45121951,2.5,29700.00076,9.95583057,,5.019999981,,91.8892027,120229.35,72914.52,1508210.76
Dominican Republic,DOM,Latin America & Caribbean,Upper middle income,2019,74.081,7,27229.99954,5.929142,4.042769909,6.360000134,,,445925.22,718196.59,2145242.04
Algeria,DZA,Middle East & North Africa,Lower middle income,2019,76.88,2.5,171250,6.24337101,6.100359917,10.51299953,,17.8390633,1176358.65,1498294.9,7447484.97
Ecuador,ECU,Latin America & Caribbean,Upper middle income,2019,77.01,13.7,39290.00092,7.81824684,4.225659847,3.809999943,,41.69898671,698163.37,677848.36,2999085.47
Eritrea,ERI,Sub-Saharan Africa,Low income,2019,66.321,,879.9999952,4.45876694,,5.993999958,2.5,,278171.35,1421741.42,997783.91
Spain,ESP,Europe & Central Asia,High income,2019,83.83170732,2.5,239979.9957,9.13213158,,14.10000038,,95.66549892,923644.79,494856.88,11233598.7
Estonia,EST,Europe & Central Asia,High income,2019,78.64634146,2.5,10180.00031,6.7304492,,4.449999809,,93.06132184,44911.04,17540.08,393304.6
Ethiopia,ETH,Sub-Saharan Africa,Low income,2019,66.597,21.9,18360.00061,3.23808599,,2.325999975,3,6.480693308,2810543.91,22129553.05,13114232.55
Finland,FIN,Europe & Central Asia,High income,2019,81.98292683,2.5,40709.99908,9.15348339,,6.690000057,,84.09986558,174896.2,38136.21,1457999.01
Fiji,FJI,East Asia & Pacific,Upper middle income,2019,67.444,4.9,1629.999995,3.81607008,5.067880154,4.447999954,,,25210.6,50218.83,253440.03
France,FRA,Europe & Central Asia,High income,2019,82.82682927,2.5,300519.989,11.05747223,,8.409999847,,78.58911692,1973126.7,758581.72,15334917.58
Gabon,GAB,Sub-Saharan Africa,Upper middle income,2019,66.467,16.6,5250,2.76836205,2.732324123,20.74200058,,,57444.84,262574.39,303091.09
United Kingdom,GBR,Europe & Central Asia,High income,2019,81.20487805,2.5,348920.0134,10.15402699,,3.74000001,,98.08153743,1288814.64,1032897.07,17390579.55
Georgia,GEO,Europe & Central Asia,Upper middle income,2019,73.767,7.8,10109.99966,6.65744257,3.808640003,11.56999969,,34.72227577,134035.9,92210.47,1222059.41
Ghana,GHA,Sub-Saharan Africa,Lower middle income,2019,64.074,5.2,20040.00092,3.41858864,,4.315999985,3.5,12.86554531,864675.09,6428231.58,4992952.6
Guinea,GIN,Sub-Saharan Africa,Low income,2019,61.602,,3950.000048,3.98389959,1.848369956,5.019999981,2.5,,476199.6,4826880.33,2169346.53
Guinea-Bissau,GNB,Sub-Saharan Africa,Low income,2019,58.322,,330.0000131,8.34976101,2.947819948,6.035999775,1.5,11.6411223,77600.05,555517.21,319742.08
Equatorial Guinea,GNQ,Sub-Saharan Africa,Upper middle income,2019,58.735,,5349.999905,3.13503671,,8.678999901,,,34180.69,300814.65,167488.68
Greece,GRC,Europe & Central Asia,High income,2019,81.63902439,2.5,60000,7.83788586,,17.30999947,,90.94585502,229974.33,134132.16,3018964.93
Grenada,GRD,Latin America & Caribbean,Upper middle income,2019,72.397,,330.0000131,4.96524,,,4,,2922.02,3702.86,25798.99
Greenland,GRL,Europe & Central Asia,High income,2019,72.04756098,,,,,,,91.88920622,3423.46,1189.62,15500.1
Guatemala,GTM,Latin America & Caribbean,Upper middle income,2019,74.302,16.3,19309.99947,6.21161032,3.199280024,2.190000057,,,955698.6,1136486.62,3015212.86
Guam,GUM,East Asia & Pacific,High income,2019,80.074,,,,,5.514999866,,,4495.31,6158,37738.85
Guyana,GUY,Latin America & Caribbean,Upper middle income,2019,69.906,5,2849.999905,4.93048668,,13.99199963,3,,48857.16,59671.86,200363.16
Honduras,HND,Latin America & Caribbean,Lower middle income,2019,75.27,13.3,10220.00027,7.2839179,4.912849903,5.699999809,2.5,49.31748103,392599.94,437975.24,1726716.98
Croatia,HRV,Europe & Central Asia,High income,2019,78.42439024,2.5,16520.00046,6.97861767,,6.619999886,,69.08965145,155470.19,42941.13,1277757.16
Haiti,HTI,Latin America & Caribbean,Lower middle income,2019,64.001,46.4,3319.999933,4.72808981,,13.91499996,2.5,,806311.39,2210544.3,2873989.88
Hungary,HUN,Europe & Central Asia,High income,2019,76.3195122,2.5,46380.00107,6.35002232,,3.420000076,,87.75110139,346860.69,110905.48,3247169.04
Indonesia,IDN,East Asia & Pacific,Lower middle income,2019,71.716,6.2,619840.0269,2.90493584,2.841850042,3.619999886,,,5349013.42,16068961.2,56014795.86
India,IND,South Asia,Lower middle income,2019,69.656,14.6,2456300.049,3.0141468,4.4072299,5.269999981,,43.90429017,53563909.73,143214465.1,271097354.6
Ireland,IRL,Europe & Central Asia,High income,2019,82.70243902,2.5,35750,6.67931509,,4.949999809,,82.77712007,90416.72,48853.61,1047086.68
Iraq,IRQ,Middle East & North Africa,Upper middle income,2019,70.604,17.4,174559.9976,4.47671509,,12.86299992,,43.1273041,2028459.97,1485902.02,6779801.63
Iceland,ISL,Europe & Central Asia,High income,2019,83.16341463,2.5,1639.999986,8.63868046,,3.50999999,,83.68803443,6755.56,3333.12,67186.17
Israel,ISR,Middle East & North Africa,High income,2019,82.80487805,2.5,62650.00153,7.46131897,,3.799999952,,94.20534806,158797.37,105327.58,1570065.22
Italy,ITA,Europe & Central Asia,High income,2019,83.49756098,2.5,317239.9902,8.66856861,,9.949999809,,95.77703292,1216149.04,552868.23,16313740.19
Jamaica,JAM,Latin America & Caribbean,Upper middle income,2019,74.475,7.5,8390.000343,6.09748316,5.163640022,7.690000057,,,63291.58,105439.9,594914.96
Jordan,JOR,Middle East & North Africa,Upper middle income,2019,74.526,14.6,24629.99916,7.58246946,2.988470078,16.80999947,,82.08366975,212904.08,322105.2,1604619.31
Japan,JPN,East Asia & Pacific,High income,2019,84.35634146,2.8,1081569.946,10.74372482,,2.400000095,,81.03379461,3298052.16,2030122.25,31250149.03
Kazakhstan,KAZ,Europe & Central Asia,Upper middle income,2019,73.18,2.5,212110.0006,2.78745675,2.856970072,4.800000191,,,839920.11,567073.75,4372561.53
Kenya,KEN,Sub-Saharan Africa,Lower middle income,2019,66.699,25.6,22280.00069,4.59182692,4.97439003,5.010000229,3,,1184580.73,9981772.22,6514141.14
Cambodia,KHM,East Asia & Pacific,Lower middle income,2019,69.823,6,16180.00031,6.98908329,,0.147,1.5,,523902.77,1602953.55,3243329.33
Kiribati,KIR,East Asia & Pacific,Lower middle income,2019,68.369,4,90.00000358,10.26414394,12.39466,,3.5,26.35527408,4687.11,15933.83,36285.96
Kuwait,KWT,Middle East & North Africa,High income,2019,75.489,2.5,92650.00153,5.49601221,6.49243021,2.167000055,,100,80255.9,70784.64,608525.86
Lebanon,LBN,Middle East & North Africa,Lower middle income,2019,78.93,9,27950.00076,8.64661503,2.592020035,11.35000038,,16.53432546,109396.75,121494.22,1120166.57
Liberia,LBR,Sub-Saharan Africa,Low income,2019,64.104,39.2,1179.999948,8.47005749,2.270390034,3.015000105,2.5,,112419.93,1206620.39,656823.31
Libya,LBY,Middle East & North Africa,Upper middle income,2019,72.913,,56799.99924,,,19.65500069,,21.61704948,307299.87,138822.26,1261130.61
Sri Lanka,LKA,South Asia,Lower middle income,2019,76.978,3.7,23780.00069,4.07979679,1.929999948,4.349999905,3,,747286.53,561234.44,4412887.34
Lesotho,LSO,Sub-Saharan Africa,Lower middle income,2019,54.331,31.2,769.9999809,11.26946354,7.991712093,22.44000053,3,45.82040047,170550.1,1023104.35,454034.4
Lithuania,LTU,Europe & Central Asia,High income,2019,76.28292683,2.5,11729.99954,7.00600433,,6.260000229,,93.91542258,137809.87,43646.43,914173.77
Luxembourg,LUX,Europe & Central Asia,High income,2019,82.63902439,2.5,9489.999771,5.37075996,,5.590000153,,96.76533819,14570.92,6042.26,131618.06
Latvia,LVA,Europe & Central Asia,High income,2019,75.38780488,2.5,7570.000172,6.57814217,,6.309999943,,81.08653606,84070.87,33118.26,651849.04
Morocco,MAR,Middle East & North Africa,Lower middle income,2019,76.68,4.4,71480.00336,5.30845118,5.931356907,9.279999733,,39.00630913,1081044.55,1431057.28,7597359.83
Monaco,MCO,Europe & Central Asia,High income,2019,,,,1.5251174,1.152660012,,,100,981.42,515.38,12213.86
Moldova,MDA,Europe & Central Asia,Upper middle income,2019,71.901,,8859.999657,6.3779459,6.103789806,5.099999905,2.5,,145912.84,99599.43,1120227.64
Madagascar,MDG,Sub-Saharan Africa,Low income,2019,67.041,47.4,4119.999886,3.68728375,2.994858742,1.856999993,2.5,10.05791673,596008.21,6084479.07,4045294.79
Maldives,MDV,South Asia,Upper middle income,2019,78.921,,2109.999895,8.04001141,4.121590137,5.340000153,3,,8122.28,15995,66720.47
Mexico,MEX,Latin America & Caribbean,Upper middle income,2019,75.054,6,449269.989,5.43305254,,3.480000019,,54.88172246,4845347.59,3665959.98,25469089.6
Marshall Islands,MHL,East Asia & Pacific,Upper middle income,2019,,,180.0000072,16.34140015,15.75,,3.5,,2544.11,3929.7,14835.97
North Macedonia,MKD,Europe & Central Asia,Upper middle income,2019,76.60243902,3.1,8300.000191,7.25409985,,17.26000023,,12.18440354,60390.62,33615.57,655550.98
Mali,MLI,Sub-Saharan Africa,Low income,2019,59.306,5.6,5829.999924,3.89389849,3.484102249,7.441999912,3,19.22903769,917064.7,10446688.28,3483913.85
Malta,MLT,Middle East & North Africa,High income,2019,82.85853659,2.5,1659.999967,8.21444321,,3.619999886,,91.86797469,9202.64,5685.89,108042.18
Myanmar,MMR,East Asia & Pacific,Lower middle income,2019,67.134,2.5,36720.00122,4.67856407,2.139869928,0.5,2.5,60.76766634,1730115.29,4993210.91,12699265.84
Montenegro,MNE,Europe & Central Asia,Upper middle income,2019,76.68292683,2.5,2599.999905,8.32983208,,15.11999989,,45.62698827,21365.51,7297.25,180765.74
Mongolia,MNG,East Asia & Pacific,Lower middle income,2019,69.87,4,23069.99969,3.76607823,4.940889835,5.43900013,3,54.52952347,174613.69,161261.57,835408.23
Northern Mariana Islands,MNP,East Asia & Pacific,High income,2019,,,,,,,,,1439.97,1172.51,12255.2
Mozambique,MOZ,Sub-Saharan Africa,Low income,2019,60.854,31.8,7500,7.83351135,6.084420204,3.46600008,2.5,,1032743.51,11750994.35,4386537.55
Mauritania,MRT,Sub-Saharan Africa,Lower middle income,2019,64.925,9.2,3950.000048,3.30329728,1.824370027,10.39299965,3,,102403.25,626351.46,512329.29
Mauritius,MUS,Sub-Saharan Africa,Upper middle income,2019,74.23585366,7.2,4170.000076,6.19943714,4.719299793,6.329999924,,,29876.03,36780.42,355910.13
Malawi,MWI,Sub-Saharan Africa,Low income,2019,64.263,17.6,1450.000048,7.39341164,3.711319923,5.751999855,2.5,23.95893214,421938.54,4566247.69,2516337.99
Malaysia,MYS,East Asia & Pacific,Upper middle income,2019,76.156,2.6,253270.0043,3.82514191,4.156610012,3.25999999,,,831900.61,1214136.65,5694065.19
Namibia,NAM,Sub-Saharan Africa,Upper middle income,2019,63.708,18.9,4219.99979,8.49700546,8.927026749,19.98800087,,,101189.7,495609.33,382303.1
Niger,NER,Sub-Saharan Africa,Low income,2019,62.42,,2150.000095,5.6686306,3.527528763,0.55400002,3,15.80861376,817740.13,11409427.88,3286003.35
Nigeria,NGA,Sub-Saharan Africa,Lower middle income,2019,54.687,12,115279.9988,3.02666044,,8.529999733,3,29.90451468,5186514.39,79850657.61,31050075.61
Nicaragua,NIC,Latin America & Caribbean,Lower middle income,2019,74.485,17.5,5239.999771,8.4039259,4.599999905,5.210999966,2.5,,165692,212833.85,1074763.3
Netherlands,NLD,Europe & Central Asia,High income,2019,82.11219512,2.5,146339.9963,10.13031101,,3.380000114,,97.49694295,363153.64,193731.96,4243514.68
Norway,NOR,Europe & Central Asia,High income,2019,82.95853659,2.5,35950.00076,10.52134705,,3.690000057,,65.038926,125234.37,59204.16,1182175.35
Nepal,NPL,South Asia,Lower middle income,2019,70.778,4.8,13449.99981,4.44515085,4.239999771,3.096999884,3,45.51677912,888008.1,2714999.74,5685683.23
Nauru,NRU,East Asia & Pacific,High income,2019,,,59.99999866,9.78171635,5.596538067,,,,579.07,784.58,2498.8
New Zealand,NZL,East Asia & Pacific,High income,2019,81.70731707,2.5,34009.99832,9.74117661,,4.110000134,,81.37003053,155869.7,44909.12,1014994.88
Oman,OMN,Middle East & North Africa,High income,2019,77.861,8.8,76029.99878,4.07190228,5.413209915,1.84800005,,,171001.17,103878.18,583061.47
Pakistan,PAK,South Asia,Lower middle income,2019,67.273,14.1,190570.0073,3.37992716,2.507550001,3.542000055,3,,5979739.34,47062987,41196152.36
Panama,PAN,Latin America & Caribbean,High income,2019,78.506,5.4,13340.00015,7.58405781,3.127360106,4.725999832,,,119368.29,153852.63,688534.19
Peru,PER,Latin America & Caribbean,Upper middle income,2019,76.736,8.1,56750,5.21506882,3.819960117,3.380000114,,50.29633874,849586.16,1563343.37,5094963.04
Philippines,PHL,East Asia & Pacific,Lower middle income,2019,71.231,5.5,145419.9982,4.07676649,3.234369993,2.24000001,,59.45034649,3073241.11,8523125.51,21101747.88
Palau,PLW,East Asia & Pacific,Upper middle income,2019,,,250,15.15048885,6.809999943,,,,1002.36,1030.22,6406.86
Papua New Guinea,PNG,East Asia & Pacific,Lower middle income,2019,64.501,21.9,7579.999924,2.30036092,,2.448999882,2.5,,416832.17,1888753.85,2017268.19
Poland,POL,Europe & Central Asia,High income,2019,77.90487805,2.5,295130.0049,6.44682503,,3.279999971,,90.48484629,1441732.14,522922.4,10691778.04
Puerto Rico,PRI,Latin America & Caribbean,High income,2019,79.9285122,,,,,8.300000191,,32.50916088,111629.6,78341.01,895844.08
Portugal,PRT,Europe & Central Asia,High income,2019,81.67560976,2.5,44639.99939,9.53145981,,6.460000038,,84.95823014,222625.69,190691.94,2925747.68
Paraguay,PRY,Latin America & Caribbean,Upper middle income,2019,74.254,8.2,8210.000038,7.17281008,3.469710112,6.590000153,,59.52012529,234162.59,250406.84,1214116.13
Qatar,QAT,Middle East & North Africa,High income,2019,80.227,,91970.00122,2.9106288,2.803780079,0.100000001,,97.2,86920.9,31178.27,331803.99
Romania,ROU,Europe & Central Asia,High income,2019,75.60731707,2.5,73949.99695,5.74447823,,3.910000086,,82.33872542,693007.26,392766.07,6365741.05
Rwanda,RWA,Sub-Saharan Africa,Low income,2019,69.024,35.2,1330.000043,6.41066742,3.237074137,1.09800005,3.5,,423894.53,2049319.36,1822418
Saudi Arabia,SAU,Middle East & North Africa,High income,2019,75.133,3.9,523780.0293,5.68828773,6.794735432,5.672999859,,57.84887229,2080319.56,636590.66,5614439.16
Sudan,SDN,Sub-Saharan Africa,Low income,2019,65.311,11.7,20620.00084,4.57356596,,17.65399933,1.5,,1239503.41,4474028.62,6987040.02
Senegal,SEN,Sub-Saharan Africa,Lower middle income,2019,67.941,7.4,10619.99989,4.13226938,5.348875046,2.859999895,3.5,23.76426935,334986.7,2919710.61,2219121.17
Singapore,SGP,East Asia & Pacific,High income,2019,83.59512195,,47380.00107,4.08152914,2.736210108,3.099999905,,100,91559.87,84309.18,871899.33
Solomon Islands,SLB,East Asia & Pacific,Lower middle income,2019,72.996,17.8,360.0000143,4.77362394,11.13000011,0.754999995,3,,38972.32,83840.79,186451.86
Sierra Leone,SLE,Sub-Saharan Africa,Low income,2019,54.696,27.9,899.9999762,8.74976635,7.44701004,4.649000168,3,13.78175184,290513.5,3050253.71,1399862.43
El Salvador,SLV,Latin America & Caribbean,Lower middle income,2019,73.317,8.3,7800.000191,7.16578436,3.385159969,4.170000076,,,351337.99,210118.91,1195102.98
San Marino,SMR,Europe & Central Asia,High income,2019,,,,6.39008522,3.379699945,,,70.3715,757.62,357.19,8023.1
Somalia,SOM,Sub-Saharan Africa,Low income,2019,57.397,54.8,689.9999976,,,18.82799911,2,30.62027551,1031148.09,8975838.97,3026841.19
Serbia,SRB,Europe & Central Asia,Upper middle income,2019,75.93658537,3.7,45950.00076,8.67206478,3.616470098,10.39000034,,18.22948719,273205.78,113109.97,2889862.28
South Sudan,SSD,Sub-Saharan Africa,Low income,2019,57.846,,1700.000048,6.04213858,,12.22599983,1.5,,336753.79,3601055.49,1305031.76
Sao Tome and Principe,STP,Sub-Saharan Africa,Lower middle income,2019,70.385,13,150.000006,5.52976227,5.921549797,14.14400005,3.5,33.53591118,4293.1,16170.29,33337.54
Suriname,SUR,Latin America & Caribbean,Upper middle income,2019,71.682,8,2650.000095,9.7369957,6.832258701,8.039999962,,25.36006018,24146.61,34225.86,136846.29
Slovenia,SVN,Europe & Central Asia,High income,2019,81.52926829,2.5,13600.00038,8.52386475,,4.449999809,,70.38911168,83176.33,21463.76,520966.97
Sweden,SWE,Europe & Central Asia,High income,2019,83.1097561,2.5,35000,10.86749268,,6.829999924,,94.91781768,241775.21,103748.7,2403126.02
Eswatini,SWZ,Sub-Saharan Africa,Lower middle income,2019,60.194,11.1,959.9999785,6.78069067,5.645549774,22.83699989,,,68250.79,360728.37,207847.38
Seychelles,SYC,Sub-Saharan Africa,High income,2019,74.04634146,,610.0000143,5.1902914,3.914589882,,,,3022.14,4429.22,24437.06
Chad,TCD,Sub-Saharan Africa,Low income,2019,54.239,31.7,2250,4.3536315,2.372459888,1.123000026,2.5,9.951135834,626720.09,8496915.83,2459705.38
Togo,TGO,Sub-Saharan Africa,Low income,2019,61.042,20.1,2369.999886,5.72606897,4.069143295,3.719000101,3,9.103834173,246081.26,1992666.23,1190315.76
Thailand,THA,East Asia & Pacific,Upper middle income,2019,77.15,8,267089.9963,3.78912091,2.968980074,0.720000029,,25.60781395,2558536.21,2598556.82,15412177.71
Tajikistan,TJK,Europe & Central Asia,Lower middle income,2019,71.097,,9420.000076,7.10529375,5.712900162,7.06099987,2,,251082.57,713234.86,1720197.95
Turkmenistan,TKM,Europe & Central Asia,Upper middle income,2019,68.191,3.5,72870.00275,6.56862497,3.120650053,4.268000126,,,130922.5,287422.31,1171525.14
Tonga,TON,East Asia & Pacific,Upper middle income,2019,70.907,,159.9999964,4.98149967,7.959630013,3.062000036,3.5,34.09544742,2086.76,4975.94,20186.31
Trinidad and Tobago,TTO,Latin America & Caribbean,High income,2019,73.507,7.3,17190.00053,7.02007389,3.698091507,3.421999931,,,50691.71,45583.65,365108.41
Tunisia,TUN,Middle East & North Africa,Lower middle income,2019,76.699,2.6,29909.99985,6.95845938,,15.13000011,,79.61799057,289270.66,241279.18,2340692.29
Tuvalu,TUV,East Asia & Pacific,Upper middle income,2019,,,9.999999776,23.96181297,,,3.5,,474.37,611.67,3273.19
Tanzania,TZA,Sub-Saharan Africa,Lower middle income,2019,65.456,23.4,12449.99981,3.82769322,3.596836329,2.221999884,3,26.23827758,1478236.12,13341065.72,8469064.37
Uganda,UGA,Sub-Saharan Africa,Low income,2019,63.368,,5860.000134,3.82522416,1.529999971,1.924999952,2.5,,1075386.68,10705517.62,5288253.75
Ukraine,UKR,Europe & Central Asia,Lower middle income,2019,71.82731707,2.6,174729.9957,7.09860182,5.441299915,8.18999958,,71.97733771,2677198.11,1279508.7,17610060.43
Uruguay,URY,Latin America & Caribbean,High income,2019,77.911,2.5,6489.999771,9.34783173,4.703259945,8.880000114,,,130120.49,74036.98,857057.52
United States,USA,North America,High income,2019,78.78780488,2.5,4817720.215,16.76706314,,3.670000076,,98.27522266,10129022.26,4968922.31,95976524.31
Uzbekistan,UZB,Europe & Central Asia,Lower middle income,2019,71.725,2.5,116709.9991,5.61760426,7.001860142,5.849999905,2.5,,1087494.2,1913988.83,7059738.93
Vietnam,VNM,East Asia & Pacific,Lower middle income,2019,75.4,6.2,336489.9902,5.24965572,4.061970234,2.039999962,,,3100141.17,3281846.28,19429515.98
Vanuatu,VUT,East Asia & Pacific,Lower middle income,2019,70.474,12.4,209.9999934,3.36034679,1.777879953,1.800999999,3,,12484.18,26032.56,69213.56
Samoa,WSM,East Asia & Pacific,Lower middle income,2019,73.321,4.4,300.0000119,6.36309385,4.706250191,8.406000137,4,47.69878833,6652.84,9095.19,43798.62
South Africa,ZAF,Sub-Saharan Africa,Upper middle income,2019,64.131,6.3,439640.0146,9.10935497,5.917709827,28.46999931,,,3174676.1,13198944.71,10214261.89
Zambia,ZMB,Sub-Saharan Africa,Low income,2019,63.886,,6800.000191,5.31220293,4.46517992,12.52000046,2.5,,510982.75,4837094,2649687.82
Zimbabwe,ZWE,Sub-Saharan Africa,Lower middle income,2019,61.49,,11760.00023,7.70356494,,4.833000183,2.5,25.96354376,644798.93,4187087.31,2364031.48
